{"type":"FeatureCollection","features":[{"type":"Feature","properties":{"type":"village","name":"Belur","taluk":"Badami","district":"Bagalkote","village_code":"598766"},"geometry":{"type":"Polygon","coordinates":[[[75.76069307630718,15.876759832052596],[75.75674293337292,15.875936683350167],[75.75471067470565,15.874438612600514],[75.74623012657099,15.864565561251636],[75.74209938094215,15.861329831210632],[75.72868687528513,15.858517468287296],[75.73194015732422,15.854185315786705],[75.73537342042377,15.85319287918369],[75.73730562473469,15.847771348615519],[75.73500782406946,15.819266601093494],[75.73521681622196,15.816377559797987],[75.73687150758543,15.816308857896182],[75.73696641010363,15.813445248389456],[75.74484258788485,15.812787467834987],[75.7482508050559,15.81474202071506],[75.74800468283776,15.822616676941774],[75.74909397096812,15.830988549137086],[75.75359085194049,15.83957659362614],[75.75557431412152,15.839334670253765],[75.759450053194,15.848170965038898],[75.75801986159983,15.85152513121702],[75.75355624793742,15.851594921212524],[75.75614660473789,15.855039039295862],[75.75686370557466,15.860767725037551],[75.75380855236138,15.86795126089461],[75.75866103682883,15.873127671992671],[75.76069307630718,15.876759832052596]]]}},{"type":"Feature","properties":{"type":"village","name":"Injanawari","taluk":"Badami","district":"Bagalkote","village_code":"598670"},"geometry":{"type":"Polygon","coordinates":[[[75.52567565291108,15.850601813379422],[75.51571039622426,15.854142214900307],[75.51439169364168,15.85155086401763],[75.513394163926,15.852262857111594],[75.51239258819828,15.851352244872656],[75.51595564977156,15.847741312625478],[75.51986900489827,15.846050547157384],[75.5194618578688,15.84386828130175],[75.5211079128291,15.8411613683211],[75.52458784340766,15.839837698600615],[75.52780687717657,15.842324903746965],[75.53006816222383,15.842825639720923],[75.5326334883672,15.839971754877537],[75.52994006515927,15.83489783372761],[75.53834455204051,15.834868131142292],[75.53904490558547,15.833156371956754],[75.54165928064167,15.834683553100279],[75.5347508785773,15.846109286209556],[75.53146377496776,15.84977861232215],[75.52567565291108,15.850601813379422]]]}},{"type":"Feature","properties":{"type":"village","name":"Dhanakashirur","taluk":"Badami","district":"Bagalkote","village_code":"598765"},"geometry":{"type":"Polygon","coordinates":[[[75.73194015732422,15.854185315786705],[75.72344214324549,15.854417223232934],[75.71718925891192,15.846446536581913],[75.72178240784169,15.832835005631448],[75.72328873524947,15.81790926613015],[75.73436377962145,15.81627895897474],[75.73521681622196,15.816377559797987],[75.73730562473469,15.847771348615519],[75.73537342042377,15.85319287918369],[75.73194015732422,15.854185315786705]]]}},{"type":"Feature","properties":{"type":"village","name":"Mumaraddikoppa","taluk":"Badami","district":"Bagalkote","village_code":"598733"},"geometry":{"type":"Polygon","coordinates":[[[75.64374285306029,15.858306842924875],[75.6317803010354,15.858966635574289],[75.63120969925178,15.84347721615546],[75.62946765840502,15.838849288668426],[75.62922797441249,15.834016668712433],[75.63140759631221,15.833519027317953],[75.63126378591672,15.830834476208343],[75.6354181796954,15.833453101970068],[75.63708038277127,15.84087462596175],[75.63938768761224,15.841084795937263],[75.64374285306029,15.858306842924875]]]}},{"type":"Feature","properties":{"type":"village","name":"Sulla","taluk":"Badami","district":"Bagalkote","village_code":"598731"},"geometry":{"type":"Polygon","coordinates":[[[75.5911535278821,15.863722283591134],[75.58808960441668,15.8635362439507],[75.58626327464684,15.861778359704692],[75.5835815960129,15.861392368773956],[75.57165257360597,15.863905621877764],[75.56644032464702,15.838326922860666],[75.56839925832921,15.837792809310844],[75.57132957626075,15.833766813684104],[75.56817835631261,15.833928742821527],[75.56833002427194,15.831383551748077],[75.56575619916767,15.830983458747445],[75.56601398421316,15.829663011661234],[75.5767789741665,15.830601877069814],[75.57555749894206,15.826329210840619],[75.57770559895847,15.824800217277945],[75.58421105361734,15.831838587099185],[75.59064883459254,15.834682406271163],[75.59027643978813,15.836690295300022],[75.58881230894421,15.837381317904157],[75.58861264399928,15.839375193780539],[75.59148222324119,15.856326611224247],[75.5911535278821,15.863722283591134]]]}},{"type":"Feature","properties":{"type":"village","name":"Hebballi","taluk":"Badami","district":"Bagalkote","village_code":"598732"},"geometry":{"type":"Polygon","coordinates":[[[75.60069225459054,15.864649859271545],[75.5911535278821,15.863722283591134],[75.59148222324119,15.856326611224247],[75.58861264399928,15.839375193780539],[75.58881230894421,15.837381317904157],[75.59027643978813,15.836690295300022],[75.59064883459254,15.834682406271163],[75.58706671436221,15.8333613058005],[75.59218450187578,15.829706163578424],[75.60005283107635,15.826836916105588],[75.60902873990308,15.830631378913418],[75.6086699689483,15.829326035749805],[75.6054663323034,15.827154708751753],[75.61250669867958,15.824261814026558],[75.61400563205426,15.821211075167131],[75.61739590537756,15.82143653921601],[75.6177892309281,15.835614834957044],[75.62137514474385,15.834067772340246],[75.62922797441249,15.834016668712433],[75.62946765840502,15.838849288668426],[75.63120969925178,15.84347721615546],[75.6317803010354,15.858966635574289],[75.624913078642,15.8609473589596],[75.6137411258138,15.861942022242445],[75.60069225459054,15.864649859271545]]]}},{"type":"Feature","properties":{"type":"village","name":"Jakanur","taluk":"Badami","district":"Bagalkote","village_code":"598759"},"geometry":{"type":"Polygon","coordinates":[[[75.6721976014375,15.836284858101486],[75.67473895963079,15.86760083632943],[75.67215829205898,15.865330761763722],[75.66882169487053,15.86462692695769],[75.66757724163945,15.859694902388378],[75.64374285306029,15.858306842924875],[75.63938768761224,15.841084795937263],[75.64412133934063,15.840731796051358],[75.64285633355419,15.831989217864837],[75.64677814811594,15.830436288645148],[75.65006190100948,15.830869418429202],[75.6555175907155,15.827182689138528],[75.65858326769235,15.826599375704442],[75.66161114266372,15.828768187645126],[75.66006880179624,15.834339874828768],[75.66186989429649,15.83723425777851],[75.66476385022193,15.838074221262945],[75.6721976014375,15.836284858101486]]]}},{"type":"Feature","properties":{"type":"village","name":"Katharaki","taluk":"Badami","district":"Bagalkote","village_code":"598762"},"geometry":{"type":"Polygon","coordinates":[[[75.68471657264435,15.86833352457619],[75.67473895963079,15.86760083632943],[75.67393304326015,15.863978299737367],[75.6721976014375,15.836284858101486],[75.67546919024377,15.831535743671095],[75.6743902632819,15.823692360303223],[75.67530597893305,15.821482224375451],[75.67715450966683,15.820921582859327],[75.68025050837782,15.821867918236732],[75.68279942769084,15.829946579135342],[75.68866562771875,15.830637341334349],[75.69002040125325,15.834967805772948],[75.68657508276262,15.854478254147365],[75.68434064027436,15.859335260580883],[75.68471657264435,15.86833352457619]]]}},{"type":"Feature","properties":{"type":"village","name":"Chikkanasabi","taluk":"Badami","district":"Bagalkote","village_code":"598755"},"geometry":{"type":"Polygon","coordinates":[[[75.75498004801835,15.874637204685214],[75.74520480298041,15.876647480032775],[75.73175404436367,15.873895395020972],[75.73299175933178,15.87133290561748],[75.72617573192643,15.870483817722702],[75.72726789107244,15.86912168579437],[75.73055367505685,15.86859538297117],[75.73225698683675,15.866939817275776],[75.73119208976297,15.8643217694101],[75.72642223413195,15.861173747315595],[75.72868687528513,15.858517468287296],[75.74209938094215,15.861329831210632],[75.74623012657099,15.864565561251636],[75.75498004801835,15.874637204685214]]]}},{"type":"Feature","properties":{"type":"village","name":"Kittali","taluk":"Badami","district":"Bagalkote","village_code":"598730"},"geometry":{"type":"Polygon","coordinates":[[[75.57165257360597,15.863905621877764],[75.54639167113544,15.870334848789618],[75.53542552503379,15.875293474713732],[75.53650240114189,15.862214385272045],[75.53412309183932,15.861289103841065],[75.53249746187362,15.848650536022378],[75.54165928064167,15.834683553100279],[75.54306807436578,15.834367834343356],[75.54362379555675,15.836005809894115],[75.54701032739689,15.836473641699659],[75.55287978112275,15.833104949196155],[75.55645478759436,15.832539793173135],[75.55566164616538,15.831063802193242],[75.55308650772415,15.830152801368891],[75.55066652719711,15.827921575641218],[75.55029340924888,15.82634503030334],[75.55270302411587,15.824761401216888],[75.55749519300024,15.828821647687075],[75.56328565337161,15.83078650032448],[75.56303562258361,15.834904971369957],[75.56414346631449,15.83704004242432],[75.56644032464702,15.838326922860666],[75.57165257360597,15.863905621877764]]]}},{"type":"Feature","properties":{"type":"village","name":"Lakhamapur","taluk":"Badami","district":"Bagalkote","village_code":"598716"},"geometry":{"type":"Polygon","coordinates":[[[75.63421238007267,15.858484095782027],[75.63422999873035,15.873097354638347],[75.63358248498874,15.878120987822372],[75.632347369745,15.878933717677416],[75.61664428138607,15.87528598164632],[75.5985366132173,15.874780662950187],[75.60069225459054,15.864649859271545],[75.6137411258138,15.861942022242445],[75.624913078642,15.8609473589596],[75.63421238007267,15.858484095782027]]]}},{"type":"Feature","properties":{"type":"village","name":"Anantagiri","taluk":"Badami","district":"Bagalkote","village_code":"598769"},"geometry":{"type":"Polygon","coordinates":[[[75.84694827143586,15.847748195747538],[75.83342059906445,15.851705614191626],[75.82162930635691,15.85024083578854],[75.8207907182594,15.849792116585952],[75.8207018569115,15.846072563825805],[75.82953856100518,15.839873927793334],[75.84321236681541,15.838302616051608],[75.84708048458106,15.838834534026176],[75.84617383203278,15.839746518918343],[75.84694827143586,15.847748195747538]]]}},{"type":"Feature","properties":{"type":"village","name":"Manneri","taluk":"Badami","district":"Bagalkote","village_code":"598764"},"geometry":{"type":"Polygon","coordinates":[[[75.71718925891192,15.846446536581913],[75.71417208287559,15.844915126933929],[75.70981680064651,15.847994078170949],[75.70769264073245,15.848132080878514],[75.7019007942606,15.836832643242591],[75.69716743358632,15.834515606950985],[75.69703533632378,15.832739626926077],[75.69518256823682,15.833025791426845],[75.69541675274318,15.834593537798058],[75.69002040125325,15.834967805772948],[75.68906910602861,15.82992942296401],[75.69120625827665,15.827143042117676],[75.6959960044047,15.824713816269734],[75.70361651087624,15.826578805415767],[75.7065428591525,15.827947288114826],[75.70670409327128,15.82916116792887],[75.70860110069107,15.82922272416351],[75.70882564088456,15.828102122060791],[75.71390546379756,15.827664431711566],[75.72197219760673,15.817940744748231],[75.72328873524947,15.81790926613015],[75.72178240784169,15.832835005631448],[75.71718925891192,15.846446536581913]]]}},{"type":"Feature","properties":{"type":"village","name":"Khyad","taluk":"Badami","district":"Bagalkote","village_code":"598763"},"geometry":{"type":"Polygon","coordinates":[[[75.70838930579482,15.84839193902767],[75.70590365931884,15.862737626805792],[75.7024641942506,15.868801146636557],[75.69471386864407,15.869350422177291],[75.68471657264435,15.86833352457619],[75.68434064027436,15.859335260580883],[75.68657508276262,15.854478254147365],[75.69002040125325,15.834967805772948],[75.69541675274318,15.834593537798058],[75.69518256823682,15.833025791426845],[75.69703533632378,15.832739626926077],[75.69716743358632,15.834515606950985],[75.7019007942606,15.836832643242591],[75.70696550122234,15.847162657693067],[75.70838930579482,15.84839193902767]]]}},{"type":"Feature","properties":{"type":"village","name":"Kalas","taluk":"Badami","district":"Bagalkote","village_code":"598729"},"geometry":{"type":"Polygon","coordinates":[[[75.53249746187362,15.848650536022378],[75.53412309183932,15.861289103841065],[75.53650240114189,15.862214385272045],[75.53602326043058,15.868227215576919],[75.52025320266719,15.866579595624653],[75.51968417563027,15.857730713894899],[75.5206135313007,15.852910127272427],[75.52567565291108,15.850601813379422],[75.53068038834446,15.8501737181735],[75.53249746187362,15.848650536022378]]]}},{"type":"Feature","properties":{"type":"village","name":"Jalihal","taluk":"Badami","district":"Bagalkote","village_code":"598767"},"geometry":{"type":"Polygon","coordinates":[[[75.78004415925454,15.852536557953725],[75.76945170781953,15.859268101057074],[75.76821192403125,15.86602515908455],[75.76069307630718,15.876759832052596],[75.75866103682883,15.873127671992671],[75.75380855236138,15.86795126089461],[75.75686370557466,15.860767725037551],[75.75614660473789,15.855039039295862],[75.75355624793742,15.851594921212524],[75.75801986159983,15.85152513121702],[75.759450053194,15.848170965038898],[75.75557431412152,15.839334670253765],[75.75359085194049,15.83957659362614],[75.74909397096812,15.830988549137086],[75.74800468283776,15.822616676941774],[75.7482508050559,15.81474202071506],[75.7796465936559,15.817188330018434],[75.77878240806436,15.821923688599481],[75.77756235307638,15.822737114116714],[75.77748189187469,15.827302467620862],[75.77444254182386,15.827313337399469],[75.77627021277844,15.835180356784974],[75.77672001002097,15.848995818889374],[75.78004415925454,15.852536557953725]]]}},{"type":"Feature","properties":{"type":"village","name":"Wadawatti","taluk":"Badami","district":"Bagalkote","village_code":"598728"},"geometry":{"type":"Polygon","coordinates":[[[75.53542552503379,15.875293474713732],[75.52229560690728,15.879935867170857],[75.51649077438967,15.883733014681141],[75.5124616318127,15.875027977850134],[75.5148874442026,15.868427488374547],[75.51229174512112,15.859418878995884],[75.51968417563027,15.857730713894899],[75.52025320266719,15.866579595624653],[75.53602326043058,15.868227215576919],[75.53542552503379,15.875293474713732]]]}},{"type":"Feature","properties":{"type":"village","name":"Muttalageri","taluk":"Badami","district":"Bagalkote","village_code":"598714"},"geometry":{"type":"Polygon","coordinates":[[[75.63868684987536,15.921100570626916],[75.62386525405019,15.92269848664425],[75.62303524396533,15.93230137915829],[75.61320683932382,15.94171741821519],[75.61191432263178,15.940676924640542],[75.60681342973378,15.934629913107425],[75.5995005827723,15.918170239224064],[75.59683023099576,15.907546514206478],[75.59753034738551,15.90579537867855],[75.59596025127065,15.903982665134157],[75.5910969331209,15.889188320957494],[75.59210580406703,15.878003055718786],[75.5979054640852,15.877752086115638],[75.5985366132173,15.874780662950187],[75.61664428138607,15.87528598164632],[75.62711894482274,15.87813072729038],[75.63123869327589,15.878317699582178],[75.63611074574517,15.881639263963974],[75.63762668961806,15.88151736112776],[75.6373863588385,15.89522267966618],[75.6384268891102,15.89933285734702],[75.63676076398983,15.90125423620206],[75.63797137588752,15.907474810154465],[75.63868684987536,15.921100570626916]]]}},{"type":"Feature","properties":{"type":"village","name":"Hanamasagar","taluk":"Badami","district":"Bagalkote","village_code":"598705"},"geometry":{"type":"Polygon","coordinates":[[[75.53351269828185,15.938307140984547],[75.53147727215489,15.937023946984443],[75.52469813676163,15.938604336254198],[75.51620147015582,15.938977188662896],[75.51417686693138,15.940139155895997],[75.51515188756098,15.93590609373799],[75.51624795258185,15.935220978121636],[75.51108605509287,15.926003319021108],[75.51576314080617,15.92642624189279],[75.52621351918745,15.924841810710955],[75.53200174904195,15.925026611945784],[75.5325858803521,15.935809888822881],[75.53351269828185,15.938307140984547]]]}},{"type":"Feature","properties":{"type":"village","name":"Chirlakoppa","taluk":"Badami","district":"Bagalkote","village_code":"598710"},"geometry":{"type":"Polygon","coordinates":[[[75.49445502411344,15.93302830599337],[75.4869456742768,15.940253286361363],[75.48521613528388,15.929404760269904],[75.47828388923693,15.9080881593565],[75.49585606268167,15.897486686678599],[75.5015131259283,15.90953239328828],[75.49792534900662,15.918684898785495],[75.49399298822345,15.92559113275172],[75.49445502411344,15.93302830599337]]]}},{"type":"Feature","properties":{"type":"village","name":" ","taluk":"Badami","district":"Bagalkote","village_code":" "},"geometry":{"type":"Polygon","coordinates":[[[75.51649077438967,15.883733014681141],[75.51315722069342,15.88599638975317],[75.50883475482,15.881341912742798],[75.50372715959163,15.872643717059434],[75.50214434333236,15.865807010124115],[75.50525072297474,15.86181018836302],[75.50280870407884,15.860066621335415],[75.50238417285199,15.858340954286865],[75.50704694570783,15.855532235233975],[75.50789914867183,15.860208493081151],[75.51229174512112,15.859418878995884],[75.5129441627659,15.860833887737433],[75.5148874442026,15.868427488374547],[75.5124616318127,15.875027977850134],[75.51649077438967,15.883733014681141]]]}},{"type":"Feature","properties":{"type":"village","name":" ","taluk":"Badami","district":"Bagalkote","village_code":" "},"geometry":{"type":"Polygon","coordinates":[[[75.69296707840442,15.889809128591823],[75.68767374930455,15.890707394366236],[75.68747374569475,15.892326221817942],[75.68241375578654,15.894584071939567],[75.68153195063901,15.900417678150667],[75.67122100336626,15.902474854016821],[75.6649488941873,15.90553607922825],[75.66420417734206,15.89921034231886],[75.66487965743511,15.892966094660892],[75.66343547458038,15.884097740015264],[75.66435907384651,15.875185920828898],[75.66628974024162,15.870072346326245],[75.6698617068143,15.865627176605289],[75.67215829205898,15.865330761763722],[75.67473895963079,15.86760083632943],[75.69124109584169,15.868860099404433],[75.69115739801005,15.87545926307892],[75.68974947924502,15.883043859050314],[75.69212278061498,15.884631871768736],[75.69296707840442,15.889809128591823]]]}},{"type":"Feature","properties":{"type":"village","name":"Gonal (S.B.)","taluk":"Hungund","district":"Bagalkote","village_code":"599014"},"geometry":{"type":"Polygon","coordinates":[[[76.17237751964609,15.931618600801867],[76.18791851958842,15.931483828968245],[76.1949283028208,15.932498392079602],[76.19659618863916,15.934589958990088],[76.20065012920954,15.936075177597596],[76.20042424423805,15.94382888589259],[76.17220145074872,15.93802124183448],[76.17237751964609,15.931618600801867]]]}},{"type":"Feature","properties":{"type":"village","name":"Navilahole","taluk":"Badami","district":"Bagalkote","village_code":"598752"},"geometry":{"type":"Polygon","coordinates":[[[75.75752194879404,15.895676469409851],[75.75005175382573,15.898952569619603],[75.74298124268353,15.894244667881132],[75.73278000755472,15.891634600422787],[75.73307098175671,15.885558654797874],[75.73986174584138,15.885535618590719],[75.74237637825664,15.883533641852363],[75.7616559615956,15.886509038174408],[75.75752194879404,15.895676469409851]]]}},{"type":"Feature","properties":{"type":"village","name":"Govanakoppa","taluk":"Badami","district":"Bagalkote","village_code":"598727"},"geometry":{"type":"Polygon","coordinates":[[[75.51315722069342,15.88599638975317],[75.5084911483255,15.887761092208585],[75.49912546409024,15.894434795117073],[75.49693286872117,15.890946710797438],[75.49534381995048,15.872888741358468],[75.49789741768952,15.87231210531688],[75.49719616582927,15.870613511669545],[75.50214434333236,15.865807010124115],[75.50372715959163,15.872643717059434],[75.50883475482,15.881341912742798],[75.51315722069342,15.88599638975317]]]}},{"type":"Feature","properties":{"type":"village","name":"Yaragoppa.S.B","taluk":"Badami","district":"Bagalkote","village_code":"598757"},"geometry":{"type":"Polygon","coordinates":[[[75.66435995958534,15.898287806287351],[75.66153546139769,15.898676051411233],[75.65985867327485,15.903002342583921],[75.64076302807514,15.905504839765273],[75.6375695648508,15.904465583174954],[75.63676076398983,15.90125423620206],[75.6384268891102,15.89933285734702],[75.6373863588385,15.89522267966618],[75.63744764999203,15.882005969977712],[75.6425529886524,15.876318214723446],[75.64821715128473,15.87754438058081],[75.6500839609379,15.88150287659101],[75.65676803211626,15.884669387205248],[75.65691845231564,15.883525399988235],[75.65823005281759,15.883272818959552],[75.65866739581702,15.87556939428427],[75.66170469501404,15.867478284711023],[75.66757724163945,15.859694902388378],[75.66882169487053,15.86462692695769],[75.67089631000178,15.864986611173201],[75.66628974024162,15.870072346326245],[75.66435907384651,15.875185920828898],[75.66343547458038,15.884097740015264],[75.66487965743511,15.892966094660892],[75.66435995958534,15.898287806287351]]]}},{"type":"Feature","properties":{"type":"village","name":"Bankaneri","taluk":"Badami","district":"Bagalkote","village_code":"598718"},"geometry":{"type":"Polygon","coordinates":[[[75.5459544745614,15.900525203868076],[75.53609583532239,15.90278258961457],[75.5361566557587,15.885140787682175],[75.53445568229348,15.877686969276688],[75.53449304322616,15.875901469845207],[75.53542552503379,15.875293474713732],[75.54639167113544,15.870334848789618],[75.55597326185598,15.868109270769928],[75.54915584296022,15.878757662215072],[75.55009322328111,15.883442603752306],[75.56980824339446,15.88397037290387],[75.57243874590498,15.886020022072367],[75.5853450571876,15.88509063617408],[75.58631582159938,15.886462167634336],[75.58572646658588,15.889406315863425],[75.58316077931974,15.890484437259715],[75.54178466209915,15.892200656128164],[75.5459544745614,15.900525203868076]]]}},{"type":"Feature","properties":{"type":"village","name":"Beeranur","taluk":"Badami","district":"Bagalkote","village_code":"598726"},"geometry":{"type":"Polygon","coordinates":[[[75.49912546409024,15.894434795117073],[75.48609931215886,15.9038939559379],[75.4771960258346,15.878639350307276],[75.47788604875379,15.875656685960053],[75.48028147473087,15.877689013601694],[75.4830904131995,15.874764298608882],[75.48709247157065,15.876867938950792],[75.48874016595634,15.876306811010176],[75.49177281816841,15.87297506817332],[75.49534381995048,15.872888741358468],[75.49693286872117,15.890946710797438],[75.49912546409024,15.894434795117073]]]}},{"type":"Feature","properties":{"type":"village","name":"Timmapur S.N.","taluk":"Badami","district":"Bagalkote","village_code":"598719"},"geometry":{"type":"Polygon","coordinates":[[[75.56637486890385,15.902163359819541],[75.55727868823695,15.903081899660359],[75.54899390186733,15.906990169779672],[75.54178466209915,15.892200656128164],[75.58316077931974,15.890484437259715],[75.58572646658588,15.889406315863425],[75.58631582159938,15.886462167634336],[75.59148587040123,15.886547622034909],[75.5910969331209,15.889188320957494],[75.59582797524338,15.901876622173164],[75.59047785015967,15.901168055424145],[75.58009851683929,15.902484227725314],[75.5775474433662,15.902192758750816],[75.5780061788458,15.900885209286468],[75.5765288526487,15.900410029644343],[75.57475524320624,15.902498499087637],[75.56637486890385,15.902163359819541]]]}},{"type":"Feature","properties":{"type":"village","name":"Mangalur","taluk":"Badami","district":"Bagalkote","village_code":"598745"},"geometry":{"type":"Polygon","coordinates":[[[75.7737150402927,15.941514748025325],[75.76670711926793,15.942202675299866],[75.76033390919532,15.940579872061047],[75.7578804053385,15.93781330141757],[75.75771945059579,15.936001434814841],[75.76040926437294,15.929542288221137],[75.76037709480428,15.914762670232845],[75.75807274991217,15.909319861078636],[75.75005175382573,15.898952569619603],[75.76659768560168,15.892318095223107],[75.77537252990828,15.892178448374487],[75.78099220796774,15.897578698153934],[75.77911952333261,15.89742613360134],[75.77835947404206,15.900172388429485],[75.77359963821975,15.902435722882817],[75.77422290463524,15.904205252206626],[75.77802636436168,15.90463015010992],[75.77895093919818,15.908229142861634],[75.7752931206338,15.914140513346243],[75.77620573709724,15.918277365841123],[75.7781042321271,15.919589119758042],[75.7753179824076,15.925512243694204],[75.77305901411546,15.934555382873311],[75.77275980326064,15.938158649861817],[75.7737150402927,15.941514748025325]]]}},{"type":"Feature","properties":{"type":"village","name":"Gonal","taluk":"Badami","district":"Bagalkote","village_code":"598743"},"geometry":{"type":"Polygon","coordinates":[[[75.80267727392336,15.939945626307715],[75.79395232474259,15.94024287615917],[75.78797053579213,15.943126078995432],[75.78471420666759,15.935874046169081],[75.78660543792006,15.928518070753277],[75.7844472022123,15.926044484216506],[75.78770171584168,15.924345957223522],[75.78885738497996,15.925029656979422],[75.79079275675058,15.923051995948619],[75.80043760144352,15.924051703825036],[75.8114549245669,15.923680949613146],[75.81015735125811,15.926244027401607],[75.80642081691867,15.929851158885942],[75.80267727392336,15.939945626307715]]]}},{"type":"Feature","properties":{"type":"village","name":"Haganur","taluk":"Badami","district":"Bagalkote","village_code":"598723"},"geometry":{"type":"Polygon","coordinates":[[[75.4616936839922,15.9165871717631],[75.45240772523839,15.921451322728036],[75.4457356699253,15.895740293122072],[75.44550778081245,15.893631723999647],[75.44667321014629,15.893096671801155],[75.4475081241343,15.890665438297852],[75.44720436061759,15.889929072061792],[75.44324536658287,15.89037309080405],[75.44332432939466,15.889193781395335],[75.44796403261572,15.886174003602324],[75.45708671987168,15.885949483669409],[75.46002960972561,15.886980148358967],[75.46032053901183,15.904537112922926],[75.4616936839922,15.9165871717631]]]}},{"type":"Feature","properties":{"type":"village","name":"Somanakoppa","taluk":"Badami","district":"Bagalkote","village_code":"598712"},"geometry":{"type":"Polygon","coordinates":[[[75.53200174904195,15.925026611945784],[75.52621351918745,15.924841810710955],[75.51576314080617,15.92642624189279],[75.51108605509287,15.926003319021108],[75.50648214883759,15.917448688898183],[75.50694069567096,15.915897282088304],[75.51115342873918,15.913781085415504],[75.52173140023014,15.913041838937877],[75.52567083434788,15.911893277184902],[75.53358672215622,15.913130576925253],[75.53200174904195,15.925026611945784]]]}},{"type":"Feature","properties":{"type":"village","name":"Badami (TMC)","taluk":"Badami","district":"Bagalkote","village_code":"803046"},"geometry":{"type":"Polygon","coordinates":[[[75.69213219406082,15.910685343327495],[75.68805393519739,15.91192318180016],[75.68423096136804,15.91683494928381],[75.68598876315643,15.918664520171003],[75.6895755815757,15.919855558170465],[75.68946324455446,15.922518193428598],[75.68817473704352,15.922761809383424],[75.68919632993072,15.925099918202536],[75.68551259766537,15.927055216950517],[75.68210553123616,15.925154027343979],[75.6798910196691,15.926471741716144],[75.67760249590577,15.932201250824752],[75.67600615820487,15.932594972610522],[75.67434106794369,15.926362465932653],[75.67225737713314,15.924850208964585],[75.67298732837008,15.91818996825937],[75.66836210509308,15.915121585853615],[75.66822167415965,15.91361692595234],[75.67693202481874,15.914670157793648],[75.67821672167625,15.913301165853447],[75.68071458703673,15.914351036244462],[75.6808774731573,15.90860101324965],[75.68690859578656,15.908889410378318],[75.68868359312614,15.906149127653157],[75.68982357857786,15.906840353576973],[75.68909274609362,15.90834453635978],[75.69213219406082,15.910685343327495]]]}},{"type":"Feature","properties":{"type":"village","name":"Karalakoppa","taluk":"Badami","district":"Bagalkote","village_code":"598722"},"geometry":{"type":"Polygon","coordinates":[[[75.45240772523839,15.921451322728036],[75.441156084658,15.927066969365642],[75.4408966368309,15.918711276086974],[75.44158301528498,15.918595808201749],[75.43968073295785,15.912876020198977],[75.43799855404501,15.893614346884467],[75.44550778081245,15.893631723999647],[75.45240772523839,15.921451322728036]]]}},{"type":"Feature","properties":{"type":"village","name":"Neeralagi","taluk":"Badami","district":"Bagalkote","village_code":"598760"},"geometry":{"type":"Polygon","coordinates":[[[75.75797898016957,15.937966667127094],[75.74030277013685,15.937185377613048],[75.73450280019986,15.937801725843704],[75.73409557232199,15.936284413774581],[75.73099492932106,15.93665189599751],[75.73016619843712,15.92833790024308],[75.72344352215943,15.928188687360256],[75.72051188280612,15.916805066132461],[75.72924983779559,15.915120389377122],[75.73841486714248,15.911364865976608],[75.7514127320239,15.91191922343008],[75.75717124201554,15.908134552298476],[75.75926606295246,15.911177779256253],[75.76053563038394,15.917171196628873],[75.76040926437294,15.929542288221137],[75.75771945059579,15.936001434814841],[75.75797898016957,15.937966667127094]]]}},{"type":"Feature","properties":{"type":"village","name":"Khanapur S.K.","taluk":"Badami","district":"Bagalkote","village_code":"598711"},"geometry":{"type":"Polygon","coordinates":[[[75.51108605509287,15.926003319021108],[75.50034282503066,15.933938330175176],[75.49445502411344,15.93302830599337],[75.49399298822345,15.92559113275172],[75.49792534900662,15.918684898785495],[75.5015131259283,15.90953239328828],[75.49585606268167,15.897486686678599],[75.5084911483255,15.887761092208585],[75.51315722069342,15.88599638975317],[75.51416877760225,15.894478112017278],[75.50601302613833,15.905394929689118],[75.50663367396476,15.912652594384584],[75.50785193591543,15.912292711112137],[75.50854998887492,15.9149895008538],[75.50718279882658,15.915566791235596],[75.50648214883759,15.917448688898183],[75.51108605509287,15.926003319021108]]]}},{"type":"Feature","properties":{"type":"village","name":"Maratgeri","taluk":"Hungund","district":"Bagalkote","village_code":"599024"},"geometry":{"type":"Polygon","coordinates":[[[76.2853296631602,15.928978170699892],[76.27701653763827,15.930903829635815],[76.25735079101655,15.933143868372124],[76.25730515300685,15.91540446811387],[76.26142860790885,15.914841952259595],[76.26211982918063,15.906688833615988],[76.27161765289925,15.905001511391381],[76.27442572539196,15.910524432197777],[76.27601329823065,15.910489036414326],[76.27761074624927,15.909418928711183],[76.27614267898778,15.90383341861249],[76.28539280933477,15.902735150940071],[76.28447078122211,15.917925671762935],[76.2853296631602,15.928978170699892]]]}},{"type":"Feature","properties":{"type":"village","name":"Gugalmari","taluk":"Hungund","district":"Bagalkote","village_code":"599022"},"geometry":{"type":"Polygon","coordinates":[[[76.17236877903835,15.932144861400037],[76.1554218887269,15.93499672978187],[76.14298589580119,15.933904476083864],[76.14339572609845,15.921686581328618],[76.138427093058,15.917421438056277],[76.13737175136387,15.917679033305443],[76.13285626358707,15.915090175967828],[76.13134815122683,15.917444304748088],[76.12711300788725,15.931817475904168],[76.11167932158703,15.930614964826312],[76.11287573022179,15.929175573011118],[76.11412647255818,15.919749704863767],[76.10710469232517,15.892562625579364],[76.11728031199364,15.88636616196313],[76.12540399000866,15.89369078959167],[76.1330891176885,15.895276749332883],[76.13922867505737,15.894264394080516],[76.14528904593396,15.895334814832259],[76.14593374525381,15.898583522929993],[76.15351102389556,15.91284481729621],[76.148360139752,15.91224152969984],[76.14826128015495,15.918457924615167],[76.15943810185198,15.919438631359283],[76.16061242989704,15.921273459282181],[76.1643667553707,15.921340611076912],[76.17194630764844,15.924628679640827],[76.17236877903835,15.932144861400037]]]}},{"type":"Feature","properties":{"type":"village","name":"Sankalapur","taluk":"Hungund","district":"Bagalkote","village_code":"599018"},"geometry":{"type":"Polygon","coordinates":[[[76.11176746158777,15.939687917968419],[76.10833089268799,15.939867063352944],[76.10769689589647,15.935858992853854],[76.10448827899158,15.93186651267104],[76.10532206828884,15.928922912841191],[76.10478048208888,15.927067904030297],[76.10361383014792,15.92505151124933],[76.09853007530889,15.921018347910655],[76.09769696783295,15.918276133100951],[76.09899085894737,15.900660876828054],[76.10126472220523,15.900539122016099],[76.10305837485828,15.893928823795],[76.10710469232517,15.892562625579364],[76.11412647255818,15.919749704863767],[76.11287573022179,15.929175573011118],[76.11092746044035,15.931816764124642],[76.11273444139727,15.935237322858866],[76.11176746158777,15.939687917968419]]]}},{"type":"Feature","properties":{"type":"village","name":" ","taluk":"Hungund","district":"Bagalkote","village_code":" "},"geometry":{"type":"Polygon","coordinates":[[[76.12711300788725,15.931817475904168],[76.12310613993607,15.943633141730519],[76.11392481514993,15.942539236027248],[76.11176746158777,15.939687917968419],[76.11273444139727,15.935237322858866],[76.11092746044035,15.931816764124642],[76.11167932158703,15.930614964826312],[76.12711300788725,15.931817475904168]]]}},{"type":"Feature","properties":{"type":"village","name":" ","taluk":"Badami","district":"Bagalkote","village_code":" "},"geometry":{"type":"Polygon","coordinates":[[[75.441156084658,15.927066969365642],[75.42895400584572,15.934801009826238],[75.42850212361344,15.930374303149613],[75.42697908125317,15.927650040326352],[75.42728655840524,15.924780752753323],[75.4249275851641,15.92139700526377],[75.4408966368309,15.918711276086974],[75.441156084658,15.927066969365642]]]}},{"type":"Feature","properties":{"type":"village","name":"Mallapur","taluk":"Badami","district":"Bagalkote","village_code":"598715"},"geometry":{"type":"Polygon","coordinates":[[[75.66757724163945,15.859694902388378],[75.66170469501404,15.867478284711023],[75.65866739581702,15.87556939428427],[75.65823005281759,15.883272818959552],[75.65691845231564,15.883525399988235],[75.65676803211626,15.884669387205248],[75.6500839609379,15.88150287659101],[75.64821715128473,15.87754438058081],[75.6425529886524,15.876318214723446],[75.63762668961806,15.88151736112776],[75.63611074574517,15.881639263963974],[75.632347369745,15.878933717677416],[75.63358248498874,15.878120987822372],[75.63422999873035,15.873097354638347],[75.63421238007267,15.858484095782027],[75.64503076498819,15.85802730841311],[75.66757724163945,15.859694902388378]]]}},{"type":"Feature","properties":{"type":"village","name":"Muradi","taluk":"Hungund","district":"Bagalkote","village_code":"598898"},"geometry":{"type":"Polygon","coordinates":[[[75.94880625532709,15.895020455890943],[75.92619762783457,15.8962115881851],[75.92716704028183,15.894671015831618],[75.92600286230117,15.886228355637996],[75.92760677010499,15.885665642401984],[75.92918047026077,15.880528882418401],[75.92833621020056,15.875660135253222],[75.94154659761357,15.874518441048199],[75.94446263682366,15.866948638757894],[75.95415530243244,15.86560456670986],[75.96193978737595,15.865628689634578],[75.96319750243558,15.869917312139568],[75.96035864377976,15.875886958119041],[75.96213149773905,15.879467891640907],[75.95344804084294,15.893919943880393],[75.94880625532709,15.895020455890943]]]}},{"type":"Feature","properties":{"type":"village","name":"Belawalakoppa","taluk":"Badami","district":"Bagalkote","village_code":"598717"},"geometry":{"type":"Polygon","coordinates":[[[75.59148587040123,15.886547622034909],[75.58710107312521,15.886663410724227],[75.5853450571876,15.88509063617408],[75.57243874590498,15.886020022072367],[75.56980824339446,15.88397037290387],[75.56261666360648,15.884260332919947],[75.56243163760739,15.883234754610827],[75.55009322328111,15.883442603752306],[75.54915584296022,15.878757662215072],[75.55597326185598,15.868109270769928],[75.56684966266747,15.864754378881985],[75.5835815960129,15.861392368773956],[75.58626327464684,15.861778359704692],[75.58808960441668,15.8635362439507],[75.60069225459054,15.864649859271545],[75.5979054640852,15.877752086115638],[75.59210580406703,15.878003055718786],[75.59148587040123,15.886547622034909]]]}},{"type":"Feature","properties":{"type":"village","name":"Hirenasabi","taluk":"Badami","district":"Bagalkote","village_code":"598754"},"geometry":{"type":"Polygon","coordinates":[[[75.73307098175671,15.885558654797874],[75.73270331478565,15.892273151847348],[75.71312466611893,15.889707650269267],[75.70339500429348,15.891562172728237],[75.7069794457705,15.88468345592414],[75.71258271699959,15.879024150397758],[75.72043682317425,15.874726749357285],[75.72283164907672,15.874447577187821],[75.72597457487979,15.870518170693211],[75.73206996927269,15.870834277886788],[75.73311818193666,15.87143184505796],[75.73175404436367,15.873895395020972],[75.74520480298041,15.876647480032775],[75.75498004801835,15.874637204685214],[75.75674293337292,15.875936683350167],[75.76069307630718,15.876759832052596],[75.76222321176489,15.88157629807847],[75.7616559615956,15.886509038174408],[75.74237637825664,15.883533641852363],[75.73986174584138,15.885535618590719],[75.73307098175671,15.885558654797874]]]}},{"type":"Feature","properties":{"type":"village","name":"Gandal","taluk":"Hungund","district":"Bagalkote","village_code":"598899"},"geometry":{"type":"Polygon","coordinates":[[[75.97666529041517,15.89417381269097],[75.97534186538915,15.896715378312747],[75.97665749034357,15.8983727977709],[75.97669897095011,15.901061980609626],[75.95344804084294,15.893919943880393],[75.96220529793294,15.879282225110936],[75.96035864377976,15.875886958119041],[75.96319750243558,15.869917312139568],[75.96193978737595,15.865628689634578],[75.96358205593735,15.865337011767622],[75.96639195739998,15.859218205802465],[75.97435187343702,15.861804141315837],[75.97901359526402,15.870800266278646],[75.9788093650808,15.88168941719569],[75.97666529041517,15.89417381269097]]]}},{"type":"Feature","properties":{"type":"village","name":"Cholachagudda","taluk":"Badami","district":"Bagalkote","village_code":"598756"},"geometry":{"type":"Polygon","coordinates":[[[75.69676744702795,15.893471791931756],[75.69421222243994,15.893344321026865],[75.69212278061498,15.884631871768736],[75.68974947924502,15.883043859050314],[75.69115739801005,15.87545926307892],[75.69124109584169,15.868860099404433],[75.7024641942506,15.868801146636557],[75.70590365931884,15.862737626805792],[75.70838930579482,15.84839193902767],[75.71417208287559,15.844915126933929],[75.71718925891192,15.846446536581913],[75.72344214324549,15.854417223232934],[75.73194015732422,15.854185315786705],[75.72642223413195,15.861173747315595],[75.73119208976297,15.8643217694101],[75.73223193911168,15.866483385193076],[75.73168116763794,15.867859326609544],[75.72726789107244,15.86912168579437],[75.72283164907672,15.874447577187821],[75.71404455893617,15.877717543425053],[75.7069794457705,15.88468345592414],[75.70339500429348,15.891562172728237],[75.69676744702795,15.893471791931756]]]}},{"type":"Feature","properties":{"type":"village","name":"Hosur","taluk":"Badami","district":"Bagalkote","village_code":"598753"},"geometry":{"type":"Polygon","coordinates":[[[75.82744591758453,15.90029379615729],[75.81192030129142,15.899945762260298],[75.81038218789566,15.89372311604071],[75.79791975755113,15.896738791655167],[75.78449246023465,15.897926605689092],[75.78099220796774,15.897578698153934],[75.77786380702449,15.89393229869433],[75.77472293297349,15.892072291061773],[75.76659768560168,15.892318095223107],[75.75752194879404,15.895676469409851],[75.76213785564325,15.884952879088525],[75.76222321176489,15.88157629807847],[75.76069307630718,15.876759832052596],[75.76821192403125,15.86602515908455],[75.76901489033449,15.859821095815924],[75.78004415925454,15.852536557953725],[75.78752017800085,15.84902927938067],[75.79475352226305,15.84922443637586],[75.797680351138,15.847830637643646],[75.7999744579308,15.857675483130809],[75.80439636191629,15.855299748368326],[75.80914276612849,15.854712668994537],[75.80823372585819,15.851561218319146],[75.80568697597656,15.851077965167374],[75.8056554531949,15.84902156411084],[75.81141883205542,15.847065610121293],[75.81480904788656,15.847165944144876],[75.82162930635691,15.85024083578854],[75.83410239072073,15.851734637667416],[75.84694827143586,15.847748195747538],[75.85001007757215,15.860482141665077],[75.84994483023812,15.861621435376273],[75.84833879791866,15.862793818798263],[75.84871849961957,15.872066979220886],[75.84011116057074,15.87184281770375],[75.83891752503531,15.870039519237034],[75.8382709365584,15.864988856097572],[75.83634998005317,15.865701264045837],[75.83203220877542,15.864963066252695],[75.82805545325088,15.866546627983919],[75.83294080437966,15.875843365906904],[75.83171745616787,15.877009595820303],[75.83188090732877,15.878161504420945],[75.8338002297985,15.878154217101923],[75.83528380288008,15.882324834387104],[75.8340582861352,15.882971329766598],[75.833912453632,15.884983260323299],[75.83270837338473,15.885186713302389],[75.83236491690887,15.886833247090015],[75.8297634856776,15.886793483055312],[75.82965368999032,15.896466282643832],[75.82744591758453,15.90029379615729]]]}},{"type":"Feature","properties":{"type":"village","name":"Talakawad","taluk":"Badami","district":"Bagalkote","village_code":"598725"},"geometry":{"type":"Polygon","coordinates":[[[75.48609931215886,15.9038939559379],[75.48029149184461,15.907143953838009],[75.47870359112083,15.905369824927554],[75.47891752490575,15.903679814311571],[75.47181722203545,15.887244904568856],[75.4722780640644,15.88424447393335],[75.47316922696221,15.883109897794057],[75.47456052869111,15.883244861039566],[75.47438242600796,15.881726737046677],[75.47017638538863,15.882659335350825],[75.46946561857288,15.880142934311937],[75.4686817863852,15.881317986105339],[75.4666878516446,15.880455790608845],[75.46566874529411,15.877261648132238],[75.4757196293938,15.876331128792847],[75.47382375025803,15.875315309330816],[75.4741028613084,15.873345121780437],[75.47663316483379,15.87327171025371],[75.47887758760483,15.87109727619852],[75.48027820126998,15.871232198240492],[75.47781070974585,15.875453555149665],[75.4771960258346,15.878639350307276],[75.48609931215886,15.9038939559379]]]}},{"type":"Feature","properties":{"type":"village","name":"Aladakatti","taluk":"Badami","district":"Bagalkote","village_code":"598713"},"geometry":{"type":"Polygon","coordinates":[[[75.58237916237755,15.911084301055189],[75.56876335898858,15.911120336883084],[75.56918155978764,15.906987902861765],[75.56436001689183,15.906584660606837],[75.5642265317322,15.9022548369702],[75.57475524320624,15.902498499087637],[75.5765288526487,15.900410029644343],[75.5780061788458,15.900885209286468],[75.5775474433662,15.902192758750816],[75.58009851683929,15.902484227725314],[75.59047785015967,15.901168055424145],[75.59582797524338,15.901876622173164],[75.59793829840716,15.909496098003864],[75.58237916237755,15.911084301055189]]]}},{"type":"Feature","properties":{"type":"village","name":"Narasapur","taluk":"Badami","district":"Bagalkote","village_code":"598720"},"geometry":{"type":"Polygon","coordinates":[[[75.53609583532239,15.90278258961457],[75.53358672215622,15.913130576925253],[75.52499481436733,15.912194285905773],[75.52603795514327,15.903964264292341],[75.521093384376,15.891925866107146],[75.51649077438967,15.883733014681141],[75.52229560690728,15.879935867170857],[75.53449304322616,15.875901469845207],[75.5361566557587,15.885140787682175],[75.53609583532239,15.90278258961457]]]}},{"type":"Feature","properties":{"type":"village","name":"Nagaral.S.P.","taluk":"Badami","district":"Bagalkote","village_code":"598692"},"geometry":{"type":"Polygon","coordinates":[[[75.72924983779559,15.915120389377122],[75.70739682011947,15.91868168088231],[75.69476524329518,15.914387792830677],[75.69262905583776,15.911203551086288],[75.68909274609362,15.90834453635978],[75.69475565467782,15.90065153586444],[75.69676744702795,15.893471791931756],[75.70844141436952,15.890071039419137],[75.71312466611893,15.889707650269267],[75.73270331478565,15.892273151847348],[75.73278000755472,15.891634600422787],[75.74298124268353,15.894244667881132],[75.74648697916524,15.896271180901163],[75.75222248599741,15.901073451171957],[75.75717124201554,15.908134552298476],[75.7514127320239,15.91191922343008],[75.73841486714248,15.911364865976608],[75.72924983779559,15.915120389377122]]]}},{"type":"Feature","properties":{"type":"village","name":"Kulageri","taluk":"Badami","district":"Bagalkote","village_code":"598721"},"geometry":{"type":"Polygon","coordinates":[[[75.52499481436733,15.912194285905773],[75.51396399495512,15.913236584036108],[75.50854998887492,15.9149895008538],[75.50785193591543,15.912292711112137],[75.50663367396476,15.912652594384584],[75.50601302613833,15.905394929689118],[75.51416877760225,15.894478112017278],[75.51315722069342,15.88599638975317],[75.51649077438967,15.883733014681141],[75.521093384376,15.891925866107146],[75.52603795514327,15.903964264292341],[75.52499481436733,15.912194285905773]]]}},{"type":"Feature","properties":{"type":"village","name":"Alur .S.K.","taluk":"Badami","district":"Bagalkote","village_code":"598724"},"geometry":{"type":"Polygon","coordinates":[[[75.48029149184461,15.907143953838009],[75.4616936839922,15.9165871717631],[75.45978294043343,15.891578487321443],[75.46002960972561,15.886980148358967],[75.46149908195221,15.88677470566376],[75.46172742112103,15.885816651152108],[75.45876223418341,15.884566181721443],[75.46059610800499,15.879551673646505],[75.46301775670355,15.879146927419821],[75.46372853789231,15.881835117766915],[75.4666878516446,15.880455790608845],[75.4686817863852,15.881317986105339],[75.46946561857288,15.880142934311937],[75.47017638538863,15.882659335350825],[75.47438242600796,15.881726737046677],[75.47456052869111,15.883244861039566],[75.47316922696221,15.883109897794057],[75.4722780640644,15.88424447393335],[75.47181722203545,15.887244904568856],[75.47891752490575,15.903679814311571],[75.47870359112083,15.905369824927554],[75.48029149184461,15.907143953838009]]]}},{"type":"Feature","properties":{"type":"village","name":"Gudur (CT)","taluk":"Hungund","district":"Bagalkote","village_code":"599028"},"geometry":{"type":"Polygon","coordinates":[[[76.15351102389556,15.91284481729621],[76.15401345612555,15.914831120892549],[76.15701610909872,15.916091305672898],[76.15943810185198,15.919438631359283],[76.14826128015495,15.918457924615167],[76.148360139752,15.91224152969984],[76.15351102389556,15.91284481729621]]]}},{"type":"Feature","properties":{"type":"village","name":"Shirabadagi","taluk":"Badami","district":"Bagalkote","village_code":"598744"},"geometry":{"type":"Polygon","coordinates":[[[75.78797053579213,15.943126078995432],[75.77952524922729,15.947404035584468],[75.7763293192292,15.943199128150379],[75.7737150402927,15.941514748025325],[75.77275980326064,15.938158649861817],[75.77305901411546,15.934555382873311],[75.7753179824076,15.925512243694204],[75.7781042321271,15.919589119758042],[75.78770171584168,15.924345957223522],[75.78426205314405,15.926492586008305],[75.78660543792006,15.928518070753277],[75.78471420666759,15.935874046169081],[75.78797053579213,15.943126078995432]]]}},{"type":"Feature","properties":{"type":"village","name":"Upnal (S.C.)","taluk":"Hungund","district":"Bagalkote","village_code":"598895"},"geometry":{"type":"Polygon","coordinates":[[[76.1122430296992,15.951246109057369],[76.10682576093788,15.948914131665047],[76.09982517465738,15.948547345623656],[76.09722839669926,15.949532035714608],[76.0998198458511,15.936997274945794],[76.10552930333667,15.939820686378917],[76.11176746158777,15.939687917968419],[76.11293018789092,15.940487819815365],[76.11392481514993,15.942539236027248],[76.11181820831648,15.948914578216806],[76.1122430296992,15.951246109057369]]]}},{"type":"Feature","properties":{"type":"village","name":"Somalapur","taluk":"Hungund","district":"Bagalkote","village_code":"599025"},"geometry":{"type":"Polygon","coordinates":[[[76.32273197582195,15.9559886099466],[76.30987862920853,15.957240948666298],[76.30387604695413,15.934335157366865],[76.30184595861661,15.930647386403136],[76.30237619639959,15.923607870029782],[76.31209398429361,15.922639598889036],[76.31328265394217,15.929413149694456],[76.32853813065965,15.932281833772906],[76.32901380926386,15.934825849179228],[76.32827127801968,15.934974765164894],[76.32786849680248,15.939759685668216],[76.32273197582195,15.9559886099466]]]}},{"type":"Feature","properties":{"type":"village","name":"Hanamanal","taluk":"Hungund","district":"Bagalkote","village_code":"599013"},"geometry":{"type":"Polygon","coordinates":[[[76.13545782417573,15.928586662711513],[76.13647633673982,15.938825342251002],[76.14366439962349,15.950066847766845],[76.14413659905257,15.955493440628667],[76.12866835186847,15.952326655580089],[76.12174233204478,15.949412146830475],[76.12711300788725,15.931817475904168],[76.13015307030207,15.932111117573747],[76.13015304964082,15.933168474703063],[76.1315073569497,15.933493759817958],[76.1313952166595,15.930177237178238],[76.13233382407907,15.929644027176764],[76.13240846509602,15.927529383379229],[76.13545782417573,15.928586662711513]]]}},{"type":"Feature","properties":{"type":"village","name":"Gonal (S.K.)","taluk":"Hungund","district":"Bagalkote","village_code":"599003"},"geometry":{"type":"Polygon","coordinates":[[[76.14413659905257,15.955493440628667],[76.1440622095639,15.95880992466018],[76.11971994316751,15.95560685584148],[76.11343849959447,15.952543022092684],[76.11181820831648,15.948914578216806],[76.11392481514993,15.942539236027248],[76.12310613993607,15.943633141730519],[76.12174233204478,15.949412146830475],[76.12866835186847,15.952326655580089],[76.14413659905257,15.955493440628667]]]}},{"type":"Feature","properties":{"type":"village","name":"Hirekodagali","taluk":"Hungund","district":"Bagalkote","village_code":"599021"},"geometry":{"type":"Polygon","coordinates":[[[76.17220183971922,15.93947619507127],[76.16042369924575,15.964189615769977],[76.14980277570778,15.963942350161261],[76.14995102018753,15.953658472166522],[76.15706385006449,15.953296118767552],[76.15477006397025,15.948375854672635],[76.15344821189429,15.947201249353427],[76.147914013924,15.946908127288024],[76.14765211639111,15.943225619702154],[76.14249601932393,15.939475751089844],[76.13910497434779,15.930158951895363],[76.13556998243224,15.93033529320034],[76.13545782417573,15.928586662711513],[76.13240846509602,15.927529383379229],[76.13233382407907,15.929644027176764],[76.1313952166595,15.930177237178238],[76.1315073569497,15.933493759817958],[76.13015304964082,15.933168474703063],[76.13015307030207,15.932111117573747],[76.12711300788725,15.931817475904168],[76.13134815122683,15.917444304748088],[76.13285626358707,15.915090175967828],[76.13737175136387,15.917679033305443],[76.138427093058,15.917421438056277],[76.14339572609845,15.921686581328618],[76.14298589580119,15.933904476083864],[76.1554218887269,15.93499672978187],[76.17236877903835,15.932144861400037],[76.17220183971922,15.93947619507127]]]}},{"type":"Feature","properties":{"type":"village","name":"Chick-Otageri","taluk":"Hungund","district":"Bagalkote","village_code":"599005"},"geometry":{"type":"Polygon","coordinates":[[[76.22312029667233,15.96454363233446],[76.21073656683153,15.967958075973861],[76.20042424423805,15.94382888589259],[76.20779302210576,15.942362261078632],[76.2266359092323,15.940831747934421],[76.22757158994065,15.953351915781912],[76.22637021092743,15.960491596046921],[76.22283073372367,15.962169528268277],[76.22312029667233,15.96454363233446]]]}},{"type":"Feature","properties":{"type":"village","name":"Balakundi","taluk":"Hungund","district":"Bagalkote","village_code":"599016"},"geometry":{"type":"Polygon","coordinates":[[[76.09722839669926,15.949532035714608],[76.09350130275512,15.95102253420339],[76.09004944093596,15.953986041397041],[76.08925322457375,15.966434138148749],[76.07299018036562,15.966240881819196],[76.07213799806291,15.956616376408498],[76.0707279709519,15.955251408729202],[76.07086517873012,15.948469331921086],[76.06606988640353,15.929549301574877],[76.0626639428684,15.919874360116891],[76.06276337828551,15.915491442742063],[76.06076200100276,15.910014569727652],[76.0582180871025,15.90738846530691],[76.07063486506428,15.902674906139918],[76.09899085894737,15.900660876828054],[76.09811343488347,15.920050548047925],[76.10478048208888,15.927067904030297],[76.10532206828884,15.928922912841191],[76.10448827899158,15.93186651267104],[76.10769689589647,15.935858992853854],[76.10833089268799,15.939867063352944],[76.10552930333667,15.939820686378917],[76.0998198458511,15.936997274945794],[76.09722839669926,15.949532035714608]]]}},{"type":"Feature","properties":{"type":"village","name":"Chimmanakatti","taluk":"Badami","district":"Bagalkote","village_code":"598709"},"geometry":{"type":"Polygon","coordinates":[[[75.4869456742768,15.940253286361363],[75.48368685232735,15.942770982900463],[75.4811310384445,15.949147765343042],[75.4774112334306,15.951082655668806],[75.46859888535919,15.944937637669756],[75.45730952901161,15.918901469165206],[75.47828388923693,15.9080881593565],[75.48521613528388,15.929404760269904],[75.4869456742768,15.940253286361363]]]}},{"type":"Feature","properties":{"type":"village","name":"Gudur (S.B.)","taluk":"Hungund","district":"Bagalkote","village_code":"599012"},"geometry":{"type":"Polygon","coordinates":[[[75.92785792738034,15.960951254714283],[75.92761459712607,15.964848180841093],[75.8984310823898,15.957942529724617],[75.90167369693489,15.95382509501735],[75.90321573327353,15.947649234799709],[75.90060331205305,15.942163982060777],[75.90099378455422,15.92492830873261],[75.91679087442114,15.90940447382798],[75.92619762783457,15.8962115881851],[75.94880625532709,15.895020455890943],[75.94897764759506,15.897713529879537],[75.94583708705613,15.898265098112008],[75.94158808989825,15.906532244928973],[75.94814952487062,15.911362518765472],[75.93952481420082,15.923892781603627],[75.93664298463341,15.92898095393546],[75.9357956801827,15.932618569218754],[75.92535777131586,15.939230549655772],[75.9247401175743,15.947178988081154],[75.92785792738034,15.960951254714283]]]}},{"type":"Feature","properties":{"type":"village","name":"Katapur","taluk":"Badami","district":"Bagalkote","village_code":"598695"},"geometry":{"type":"Polygon","coordinates":[[[75.82784707734264,15.962970526236907],[75.82342891933189,15.961001116085209],[75.8189158201754,15.962139066294473],[75.81732199685896,15.963585923749235],[75.81066592616803,15.958780179041511],[75.81168601617375,15.956855457979804],[75.81863012627068,15.951559321937227],[75.81890963527468,15.949045303829854],[75.82069187842534,15.94964423125418],[75.82159332523653,15.946142481400397],[75.81565825227409,15.942087919713373],[75.80267727392336,15.939945626307715],[75.80642081691867,15.929851158885942],[75.8108497358482,15.925341964887178],[75.8279671749096,15.927202938841392],[75.83072399222718,15.925122383198929],[75.83656499361304,15.925669404998908],[75.83715986697734,15.92834284132256],[75.83947707484597,15.929545246804322],[75.83957640066865,15.93095953008575],[75.83782171693261,15.932507546707978],[75.83685602979881,15.941835706820664],[75.83223984806513,15.947313302815903],[75.82784707734264,15.962970526236907]]]}},{"type":"Feature","properties":{"type":"village","name":"Kabbalageri","taluk":"Badami","district":"Bagalkote","village_code":"598749"},"geometry":{"type":"Polygon","coordinates":[[[75.64090617102242,15.95528791857731],[75.63419191016231,15.962584758970218],[75.6295573578811,15.964162201133933],[75.62492156502647,15.963872772754655],[75.62298926459583,15.965265929622017],[75.62293836784845,15.958590060903866],[75.61729128488464,15.949837393897937],[75.61362584321675,15.945865653288488],[75.61312739501506,15.943249957030758],[75.61320683932382,15.94171741821519],[75.62303524396533,15.93230137915829],[75.62386525405019,15.92269848664425],[75.63629957610947,15.921026160629385],[75.63868684987536,15.921100570626916],[75.63894658426501,15.921999237384712],[75.64345345540163,15.92173729903715],[75.64328308092487,15.925457841808363],[75.64117278381221,15.9258121383929],[75.64133030339728,15.926882901673844],[75.6417965676573,15.92807934340514],[75.64339390338651,15.927975133112355],[75.64413490120648,15.933338170714626],[75.64562510834647,15.933333730764192],[75.64836435371876,15.944092275889567],[75.64821906739122,15.946886108695573],[75.64134290765907,15.947132541107127],[75.64090617102242,15.95528791857731]]]}},{"type":"Feature","properties":{"type":"village","name":"Mamatageri","taluk":"Badami","district":"Bagalkote","village_code":"598704"},"geometry":{"type":"Polygon","coordinates":[[[75.52804427765165,15.958863921929149],[75.52604203439296,15.959664237844404],[75.52401651937853,15.962304315753306],[75.52161885120651,15.961975565651763],[75.5203361746601,15.962823886103543],[75.5096696975541,15.961009534416995],[75.50685782788265,15.961337004398395],[75.50479583228454,15.955027382304001],[75.50645713075693,15.95426862358317],[75.50559384527732,15.950921355420551],[75.50629043128794,15.949233804608564],[75.50535316684974,15.94807882417297],[75.51314631514585,15.944589268252285],[75.51248664809674,15.940495710379698],[75.51620147015582,15.938977188662896],[75.52469813676163,15.938604336254198],[75.53147727215489,15.937023946984443],[75.53351269828185,15.938307140984547],[75.53530006003301,15.94822865538486],[75.53242299063825,15.948534057876559],[75.53216035379188,15.951707747859375],[75.52804427765165,15.958863921929149]]]}},{"type":"Feature","properties":{"type":"village","name":"Mangalagudda","taluk":"Badami","district":"Bagalkote","village_code":"598694"},"geometry":{"type":"Polygon","coordinates":[[[75.84256103433549,15.930923211030745],[75.84366010871257,15.952543923817275],[75.84179922344872,15.96789584534563],[75.83943321280559,15.972653266897282],[75.83586050602113,15.967756000603828],[75.83063559710489,15.966207625654507],[75.8278471393264,15.962968517326702],[75.83223984806513,15.947313302815903],[75.83685602979881,15.941835706820664],[75.83782171693261,15.932507546707978],[75.83957640066865,15.93095953008575],[75.84256103433549,15.930923211030745]]]}},{"type":"Feature","properties":{"type":"village","name":"Kutakanakeri","taluk":"Badami","district":"Bagalkote","village_code":"598737"},"geometry":{"type":"Polygon","coordinates":[[[75.71248008537671,15.994768362069493],[75.71031568992102,15.994549509297508],[75.7088657803064,15.99817927879508],[75.70149016895434,16.001020900000793],[75.7016547996032,16.003090326066346],[75.6996692182964,16.004561498723866],[75.69984129687727,16.005652352421023],[75.69608919114067,16.004325452356525],[75.68674455083926,15.994272776607277],[75.68623104956835,15.98752606963164],[75.68313265505054,15.984643094806417],[75.68460075734632,15.98351743960371],[75.67909280904695,15.976881333254047],[75.67909580492845,15.970815496794133],[75.6861195273191,15.968375230983545],[75.69033701067852,15.969283933971461],[75.69447478023456,15.965980156829215],[75.6980064250274,15.96581518763918],[75.69788813037921,15.969454100328209],[75.70019028787358,15.973126036085421],[75.70351657060593,15.97433561830099],[75.70442507098873,15.976280843800275],[75.71037430768824,15.976582343156375],[75.71268651104246,15.98438079011356],[75.71248008537671,15.994768362069493]]]}},{"type":"Feature","properties":{"type":"village","name":"Karadigudda.S.N.","taluk":"Badami","district":"Bagalkote","village_code":"598702"},"geometry":{"type":"Polygon","coordinates":[[[75.57901748422638,15.998419643130196],[75.57987460366986,16.002958962218322],[75.57036091031347,16.00262454265921],[75.56844727238283,16.00632383606939],[75.56035518901466,16.007032894633383],[75.558503102749,16.0001773008644],[75.55874163599965,15.996863573118763],[75.55756367157434,15.995022413260292],[75.55742840505548,15.98998299656848],[75.55674406487877,15.98922989194977],[75.55391084315137,15.9903716125787],[75.55419166728896,15.987107477835247],[75.55624556008323,15.98634291569977],[75.55751360397198,15.98696798072105],[75.56414714222065,15.986358725167928],[75.56555460194653,15.988375475240654],[75.57018484141611,15.986550923191384],[75.58345143641642,15.99165942162376],[75.58291457804981,15.996714206616357],[75.57901748422638,15.998419643130196]]]}},{"type":"Feature","properties":{"type":"village","name":"Hullikeri.S.P.","taluk":"Badami","district":"Bagalkote","village_code":"598687"},"geometry":{"type":"Polygon","coordinates":[[[75.62685529377843,16.011360108631035],[75.60424681630457,16.010504963658633],[75.60277631101542,16.003864041136108],[75.6009473689447,16.000289310857575],[75.59352459783686,16.00028316608598],[75.59352658401195,16.00101572670235],[75.58494700110877,16.0002007047184],[75.57938259099888,16.00101348070846],[75.57901748422638,15.998419643130196],[75.58291457804981,15.996714206616357],[75.58345143641642,15.99165942162376],[75.58521928496297,15.990551856845313],[75.59807588257944,15.98635842205309],[75.60387846391895,15.9829026733357],[75.60496642972922,15.97793222410897],[75.60760515901111,15.975963100164384],[75.60853286178141,15.978369664383802],[75.60975889595592,15.977417106031234],[75.62254070433343,15.978217008394141],[75.62560186458101,15.982963276612939],[75.62416224606626,15.988915663724507],[75.62648494084468,15.998080029646205],[75.62433046458636,16.00101950370244],[75.62685529377843,16.011360108631035]]]}},{"type":"Feature","properties":{"type":"village","name":"Hire-Otageri","taluk":"Hungund","district":"Bagalkote","village_code":"599011"},"geometry":{"type":"Polygon","coordinates":[[[76.21073656683153,15.967958075973861],[76.1905287947337,15.974466856728661],[76.19082545527141,15.967418035597193],[76.19568198844587,15.964755195750683],[76.171267561281,15.95911346099946],[76.16207620860136,15.959350122118643],[76.17220183971922,15.93947619507127],[76.17220145074872,15.93802124183448],[76.17455522364267,15.938386747998656],[76.20042424423805,15.94382888589259],[76.21073656683153,15.967958075973861]]]}},{"type":"Feature","properties":{"type":"village","name":"Vajjal","taluk":"Hungund","district":"Bagalkote","village_code":"599006"},"geometry":{"type":"Polygon","coordinates":[[[76.1905287947337,15.974466856728661],[76.17700742763728,15.97676573477625],[76.1602064201347,15.977139398794684],[76.15986358798799,15.966647673894753],[76.16207620860136,15.959350122118643],[76.171267561281,15.95911346099946],[76.19568198844587,15.964755195750683],[76.19082545527141,15.967418035597193],[76.1905287947337,15.974466856728661]]]}},{"type":"Feature","properties":{"type":"village","name":"Ilkal (CMC)","taluk":"Hungund","district":"Bagalkote","village_code":"803050"},"geometry":{"type":"Polygon","coordinates":[[[76.11739809460211,15.971854946936356],[76.07964683226655,15.982093083779707],[76.07815359061752,15.975843717635295],[76.07299018036562,15.966240881819196],[76.08925322457375,15.966434138148749],[76.09004944093596,15.953986041397041],[76.09350130275512,15.95102253420339],[76.09982517465738,15.948547345623656],[76.10682576093788,15.948914131665047],[76.11971994316751,15.95560685584148],[76.1440622095639,15.95880992466018],[76.14409979238046,15.961507468568518],[76.14564110018539,15.961796484071277],[76.14558519083873,15.962912620212832],[76.13501582161493,15.964042770975363],[76.11603904418857,15.968917976322228],[76.11739809460211,15.971854946936356]]]}},{"type":"Feature","properties":{"type":"village","name":"Gorbal","taluk":"Hungund","district":"Bagalkote","village_code":"599010"},"geometry":{"type":"Polygon","coordinates":[[[76.15994879409101,15.973140628876761],[76.15329311057393,15.974171732075602],[76.1263893277893,15.984294408424013],[76.12364286175877,15.978641823820448],[76.11897204987939,15.97406909595383],[76.11603904418857,15.968917976322228],[76.13501582161493,15.964042770975363],[76.14990533456714,15.962320281718826],[76.14980277570778,15.963942350161261],[76.16042369924575,15.964189615769977],[76.15994879409101,15.973140628876761]]]}},{"type":"Feature","properties":{"type":"village","name":"Kandgal","taluk":"Hungund","district":"Bagalkote","village_code":"599004"},"geometry":{"type":"Polygon","coordinates":[[[76.3021251370406,15.973620379362352],[76.28178467299551,15.97053255794704],[76.26959425521395,15.970269190611386],[76.26393247042218,15.980229378324434],[76.26113614160516,15.981695992768996],[76.26072004016893,15.994546480864013],[76.25353903624678,15.996634442309226],[76.25348225104273,15.997840892835749],[76.24902837332132,15.996647314959702],[76.24016858791475,15.996501101911642],[76.2407259898536,15.982927503271616],[76.23989265959544,15.979498461846168],[76.23861202761462,15.978075791676465],[76.23183133723755,15.980848962189308],[76.23133876581447,15.976787178370612],[76.22507944774685,15.9760264863987],[76.22390769157845,15.96778994829913],[76.22134542330029,15.968130528685014],[76.22048179735918,15.965344539624203],[76.22312029667233,15.96454363233446],[76.22283073372367,15.962169528268277],[76.22607167291076,15.96129598722661],[76.22712525570354,15.957432259126085],[76.2266359092323,15.940831747934421],[76.22998461391413,15.923239997656047],[76.2569318796501,15.922791898108512],[76.25735079101655,15.933143868372124],[76.27701653763827,15.930903829635815],[76.2853296631602,15.928978170699892],[76.30184595861661,15.930647386403136],[76.30387604695413,15.934335157366865],[76.30987862920853,15.957240948666298],[76.3021251370406,15.973620379362352]]]}},{"type":"Feature","properties":{"type":"village","name":"Tondihal","taluk":"Hungund","district":"Bagalkote","village_code":"599008"},"geometry":{"type":"Polygon","coordinates":[[[76.1275056839558,15.987050676394137],[76.09213508558223,15.99394278716367],[76.08863436259813,15.979230177710217],[76.11739809460211,15.971854946936356],[76.12364286175877,15.978641823820448],[76.1275056839558,15.987050676394137]]]}},{"type":"Feature","properties":{"type":"village","name":"Gonal (S.T.)","taluk":"Hungund","district":"Bagalkote","village_code":"599023"},"geometry":{"type":"Polygon","coordinates":[[[76.2979529458395,15.999072938587428],[76.27664948241994,16.003148053805152],[76.25348225104273,15.997840892835749],[76.25353903624678,15.996634442309226],[76.26116873787359,15.994117481683611],[76.26113614160516,15.981695992768996],[76.26393247042218,15.980229378324434],[76.26944473961805,15.970413743911312],[76.2730929057847,15.969755865606452],[76.3021251370406,15.973620379362352],[76.29807340902077,15.989552731113756],[76.29729476729881,15.997875326771757],[76.2979529458395,15.999072938587428]]]}},{"type":"Feature","properties":{"type":"village","name":"Gopsani","taluk":"Hungund","district":"Bagalkote","village_code":"599000"},"geometry":{"type":"Polygon","coordinates":[[[76.16193278268477,15.993319536665975],[76.14594393214914,16.001286902000505],[76.13466260314688,16.00371845422531],[76.136082329368,15.996399113670575],[76.13490952486569,15.990010132192108],[76.13282617002506,15.987556691820085],[76.12780000438222,15.98725851129898],[76.1263893277893,15.984294408424013],[76.15329311057393,15.974171732075602],[76.15994879409101,15.973140628876761],[76.16193278268477,15.993319536665975]]]}},{"type":"Feature","properties":{"type":"village","name":"Herur","taluk":"Hungund","district":"Bagalkote","village_code":"598999"},"geometry":{"type":"Polygon","coordinates":[[[76.13486819966764,16.005467115244585],[76.1038955454143,16.009790000036823],[76.09480098081663,16.002694871653098],[76.09284875485463,16.000092421609246],[76.08771493780314,15.99954932391365],[76.08387054993405,16.000654534118244],[76.08431044235225,15.995224557806957],[76.07964683226655,15.982093083779707],[76.08863436259813,15.979230177710217],[76.09213508558223,15.99394278716367],[76.1275056839558,15.987050676394137],[76.13282617002506,15.987556691820085],[76.13490952486569,15.990010132192108],[76.136082329368,15.996399113670575],[76.13577334843615,16.001028485087097],[76.13464382566251,16.001820777886774],[76.13486819966764,16.005467115244585]]]}},{"type":"Feature","properties":{"type":"village","name":"Dammur","taluk":"Hungund","district":"Bagalkote","village_code":"598900"},"geometry":{"type":"Polygon","coordinates":[[[75.97521014362239,15.955450797625213],[75.9624188175945,15.955643737019006],[75.96055924297261,15.94181673676911],[75.95712579122686,15.941818360651213],[75.95668665519008,15.93291173894235],[75.94607203243554,15.933563868640862],[75.94494507165709,15.926305452907522],[75.94530086020517,15.91745858282316],[75.94580995074804,15.914612956578456],[75.94814952487062,15.911362518765472],[75.94158808989825,15.906532244928973],[75.94583708705613,15.898265098112008],[75.94897764759506,15.897713529879537],[75.94880625532709,15.895020455890943],[75.95344804084294,15.893919943880393],[75.97669897095011,15.901061980609626],[75.97417706757093,15.9225423959162],[75.97679592072886,15.929970216374214],[75.97633596803202,15.943075195666639],[75.97770357669529,15.951543710105314],[75.97442782060439,15.952317718650402],[75.97521014362239,15.955450797625213]]]}},{"type":"Feature","properties":{"type":"village","name":"Bhimanagad","taluk":"Hungund","district":"Bagalkote","village_code":"598896"},"geometry":{"type":"Polygon","coordinates":[[[75.87494506766436,15.932417501702888],[75.88145575141645,15.940136232883754],[75.88240699813207,15.944037524036085],[75.88589650205661,15.948294518098793],[75.88575283718816,15.957551508394017],[75.85813174515755,15.956297533167438],[75.85857928942536,15.955364566693818],[75.85740991379247,15.953913827065971],[75.8532390826407,15.953053433834373],[75.85273036040708,15.950931117272514],[75.85424095660909,15.948023480882064],[75.85155947740115,15.942452037308824],[75.85254917380755,15.93898145659639],[75.85410674471238,15.937230666824881],[75.85666085718607,15.934971766063326],[75.86734619442149,15.932012129373533],[75.87494506766436,15.932417501702888]]]}},{"type":"Feature","properties":{"type":"village","name":"Chikanal","taluk":"Hungund","district":"Bagalkote","village_code":"598897"},"geometry":{"type":"Polygon","coordinates":[[[75.8984310823898,15.957942529724617],[75.88575283718816,15.957551508394017],[75.88589650205661,15.948294518098793],[75.88240699813207,15.944037524036085],[75.88145575141645,15.940136232883754],[75.87494506766436,15.932417501702888],[75.87840121085418,15.93163781282086],[75.88330003311896,15.923861919038934],[75.8882012251394,15.91884760194941],[75.89244871312765,15.916036951340356],[75.9029080944247,15.918457014098694],[75.90075988391551,15.9258964789991],[75.90060331205305,15.942163982060777],[75.90321573327353,15.947649234799709],[75.90167369693489,15.95382509501735],[75.8984310823898,15.957942529724617]]]}},{"type":"Feature","properties":{"type":"village","name":"Neelagund","taluk":"Badami","district":"Bagalkote","village_code":"598703"},"geometry":{"type":"Polygon","coordinates":[[[75.55576370017157,15.94686201365693],[75.54405868615544,15.949567437570401],[75.53530006003301,15.94822865538486],[75.5325858803521,15.935809888822881],[75.53200174904195,15.925026611945784],[75.53609583532239,15.90278258961457],[75.5459544745614,15.900525203868076],[75.54899390186733,15.906990169779672],[75.55727868823695,15.903081899660359],[75.56422825200598,15.902851446947336],[75.56436001689183,15.906584660606837],[75.56918155978764,15.906987902861765],[75.56876335898858,15.911120336883084],[75.58237916237755,15.911084301055189],[75.58257463129182,15.915712198604387],[75.57763131636933,15.915241782030842],[75.57709026287033,15.918814000154098],[75.57494439067581,15.91982766926124],[75.56904208825496,15.91889403387314],[75.56843731186295,15.921449408425975],[75.5735813400643,15.92346084693714],[75.57602564607095,15.940368305584492],[75.57226600885902,15.939080931985103],[75.57113392319185,15.943513502401052],[75.55651694382549,15.943854269159273],[75.55576370017157,15.94686201365693]]]}},{"type":"Feature","properties":{"type":"village","name":"Vadageri","taluk":"Hungund","district":"Bagalkote","village_code":"598901"},"geometry":{"type":"Polygon","coordinates":[[[75.96018429515615,15.959269330669406],[75.93712594587961,15.959650284929154],[75.92785792738034,15.960951254714283],[75.92463721016861,15.946135376205547],[75.92547792727332,15.9389588817236],[75.9357956801827,15.932618569218754],[75.93664298463341,15.92898095393546],[75.94580995074804,15.914612956578456],[75.94493132114506,15.925356340014561],[75.94607203243554,15.933563868640862],[75.95668665519008,15.93291173894235],[75.95712579122686,15.941818360651213],[75.96055924297261,15.94181673676911],[75.9624188175945,15.955643737019006],[75.96033605743857,15.955815602646835],[75.96018429515615,15.959269330669406]]]}},{"type":"Feature","properties":{"type":"village","name":"Badami (Rural) *","taluk":"Badami","district":"Bagalkote","village_code":"598750"},"geometry":{"type":"Polygon","coordinates":[[[75.6638491478704,15.954893539141647],[75.65909940192537,15.952539459244095],[75.65580509292892,15.952350561670618],[75.64090617102242,15.95528791857731],[75.64134290765907,15.947132541107127],[75.64821906739122,15.946886108695573],[75.64836435371876,15.944092275889567],[75.64562510834647,15.933333730764192],[75.64413490120648,15.933338170714626],[75.64339390338651,15.927975133112355],[75.6417965676573,15.92807934340514],[75.64133030339728,15.926882901673844],[75.64117278381221,15.9258121383929],[75.64328308092487,15.925457841808363],[75.64345345540163,15.92173729903715],[75.63894658426501,15.921999237384712],[75.63868684987536,15.921100570626916],[75.6375695648508,15.904465583174954],[75.64076302807514,15.905504839765273],[75.65985867327485,15.903002342583921],[75.66153546139769,15.898676051411233],[75.66435995958534,15.898287806287351],[75.6649488941873,15.90553607922825],[75.67122100336626,15.902474854016821],[75.68153195063901,15.900417678150667],[75.68241375578654,15.894584071939567],[75.68747374569475,15.892326221817942],[75.68767374930455,15.890707394366236],[75.69296707840442,15.889809128591823],[75.69421222243994,15.893344321026865],[75.69676744702795,15.893471791931756],[75.69475565467782,15.90065153586444],[75.68972082119085,15.906777957987606],[75.68868359312614,15.906149127653157],[75.68690859578656,15.908889410378318],[75.6808774731573,15.90860101324965],[75.68071458703673,15.914351036244462],[75.67821672167625,15.913301165853447],[75.67693202481874,15.914670157793648],[75.67040233271523,15.913397754752852],[75.66772915034726,15.914386833054333],[75.67298732837008,15.91818996825937],[75.67225737713314,15.924850208964585],[75.67434106794369,15.926362465932653],[75.67600615820487,15.932594972610522],[75.67760249590577,15.932201250824752],[75.6798910196691,15.926471741716144],[75.68210553123616,15.925154027343979],[75.68551259766537,15.927055216950517],[75.68919632993072,15.925099918202536],[75.68817473704352,15.922761809383424],[75.68946324455446,15.922518193428598],[75.6895755815757,15.919855558170465],[75.68598876315643,15.918664520171003],[75.68423096136804,15.91683494928381],[75.68805393519739,15.91192318180016],[75.69213219406082,15.910685343327495],[75.69476524329518,15.914387792830677],[75.70739682011947,15.91868168088231],[75.72051188280612,15.916805066132461],[75.72344352215943,15.928188687360256],[75.7222763590771,15.929702195907785],[75.71706909936121,15.930099199055407],[75.71667564804656,15.939041058221733],[75.71269862841734,15.94394485406282],[75.70776482126384,15.947843625014231],[75.70860096235052,15.949151704840586],[75.70439215402179,15.951990448996467],[75.70005694464776,15.953459916701634],[75.6997161498801,15.944045866205915],[75.68596287909985,15.942792523420078],[75.67329849939459,15.944400546304598],[75.6735686623264,15.948368353100852],[75.6716666503922,15.949621714588021],[75.67167010800772,15.950665810143365],[75.66760425936995,15.95167730934313],[75.66753547716526,15.953499064667017],[75.6638491478704,15.954893539141647]]]}},{"type":"Feature","properties":{"type":"village","name":"Kallapur.S.K","taluk":"Badami","district":"Bagalkote","village_code":"598706"},"geometry":{"type":"Polygon","coordinates":[[[75.50685782788265,15.961337004398395],[75.50225464836443,15.964150188336669],[75.49912490084657,15.959345839935999],[75.49294182189877,15.940746529102215],[75.49090827594574,15.937191594288105],[75.49445502411344,15.93302830599337],[75.50034282503066,15.933938330175176],[75.51108605509287,15.926003319021108],[75.51624795258185,15.935220978121636],[75.51515188756098,15.93590609373799],[75.51417686693138,15.940139155895997],[75.51248664809674,15.940495710379698],[75.51314631514585,15.944589268252285],[75.50535316684974,15.94807882417297],[75.50629043128794,15.949233804608564],[75.50559384527732,15.950921355420551],[75.50645713075693,15.95426862358317],[75.50479583228454,15.955027382304001],[75.50685782788265,15.961337004398395]]]}},{"type":"Feature","properties":{"type":"village","name":"Kakanur","taluk":"Badami","district":"Bagalkote","village_code":"598708"},"geometry":{"type":"Polygon","coordinates":[[[75.47201355243406,15.94730432161185],[75.46802296375245,15.951945941332541],[75.45060507865269,15.957912365083786],[75.43944369001227,15.965733090346502],[75.43347510360154,15.94557308898126],[75.43156924957285,15.94399212925508],[75.4298402558573,15.93997113704079],[75.43052200080113,15.939726979653715],[75.42895400584572,15.934801009826238],[75.44108143286125,15.927072572170555],[75.45730952901161,15.918901469165206],[75.46859888535919,15.944937637669756],[75.47201355243406,15.94730432161185]]]}},{"type":"Feature","properties":{"type":"village","name":"Adagal","taluk":"Badami","district":"Bagalkote","village_code":"598748"},"geometry":{"type":"Polygon","coordinates":[[[75.67920727417712,15.971994903678834],[75.67366132983618,15.970642638756171],[75.66795125341139,15.973354130697494],[75.65684598611998,15.972262581741656],[75.66039714142248,15.970855142280136],[75.6638491478704,15.954893539141647],[75.66753547716526,15.953499064667017],[75.66760425936995,15.95167730934313],[75.67167010800772,15.950665810143365],[75.6716666503922,15.949621714588021],[75.6735686623264,15.948368353100852],[75.67329849939459,15.944400546304598],[75.68596287909985,15.942792523420078],[75.6997161498801,15.944045866205915],[75.70005694464776,15.953459916701634],[75.6980064250274,15.96581518763918],[75.69447478023456,15.965980156829215],[75.69033701067852,15.969283933971461],[75.6855030782183,15.968476591819323],[75.67909580492845,15.970815496794133],[75.67920727417712,15.971994903678834]]]}},{"type":"Feature","properties":{"type":"village","name":"Nandikeshwar","taluk":"Badami","district":"Bagalkote","village_code":"598739"},"geometry":{"type":"Polygon","coordinates":[[[75.7486732737509,15.976117388386477],[75.74406188902086,15.977513517239561],[75.73707370218622,15.975489786686689],[75.7314733271256,15.943642770054653],[75.7229019018235,15.943996904107603],[75.71688338435433,15.938335249318625],[75.71706909936121,15.930099199055407],[75.7222763590771,15.929702195907785],[75.72344352215943,15.928188687360256],[75.72980135576934,15.92821707094423],[75.73099492932106,15.93665189599751],[75.73409557232199,15.936284413774581],[75.73450280019986,15.937801725843704],[75.74030277013685,15.937185377613048],[75.75797898016957,15.937966667127094],[75.76033390919532,15.940579872061047],[75.76670711926793,15.942202675299866],[75.7737150402927,15.941514748025325],[75.77341356209011,15.947878402683445],[75.7693101737549,15.95232689828589],[75.76612794755646,15.965707627802649],[75.76238086699558,15.97185408329878],[75.76307542730525,15.9751134250828],[75.7486732737509,15.976117388386477]]]}},{"type":"Feature","properties":{"type":"village","name":"Chimmalagi","taluk":"Badami","district":"Bagalkote","village_code":"598693"},"geometry":{"type":"Polygon","coordinates":[[[75.86029721769323,15.964957888216261],[75.856346311191,15.974153120036227],[75.85441630865088,15.97627604985389],[75.85651057802218,15.978762715130317],[75.85494327566789,15.979379001974575],[75.8513186229038,15.978489331260562],[75.8502476936429,15.981380735390484],[75.83943321280559,15.972653266897282],[75.84179922344872,15.96789584534563],[75.84366010871257,15.952543923817275],[75.84256103433549,15.930923211030745],[75.84784562642095,15.934629171104959],[75.85324497379234,15.9355933850534],[75.85666085718607,15.934971766063326],[75.85254917380755,15.93898145659639],[75.85155947740115,15.942452037308824],[75.85424095660909,15.948023480882064],[75.85268855011883,15.952106379624793],[75.85380570758255,15.953354037935485],[75.85808976688433,15.954498717572829],[75.85860404160468,15.955689909953172],[75.8559325786122,15.958086893271036],[75.85608263589221,15.959329287286826],[75.8604052077668,15.962891893711063],[75.86029721769323,15.964957888216261]]]}},{"type":"Feature","properties":{"type":"village","name":"Bachinagudd","taluk":"Badami","district":"Bagalkote","village_code":"598741"},"geometry":{"type":"Polygon","coordinates":[[[75.80267727392336,15.939945626307715],[75.80304994271394,15.943219601015404],[75.79554033595915,15.955640510207761],[75.79307993393928,15.97513420904587],[75.79091147899685,15.977388428012372],[75.79162008087275,15.980631716023785],[75.78608063494455,15.978626286642655],[75.78855184908721,15.971345066738417],[75.7867600056411,15.953864525346248],[75.78747344674143,15.951118361282697],[75.78222608802791,15.949618664745168],[75.77952524922729,15.947404035584468],[75.79302356375688,15.940458652797275],[75.80267727392336,15.939945626307715]]]}},{"type":"Feature","properties":{"type":"village","name":"Tappasakatti","taluk":"Badami","district":"Bagalkote","village_code":"598707"},"geometry":{"type":"Polygon","coordinates":[[[75.50122589680272,15.969100287629406],[75.49450919611833,15.972292625903101],[75.48672225518082,15.967928076935632],[75.4774112334306,15.951082655668806],[75.4811310384445,15.949147765343042],[75.48368685232735,15.942770982900463],[75.49090827594574,15.937191594288105],[75.49294182189877,15.940746529102215],[75.49912490084657,15.959345839935999],[75.50225464836443,15.964150188336669],[75.50122589680272,15.969100287629406]]]}},{"type":"Feature","properties":{"type":"village","name":"Ilal","taluk":"Hungund","district":"Bagalkote","village_code":"598902"},"geometry":{"type":"Polygon","coordinates":[[[75.97521014362239,15.955450797625213],[75.97560114972289,15.967964581882429],[75.97377808443076,15.986991477660315],[75.94914530376981,15.985279606707453],[75.94955955377824,15.959406033181917],[75.96018429515615,15.959269330669406],[75.96033605743857,15.955815602646835],[75.97521014362239,15.955450797625213]]]}},{"type":"Feature","properties":{"type":"village","name":"Pattadakall","taluk":"Badami","district":"Bagalkote","village_code":"598742"},"geometry":{"type":"Polygon","coordinates":[[[75.80631786010564,15.982596801641451],[75.79998955501746,15.980912375374691],[75.79831683895785,15.983268805765839],[75.79423282458838,15.984382021583686],[75.79484595710915,15.98226452599874],[75.79162008087275,15.980631716023785],[75.79092241688373,15.977786193417034],[75.79307993393928,15.97513420904587],[75.79576615265864,15.954853181389632],[75.80304994271394,15.943219601015404],[75.80267727392336,15.939945626307715],[75.80432575074168,15.939825044127126],[75.80964447521464,15.941662922252421],[75.81565825227409,15.942087919713373],[75.82159332523653,15.946142481400397],[75.82069187842534,15.94964423125418],[75.81890963527468,15.949045303829854],[75.81863012627068,15.951559321937227],[75.8105660200337,15.958323984859708],[75.81732199685896,15.963585923749235],[75.81682735032756,15.97251531770228],[75.81752890761497,15.98074949976493],[75.80946615334256,15.980036656929194],[75.80683875361305,15.97612322731587],[75.80255843938771,15.97479216895814],[75.80199280169431,15.978256429602709],[75.80635378732713,15.979890023251059],[75.80631786010564,15.982596801641451]]]}},{"type":"Feature","properties":{"type":"village","name":"Siddanakolla","taluk":"Hungund","district":"Bagalkote","village_code":"598894"},"geometry":{"type":"Polygon","coordinates":[[[75.88242474524883,15.981509294641063],[75.87751267103697,15.9799722520505],[75.87220980991361,15.981574840698437],[75.86929646834434,15.984249927802397],[75.86752799097711,15.988635413707069],[75.85182580273006,15.98687603010466],[75.84891488571373,15.984663687791478],[75.85107623498226,15.97863036891946],[75.85494327566789,15.979379001974575],[75.85651057802218,15.978762715130317],[75.85441630865088,15.97627604985389],[75.856346311191,15.974153120036227],[75.85751618269394,15.970252327089314],[75.87887798719966,15.966158080816353],[75.88360589510015,15.966088417813287],[75.88242474524883,15.981509294641063]]]}},{"type":"Feature","properties":{"type":"village","name":"Kendur","taluk":"Badami","district":"Bagalkote","village_code":"598738"},"geometry":{"type":"Polygon","coordinates":[[[75.73944591839128,15.976381183291004],[75.73620706329565,15.985170084050592],[75.72477020806994,15.985705773316566],[75.71268651104246,15.98438079011356],[75.71037430768824,15.976582343156375],[75.70442507098873,15.976280843800275],[75.70351657060593,15.97433561830099],[75.70019028787358,15.973126036085421],[75.69788813037921,15.969454100328209],[75.69800767099069,15.96344663134013],[75.70005694464776,15.953459916701634],[75.70548356756612,15.95148514607511],[75.70860096235052,15.949151704840586],[75.70776482126384,15.947843625014231],[75.71269862841734,15.94394485406282],[75.71688338435433,15.938335249318625],[75.7229019018235,15.943996904107603],[75.7314733271256,15.943642770054653],[75.73707370218622,15.975489786686689],[75.73944591839128,15.976381183291004]]]}},{"type":"Feature","properties":{"type":"village","name":"Tallikeri","taluk":"Hungund","district":"Bagalkote","village_code":"598890"},"geometry":{"type":"Polygon","coordinates":[[[75.97144501411084,15.993713068387063],[75.9492166910888,15.996519972657893],[75.94877542784145,15.99809028572489],[75.93851625676675,15.995508806255977],[75.93776423302494,15.989505259421382],[75.94099292098822,15.989518440822398],[75.94250281380934,15.98162940007368],[75.94924885167427,15.981879409064188],[75.94914530376981,15.985279606707453],[75.97377808443076,15.986991477660315],[75.97964149069816,15.991525153906148],[75.97144501411084,15.993713068387063]]]}},{"type":"Feature","properties":{"type":"village","name":"Neeralakeri","taluk":"Badami","district":"Bagalkote","village_code":"598696"},"geometry":{"type":"Polygon","coordinates":[[[75.46209579686283,15.983327760342497],[75.4356928086794,15.986866435810974],[75.4316853622132,15.97543579562798],[75.4324173328629,15.970022465378884],[75.43966029987841,15.96648719715424],[75.43944369001227,15.965733090346502],[75.44337681166849,15.962627371953968],[75.45060507865269,15.957912365083786],[75.46802296375245,15.951945941332541],[75.47201355243406,15.94730432161185],[75.47738172377352,15.951024658109093],[75.48672225518082,15.967928076935632],[75.49450919611833,15.972292625903101],[75.47910767938679,15.974393094390061],[75.47230384391644,15.977563581753188],[75.46641582470858,15.981876669742947],[75.46089010144468,15.981933051219432],[75.46209579686283,15.983327760342497]]]}},{"type":"Feature","properties":{"type":"village","name":"Chikkamuchalagudda","taluk":"Badami","district":"Bagalkote","village_code":"598735"},"geometry":{"type":"Polygon","coordinates":[[[75.68674455083926,15.994272776607277],[75.68433014435857,15.996101997257119],[75.67999299821676,15.994520072093094],[75.67310451988709,15.997154045276407],[75.67088728732305,15.98802608983065],[75.67032125437093,15.980759636692312],[75.66795125341139,15.973354130697494],[75.67366132983618,15.970642638756171],[75.67920727417712,15.971994903678834],[75.67909280904695,15.976881333254047],[75.68460075734632,15.98351743960371],[75.68313265505054,15.984643094806417],[75.68406266110124,15.986063899581639],[75.6854782353091,15.986009789612144],[75.68623104956835,15.98752606963164],[75.68674455083926,15.994272776607277]]]}},{"type":"Feature","properties":{"type":"village","name":"Nagaral [S.B]","taluk":"Badami","district":"Bagalkote","village_code":"598751"},"geometry":{"type":"Polygon","coordinates":[[[75.8751407539709,16.00127205998128],[75.87032992168822,16.002145929909513],[75.8649670423241,16.00454040091624],[75.85950603728655,16.00409263864825],[75.85270505127228,15.99927941822108],[75.84658625666457,15.999881798799613],[75.8450410331033,15.997994043325036],[75.84159229203144,15.99792149428066],[75.8379087906331,15.99645322860012],[75.83347579874204,15.993369745752988],[75.83283723671224,15.990348437280137],[75.82622151924215,15.985903599035089],[75.81853257641733,15.985209471936605],[75.81687788325725,15.975782975749558],[75.81760134057298,15.962871686276607],[75.82380278917,15.961035862106034],[75.82784707734264,15.962970526236907],[75.83063559710489,15.966207625654507],[75.83586050602113,15.967756000603828],[75.84141157255581,15.974667969291486],[75.8502476936429,15.981380735390484],[75.848888659399,15.983981287332545],[75.850127111884,15.986272524819881],[75.86752799097711,15.988635413707069],[75.87175071690453,15.990516837883138],[75.87345406731195,15.992195868109652],[75.87355464718274,15.999246372202585],[75.8751407539709,16.00127205998128]]]}},{"type":"Feature","properties":{"type":"village","name":"Halageri","taluk":"Badami","district":"Bagalkote","village_code":"598699"},"geometry":{"type":"Polygon","coordinates":[[[75.52804427765165,15.958863921929149],[75.53156368559364,15.961160497751928],[75.5291618249842,15.964578996991476],[75.53578805184479,15.980925082362834],[75.5389329305853,15.993351739117657],[75.53883339455689,15.996108527292929],[75.53715956189134,15.995977756420066],[75.53646551721464,15.993281026875756],[75.52779904296895,15.992140572418203],[75.52573067562055,15.994631617218747],[75.51657137662687,15.992642091422665],[75.51261131539356,15.993641369242722],[75.50475574227005,15.989709258429958],[75.5027320247845,15.987643800953236],[75.4998536186966,15.976251023914726],[75.50226260384458,15.96410933583842],[75.50685782788265,15.961337004398395],[75.5096696975541,15.961009534416995],[75.5203361746601,15.962823886103543],[75.52161885120651,15.961975565651763],[75.52401651937853,15.962304315753306],[75.52604203439296,15.959664237844404],[75.52804427765165,15.958863921929149]]]}},{"type":"Feature","properties":{"type":"village","name":"Hiremuchalagudda","taluk":"Badami","district":"Bagalkote","village_code":"598734"},"geometry":{"type":"Polygon","coordinates":[[[75.67088728732305,15.98802608983065],[75.67385215715532,16.00101660230321],[75.67010706097291,15.999189478359874],[75.6581306838758,16.001016209405375],[75.65781050634223,15.998814586165352],[75.65483331970908,15.994335227869632],[75.65446124111163,15.990521552904543],[75.65552490569686,15.976971908406854],[75.65684598611998,15.972262581741656],[75.66795125341139,15.973354130697494],[75.67032125437093,15.980759636692312],[75.67088728732305,15.98802608983065]]]}},{"type":"Feature","properties":{"type":"village","name":"Ugalawat","taluk":"Badami","district":"Bagalkote","village_code":"598700"},"geometry":{"type":"Polygon","coordinates":[[[75.55756367157434,15.995022413260292],[75.55058230385102,15.994995028754634],[75.55019250778125,15.996012992035988],[75.54091646822482,15.997690520192412],[75.54052091215745,15.99655699827793],[75.53883339455689,15.996108527292929],[75.5389329305853,15.993351739117657],[75.53578805184479,15.980925082362834],[75.5291618249842,15.964578996991476],[75.53156368559364,15.961160497751928],[75.52804427765165,15.958863921929149],[75.53216035379188,15.951707747859375],[75.53242299063825,15.948534057876559],[75.53653796724062,15.948157863286573],[75.54405868615544,15.949567437570401],[75.55576370017157,15.94686201365693],[75.56120382297202,15.964548379059988],[75.55857716075936,15.976103667204022],[75.55843297756299,15.981464735676507],[75.55624556008323,15.98634291569977],[75.55419166728896,15.987107477835247],[75.55361115259615,15.988433334173893],[75.55391084315137,15.9903716125787],[75.55674406487877,15.98922989194977],[75.55742840505548,15.98998299656848],[75.55756367157434,15.995022413260292]]]}},{"type":"Feature","properties":{"type":"village","name":"Benakanavari","taluk":"Hungund","district":"Bagalkote","village_code":"598893"},"geometry":{"type":"Polygon","coordinates":[[[75.8913639048956,15.99638984020416],[75.88670339040436,16.00293658366592],[75.87774006338148,16.010281469695474],[75.87694238815529,16.008557668081657],[75.87794915255205,16.00561841719661],[75.87740949234009,16.003463200007655],[75.87355464718274,15.999246372202585],[75.87345406731195,15.992195868109652],[75.86741742094203,15.987966508824929],[75.87159764218349,15.981881126753354],[75.87596702077599,15.980082162719752],[75.8798767745567,15.98012613733373],[75.88242474524883,15.981509294641063],[75.88425315731348,15.985946516215002],[75.8913639048956,15.99638984020416]]]}},{"type":"Feature","properties":{"type":"village","name":"Raddera Timmapur","taluk":"Badami","district":"Bagalkote","village_code":"598697"},"geometry":{"type":"Polygon","coordinates":[[[75.46209579686283,15.983327760342497],[75.46529780576049,15.988523709794068],[75.46026787258337,15.990649363620966],[75.45871027203412,15.997654056937968],[75.4552437847438,15.99596026382209],[75.45359538787552,15.99755584980491],[75.45195115469862,15.997642312981133],[75.45085280526196,15.996052167083922],[75.44463019774676,15.994811659030637],[75.4370317242542,15.996856058683798],[75.4356928086794,15.986866435810974],[75.46209579686283,15.983327760342497]]]}},{"type":"Feature","properties":{"type":"village","name":"Mustigeri","taluk":"Badami","district":"Bagalkote","village_code":"598701"},"geometry":{"type":"Polygon","coordinates":[[[75.62254070433343,15.978217008394141],[75.60975889595592,15.977417106031234],[75.60853286178141,15.978369664383802],[75.60760515901111,15.975963100164384],[75.60496642972922,15.97793222410897],[75.60430620482634,15.9821873277072],[75.60213034327437,15.984272607246925],[75.58345143641642,15.99165942162376],[75.57018484141611,15.986550923191384],[75.56555460194653,15.988375475240654],[75.56414714222065,15.986358725167928],[75.55751360397198,15.98696798072105],[75.55624556008323,15.98634291569977],[75.55843297756299,15.981464735676507],[75.55857716075936,15.976103667204022],[75.56120382297202,15.964548379059988],[75.55576370017157,15.94686201365693],[75.55651694382549,15.943854269159273],[75.57113392319185,15.943513502401052],[75.57226600885902,15.939080931985103],[75.58567744911406,15.943673688313172],[75.58630069486829,15.945932002205698],[75.58568864930903,15.947538256020566],[75.59355439585316,15.948588144287863],[75.61302542994211,15.946631187082325],[75.61362584321675,15.945865653288488],[75.61729128488464,15.949837393897937],[75.62293836784845,15.958590060903866],[75.62254070433343,15.978217008394141]]]}},{"type":"Feature","properties":{"type":"village","name":"Bhadra Nayakan Jalihal","taluk":"Badami","district":"Bagalkote","village_code":"598740"},"geometry":{"type":"Polygon","coordinates":[[[75.7763293192292,15.943199128150379],[75.78222608802791,15.949618664745168],[75.78747344674143,15.951118361282697],[75.7867600056411,15.953864525346248],[75.78855184908721,15.971345066738417],[75.78608063494455,15.978626286642655],[75.7787057152953,15.976876570412214],[75.76307542730525,15.9751134250828],[75.76238086699558,15.97185408329878],[75.76612794755646,15.965707627802649],[75.7693101737549,15.95232689828589],[75.77341356209011,15.947878402683445],[75.7737150402927,15.941514748025325],[75.7763293192292,15.943199128150379]]]}},{"type":"Feature","properties":{"type":"village","name":" ","taluk":"Badami","district":"Bagalkote","village_code":" "},"geometry":{"type":"Polygon","coordinates":[[[75.61320683932382,15.94171741821519],[75.61302542994211,15.946631187082325],[75.59355439585316,15.948588144287863],[75.58568864930903,15.947538256020566],[75.58630069486829,15.945932002205698],[75.58567744911406,15.943673688313172],[75.57602564607095,15.940368305584492],[75.5735813400643,15.92346084693714],[75.56843731186295,15.921449408425975],[75.56904208825496,15.91889403387314],[75.57494439067581,15.91982766926124],[75.57709026287033,15.918814000154098],[75.57763131636933,15.915241782030842],[75.58257463129182,15.915712198604387],[75.58237916237755,15.911084301055189],[75.5833448701726,15.910665807933086],[75.59793829840716,15.909496098003864],[75.60129625034654,15.92354413982219],[75.60681342973378,15.934629913107425],[75.61320683932382,15.94171741821519]]]}},{"type":"Feature","properties":{"type":"village","name":"Upnal (S.C.)","taluk":"Hungund","district":"Bagalkote","village_code":"598895"},"geometry":{"type":"Polygon","coordinates":[[[75.88360589510015,15.966088417813287],[75.87887798719966,15.966158080816353],[75.85751618269394,15.970252327089314],[75.86055809833324,15.963691284086929],[75.85967715556838,15.961959164363913],[75.85647394202995,15.96015034540448],[75.8559325786122,15.958086893271036],[75.85813174515755,15.956297533167438],[75.88575283718816,15.957551508394017],[75.88360589510015,15.966088417813287]]]}},{"type":"Feature","properties":{"type":"village","name":" ","taluk":"Badami","district":"Bagalkote","village_code":" "},"geometry":{"type":"Polygon","coordinates":[[[75.65684598611998,15.972262581741656],[75.64989903016027,15.97109471381284],[75.64896421093626,15.972458044028226],[75.6405796846206,15.973237764141187],[75.62600647925973,15.977818354325619],[75.62261580798274,15.977683718053548],[75.62298926459583,15.965265929622017],[75.62492156502647,15.963872772754655],[75.6295573578811,15.964162201133933],[75.6326290859097,15.963348740792831],[75.63621943111475,15.961019427057563],[75.64090617102242,15.95528791857731],[75.64908958430885,15.953216035717395],[75.65812247057916,15.952393325390968],[75.6638491478704,15.954893539141647],[75.66039714142248,15.970855142280136],[75.65684598611998,15.972262581741656]]]}},{"type":"Feature","properties":{"type":"village","name":"Gudur (CT)","taluk":"Hungund","district":"Bagalkote","village_code":"599028"},"geometry":{"type":"Polygon","coordinates":[[[76.14990533456714,15.962320281718826],[76.14558519083873,15.962912620212832],[76.14564110018539,15.961796484071277],[76.14409979238046,15.961507468568518],[76.14366439962349,15.950066847766845],[76.13647633673982,15.938825342251002],[76.13556998243224,15.93033529320034],[76.13910497434779,15.930158951895363],[76.14249601932393,15.939475751089844],[76.14765211639111,15.943225619702154],[76.147914013924,15.946908127288024],[76.15344821189429,15.947201249353427],[76.15634902106704,15.95125391800807],[76.15706385006449,15.953296118767552],[76.14995102018753,15.953658472166522],[76.14990533456714,15.962320281718826]]]}},{"type":"Feature","properties":{"type":"village","name":"Subbalahunashi","taluk":"Badami","district":"Bagalkote","village_code":"598691"},"geometry":{"type":"Polygon","coordinates":[[[75.8784911250276,16.0128568936425],[75.86929884977816,16.018839965205167],[75.86665310465388,16.012226333355127],[75.86220120861604,16.007775349321022],[75.86004839513934,16.004208071078953],[75.8662329787652,16.004301002426757],[75.87032992168822,16.002145929909513],[75.8751407539709,16.00127205998128],[75.87740949234009,16.003463200007655],[75.87794915255205,16.00561841719661],[75.87694238815529,16.008557668081657],[75.8784911250276,16.0128568936425]]]}},{"type":"Feature","properties":{"type":"village","name":"Layadagundi","taluk":"Badami","district":"Bagalkote","village_code":"598690"},"geometry":{"type":"Polygon","coordinates":[[[75.86275867343694,16.021139767881746],[75.85213925367877,16.022493085602243],[75.84954011943967,16.016670789822726],[75.84567727388644,16.01207501395946],[75.8446319151701,16.002312179077368],[75.85275101716707,16.004977575737513],[75.8543895325672,16.005084158569527],[75.85782914226421,16.003112001710388],[75.86004839513934,16.004208071078953],[75.86220120861604,16.007775349321022],[75.86665310465388,16.012226333355127],[75.86929884977816,16.018839965205167],[75.86275867343694,16.021139767881746]]]}},{"type":"Feature","properties":{"type":"village","name":"Kyadiggeri","taluk":"Hungund","district":"Bagalkote","village_code":"598885"},"geometry":{"type":"Polygon","coordinates":[[[75.91382275897573,16.01667835013817],[75.91746948963454,16.024531090657536],[75.91031699734118,16.02628093440584],[75.90353786464284,16.025730573323447],[75.89116147673285,16.022821813044665],[75.88941849624833,16.01689382332547],[75.88589559835141,16.011131779341152],[75.88787636378997,16.010708173603998],[75.89192184762027,16.00765807800623],[75.89362222190915,16.007662495585063],[75.89820999711692,16.010102030712524],[75.90086345876945,16.00983967567562],[75.9069326627802,16.01457870673522],[75.91382275897573,16.01667835013817]]]}},{"type":"Feature","properties":{"type":"village","name":"Nimbalgundi","taluk":"Hungund","district":"Bagalkote","village_code":"598883"},"geometry":{"type":"Polygon","coordinates":[[[75.86275867343694,16.021139767881746],[75.8664465541223,16.03337691137816],[75.85043462766362,16.035973492583075],[75.84793993605102,16.03428781736431],[75.84299693464058,16.033060319636697],[75.84332202955204,16.030460054419883],[75.85178889814156,16.02268513661714],[75.86275867343694,16.021139767881746]]]}},{"type":"Feature","properties":{"type":"village","name":"Khanapur.S.P.","taluk":"Badami","district":"Bagalkote","village_code":"598676"},"geometry":{"type":"Polygon","coordinates":[[[75.79687046960372,16.01618314196335],[75.79343441993016,16.022136866316398],[75.79807896237564,16.03247217695601],[75.79008959507203,16.03246906621369],[75.7876779149782,16.034424521238773],[75.78218454184434,16.032045434976606],[75.77825317998774,16.036223151228615],[75.776940275132,16.036335506193883],[75.7642193500729,16.033478000953053],[75.76609694759432,16.017465831925588],[75.77082864638534,16.010207206804374],[75.76964928867298,16.005236350209874],[75.79687046960372,16.01618314196335]]]}},{"type":"Feature","properties":{"type":"village","name":"Kataginahalli","taluk":"Badami","district":"Bagalkote","village_code":"598689"},"geometry":{"type":"Polygon","coordinates":[[[75.84329825024814,16.033247849356602],[75.8406465690565,16.03443127535985],[75.82303266257858,16.033465095279247],[75.81168684711537,16.039010458940147],[75.80270261539752,16.01168924901394],[75.80984877366984,16.009473646317105],[75.82950324284147,16.014841760121595],[75.82730170025216,16.01962177521799],[75.83949928299644,16.023067283317754],[75.84329825024814,16.033247849356602]]]}},{"type":"Feature","properties":{"type":"village","name":"Jangawad","taluk":"Badami","district":"Bagalkote","village_code":"598640"},"geometry":{"type":"Polygon","coordinates":[[[75.44495844843979,16.052881426141262],[75.43944028899058,16.053587969325605],[75.42853874972418,16.05258772958522],[75.4227870813017,16.053949030671077],[75.42074103529148,16.05655204534022],[75.41810546718106,16.05580250089011],[75.41546940409896,16.05244129940831],[75.41652144178946,16.032826785721923],[75.42339421756796,16.03292033228021],[75.43601940916726,16.036134385779732],[75.43612330292312,16.039934310052594],[75.44554567534439,16.048426144577103],[75.44495844843979,16.052881426141262]]]}},{"type":"Feature","properties":{"type":"village","name":"Hawalakhod","taluk":"Badami","district":"Bagalkote","village_code":"598642"},"geometry":{"type":"Polygon","coordinates":[[[75.46004849141458,16.05785091385761],[75.45394582336282,16.057622769887477],[75.45381096917068,16.059398492760184],[75.45102603907632,16.059399476875356],[75.45037507310903,16.05561785243012],[75.44523915220314,16.05390252477168],[75.4458029672148,16.04928006940843],[75.44478835244075,16.04734200824698],[75.43612330292312,16.039934310052594],[75.43601940916726,16.036134385779732],[75.44389152476673,16.02063399207189],[75.45587498238493,16.020833365865244],[75.46001209706914,16.02682320218453],[75.46039339238136,16.03370910630793],[75.45924006604935,16.046573336930233],[75.46004849141458,16.05785091385761]]]}},{"type":"Feature","properties":{"type":"village","name":"Aminagad (CT)","taluk":"Hungund","district":"Bagalkote","village_code":"599027"},"geometry":{"type":"Polygon","coordinates":[[[75.9464922948682,16.065903169264008],[75.93040494316328,16.075679072762863],[75.92268070014106,16.07296266978997],[75.92380186858254,16.07143520897765],[75.92352418675179,16.063338330322306],[75.92716346588534,16.059763547354603],[75.94860034170101,16.054701413655316],[75.95425917193378,16.05509258842249],[75.95294265585063,16.058197228963895],[75.9464922948682,16.065903169264008]]]}},{"type":"Feature","properties":{"type":"village","name":"Saganur","taluk":"Badami","district":"Bagalkote","village_code":"598653"},"geometry":{"type":"Polygon","coordinates":[[[75.49346736957769,16.0330522272409],[75.48645146342831,16.052914150765456],[75.48010582804167,16.052555883735177],[75.4766369278765,16.04901049861469],[75.46612207291572,16.045386838816892],[75.46311208519826,16.04319211966418],[75.45983231633303,16.04262127437647],[75.46039339238136,16.03370910630793],[75.46377048292787,16.031462100918947],[75.47623066928082,16.030815183930393],[75.47782315859907,16.029467942215444],[75.47814281960135,16.027802291132307],[75.48863136919569,16.03241321271048],[75.49346736957769,16.0330522272409]]]}},{"type":"Feature","properties":{"type":"village","name":"Kadapatti S.K","taluk":"Badami","district":"Bagalkote","village_code":"598656"},"geometry":{"type":"Polygon","coordinates":[[[75.58725745095154,16.058548705778037],[75.58584647162637,16.05855215882842],[75.5857486379054,16.056939399956356],[75.58064714403446,16.05674856462869],[75.5798145503948,16.050961592252527],[75.560242659754,16.051288303575305],[75.55754708238597,16.04469421524351],[75.56564035602189,16.044696690389582],[75.56583741944576,16.04194557981405],[75.57844300621228,16.042755259085716],[75.57947259500384,16.04493747611101],[75.5871244131529,16.04522368083106],[75.58725745095154,16.058548705778037]]]}},{"type":"Feature","properties":{"type":"village","name":"Kalagonal","taluk":"Hungund","district":"Bagalkote","village_code":"598930"},"geometry":{"type":"Polygon","coordinates":[[[75.9481084512009,16.064104353240126],[75.95222541667326,16.064509596688264],[75.95856109692994,16.062695465328915],[75.96202838192424,16.062694112624595],[75.97509470831177,16.06480320659493],[75.97910044258906,16.06685722766878],[75.97845880203275,16.07286617781123],[75.94900777708972,16.069937285086624],[75.9464922948682,16.065903169264008],[75.9481084512009,16.064104353240126]]]}},{"type":"Feature","properties":{"type":"village","name":"Harnapur","taluk":"Hungund","district":"Bagalkote","village_code":"598993"},"geometry":{"type":"Polygon","coordinates":[[[76.30290815086306,16.039952183847813],[76.27753741407768,16.040560761314815],[76.2715160049316,16.047154715387112],[76.27492403076154,16.02507959699612],[76.27920888058074,16.02375314811385],[76.29545332786589,16.023665136918257],[76.3053710843354,16.02569299708007],[76.30290815086306,16.039952183847813]]]}},{"type":"Feature","properties":{"type":"village","name":"Chickyaranakeri","taluk":"Hungund","district":"Bagalkote","village_code":"598933"},"geometry":{"type":"Polygon","coordinates":[[[75.99052189889414,16.04369481920203],[75.98350692789099,16.04928312377366],[75.97194596142566,16.04686665818123],[75.97521044725298,16.024765800752103],[75.98593416321228,16.03624638768109],[75.99052189889414,16.04369481920203]]]}},{"type":"Feature","properties":{"type":"village","name":"Hireadapur","taluk":"Hungund","district":"Bagalkote","village_code":"598994"},"geometry":{"type":"Polygon","coordinates":[[[76.23511190919669,16.026550516084033],[76.21702806973916,16.030046916826514],[76.21483352502592,16.032971210883648],[76.21346940991079,16.03341905513577],[76.20874125497359,16.033583601589136],[76.20789841604815,16.02915585202672],[76.2112832365977,16.023271593415988],[76.2135505726967,16.015928313816044],[76.22102527720774,16.01569029495431],[76.22553229387145,16.013194148072916],[76.22785472993506,16.01435427012325],[76.2393471720122,16.01441188235703],[76.23511190919669,16.026550516084033]]]}},{"type":"Feature","properties":{"type":"village","name":"Gadisunkapur","taluk":"Hungund","district":"Bagalkote","village_code":"598990"},"geometry":{"type":"Polygon","coordinates":[[[76.19234338442106,16.0240281796121],[76.20139701009631,16.034629938625162],[76.18788071129474,16.035799955332294],[76.18749106614192,16.029813147131332],[76.1765391736089,16.028031160828764],[76.16899571563927,16.015010644335046],[76.16347403569247,16.01687322157377],[76.16236565027748,16.010421149997892],[76.17125107809387,16.01029302467245],[76.17402678159195,16.013098361085834],[76.17733475665882,16.01470620589765],[76.18536061981747,16.014098730744543],[76.18735798522415,16.02263794909266],[76.18854032983481,16.023708479419334],[76.19234338442106,16.0240281796121]]]}},{"type":"Feature","properties":{"type":"village","name":"Kesarabhavi","taluk":"Hungund","district":"Bagalkote","village_code":"598997"},"geometry":{"type":"Polygon","coordinates":[[[76.1057194973436,16.035978772032088],[76.10165005634298,16.035729850391167],[76.0978184829414,16.038462978593696],[76.09702573497452,16.02754637612962],[76.09569499227221,16.02215120686436],[76.10112378462198,16.02173174303651],[76.10275073780609,16.0118999509002],[76.1349618948501,16.011350046650254],[76.13665347193745,16.01890931712426],[76.1427133190962,16.024579545219815],[76.1057194973436,16.035978772032088]]]}},{"type":"Feature","properties":{"type":"village","name":"Jambaladinni","taluk":"Hungund","district":"Bagalkote","village_code":"598989"},"geometry":{"type":"Polygon","coordinates":[[[76.18788071129474,16.035799955332294],[76.18248890617848,16.035656759056913],[76.16771114005432,16.038054744153445],[76.15415290160709,16.043162598121047],[76.15201741034402,16.041951919279715],[76.15079762035907,16.039453352152293],[76.15051634886046,16.031948388737355],[76.14582087822657,16.031289158064194],[76.14355467580143,16.029337333923976],[76.16347403569247,16.01687322157377],[76.16899571563927,16.015010644335046],[76.1765391736089,16.028031160828764],[76.18749106614192,16.029813147131332],[76.18788071129474,16.035799955332294]]]}},{"type":"Feature","properties":{"type":"village","name":"Bannihatti","taluk":"Hungund","district":"Bagalkote","village_code":"598940"},"geometry":{"type":"Polygon","coordinates":[[[76.03557197560814,16.04344703729489],[76.02014943829894,16.050230876021335],[76.01598579187281,16.050911090322877],[76.00950072358104,16.050098800778212],[76.00660011024102,16.040504603592847],[76.028545174691,16.0328256046262],[76.02951927993735,16.03761555161916],[76.03480645198427,16.041657402842805],[76.03557197560814,16.04344703729489]]]}},{"type":"Feature","properties":{"type":"village","name":"Chamalapur","taluk":"Hungund","district":"Bagalkote","village_code":"598983"},"geometry":{"type":"Polygon","coordinates":[[[76.30562060398199,16.060484662015917],[76.27809287655383,16.06083049257112],[76.27367508056413,16.055573522374818],[76.27279398328908,16.051651167328963],[76.27003902099257,16.04805312589767],[76.27307711519865,16.046287951709203],[76.27753741407768,16.040560761314815],[76.30290815086306,16.039952183847813],[76.30343199084459,16.048857912172284],[76.30562060398199,16.060484662015917]]]}},{"type":"Feature","properties":{"type":"village","name":"Chatnihal","taluk":"Hungund","district":"Bagalkote","village_code":"598986"},"geometry":{"type":"Polygon","coordinates":[[[76.16113840337736,16.044910284068514],[76.1509766851379,16.051521953981045],[76.13153887703639,16.058309782171712],[76.130725764262,16.055594238395933],[76.1297258468243,16.05569818018139],[76.129155710368,16.054053510276937],[76.12766050769672,16.053339602332176],[76.12782395526433,16.0499824962078],[76.15079762035907,16.039453352152293],[76.15319965434337,16.04284195390876],[76.16113840337736,16.044910284068514]]]}},{"type":"Feature","properties":{"type":"village","name":"Tariwal","taluk":"Hungund","district":"Bagalkote","village_code":"598980"},"geometry":{"type":"Polygon","coordinates":[[[76.19414664006453,16.050957234336817],[76.1696785888671,16.061468652834392],[76.16927090913666,16.05618671637814],[76.16357781626061,16.046762426029222],[76.15944222062757,16.044056528709778],[76.15415290160709,16.043162598121047],[76.16771114005432,16.038054744153445],[76.18248890617848,16.035656759056913],[76.18788071129474,16.035799955332294],[76.19414664006453,16.050957234336817]]]}},{"type":"Feature","properties":{"type":"village","name":"Nandavadgi","taluk":"Hungund","district":"Bagalkote","village_code":"598992"},"geometry":{"type":"Polygon","coordinates":[[[76.25681133292551,16.06354412620329],[76.24540283841165,16.063297632782373],[76.24439842041437,16.055765986101644],[76.23286178931008,16.056282568991804],[76.23538937004186,16.04700050190532],[76.23489717411452,16.044077434997117],[76.23589168728748,16.034439138907445],[76.2344464489123,16.031475870965714],[76.23525607083349,16.02544790389263],[76.2379097965907,16.017128178031],[76.24263735684316,16.008640209756933],[76.2434849963655,16.004152934140873],[76.24698876643507,15.996610357575364],[76.27664948241994,16.003148053805152],[76.2979529458395,15.999072938587428],[76.31193873115798,16.00013048192247],[76.3107201251526,16.008370306848835],[76.31140546695084,16.01292961858898],[76.3053710843354,16.02569299708007],[76.30052217875605,16.024191211619303],[76.28452573296464,16.02333085392538],[76.27492403076154,16.02507959699612],[76.2715160049316,16.047154715387112],[76.27003902099257,16.04805312589767],[76.27279398328908,16.051651167328963],[76.27331112094025,16.054570227965748],[76.26668947638595,16.05552034114374],[76.26535468587497,16.061013984617624],[76.2611445408531,16.06091679796779],[76.25681133292551,16.06354412620329]]]}},{"type":"Feature","properties":{"type":"village","name":"Malagihal","taluk":"Hungund","district":"Bagalkote","village_code":"598987"},"geometry":{"type":"Polygon","coordinates":[[[76.16645705778173,16.05191282507293],[76.13312785124693,16.06359175465267],[76.13173049666963,16.05933545931087],[76.13153887703639,16.058309782171712],[76.1509766851379,16.051521953981045],[76.16113840337736,16.044910284068514],[76.16357781626061,16.046762426029222],[76.16645705778173,16.05191282507293]]]}},{"type":"Feature","properties":{"type":"village","name":"Hanamaneri (G)","taluk":"Badami","district":"Bagalkote","village_code":"598655"},"geometry":{"type":"Polygon","coordinates":[[[75.51238639700935,16.018301592278398],[75.50978710466677,16.018252765777053],[75.50733269979973,16.022046105276228],[75.49691115105087,16.025870609760485],[75.49346736957769,16.0330522272409],[75.48863136919569,16.03241321271048],[75.47814281960135,16.027802291132307],[75.47689040999181,16.023508594767364],[75.47722159368422,16.022482803147497],[75.48120189126591,16.02216012340538],[75.48451107726179,16.016198734935898],[75.47999923215343,16.009211031411724],[75.48801653077419,16.00228484824454],[75.50032856068229,16.00710047101075],[75.51238639700935,16.018301592278398]]]}},{"type":"Feature","properties":{"type":"village","name":"Asangi","taluk":"Badami","district":"Bagalkote","village_code":"598673"},"geometry":{"type":"Polygon","coordinates":[[[75.84768854701035,16.04424743663257],[75.83905184293322,16.042785519700487],[75.83516863077583,16.045066545239308],[75.83161839894149,16.041401383894602],[75.82862785974991,16.042399276290883],[75.82134847772774,16.04155700722181],[75.81978766929463,16.04251454670025],[75.81795649670707,16.04111335117716],[75.8146369881703,16.043911925102126],[75.81168684711537,16.039010458940147],[75.82303266257858,16.033465095279247],[75.8406465690565,16.03443127535985],[75.84329825024814,16.033247849356602],[75.84793993605102,16.03428781736431],[75.85284996210403,16.038217219918735],[75.84768854701035,16.04424743663257]]]}},{"type":"Feature","properties":{"type":"village","name":"Kunabenchi","taluk":"Hungund","district":"Bagalkote","village_code":"598886"},"geometry":{"type":"Polygon","coordinates":[[[75.91382275897573,16.01667835013817],[75.93199118739366,16.02895597801378],[75.9308960988415,16.0392672614249],[75.92683597426871,16.039710962156587],[75.9268365141562,16.041843674365317],[75.90842167875415,16.04913016372974],[75.91031699734118,16.02628093440584],[75.91746948963454,16.024531090657536],[75.91382275897573,16.01667835013817]]]}},{"type":"Feature","properties":{"type":"village","name":"Parwati","taluk":"Badami","district":"Bagalkote","village_code":"598675"},"geometry":{"type":"Polygon","coordinates":[[[75.8146369881703,16.043911925102126],[75.81262865343567,16.04536811772921],[75.80303170242209,16.044736842658644],[75.79982556217247,16.046994912819056],[75.79545340868404,16.043721988100568],[75.79377606809733,16.043463730605673],[75.78640670632471,16.04563413916968],[75.7787421500649,16.045743226349867],[75.77943311980837,16.04078280634232],[75.776940275132,16.036335506193883],[75.77825317998774,16.036223151228615],[75.78218454184434,16.032045434976606],[75.7876779149782,16.034424521238773],[75.79008959507203,16.03246906621369],[75.79807896237564,16.03247217695601],[75.79343441993016,16.022136866316398],[75.79687046960372,16.01618314196335],[75.80450493858974,16.017863247313272],[75.80836294491854,16.030799423740554],[75.8146369881703,16.043911925102126]]]}},{"type":"Feature","properties":{"type":"village","name":"Bellikindi","taluk":"Badami","district":"Bagalkote","village_code":"598641"},"geometry":{"type":"Polygon","coordinates":[[[75.44389152476673,16.02063399207189],[75.43601940916726,16.036134385779732],[75.42339421756796,16.03292033228021],[75.42612620994265,16.00936985830761],[75.43089570714582,16.008550907903814],[75.43790304426571,16.003043966327095],[75.44389152476673,16.02063399207189]]]}},{"type":"Feature","properties":{"type":"village","name":"Murudi","taluk":"Badami","district":"Bagalkote","village_code":"598677"},"geometry":{"type":"Polygon","coordinates":[[[75.76595901038415,16.02342570524032],[75.76268680084198,16.047135977199332],[75.7353933531416,16.045837344405165],[75.73715164091858,16.032175633980444],[75.73884202773814,16.028996801718087],[75.73976951491281,16.02124091201071],[75.74146152408983,16.021287494605357],[75.74312789534858,16.019223193380512],[75.74410996236328,16.021238630843893],[75.76595901038415,16.02342570524032]]]}},{"type":"Feature","properties":{"type":"village","name":"Kalligudda","taluk":"Hungund","district":"Bagalkote","village_code":"598882"},"geometry":{"type":"Polygon","coordinates":[[[75.86814922720004,16.04988639365747],[75.85609250478392,16.049633253171255],[75.85313177528673,16.046013691645104],[75.84822807966157,16.044937722157663],[75.8477283405808,16.0439707219141],[75.85267463072351,16.039245151991494],[75.85275648431387,16.0380612944006],[75.85043462766362,16.035973492583075],[75.8664465541223,16.03337691137816],[75.86275867343694,16.021139767881746],[75.86899334622477,16.019058256896493],[75.87355307063943,16.015692209219047],[75.8743005668722,16.02148924820333],[75.87603847007873,16.021145943094787],[75.86814922720004,16.04988639365747]]]}},{"type":"Feature","properties":{"type":"village","name":"Hireyaranakeri","taluk":"Hungund","district":"Bagalkote","village_code":"598932"},"geometry":{"type":"Polygon","coordinates":[[[75.99571227387594,16.042598061977255],[75.99410253600594,16.046354246578233],[75.99419290113363,16.048965835579637],[75.99726327989266,16.057562627819888],[75.9904363262785,16.05748495018802],[75.9901478502913,16.051299479780152],[75.98350692789099,16.04928312377366],[75.99052189889414,16.04369481920203],[75.99571227387594,16.042598061977255]]]}},{"type":"Feature","properties":{"type":"village","name":"Allur. S.P.","taluk":"Badami","district":"Bagalkote","village_code":"598672"},"geometry":{"type":"Polygon","coordinates":[[[75.85569842105528,16.05429624433443],[75.84407299687506,16.053287043796495],[75.83081604528927,16.05591314416325],[75.83275215098345,16.048771063709047],[75.83243665367253,16.04192506612027],[75.83516863077583,16.045066545239308],[75.84020598044394,16.042722409336097],[75.85258976598028,16.045686058279436],[75.85655855793982,16.050406002121452],[75.85569842105528,16.05429624433443]]]}},{"type":"Feature","properties":{"type":"village","name":"Gubberakoppa","taluk":"Badami","district":"Bagalkote","village_code":"598649"},"geometry":{"type":"Polygon","coordinates":[[[75.60908713937972,16.051294437279676],[75.59952200220192,16.050392185901288],[75.6015943050696,16.045700273679085],[75.60419515598922,16.03507545065769],[75.60635454243885,16.022126385256588],[75.61734064371622,16.021700262664403],[75.62862090192664,16.017004645343853],[75.63475153722811,16.020751765185747],[75.63558544959459,16.024783666409615],[75.63892065978422,16.026206470251353],[75.63911698658957,16.02872041809191],[75.64047900413851,16.03066143611959],[75.63699684304314,16.03445632163842],[75.63081705103096,16.046362231382833],[75.61301216002872,16.0370647409316],[75.61163787598458,16.050772945694572],[75.60908713937972,16.051294437279676]]]}},{"type":"Feature","properties":{"type":"village","name":"Padanakatti","taluk":"Badami","district":"Bagalkote","village_code":"598674"},"geometry":{"type":"Polygon","coordinates":[[[75.83081604528927,16.05591314416325],[75.81557010778177,16.05761691866628],[75.8146369881703,16.043911925102126],[75.81736779207384,16.04111315606274],[75.81978766929463,16.04251454670025],[75.82134847772774,16.04155700722181],[75.82862785974991,16.042399276290883],[75.83210897790127,16.04153699940314],[75.83275215098345,16.048771063709047],[75.83081604528927,16.05591314416325]]]}},{"type":"Feature","properties":{"type":"village","name":"Thogunashi","taluk":"Badami","district":"Bagalkote","village_code":"598678"},"geometry":{"type":"Polygon","coordinates":[[[75.7353933531416,16.045837344405165],[75.72987568327424,16.046812447281873],[75.71928468531335,16.055461901684527],[75.71667222636364,16.056273108389032],[75.71376558981964,16.05584731691791],[75.71312654269957,16.05266959780168],[75.71582349359163,16.048834518342467],[75.71491473808727,16.046083792968503],[75.71648417394039,16.045466475722908],[75.71741269507592,16.038019066152586],[75.71903147179431,16.038397871658685],[75.71932543199634,16.037591403625083],[75.71983730911322,16.030950524315188],[75.72275465267708,16.029051863585817],[75.72345196722145,16.02562456272846],[75.73183755893899,16.023296438193505],[75.73444777659209,16.020603279113214],[75.73976951491281,16.02124091201071],[75.73884202773814,16.028996801718087],[75.73715164091858,16.032175633980444],[75.7353933531416,16.045837344405165]]]}},{"type":"Feature","properties":{"type":"village","name":"Maninagar","taluk":"Badami","district":"Bagalkote","village_code":"598650"},"geometry":{"type":"Polygon","coordinates":[[[75.59952200220192,16.050392185901288],[75.59329215426551,16.052430924399857],[75.58735681540176,16.052240108922888],[75.58663651117267,16.031894783324898],[75.58820813622009,16.02070081093744],[75.59120153924077,16.01069279261617],[75.60498178463237,16.017193171027703],[75.60380418941463,16.02160429757737],[75.60635454243885,16.022126385256588],[75.60419515598922,16.03507545065769],[75.6015943050696,16.045700273679085],[75.59952200220192,16.050392185901288]]]}},{"type":"Feature","properties":{"type":"village","name":"Teggi","taluk":"Badami","district":"Bagalkote","village_code":"598679"},"geometry":{"type":"Polygon","coordinates":[[[75.71312654269957,16.05266959780168],[75.70763265393272,16.05267169559173],[75.70763312824319,16.053762614214392],[75.70621094962135,16.054759249042437],[75.69648662738194,16.055818001846575],[75.69662646183403,16.03523189221288],[75.71741269507592,16.038019066152586],[75.71648417394039,16.045466475722908],[75.71491473808727,16.046083792968503],[75.71582349359163,16.048834518342467],[75.71312654269957,16.05266959780168]]]}},{"type":"Feature","properties":{"type":"village","name":"Mullur","taluk":"Hungund","district":"Bagalkote","village_code":"598881"},"geometry":{"type":"Polygon","coordinates":[[[75.86814922720004,16.04988639365747],[75.87173043564036,16.04903787225458],[75.88201017184689,16.053587937384098],[75.88692292518505,16.058710936062337],[75.88463489908844,16.063596501613358],[75.87058995970844,16.06156276173021],[75.85343487764338,16.061398851295777],[75.85677338465013,16.051578518661383],[75.85609250478392,16.049633253171255],[75.86814922720004,16.04988639365747]]]}},{"type":"Feature","properties":{"type":"village","name":"Agasarakoppa","taluk":"Badami","district":"Bagalkote","village_code":"598647"},"geometry":{"type":"Polygon","coordinates":[[[75.5874037721383,16.063149793902582],[75.57283430107402,16.063526003322387],[75.55900004088272,16.06575133296938],[75.55787173083469,16.065798398063688],[75.55684215192464,16.064090473227793],[75.5480609574273,16.06484625873275],[75.54797884422382,16.053276286396642],[75.5494996318127,16.05289738400405],[75.55038583690848,16.044312202369937],[75.55754708238597,16.04469421524351],[75.560242659754,16.051288303575305],[75.5798145503948,16.050961592252527],[75.58064714403446,16.05674856462869],[75.5857486379054,16.056939399956356],[75.58584647162637,16.05855215882842],[75.58725745095154,16.058548705778037],[75.5874037721383,16.063149793902582]]]}},{"type":"Feature","properties":{"type":"village","name":"Fakeerabudihal","taluk":"Badami","district":"Bagalkote","village_code":"598643"},"geometry":{"type":"Polygon","coordinates":[[[75.48010582804167,16.052555883735177],[75.48956819615432,16.05310692698275],[75.48732188063298,16.063690073430614],[75.46268076360617,16.06137874101723],[75.46052153076843,16.060494044725623],[75.46004849141458,16.05785091385761],[75.45924006604935,16.046573336930233],[75.45983231633303,16.04262127437647],[75.46311208519826,16.04319211966418],[75.46612207291572,16.045386838816892],[75.4766369278765,16.04901049861469],[75.48010582804167,16.052555883735177]]]}},{"type":"Feature","properties":{"type":"village","name":"Aiahole","taluk":"Hungund","district":"Bagalkote","village_code":"598884"},"geometry":{"type":"Polygon","coordinates":[[[75.90706262564562,16.069251257306142],[75.90213736686039,16.077526156730297],[75.88463489908844,16.063596501613358],[75.88692292518505,16.058710936062337],[75.88201017184689,16.053587937384098],[75.87173043564036,16.04903787225458],[75.86814922720004,16.04988639365747],[75.87544049303511,16.02443982561148],[75.87603847007873,16.021145943094787],[75.8743005668722,16.02148924820333],[75.87355307063943,16.015692209219047],[75.87548719375178,16.01414917810347],[75.87839064127655,16.013387877100907],[75.8801542174356,16.014458698814632],[75.88589559835141,16.011131779341152],[75.88941849624833,16.01689382332547],[75.89116147673285,16.022821813044665],[75.90353786464284,16.025730573323447],[75.91031699734118,16.02628093440584],[75.90706262564562,16.069251257306142]]]}},{"type":"Feature","properties":{"type":"village","name":"Timasagar","taluk":"Badami","district":"Bagalkote","village_code":"598666"},"geometry":{"type":"Polygon","coordinates":[[[75.72135209775264,16.070627839764857],[75.72123106503945,16.073971850818],[75.71392097770253,16.07283654672628],[75.70960104867149,16.065960416989036],[75.7063143502021,16.066068331124384],[75.70290421063632,16.063887622421593],[75.70979447032519,16.05929595397681],[75.71018772041724,16.061074590934965],[75.7091576375523,16.06131215073935],[75.70903574784634,16.063090963907882],[75.71472634610085,16.06351559781497],[75.72135209775264,16.070627839764857]]]}},{"type":"Feature","properties":{"type":"village","name":"Guledgudda (TMC)","taluk":"Badami","district":"Bagalkote","village_code":"803047"},"geometry":{"type":"Polygon","coordinates":[[[75.79122967035529,16.076627635854152],[75.78852125516356,16.076810673105214],[75.78120226642052,16.067038546597747],[75.77940469890945,16.060921157391984],[75.7803386341912,16.052440638128882],[75.7787421500649,16.045743226349867],[75.78640670632471,16.04563413916968],[75.79377606809733,16.043463730605673],[75.79545340868404,16.043721988100568],[75.79982556217247,16.046994912819056],[75.80303170242209,16.044736842658644],[75.81262865343567,16.04536811772921],[75.8146369881703,16.043911925102126],[75.81579539717019,16.06481165680674],[75.81477612103812,16.0752932298232],[75.80528253107946,16.074875277130413],[75.80157772972741,16.07213585362178],[75.79936736927527,16.0721847351119],[75.7967269296011,16.07242769738152],[75.79624511191024,16.073652060731856],[75.79349307363002,16.072720153585713],[75.79122967035529,16.076627635854152]]]}},{"type":"Feature","properties":{"type":"village","name":"Narenur","taluk":"Badami","district":"Bagalkote","village_code":"598644"},"geometry":{"type":"Polygon","coordinates":[[[75.51391421930525,16.072301568799286],[75.50405197243207,16.075118304304684],[75.5029264741109,16.07051664790246],[75.4999342397984,16.07004053312624],[75.49886088778118,16.066422052242206],[75.496406291573,16.064326871830303],[75.48732188063298,16.063690073430614],[75.48956819615432,16.05310692698275],[75.48645146342831,16.052914150765456],[75.49346736957769,16.0330522272409],[75.49691115105087,16.025870609760485],[75.50733269979973,16.022046105276228],[75.50978710466677,16.018252765777053],[75.5197430107898,16.0184003176334],[75.523365866025,16.03087708501245],[75.52473903885313,16.03116236538404],[75.52282130729975,16.040742988252273],[75.52149561941752,16.04325628486771],[75.52247498340152,16.046482193342538],[75.5150585202636,16.064218486285647],[75.51391421930525,16.072301568799286]]]}},{"type":"Feature","properties":{"type":"village","name":"Malagi","taluk":"Badami","district":"Bagalkote","village_code":"598645"},"geometry":{"type":"Polygon","coordinates":[[[75.54580250656478,16.069588804753543],[75.52173703985349,16.07576814772963],[75.52036529265172,16.07218629923653],[75.51391421930525,16.072301568799286],[75.5150585202636,16.064218486285647],[75.52247498340152,16.046482193342538],[75.52149561941752,16.04325628486771],[75.52326385423963,16.03856124502748],[75.52522564725939,16.03894171576399],[75.53057259500196,16.037616065314364],[75.53920395410313,16.04046580332626],[75.54469746288262,16.040515456649914],[75.55038619174303,16.04317379291172],[75.5494996318127,16.05289738400405],[75.54797884422382,16.053276286396642],[75.5480609574273,16.06484625873275],[75.54580250656478,16.069588804753543]]]}},{"type":"Feature","properties":{"type":"village","name":"Hungund (TP)","taluk":"Hungund","district":"Bagalkote","village_code":"803049"},"geometry":{"type":"Polygon","coordinates":[[[76.05779058963856,16.06688324790515],[76.05026099806366,16.070798067331598],[76.05048315772163,16.064219363335457],[76.04882551808741,16.060866135408737],[76.04893901842694,16.057269518285604],[76.05506062655812,16.056485491431435],[76.05431953082177,16.051121963139156],[76.05554827162021,16.051637428891556],[76.05557663502701,16.050684102987763],[76.05446468779189,16.050281604307678],[76.0547643478044,16.04855115390708],[76.05568949935929,16.04869149200874],[76.05568907535446,16.049798553710396],[76.05924016687656,16.05012504938977],[76.0657919359765,16.047158480290705],[76.06867934498017,16.04776476783274],[76.06615944214913,16.05269812342804],[76.06815926444813,16.052951701157944],[76.06815841374355,16.05570336932713],[76.06919118436782,16.055455139643612],[76.06951222518238,16.06014537261139],[76.06779269162506,16.06004094886144],[76.06767942844078,16.063989969789812],[76.06560926625843,16.06418814260424],[76.06447716801488,16.068191153381424],[76.05958428541079,16.06898482718427],[76.05908505118319,16.06691528568879],[76.05779058963856,16.06688324790515]]]}},{"type":"Feature","properties":{"type":"village","name":"Binjawadgi","taluk":"Hungund","district":"Bagalkote","village_code":"598976"},"geometry":{"type":"Polygon","coordinates":[[[76.1297258468243,16.05569818018139],[76.12238034430563,16.056068650832902],[76.12144565174407,16.065656645099583],[76.11962308861024,16.06780274509154],[76.11981926539693,16.070134265922906],[76.11804800235399,16.07470231673355],[76.11252466411719,16.070151981628843],[76.10780966680394,16.06981722159107],[76.10499682066381,16.066635959272386],[76.10050621981362,16.065528401620746],[76.09786172963581,16.06324180087172],[76.09514208729968,16.063381430255365],[76.09406331215308,16.059156565165996],[76.09704136566049,16.048507257384856],[76.0978184829414,16.038462978593696],[76.10165005634298,16.035729850391167],[76.1174047636948,16.037195143862718],[76.11859591808341,16.043557045979856],[76.12103493840293,16.042915589096086],[76.12268432790955,16.043566256821673],[76.12710437507738,16.047031884181564],[76.12766050769672,16.053339602332176],[76.129155710368,16.054053510276937],[76.1297258468243,16.05569818018139]]]}},{"type":"Feature","properties":{"type":"village","name":"Hirehunakunti","taluk":"Hungund","district":"Bagalkote","village_code":"598985"},"geometry":{"type":"Polygon","coordinates":[[[76.15092313207224,16.03398612277607],[76.11859591808341,16.043557045979856],[76.1174047636948,16.037195143862718],[76.1057194973436,16.035978772032088],[76.1427133190962,16.024579545219815],[76.14355467580143,16.029337333923976],[76.14582087822657,16.031289158064194],[76.15051634886046,16.031948388737355],[76.15086692538324,16.03280685732071],[76.15092313207224,16.03398612277607]]]}},{"type":"Feature","properties":{"type":"village","name":"Virapur","taluk":"Hungund","district":"Bagalkote","village_code":"598939"},"geometry":{"type":"Polygon","coordinates":[[[76.05676898507328,16.034793355660366],[76.03977423162519,16.039364125388634],[76.03480645198427,16.041657402842805],[76.02951927993735,16.03761555161916],[76.02846923021859,16.035148039727236],[76.02902631415384,16.032898192788142],[76.03316567013465,16.033256988151592],[76.05609871431055,16.02755014831078],[76.05676898507328,16.034793355660366]]]}},{"type":"Feature","properties":{"type":"village","name":"Chittawadgi","taluk":"Hungund","district":"Bagalkote","village_code":"598937"},"geometry":{"type":"Polygon","coordinates":[[[76.00660011024102,16.040504603592847],[75.99995974838943,16.042000853938923],[76.00199364917702,16.024542989310124],[76.02747746499209,16.018650969641154],[76.0247933492288,16.014357203276525],[76.02384691838142,16.0104256953093],[76.0216581040214,16.009205301383226],[76.05217372600092,16.00329856827306],[76.05243442697783,16.005774726419077],[76.05664817424397,16.005631573357064],[76.0566833926947,16.011835360281722],[76.0552392287046,16.013655756190968],[76.05609871431055,16.02755014831078],[76.03316567013465,16.033256988151592],[76.02748908380198,16.033096266170695],[76.00660011024102,16.040504603592847]]]}},{"type":"Feature","properties":{"type":"village","name":"Chikadapur","taluk":"Hungund","district":"Bagalkote","village_code":"598991"},"geometry":{"type":"Polygon","coordinates":[[[76.23286178931008,16.056282568991804],[76.2289368279499,16.05642445294413],[76.22806463208097,16.050474160342663],[76.20884651057543,16.050934122187925],[76.207263619756,16.05357343162066],[76.20214983783025,16.04853280520168],[76.19414664006453,16.050957234336817],[76.18788071129474,16.035799955332294],[76.20139701009631,16.034629938625162],[76.1998167477474,16.0318923969478],[76.20832416628885,16.030457046388893],[76.2089796148494,16.03375966180973],[76.21346940991079,16.03341905513577],[76.21483352502592,16.032971210883648],[76.21702806973916,16.030046916826514],[76.23511190919669,16.026550516084033],[76.2344464489123,16.031475870965714],[76.23589168728748,16.034439138907445],[76.23489717411452,16.044077434997117],[76.23538937004186,16.04700050190532],[76.23286178931008,16.056282568991804]]]}},{"type":"Feature","properties":{"type":"village","name":"Chickbadawadgi","taluk":"Hungund","district":"Bagalkote","village_code":"598938"},"geometry":{"type":"Polygon","coordinates":[[[76.05676898507328,16.034793355660366],[76.05691065388515,16.04385278466893],[76.05043724572579,16.049444290249795],[76.05077291201148,16.051640333007704],[76.04772639430298,16.051449427853953],[76.0435833678059,16.047665950829696],[76.03853682567751,16.04834618684084],[76.03685502405708,16.047541238786188],[76.03480645198427,16.041657402842805],[76.03977423162519,16.039364125388634],[76.05676898507328,16.034793355660366]]]}},{"type":"Feature","properties":{"type":"village","name":" ","taluk":"Hungund","district":"Bagalkote","village_code":" "},"geometry":{"type":"Polygon","coordinates":[[[76.15079762035907,16.039453352152293],[76.12782395526433,16.0499824962078],[76.12673531302265,16.046548508866493],[76.12103493840293,16.042915589096086],[76.15092313207224,16.03398612277607],[76.15079762035907,16.039453352152293]]]}},{"type":"Feature","properties":{"type":"village","name":"Rakkasagi","taluk":"Hungund","district":"Bagalkote","village_code":"598887"},"geometry":{"type":"Polygon","coordinates":[[[76.00350809196507,16.076948070267942],[75.9990600443099,16.077528339713137],[75.97845880203275,16.07286617781123],[75.97910044258906,16.06685722766878],[75.97509470831177,16.06480320659493],[75.96202838192424,16.062694112624595],[75.95856109692994,16.062695465328915],[75.95222541667326,16.064509596688264],[75.9481084512009,16.064104353240126],[75.95294265585063,16.058197228963895],[75.95425917193378,16.05509258842249],[75.95715652798262,16.056044981602646],[75.96851555586701,16.0567182560657],[75.97682005127403,16.048301319053035],[75.98615664895871,16.049833065009718],[75.9901478502913,16.051299479780152],[75.9904363262785,16.05748495018802],[75.99726327989266,16.057562627819888],[75.9996616289877,16.0628574876442],[76.00350809196507,16.076948070267942]]]}},{"type":"Feature","properties":{"type":"village","name":"Nidasanur","taluk":"Hungund","district":"Bagalkote","village_code":"598988"},"geometry":{"type":"Polygon","coordinates":[[[76.1706985306508,16.066881494692254],[76.1373292107453,16.071272871671987],[76.13664211813055,16.06830433971945],[76.13312785124693,16.06359175465267],[76.16645705778173,16.05191282507293],[76.16927090913666,16.05618671637814],[76.1706985306508,16.066881494692254]]]}},{"type":"Feature","properties":{"type":"village","name":"Kambalihal","taluk":"Hungund","district":"Bagalkote","village_code":"598984"},"geometry":{"type":"Polygon","coordinates":[[[76.29917142967402,16.074525439878393],[76.28376231589013,16.075323777249665],[76.25885951602781,16.074010037727913],[76.25681133292551,16.06354412620329],[76.2611445408531,16.06091679796779],[76.26535468587497,16.061013984617624],[76.26668947638595,16.05552034114374],[76.27331112094025,16.054570227965748],[76.27809287655383,16.06083049257112],[76.30562060398199,16.060484662015917],[76.30560327997173,16.066534818331583],[76.30343145365205,16.06671022272171],[76.30324671511386,16.073474014172593],[76.29917142967402,16.074525439878393]]]}},{"type":"Feature","properties":{"type":"village","name":" ","taluk":"Hungund","district":"Bagalkote","village_code":" "},"geometry":{"type":"Polygon","coordinates":[[[75.97682005127403,16.048301319053035],[75.96851555586701,16.0567182560657],[75.95540418615451,16.05573828275239],[75.95309987270343,16.0539362696281],[75.95229467678168,16.050019158817822],[75.95943756698298,16.046596145698455],[75.97194596142566,16.04686665818123],[75.97682005127403,16.048301319053035]]]}},{"type":"Feature","properties":{"type":"village","name":"Chilapur","taluk":"Hungund","district":"Bagalkote","village_code":"598892"},"geometry":{"type":"Polygon","coordinates":[[[75.8913639048956,15.99638984020416],[75.90294475556975,15.996843762884597],[75.9088761391513,16.001020602952774],[75.91227554744275,16.005952312785908],[75.91382275897573,16.01667835013817],[75.9069326627802,16.01457870673522],[75.90086345876945,16.00983967567562],[75.89820999711692,16.010102030712524],[75.89362222190915,16.007662495585063],[75.89192184762027,16.00765807800623],[75.88787636378997,16.010708173603998],[75.8801542174356,16.014458698814632],[75.87839064127655,16.013387877100907],[75.87774006338148,16.010281469695474],[75.88670339040436,16.00293658366592],[75.8913639048956,15.99638984020416]]]}},{"type":"Feature","properties":{"type":"village","name":"Gorjnal","taluk":"Hungund","district":"Bagalkote","village_code":"598889"},"geometry":{"type":"Polygon","coordinates":[[[75.97144501411084,15.993713068387063],[75.97113013663744,16.00104090842849],[75.97336644941812,16.008554603594398],[75.97281618189926,16.020352404202878],[75.95220221139289,16.015864700196584],[75.95252116721763,16.00695425525062],[75.94870109494664,16.001034689418038],[75.94903492687253,15.996615737371664],[75.97144501411084,15.993713068387063]]]}},{"type":"Feature","properties":{"type":"village","name":"Krishnapur","taluk":"Hungund","district":"Bagalkote","village_code":"599002"},"geometry":{"type":"Polygon","coordinates":[[[76.2393471720122,16.01441188235703],[76.22785472993506,16.01435427012325],[76.22758251165786,16.002746613695127],[76.2245354055529,16.000014901201595],[76.21912469628978,15.99746438417922],[76.21891724115468,15.993271366396456],[76.21526296824075,15.990105475153552],[76.21406935426486,15.973988857119442],[76.22134542330029,15.968130528685014],[76.22390769157845,15.96778994829913],[76.22507944774685,15.9760264863987],[76.23133876581447,15.976787178370612],[76.23183133723755,15.980848962189308],[76.23861202761462,15.978075791676465],[76.23989265959544,15.979498461846168],[76.2407259898536,15.982927503271616],[76.24016858791475,15.996501101911642],[76.24698876643507,15.996610357575364],[76.2434849963655,16.004152934140873],[76.24263735684316,16.008640209756933],[76.2393471720122,16.01441188235703]]]}},{"type":"Feature","properties":{"type":"village","name":"Chicksinganagutti","taluk":"Hungund","district":"Bagalkote","village_code":"599001"},"geometry":{"type":"Polygon","coordinates":[[[76.18536061981747,16.014098730744543],[76.17733475665882,16.01470620589765],[76.17402678159195,16.013098361085834],[76.17125107809387,16.01029302467245],[76.16742502573801,16.010456444372846],[76.16329578927886,16.001024202069342],[76.1602064201347,15.977139398794684],[76.17700742763728,15.97676573477625],[76.1905287947337,15.974466856728661],[76.19141277290586,15.9781129355717],[76.19348732515502,15.98022696801276],[76.19412840875583,15.983647186640066],[76.19668920200029,15.986700831839144],[76.19522437675865,15.992353813894823],[76.19624430686426,15.99690809670134],[76.18763825959283,16.00303762907908],[76.18539162696615,16.008604332212702],[76.18536061981747,16.014098730744543]]]}},{"type":"Feature","properties":{"type":"village","name":"Chinnapur (S.K.)","taluk":"Hungund","district":"Bagalkote","village_code":"598956"},"geometry":{"type":"Polygon","coordinates":[[[76.1349618948501,16.011350046650254],[76.10275073780609,16.0118999509002],[76.10112378462198,16.02173174303651],[76.09569499227221,16.02215120686436],[76.09461258433858,16.012725722726113],[76.09217398532897,16.012381901735324],[76.09102520087902,16.009950821094975],[76.07883200460829,16.010806842271617],[76.08387054993405,16.000654534118244],[76.08771493780314,15.99954932391365],[76.09284875485463,16.000092421609246],[76.09480098081663,16.002694871653098],[76.1038955454143,16.009790000036823],[76.13486819966764,16.005467115244585],[76.13556909938829,16.00856218580415],[76.1349618948501,16.011350046650254]]]}},{"type":"Feature","properties":{"type":"village","name":"Yadahalli","taluk":"Hungund","district":"Bagalkote","village_code":"598936"},"geometry":{"type":"Polygon","coordinates":[[[76.0242621879777,16.01160075068426],[76.0247933492288,16.014357203276525],[76.02747746499209,16.018650969641154],[76.00199364917702,16.024542989310124],[76.00098437039577,16.017213587106443],[76.01673424121809,16.014976668391903],[76.01694091661551,16.012975198056044],[76.0242621879777,16.01160075068426]]]}},{"type":"Feature","properties":{"type":"village","name":"Tumba","taluk":"Hungund","district":"Bagalkote","village_code":"598996"},"geometry":{"type":"Polygon","coordinates":[[[76.16347403569247,16.01687322157377],[76.14355467580143,16.029337333923976],[76.1427133190962,16.024579545219815],[76.13600867380292,16.017711971908813],[76.13491527138854,16.013152864365484],[76.13556909938829,16.00856218580415],[76.13466260314688,16.00371845422531],[76.14594393214914,16.001286902000505],[76.16193278268477,15.993319536665975],[76.16329578927886,16.001024202069342],[76.16742502573801,16.010456444372846],[76.16236565027748,16.010421149997892],[76.16347403569247,16.01687322157377]]]}},{"type":"Feature","properties":{"type":"village","name":"Hiresinganagutti","taluk":"Hungund","district":"Bagalkote","village_code":"598995"},"geometry":{"type":"Polygon","coordinates":[[[76.20832416628885,16.030457046388893],[76.1998167477474,16.0318923969478],[76.19234338442106,16.0240281796121],[76.18854032983481,16.023708479419334],[76.18735798522415,16.02263794909266],[76.18536061981747,16.014098730744543],[76.1862595756004,16.00523338065591],[76.1886296645949,16.001946264586625],[76.19541326641176,15.998200582793089],[76.19624430686426,15.99690809670134],[76.19522437675865,15.992353813894823],[76.19668920200029,15.986700831839144],[76.19412840875583,15.983647186640066],[76.19348732515502,15.98022696801276],[76.19141277290586,15.9781129355717],[76.1905287947337,15.974466856728661],[76.22048179735918,15.965344539624203],[76.22134542330029,15.968130528685014],[76.21406935426486,15.973988857119442],[76.21448621028593,15.987223122151526],[76.21526296824075,15.990105475153552],[76.21891724115468,15.993271366396456],[76.21912469628978,15.99746438417922],[76.2245354055529,16.000014901201595],[76.22758251165786,16.002746613695127],[76.22783571170218,16.013843717746997],[76.22553229387145,16.013194148072916],[76.22102527720774,16.01569029495431],[76.2135505726967,16.015928313816044],[76.2112832365977,16.023271593415988],[76.2082670585896,16.028044212768],[76.20832416628885,16.030457046388893]]]}},{"type":"Feature","properties":{"type":"village","name":"Amarawati","taluk":"Hungund","district":"Bagalkote","village_code":"598975"},"geometry":{"type":"Polygon","coordinates":[[[76.09514208729968,16.063381430255365],[76.09231498040441,16.063164122866656],[76.09295911468391,16.067786564849214],[76.0744649472625,16.062211486648625],[76.0727278588279,16.04003036042314],[76.07274123384418,16.024613613639648],[76.0685690094054,16.025321871613713],[76.0672068589058,16.01818239477361],[76.0607038638342,16.017575045037482],[76.0566833926947,16.011835360281722],[76.07410456473006,16.010141512984255],[76.07883200460829,16.010806842271617],[76.09019366635313,16.00988291842571],[76.091506332257,16.010344012662586],[76.09217398532897,16.012381901735324],[76.09461258433858,16.012725722726113],[76.09702573497452,16.02754637612962],[76.09807969236478,16.041196631350246],[76.09406331215308,16.059156565165996],[76.09514208729968,16.063381430255365]]]}},{"type":"Feature","properties":{"type":"village","name":"Benakanadoni","taluk":"Hungund","district":"Bagalkote","village_code":"598982"},"geometry":{"type":"Polygon","coordinates":[[[76.2289368279499,16.05642445294413],[76.22689064180246,16.05738790080109],[76.22530766923634,16.05957999631694],[76.22305553532688,16.05995608127027],[76.21959908311659,16.062935139008403],[76.21873450406297,16.062741255270854],[76.2154882423578,16.065787977136956],[76.2132033630596,16.066236224968286],[76.21349849017315,16.067889769980855],[76.21150777499452,16.067768574427802],[76.2090324124319,16.070914374412958],[76.20048345399508,16.07229953423001],[76.19912068006467,16.07027629278725],[76.20057668385022,16.0650570624032],[76.20705418203909,16.055552562907838],[76.207851557228,16.051684543941068],[76.20884651057543,16.050934122187925],[76.22806463208097,16.050474160342663],[76.2289368279499,16.05642445294413]]]}},{"type":"Feature","properties":{"type":"village","name":"Hirebadawadgi","taluk":"Hungund","district":"Bagalkote","village_code":"598941"},"geometry":{"type":"Polygon","coordinates":[[[76.01822566916853,16.073720974920843],[76.01306547129208,16.07579672269913],[76.01345437982636,16.073935334184714],[76.01493600536044,16.073506857121245],[76.01338738257417,16.068359629833672],[76.01398140164059,16.050620856998222],[76.0184997137207,16.050858109857785],[76.03557197560814,16.04344703729489],[76.03626215124092,16.04648359881923],[76.03781262994659,16.04820125742686],[76.0435833678059,16.047665950829696],[76.04772639430298,16.051449427853953],[76.04955326036706,16.051825165584354],[76.04845700131008,16.059275529259338],[76.04518140062775,16.059170322939522],[76.04405456112188,16.060846294411203],[76.02225098132911,16.061347142599864],[76.02055872421711,16.071553299933584],[76.01822566916853,16.073720974920843]]]}},{"type":"Feature","properties":{"type":"village","name":"Kelur","taluk":"Hungund","district":"Bagalkote","village_code":"598891"},"geometry":{"type":"Polygon","coordinates":[[[75.93763284363487,16.0160767981862],[75.936968137037,16.017599911246823],[75.92511586758629,16.017964291217222],[75.919454158253,16.020446099077272],[75.91382275897573,16.01667835013817],[75.91227554744275,16.005952312785908],[75.9088761391513,16.001020602952774],[75.90294475556975,15.996843762884597],[75.8913639048956,15.99638984020416],[75.88425315731348,15.985946516215002],[75.88236863557786,15.981325971274986],[75.88360589510015,15.966088417813287],[75.88575283718816,15.957551508394017],[75.8984310823898,15.957942529724617],[75.92761459712607,15.964848180841093],[75.92785792738034,15.960951254714283],[75.93712594587961,15.959650284929154],[75.94955955377824,15.959406033181917],[75.94924885167427,15.981879409064188],[75.94250281380934,15.98162940007368],[75.94099292098822,15.989518440822398],[75.93776423302494,15.989505259421382],[75.93804217087553,15.995040862739874],[75.9411517179776,15.996468462156962],[75.93453085585591,16.006408538252334],[75.93763284363487,16.0160767981862]]]}},{"type":"Feature","properties":{"type":"village","name":"Hullikeri Inam","taluk":"Badami","district":"Bagalkote","village_code":"598657"},"geometry":{"type":"Polygon","coordinates":[[[75.80984877366984,16.009473646317105],[75.80270261539752,16.01168924901394],[75.80450493858974,16.017863247313272],[75.79587566627491,16.0159611541643],[75.76964928867298,16.005236350209874],[75.77175080565203,16.00102101225731],[75.77135555141858,15.999989733162412],[75.76279894023385,15.988584841597232],[75.76375500281772,15.985648176121932],[75.76305992777334,15.978477688084043],[75.76386981739248,15.975236093269437],[75.7787057152953,15.976876570412214],[75.78606651702157,15.978621864104092],[75.79475193493994,15.982111213195505],[75.79423282458838,15.984382021583686],[75.79831683895785,15.983268805765839],[75.80014373915787,15.98091180280887],[75.80754814959965,15.982954533631009],[75.81126153435423,15.985010718045675],[75.81469881112645,15.989269081280392],[75.80808640215156,15.992570618143837],[75.81116535263507,15.996003152073776],[75.80786751685281,15.996250518818927],[75.81091652558959,16.001021581311505],[75.80984877366984,16.009473646317105]]]}},{"type":"Feature","properties":{"type":"village","name":"Nagur","taluk":"Hungund","district":"Bagalkote","village_code":"598935"},"geometry":{"type":"Polygon","coordinates":[[[76.00199364917702,16.024542989310124],[75.99906016917573,16.02525944040254],[75.98967851109808,16.02303267068148],[75.98949573897204,16.021975499033083],[75.97521044725298,16.024765800752103],[75.97509156869985,16.020635986587923],[75.97281618189926,16.020352404202878],[75.97336644941812,16.008554603594398],[75.97113013663744,16.00104090842849],[75.97144501411084,15.993713068387063],[75.97964149069816,15.991525153906148],[75.98444497206687,15.993836575756973],[75.98972850324195,15.99931766520929],[75.98969184389354,16.005261836217162],[76.01147181236732,16.00218681177123],[76.01303602361874,16.003520659089933],[76.01773087531343,16.0034146487886],[76.02001266979693,16.008232447919248],[76.02384691838142,16.0104256953093],[76.0242621879777,16.01160075068426],[76.01694091661551,16.012975198056044],[76.01673424121809,16.014976668391903],[76.00098437039577,16.017213587106443],[76.00199364917702,16.024542989310124]]]}},{"type":"Feature","properties":{"type":"village","name":"Yankanchi","taluk":"Badami","district":"Bagalkote","village_code":"598648"},"geometry":{"type":"Polygon","coordinates":[[[75.62862090192664,16.017004645343853],[75.6213132696854,16.02046719002356],[75.61380936543604,16.022364165909188],[75.60380418941463,16.02160429757737],[75.60498178463237,16.017193171027703],[75.59120153924077,16.01069279261617],[75.5936544322432,16.00632933908304],[75.59352459783686,16.00028316608598],[75.6009473689447,16.000289310857575],[75.60277631101542,16.003864041136108],[75.60424681630457,16.010504963658633],[75.62685529377843,16.011360108631035],[75.62862090192664,16.017004645343853]]]}},{"type":"Feature","properties":{"type":"village","name":"Raghapur","taluk":"Badami","district":"Bagalkote","village_code":"598684"},"geometry":{"type":"Polygon","coordinates":[[[75.73444777659209,16.020603279113214],[75.73245050820346,16.02298778942511],[75.72345196722145,16.02562456272846],[75.72309746326421,16.027960776869712],[75.72152789805374,16.02777171310355],[75.71824074144358,16.02547266033169],[75.71259708555257,16.017672146621894],[75.71240042187897,16.016557549110992],[75.71649227943921,16.00917993590237],[75.71734844487185,16.004744609950595],[75.7163482768042,16.001020981170875],[75.71248008537671,15.994768362069493],[75.71268651104246,15.98438079011356],[75.72477020806994,15.985705773316566],[75.73535735135995,15.98537186376489],[75.73718185485484,15.983372357753547],[75.73944591839128,15.976381183291004],[75.74406188902086,15.977513517239561],[75.7486732737509,15.976117388386477],[75.74887144569581,15.977935365927143],[75.74470765643757,15.986677814149125],[75.74520273865188,15.994233597756441],[75.73648360426596,15.998245501571645],[75.73993329036553,16.007437744662035],[75.74047555838678,16.012370529069845],[75.7372905833436,16.0174001335865],[75.73471605755337,16.017946898113394],[75.73444777659209,16.020603279113214]]]}},{"type":"Feature","properties":{"type":"village","name":"Haligeri","taluk":"Badami","district":"Bagalkote","village_code":"598698"},"geometry":{"type":"Polygon","coordinates":[[[75.49044365290774,16.001013219927934],[75.47999923215343,16.009211031411724],[75.48451107726179,16.016198734935898],[75.48120189126591,16.02216012340538],[75.47689005695388,16.0226772916013],[75.47814281960135,16.027802291132307],[75.47404188007363,16.02613966704419],[75.47364085775774,16.018187470922303],[75.47145407538687,16.01742025089355],[75.46900020681409,16.014859448796518],[75.46329537295728,16.002616877327572],[75.45871027203412,15.997654056937968],[75.46026787258337,15.990649363620966],[75.46529780576049,15.988523709794068],[75.46089010144468,15.981933051219432],[75.46641582470858,15.981876669742947],[75.47230384391644,15.977563581753188],[75.47910767938679,15.974393094390061],[75.49331067644266,15.972754816430218],[75.50122589680272,15.969100287629406],[75.4998536186966,15.976251023914726],[75.5027320247845,15.987643800953236],[75.49044365290774,16.001013219927934]]]}},{"type":"Feature","properties":{"type":"village","name":"Hansanoor","taluk":"Badami","district":"Bagalkote","village_code":"598683"},"geometry":{"type":"Polygon","coordinates":[[[75.72309746326421,16.027960776869712],[75.71983730911322,16.030950524315188],[75.71903147179431,16.038397871658685],[75.69451729570032,16.034805637034964],[75.69536279094407,16.03093586063151],[75.69903848777923,16.023297897365392],[75.70030983207832,16.01276719993712],[75.6996692182964,16.004561498723866],[75.70138527357689,16.003635928649597],[75.70149016895434,16.001020900000793],[75.7088657803064,15.99817927879508],[75.71031568992102,15.994549509297508],[75.71248008537671,15.994768362069493],[75.71722535142345,16.003463885627525],[75.71649227943921,16.00917993590237],[75.71240042187897,16.016557549110992],[75.71259708555257,16.017672146621894],[75.71946753559281,16.026752835067253],[75.72309746326421,16.027960776869712]]]}},{"type":"Feature","properties":{"type":"village","name":"Chinchalakatti","taluk":"Badami","district":"Bagalkote","village_code":"598654"},"geometry":{"type":"Polygon","coordinates":[[[75.47814281960135,16.027802291132307],[75.47782315859907,16.029467942215444],[75.47623066928082,16.030815183930393],[75.46470009821142,16.031208721182658],[75.46039339238136,16.03370910630793],[75.46001209706914,16.02682320218453],[75.4562628740263,16.021135938593332],[75.44389152476673,16.02063399207189],[75.43790304426571,16.003043966327095],[75.4370317242542,15.996856058683798],[75.44463019774676,15.994811659030637],[75.45085280526196,15.996052167083922],[75.45195115469862,15.997642312981133],[75.45359538787552,15.99755584980491],[75.4552437847438,15.99596026382209],[75.4594488075719,15.997996589859474],[75.46329537295728,16.002616877327572],[75.46900020681409,16.014859448796518],[75.47145407538687,16.01742025089355],[75.47364085775774,16.018187470922303],[75.47404188007363,16.02613966704419],[75.47814281960135,16.027802291132307]]]}},{"type":"Feature","properties":{"type":"village","name":"Bedarabudihal","taluk":"Badami","district":"Bagalkote","village_code":"598736"},"geometry":{"type":"Polygon","coordinates":[[[75.69451729570032,16.034805637034964],[75.69226083999602,16.034142257826893],[75.68799623011847,16.042349499980023],[75.6807854380615,16.04088091795789],[75.67914042155365,16.033861220863614],[75.676000776398,16.031513940836177],[75.67286078898421,16.027340465353035],[75.67432766507966,16.00884110402543],[75.67310451988709,15.997154045276407],[75.67999299821676,15.994520072093094],[75.68433014435857,15.996101997257119],[75.68674455083926,15.994272776607277],[75.69608919114067,16.004325452356525],[75.70020912285015,16.005747149101477],[75.70021255980441,16.01504404003329],[75.69903848777923,16.023297897365392],[75.69536279094407,16.03093586063151],[75.69451729570032,16.034805637034964]]]}},{"type":"Feature","properties":{"type":"village","name":"Mattikatti","taluk":"Badami","district":"Bagalkote","village_code":"598651"},"geometry":{"type":"Polygon","coordinates":[[[75.5936544322432,16.00632933908304],[75.59012233380115,16.012542548876958],[75.587127892328,16.02705668269205],[75.5871244131529,16.04522368083106],[75.57947259500384,16.04493747611101],[75.57844300621228,16.042755259085716],[75.56784839612563,16.04218338258952],[75.56809539330288,16.03592224263737],[75.5698612529794,16.035780427827873],[75.57005949139965,16.028428297880485],[75.5655490323918,16.022355534305674],[75.56427680415044,16.01277358091289],[75.56035518901466,16.007032894633383],[75.56844727238283,16.00632383606939],[75.57036091031347,16.00262454265921],[75.57987460366986,16.002958962218322],[75.57938259099888,16.00101348070846],[75.58898088589213,16.000268479424893],[75.59352658401195,16.00101572670235],[75.5936544322432,16.00632933908304]]]}},{"type":"Feature","properties":{"type":"village","name":"Kerur (TP)","taluk":"Badami","district":"Bagalkote","village_code":"803045"},"geometry":{"type":"Polygon","coordinates":[[[75.56784839612563,16.04218338258952],[75.56583741944576,16.04194557981405],[75.56564035602189,16.044696690389582],[75.55038583690848,16.044312202369937],[75.55038619174303,16.04317379291172],[75.54469746288262,16.040515456649914],[75.53920395410313,16.04046580332626],[75.53057259500196,16.037616065314364],[75.52522564725939,16.03894171576399],[75.52326385423963,16.03856124502748],[75.52473903885313,16.03116236538404],[75.523365866025,16.03087708501245],[75.5197430107898,16.0184003176334],[75.51238639700935,16.018301592278398],[75.50032856068229,16.00710047101075],[75.48801653077419,16.00228484824454],[75.49044365290774,16.001013219927934],[75.5027320247845,15.987643800953236],[75.50475574227005,15.989709258429958],[75.51261131539356,15.993641369242722],[75.51657137662687,15.992642091422665],[75.52573067562055,15.994631617218747],[75.52779904296895,15.992140572418203],[75.53340792687194,15.992719049929986],[75.53646551721464,15.993281026875756],[75.53715956189134,15.995977756420066],[75.54052091215745,15.99655699827793],[75.54091646822482,15.997690520192412],[75.55019250778125,15.996012992035988],[75.55058230385102,15.994995028754634],[75.55756367157434,15.995022413260292],[75.55874163599965,15.996863573118763],[75.558503102749,16.0001773008644],[75.56035518901466,16.007032894633383],[75.56427680415044,16.01277358091289],[75.5655490323918,16.022355534305674],[75.57005949139965,16.028428297880485],[75.5698612529794,16.035780427827873],[75.56809539330288,16.03592224263737],[75.56784839612563,16.04218338258952]]]}},{"type":"Feature","properties":{"type":"village","name":"Halakurki","taluk":"Badami","district":"Bagalkote","village_code":"598658"},"geometry":{"type":"Polygon","coordinates":[[[75.66295411143709,16.031279297392665],[75.64047900413851,16.03066143611959],[75.63911698658957,16.02872041809191],[75.63892065978422,16.026206470251353],[75.63558544959459,16.024783666409615],[75.63475153722811,16.020751765185747],[75.62862090192664,16.017004645343853],[75.62433046458636,16.00101950370244],[75.62648494084468,15.998080029646205],[75.62416224606626,15.988915663724507],[75.62560186458101,15.982963276612939],[75.62261580798274,15.977683718053548],[75.62600647925973,15.977818354325619],[75.6405796846206,15.973237764141187],[75.64896421093626,15.972458044028226],[75.64989903016027,15.97109471381284],[75.65684598611998,15.972262581741656],[75.65494934611115,15.982506125403962],[75.65483331970908,15.994335227869632],[75.65827735181223,16.000105893316814],[75.65750606190255,16.006614677861737],[75.65785113085433,16.018235863994157],[75.65991101181825,16.018472749582223],[75.66295411143709,16.031279297392665]]]}},{"type":"Feature","properties":{"type":"village","name":"Hanapur.S.P.","taluk":"Badami","district":"Bagalkote","village_code":"598685"},"geometry":{"type":"Polygon","coordinates":[[[75.76964928867298,16.005236350209874],[75.77082864638534,16.010207206804374],[75.76609694759432,16.017465831925588],[75.76595901038415,16.02342570524032],[75.74410996236328,16.021238630843893],[75.74312789534858,16.019223193380512],[75.74146152408983,16.021287494605357],[75.73444777659209,16.020603279113214],[75.73471605755337,16.017946898113394],[75.7372905833436,16.0174001335865],[75.74047555838678,16.012370529069845],[75.73993329036553,16.007437744662035],[75.73648360426596,15.998245501571645],[75.74520273865188,15.994233597756441],[75.74470765643757,15.986677814149125],[75.74887144569581,15.977935365927143],[75.7486732737509,15.976117388386477],[75.76386981739248,15.975236093269437],[75.76305992777334,15.978477688084043],[75.76375500281772,15.985648176121932],[75.76279894023385,15.988584841597232],[75.77135555141858,15.999989733162412],[75.77175080565203,16.00102101225731],[75.76964928867298,16.005236350209874]]]}},{"type":"Feature","properties":{"type":"village","name":"Honnarahalli","taluk":"Hungund","district":"Bagalkote","village_code":"598934"},"geometry":{"type":"Polygon","coordinates":[[[75.99995974838943,16.042000853938923],[75.99052189889414,16.04369481920203],[75.98593416321228,16.03624638768109],[75.97521044725298,16.024765800752103],[75.98949573897204,16.021975499033083],[75.98967851109808,16.02303267068148],[75.99906016917573,16.02525944040254],[76.00199364917702,16.024542989310124],[75.99995974838943,16.042000853938923]]]}},{"type":"Feature","properties":{"type":"village","name":" ","taluk":"Badami","district":"Bagalkote","village_code":" "},"geometry":{"type":"Polygon","coordinates":[[[75.6487680009119,16.031040307409107],[75.64636712934758,16.054852019575417],[75.64602384534828,16.055753281287956],[75.63611477558754,16.050773416191085],[75.63081705103096,16.046362231382833],[75.63699684304314,16.03445632163842],[75.64047900413851,16.03066143611959],[75.6487680009119,16.031040307409107]]]}},{"type":"Feature","properties":{"type":"village","name":" ","taluk":"Badami","district":"Bagalkote","village_code":" "},"geometry":{"type":"Polygon","coordinates":[[[75.74170576793071,16.061937650791364],[75.73581971513501,16.062889375871634],[75.71672376810137,16.061893908288987],[75.71667222636364,16.056273108389032],[75.72025324166616,16.05486860488376],[75.72987568327424,16.046812447281873],[75.73301452174277,16.0459570873984],[75.76268680084198,16.047135977199332],[75.76189612169522,16.051871088383837],[75.75794218697217,16.05345946167477],[75.75297524995099,16.05328488817281],[75.74909204498015,16.054518036648943],[75.74170576793071,16.061937650791364]]]}},{"type":"Feature","properties":{"type":"village","name":"Sulibhavi","taluk":"Hungund","district":"Bagalkote","village_code":"598888"},"geometry":{"type":"Polygon","coordinates":[[[75.95425917193378,16.05509258842249],[75.94860034170101,16.054701413655316],[75.92716346588534,16.059763547354603],[75.92352418675179,16.063338330322306],[75.92380186858254,16.07143520897765],[75.92268070014106,16.07296266978997],[75.90706262564562,16.069251257306142],[75.90842167875415,16.04913016372974],[75.9268365141562,16.041843674365317],[75.92683597426871,16.039710962156587],[75.9308960988415,16.0392672614249],[75.93199118739366,16.02895597801378],[75.919454158253,16.020446099077272],[75.92511586758629,16.017964291217222],[75.936968137037,16.017599911246823],[75.93763284363487,16.0160767981862],[75.95232521411144,16.012462339299294],[75.95220221139289,16.015864700196584],[75.97509156869985,16.020635986587923],[75.97521044725298,16.024765800752103],[75.97194596142566,16.04686665818123],[75.9583862991487,16.046759231768498],[75.95229467678168,16.050019158817822],[75.95309987270343,16.0539362696281],[75.95425917193378,16.05509258842249]]]}},{"type":"Feature","properties":{"type":"village","name":" ","taluk":"Hungund","district":"Bagalkote","village_code":" "},"geometry":{"type":"Polygon","coordinates":[[[75.95232521411144,16.012462339299294],[75.93763284363487,16.0160767981862],[75.93453085585591,16.006408538252334],[75.9411517179776,15.996468462156962],[75.94877542784145,15.99809028572489],[75.94870109494664,16.001034689418038],[75.95252116721763,16.00695425525062],[75.95232521411144,16.012462339299294]]]}},{"type":"Feature","properties":{"type":"village","name":" ","taluk":"Badami","district":"Bagalkote","village_code":" "},"geometry":{"type":"Polygon","coordinates":[[[75.85213925367877,16.022493085602243],[75.84538050465254,16.028289321759846],[75.8426560787875,16.031887790825508],[75.83949928299644,16.023067283317754],[75.82730170025216,16.01962177521799],[75.82950324284147,16.014841760121595],[75.80984877366984,16.009473646317105],[75.81091652558959,16.001021581311505],[75.80786751685281,15.996250518818927],[75.81116535263507,15.996003152073776],[75.80808640215156,15.992570618143837],[75.81469881112645,15.989269081280392],[75.81253645933805,15.98600934314309],[75.80631786010564,15.982596801641451],[75.80635378732713,15.979890023251059],[75.80199280169431,15.978256429602709],[75.80255843938771,15.97479216895814],[75.80683875361305,15.97612322731587],[75.80946615334256,15.980036656929194],[75.81306736816256,15.980936201192714],[75.81816383775612,15.980668473415532],[75.81836380722994,15.985079045412194],[75.8248604000085,15.98554263217321],[75.82785130032279,15.986823953205716],[75.83283723671224,15.990348437280137],[75.83347579874204,15.993369745752988],[75.8379087906331,15.99645322860012],[75.84159229203144,15.99792149428066],[75.8450410331033,15.997994043325036],[75.84658625666457,15.999881798799613],[75.85270505127228,15.99927941822108],[75.85782914226421,16.003112001710388],[75.8543895325672,16.005084158569527],[75.8446319151701,16.002312179077368],[75.84567727388644,16.01207501395946],[75.84954011943967,16.016670789822726],[75.85213925367877,16.022493085602243]]]}},{"type":"Feature","properties":{"type":"village","name":" ","taluk":"Badami","district":"Bagalkote","village_code":" "},"geometry":{"type":"Polygon","coordinates":[[[75.67286078898421,16.027340465353035],[75.66756379924955,16.02767358985602],[75.66761304489343,16.028479927918468],[75.66609256991825,16.0283853501123],[75.66584762808637,16.029618616421914],[75.66422910738781,16.0296663272348],[75.66422934005149,16.031326507910865],[75.66295411143709,16.031279297392665],[75.65991101181825,16.018472749582223],[75.65785113085433,16.018235863994157],[75.6581306838758,16.001016209405375],[75.67010706097291,15.999189478359874],[75.67385215715532,16.00101660230321],[75.67432766507966,16.00884110402543],[75.67286078898421,16.027340465353035]]]}},{"type":"Feature","properties":{"type":"village","name":"Anawal","taluk":"Badami","district":"Bagalkote","village_code":"598636"},"geometry":{"type":"Polygon","coordinates":[[[75.50001687043152,16.094658383400866],[75.48744162426371,16.094121258976145],[75.48225965481802,16.113670267379586],[75.47523921307479,16.113506318806408],[75.47512753182374,16.123952882602772],[75.45132719029218,16.126994119343532],[75.44899363398366,16.124085141762002],[75.41453252863126,16.121445706577465],[75.41599145373813,16.11577522401115],[75.43899256595805,16.11549427996803],[75.43681173043436,16.106525950340824],[75.4358178640484,16.09659934785989],[75.46735841435978,16.092463311053933],[75.46851723119482,16.091902546802164],[75.46851674161302,16.090750358881685],[75.46671267838408,16.090651638323326],[75.46745785067522,16.085062185097005],[75.47118648433172,16.08347005996512],[75.487535709315,16.078460541108768],[75.49611516196246,16.077565802595043],[75.49545336680443,16.08055739994336],[75.4977781986749,16.084148210762184],[75.4995416796125,16.089677648838638],[75.50144259739871,16.090093762153828],[75.50001687043152,16.094658383400866]]]}},{"type":"Feature","properties":{"type":"village","name":"Niralkeri","taluk":"Bagalkot","district":"Bagalkote","village_code":"598864"},"geometry":{"type":"Polygon","coordinates":[[[75.72116014574273,16.130844182767426],[75.6781743373645,16.134653189880492],[75.67900473372494,16.12035199925558],[75.67849896425366,16.112553078192647],[75.68292725615915,16.1099157083702],[75.68924343219433,16.10861334991259],[75.71384031078664,16.112372094234562],[75.73199437065162,16.111012182319264],[75.73553597596434,16.12690044014113],[75.7346528889209,16.1273278052434],[75.72116014574273,16.130844182767426]]]}},{"type":"Feature","properties":{"type":"village","name":"Ingalgi","taluk":"Hungund","district":"Bagalkote","village_code":"599007"},"geometry":{"type":"Polygon","coordinates":[[[75.89049567329201,16.117942771014413],[75.88093268398609,16.129541769349366],[75.8773941482167,16.131556990642974],[75.87661355355732,16.136007495398925],[75.87396776711057,16.138013678296815],[75.87267750159663,16.14058007126556],[75.87106938877896,16.141723149115414],[75.86912002305286,16.141533310812715],[75.8662143836388,16.122273311583417],[75.87764179936751,16.11726089010317],[75.87779593859216,16.111617419865873],[75.88435822965901,16.109529919856996],[75.88762531071922,16.109940929834163],[75.88896677032285,16.111083964354684],[75.89049567329201,16.117942771014413]]]}},{"type":"Feature","properties":{"type":"village","name":"Papathanal","taluk":"Hungund","district":"Bagalkote","village_code":"598905"},"geometry":{"type":"Polygon","coordinates":[[[75.97481407910858,16.127700127122463],[75.96299756799606,16.131300565429598],[75.95663621299028,16.133686326834074],[75.95695295806114,16.130006152851312],[75.96152585357451,16.122255389095752],[75.96563056512811,16.11997070395111],[75.97481407910858,16.127700127122463]]]}},{"type":"Feature","properties":{"type":"village","name":"Kamatgi (CT)","taluk":"Hungund","district":"Bagalkote","village_code":"599026"},"geometry":{"type":"Polygon","coordinates":[[[75.87764179936751,16.11726089010317],[75.84393874275752,16.133153709946864],[75.8417929118855,16.12968470382721],[75.8413272351237,16.11967939608117],[75.83865843383936,16.107543637963655],[75.82951440890045,16.091662543806912],[75.83305315307898,16.091082294056715],[75.83947732008606,16.09279952527427],[75.84794251691085,16.087663763734447],[75.85228267779871,16.083791400879853],[75.85622189811743,16.08230718642608],[75.8600328291321,16.077037633227388],[75.86806595516983,16.080634779404676],[75.87148667060148,16.08609762883462],[75.86871976879655,16.09244578118021],[75.86860740931743,16.097167482625597],[75.87627688924334,16.105436286161765],[75.87702472324264,16.11125594718439],[75.87779593859216,16.111617419865873],[75.87764179936751,16.11726089010317]]]}},{"type":"Feature","properties":{"type":"village","name":"Sulikeri","taluk":"Badami","district":"Bagalkote","village_code":"598630"},"geometry":{"type":"Polygon","coordinates":[[[75.67841758677041,16.12682672733663],[75.66448171095075,16.12746986972571],[75.65653248756057,16.129178708719053],[75.64352861205155,16.13008125727703],[75.6423019328867,16.131219723733437],[75.63984813168753,16.127709889812003],[75.63646220171862,16.12747282278529],[75.64494933091107,16.10451471484426],[75.65981603923147,16.104560496014034],[75.66030657507214,16.103706609218914],[75.6746207413394,16.10472752534419],[75.67849896425366,16.112553078192647],[75.67841758677041,16.12682672733663]]]}},{"type":"Feature","properties":{"type":"village","name":"Jammanakatti","taluk":"Badami","district":"Bagalkote","village_code":"598659"},"geometry":{"type":"Polygon","coordinates":[[[75.60908713937972,16.051294437279676],[75.6083013892889,16.06097077971827],[75.61369681012422,16.070695089006758],[75.61310752967087,16.080371398571014],[75.61217528501845,16.082505846797876],[75.6097714373356,16.0807506275696],[75.58769593481139,16.074723526235484],[75.58735681540176,16.052240108922888],[75.59329215426551,16.052430924399857],[75.59844288300056,16.050391995112435],[75.60908713937972,16.051294437279676]]]}},{"type":"Feature","properties":{"type":"village","name":"Lakkasakoppa","taluk":"Badami","district":"Bagalkote","village_code":"598681"},"geometry":{"type":"Polygon","coordinates":[[[75.63081705103096,16.046362231382833],[75.62674590772289,16.05708216397489],[75.61531497598818,16.084735378188878],[75.61217528501845,16.082505846797876],[75.61340204772667,16.07757281938574],[75.61330449428006,16.069224625359215],[75.6083013892889,16.06097077971827],[75.60908713937972,16.051294437279676],[75.61163787598458,16.050772945694572],[75.61301216002872,16.0370647409316],[75.63081705103096,16.046362231382833]]]}},{"type":"Feature","properties":{"type":"village","name":"Injanawari","taluk":"Badami","district":"Bagalkote","village_code":"598670"},"geometry":{"type":"Polygon","coordinates":[[[75.8600328291321,16.077037633227388],[75.85622189811743,16.08230718642608],[75.85228267779871,16.083791400879853],[75.84794251691085,16.087663763734447],[75.83947732008606,16.09279952527427],[75.83649296220199,16.082284666593846],[75.83182649906692,16.07251498093424],[75.83401777391254,16.074133011975245],[75.84151351966248,16.073944711080863],[75.84606959601878,16.075337042750206],[75.85141119609047,16.074181090203314],[75.85108433509119,16.072143301342688],[75.8538320407968,16.072062258591604],[75.85430660728667,16.07023008678502],[75.8600328291321,16.077037633227388]]]}},{"type":"Feature","properties":{"type":"village","name":"Budanagad","taluk":"Badami","district":"Bagalkote","village_code":"598669"},"geometry":{"type":"Polygon","coordinates":[[[75.83305315307898,16.091082294056715],[75.82096773128613,16.093790494078192],[75.8050105796019,16.093269316750668],[75.79593090637671,16.09165223039963],[75.78847024972006,16.088085721235455],[75.79667641104447,16.0847465490621],[75.79216081367318,16.081045837111244],[75.79122967035529,16.076627635854152],[75.79349307363002,16.072720153585713],[75.79624511191024,16.073652060731856],[75.7967269296011,16.07242769738152],[75.80157772972741,16.07213585362178],[75.80528253107946,16.074875277130413],[75.81477612103812,16.0752932298232],[75.81550088809755,16.08077945386741],[75.83182649906692,16.07251498093424],[75.83649296220199,16.082284666593846],[75.83947732008606,16.09279952527427],[75.83305315307898,16.091082294056715]]]}},{"type":"Feature","properties":{"type":"village","name":"Ramathal","taluk":"Hungund","district":"Bagalkote","village_code":"598879"},"geometry":{"type":"Polygon","coordinates":[[[75.91177238667909,16.091797275749038],[75.90040220890533,16.096140916608082],[75.87430922213994,16.103516017293288],[75.86860740931743,16.097167482625597],[75.8690984077905,16.091018074364545],[75.87132306403205,16.08762030136871],[75.87148667060148,16.08609762883462],[75.86942211660143,16.082365058671584],[75.87089325071132,16.07922066123939],[75.87399639013046,16.07406975272124],[75.87915543995999,16.068439946399277],[75.88541110996921,16.064153242746563],[75.90665330918473,16.081681361151485],[75.91177238667909,16.091797275749038]]]}},{"type":"Feature","properties":{"type":"village","name":"Kalabandakeri","taluk":"Badami","district":"Bagalkote","village_code":"598635"},"geometry":{"type":"Polygon","coordinates":[[[75.51134461268954,16.104768114284774],[75.50280715628162,16.104953014846405],[75.50001687043152,16.094658383400866],[75.50144259739871,16.090093762153828],[75.4995416796125,16.089677648838638],[75.49814433940828,16.086714416068677],[75.4977781986749,16.084148210762184],[75.49545336680443,16.08055739994336],[75.49611496702802,16.07720888594578],[75.49497398085308,16.075998623938922],[75.50150062856608,16.075638588365884],[75.51391421930525,16.072301568799286],[75.51997291482382,16.072020117832682],[75.52301105394562,16.078614824297762],[75.52288712506399,16.08111688938561],[75.52175793197206,16.082728973176213],[75.52411203634438,16.084200599734853],[75.52170564642925,16.08899017007537],[75.52268315269728,16.09617675508023],[75.52179872267249,16.098571669214774],[75.52260758372061,16.09990018802783],[75.51860854279052,16.100609711785538],[75.51826442784959,16.10184275489087],[75.51321077735234,16.101792662035564],[75.51134461268954,16.104768114284774]]]}},{"type":"Feature","properties":{"type":"village","name":"Hangaragi","taluk":"Badami","district":"Bagalkote","village_code":"598662"},"geometry":{"type":"Polygon","coordinates":[[[75.68924343219433,16.10861334991259],[75.68513501958176,16.10901396297904],[75.67849896425366,16.112553078192647],[75.67412997014011,16.10434817210289],[75.66030657507214,16.103706609218914],[75.66015470858517,16.07643257081525],[75.65264877234664,16.076386165121335],[75.65441428617176,16.072164323802426],[75.65151948493161,16.068844390308385],[75.65196037986966,16.06448041410486],[75.64906572685156,16.060923262001097],[75.65085563802147,16.05648804757849],[75.65109984503148,16.048021217164283],[75.65389435476004,16.0375854913807],[75.65313362005494,16.034573579794557],[75.65402753539078,16.031233128100716],[75.66422934005149,16.031326507910865],[75.66422910738781,16.0296663272348],[75.66584762808637,16.029618616421914],[75.66609256991825,16.0283853501123],[75.66761304489343,16.028479927918468],[75.66756379924955,16.02767358985602],[75.67286078898421,16.027340465353035],[75.679336748359,16.03428803320624],[75.6807854380615,16.04088091795789],[75.66989659378669,16.04178454108825],[75.67039465930608,16.07550958826417],[75.68187565055833,16.08062975577415],[75.68320170225822,16.08570479824783],[75.6868822967083,16.08926131714319],[75.68688460268362,16.096660836634147],[75.68933941718244,16.101925264804173],[75.68924343219433,16.10861334991259]]]}},{"type":"Feature","properties":{"type":"village","name":"Hiremagi","taluk":"Hungund","district":"Bagalkote","village_code":"598877"},"geometry":{"type":"Polygon","coordinates":[[[75.94601424920322,16.108992601790792],[75.94204372708843,16.108350100257372],[75.93564149514395,16.11209313896988],[75.93330566430116,16.116128675385543],[75.93314306833642,16.119427134135304],[75.929400094873,16.12346741179523],[75.92288917755891,16.123311798228734],[75.91776421520117,16.09368944290768],[75.91177238667909,16.091797275749038],[75.90665330918473,16.081681361151485],[75.90213736686039,16.077526156730297],[75.90706262564562,16.069251257306142],[75.92268070014106,16.07296266978997],[75.93594458761913,16.078575818255405],[75.93831108604743,16.09930996781838],[75.94122448241393,16.10437423317239],[75.94601424920322,16.108992601790792]]]}},{"type":"Feature","properties":{"type":"village","name":"Bevinal","taluk":"Hungund","district":"Bagalkote","village_code":"598876"},"geometry":{"type":"Polygon","coordinates":[[[75.90929949268686,16.117112247359746],[75.90504166598802,16.118352645968507],[75.90065643841896,16.123435575579315],[75.89049567329201,16.117942771014413],[75.88917827955481,16.111652748080502],[75.89072401156254,16.108833799999125],[75.89582767037334,16.10534973859054],[75.90030435272652,16.09871636772702],[75.90724892815074,16.09537644471563],[75.91177238667909,16.091797275749038],[75.90940393980493,16.09801939172725],[75.91081604202422,16.10171069666756],[75.90929949268686,16.117112247359746]]]}},{"type":"Feature","properties":{"type":"village","name":"Bandakeri","taluk":"Badami","district":"Bagalkote","village_code":"598632"},"geometry":{"type":"Polygon","coordinates":[[[75.57371331335932,16.079036850214145],[75.57724265307515,16.090658891147733],[75.58611737656658,16.118456631732702],[75.5722309449185,16.118263710062234],[75.55943508599165,16.08515167362202],[75.56193878680824,16.08012454966417],[75.56885671909943,16.07803949194957],[75.57371331335932,16.079036850214145]]]}},{"type":"Feature","properties":{"type":"village","name":"Lavalasar","taluk":"Hungund","district":"Bagalkote","village_code":"598963"},"geometry":{"type":"Polygon","coordinates":[[[76.18888603659043,16.12719726468418],[76.18766242786724,16.130780674072213],[76.18715220814204,16.12843124535368],[76.18603027523426,16.12837728884258],[76.1621023585593,16.12996840732653],[76.16411065915791,16.120768747277147],[76.16459040892698,16.11205728697438],[76.169661225331,16.110077256348283],[76.17251797663064,16.113980592996562],[76.17640246080245,16.11553401663592],[76.18745932686632,16.12407546260272],[76.18888603659043,16.12719726468418]]]}},{"type":"Feature","properties":{"type":"village","name":"Chintakamaladinni","taluk":"Hungund","district":"Bagalkote","village_code":"598970"},"geometry":{"type":"Polygon","coordinates":[[[76.15708439363671,16.085192237217218],[76.15951139180274,16.094178873163322],[76.14691837965356,16.11668635582836],[76.14665338562793,16.12972632492909],[76.14106271776225,16.129243343221567],[76.14120222792249,16.119506197688835],[76.13796282844778,16.11679089392957],[76.14623802530178,16.09098592998581],[76.14369060887022,16.087258518278563],[76.15708439363671,16.085192237217218]]]}},{"type":"Feature","properties":{"type":"village","name":"Jalakamaladinni","taluk":"Hungund","district":"Bagalkote","village_code":"598962"},"geometry":{"type":"Polygon","coordinates":[[[76.1621023585593,16.12996840732653],[76.14665338562793,16.12972632492909],[76.14691837965356,16.11668635582836],[76.15951139180274,16.094178873163322],[76.15708439363671,16.085192237217218],[76.17566983168766,16.082690193225456],[76.17637195221877,16.087221933308932],[76.17853621921533,16.088911382648906],[76.1677178280116,16.092293361840586],[76.167643452896,16.094322131761533],[76.16978393519881,16.094163603920812],[76.16983592339923,16.0968700857886],[76.17262147333115,16.097118060941636],[76.17376135637497,16.1144231302257],[76.17183534594794,16.1132848615845],[76.169661225331,16.110077256348283],[76.16459040892698,16.11205728697438],[76.16411065915791,16.120768747277147],[76.1621023585593,16.12996840732653]]]}},{"type":"Feature","properties":{"type":"village","name":"Chinnapur (S.T.)","taluk":"Hungund","district":"Bagalkote","village_code":"598998"},"geometry":{"type":"Polygon","coordinates":[[[76.23421057467489,16.13073090177706],[76.22761695037093,16.13471925161135],[76.22392878402128,16.134757127396437],[76.22066682964646,16.136701428103763],[76.21411849929741,16.138380498851284],[76.21373338075533,16.13433225235025],[76.20895682728559,16.125157353399675],[76.20846499966753,16.12251875664398],[76.21875629539512,16.119645494967777],[76.2280111445923,16.119587120970206],[76.24469126940038,16.11615375021035],[76.24476992678497,16.122542706191766],[76.24552861333119,16.12505896408228],[76.24726826106603,16.12635928665438],[76.2465260963345,16.128126379870206],[76.23421057467489,16.13073090177706]]]}},{"type":"Feature","properties":{"type":"village","name":"Hirebudihal","taluk":"Badami","district":"Bagalkote","village_code":"598680"},"geometry":{"type":"Polygon","coordinates":[[[75.69625759740867,16.10206546857368],[75.68933941718244,16.101925264804173],[75.68688460268362,16.096660836634147],[75.6868822967083,16.08926131714319],[75.68423242113039,16.087222339846985],[75.68202356535635,16.083333415666146],[75.68324792057957,16.075743754901858],[75.67544301782797,16.057056898680667],[75.67411493773217,16.041926016651733],[75.6807854380615,16.04088091795789],[75.68799623011847,16.042349499980023],[75.69226083999602,16.034142257826893],[75.69662646183403,16.03523189221288],[75.69648662738194,16.055818001846575],[75.68898117174209,16.054871614272795],[75.69222138059885,16.063076596092593],[75.691144342794,16.069765029956862],[75.6958626351277,16.094998024744697],[75.69625759740867,16.10206546857368]]]}},{"type":"Feature","properties":{"type":"village","name":"Kodihal","taluk":"Hungund","district":"Bagalkote","village_code":"598966"},"geometry":{"type":"Polygon","coordinates":[[[76.28096401527108,16.105934183387266],[76.26784709217345,16.109732307219076],[76.26189045335597,16.096833759792162],[76.26024532096548,16.09692771816631],[76.26080062533812,16.090313111608495],[76.29386054569686,16.088413360734823],[76.29726343496002,16.086932641994693],[76.3005762950654,16.08396677019457],[76.30591512024115,16.08384956961771],[76.32800388189898,16.077538844616335],[76.33232282098658,16.09196742908261],[76.31695501802763,16.09552866231235],[76.30448928996769,16.10112701879211],[76.28825885190939,16.10577088607038],[76.28542265136852,16.106487423596736],[76.28096401527108,16.105934183387266]]]}},{"type":"Feature","properties":{"type":"village","name":"Palti","taluk":"Hungund","district":"Bagalkote","village_code":"598968"},"geometry":{"type":"Polygon","coordinates":[[[76.18695396792515,16.09178284700066],[76.19056759476742,16.09479113593644],[76.19632121972057,16.095946008822086],[76.19696810374319,16.10143114297391],[76.18662749140479,16.109400118425317],[76.1792176820882,16.103171137022734],[76.18695396792515,16.09178284700066]]]}},{"type":"Feature","properties":{"type":"village","name":"Karadi","taluk":"Hungund","district":"Bagalkote","village_code":"598967"},"geometry":{"type":"Polygon","coordinates":[[[76.24418039480332,16.113696082126005],[76.24408450862991,16.109652155789842],[76.22246018944873,16.113950796304113],[76.21479287715762,16.10978808118875],[76.20610269188002,16.106583408167136],[76.18762854521135,16.11193009786437],[76.18662749140479,16.109400118425317],[76.1969122617702,16.102144999065487],[76.19632121972057,16.095946008822086],[76.19056759476742,16.09479113593644],[76.18695396792515,16.09178284700066],[76.18776077272958,16.08629738592318],[76.19163472235806,16.085333794993304],[76.19249878398209,16.083711447861063],[76.19207947376366,16.073563335275267],[76.2090324124319,16.070914374412958],[76.21150777499452,16.067768574427802],[76.21349849017315,16.067889769980855],[76.2132033630596,16.066236224968286],[76.2154882423578,16.065787977136956],[76.21873450406297,16.062741255270854],[76.21959908311659,16.062935139008403],[76.22305553532688,16.05995608127027],[76.22530766923634,16.05957999631694],[76.22689064180246,16.05738790080109],[76.2289368279499,16.05642445294413],[76.24439842041437,16.055765986101644],[76.24540283841165,16.063297632782373],[76.25681133292551,16.06354412620329],[76.25885951602781,16.074010037727913],[76.25675431236284,16.085824579394767],[76.25818631855388,16.090470384951075],[76.26080062533812,16.090313111608495],[76.26050284999113,16.09602421172859],[76.26024532096548,16.09692771816631],[76.25551075295546,16.097087767163426],[76.25549862569912,16.09892735210969],[76.25370840281381,16.099210964107733],[76.25257378479591,16.105115922733045],[76.25422986405646,16.110249857122994],[76.24418039480332,16.113696082126005]]]}},{"type":"Feature","properties":{"type":"village","name":"Bekamaladinni","taluk":"Hungund","district":"Bagalkote","village_code":"598972"},"geometry":{"type":"Polygon","coordinates":[[[76.12983862940992,16.08977125499021],[76.12933419573346,16.103742096783314],[76.1304935219133,16.114197513404065],[76.1188131055663,16.112837320575473],[76.1223938540692,16.08668515043016],[76.12527731677382,16.08725450468693],[76.12575866195081,16.08952274070266],[76.12983862940992,16.08977125499021]]]}},{"type":"Feature","properties":{"type":"village","name":"Revadihal","taluk":"Hungund","district":"Bagalkote","village_code":"598971"},"geometry":{"type":"Polygon","coordinates":[[[76.13918112273782,16.091772633721348],[76.13856498086083,16.104274973068563],[76.13703243073162,16.113063278976604],[76.13621929999097,16.114938445619476],[76.1304935219133,16.114197513404065],[76.12933419573346,16.103742096783314],[76.12983862940992,16.08977125499021],[76.13310552721377,16.09133010381312],[76.13548893912223,16.090688399601557],[76.13918112273782,16.091772633721348]]]}},{"type":"Feature","properties":{"type":"village","name":"Haladur","taluk":"Badami","district":"Bagalkote","village_code":"598671"},"geometry":{"type":"Polygon","coordinates":[[[75.83182649906692,16.07251498093424],[75.81550088809755,16.08077945386741],[75.8147137303467,16.072189825422484],[75.81568729480722,16.06691264076337],[75.81557010778177,16.05761691866628],[75.83153573866397,16.055842134682106],[75.84407299687506,16.053287043796495],[75.85569842105528,16.05429624433443],[75.85226054780168,16.06413004666918],[75.85417320387373,16.07168275923764],[75.85108433509119,16.072143301342688],[75.85141119609047,16.074181090203314],[75.84528921515843,16.075409231295946],[75.84151351966248,16.073944711080863],[75.83401777391254,16.074133011975245],[75.83182649906692,16.07251498093424]]]}},{"type":"Feature","properties":{"type":"village","name":"Huvinahalli","taluk":"Hungund","district":"Bagalkote","village_code":"598880"},"geometry":{"type":"Polygon","coordinates":[[[75.88541110996921,16.064153242746563],[75.87915543995999,16.068439946399277],[75.87399639013046,16.07406975272124],[75.86942211660143,16.082365058671584],[75.86806595516983,16.080634779404676],[75.85957484374573,16.076841009681832],[75.8546406404352,16.0708604566483],[75.85220193632267,16.065806426113223],[75.85343487764338,16.061398851295777],[75.87058995970844,16.06156276173021],[75.88082822608821,16.062498174991255],[75.88541110996921,16.064153242746563]]]}},{"type":"Feature","properties":{"type":"village","name":"Kotikall","taluk":"Badami","district":"Bagalkote","village_code":"598667"},"geometry":{"type":"Polygon","coordinates":[[[75.78120226642052,16.067038546597747],[75.77186896465463,16.067067073617675],[75.76760168139077,16.068623747366363],[75.76448533673697,16.08453582323327],[75.75766179672085,16.08516919378169],[75.74375937775567,16.084577533216862],[75.74504633926598,16.07014186737056],[75.74170576793071,16.061937650791364],[75.74909204498015,16.054518036648943],[75.75297524995099,16.05328488817281],[75.75794218697217,16.05345946167477],[75.76189612169522,16.051871088383837],[75.7642193500729,16.033478000953053],[75.776940275132,16.036335506193883],[75.77867230066165,16.03913775341337],[75.77951625080311,16.042739227890596],[75.77872280304861,16.048077131041346],[75.7803386341912,16.052440638128882],[75.77940469890945,16.060921157391984],[75.78120226642052,16.067038546597747]]]}},{"type":"Feature","properties":{"type":"village","name":"Yaragoppa Inam","taluk":"Badami","district":"Bagalkote","village_code":"598646"},"geometry":{"type":"Polygon","coordinates":[[[75.57371331335932,16.079036850214145],[75.56885671909943,16.07803949194957],[75.56193878680824,16.08012454966417],[75.55671314666334,16.079664006193468],[75.55507135959891,16.076287908726194],[75.5524015189638,16.076551780079985],[75.54580250656478,16.069588804753543],[75.5480609574273,16.06484625873275],[75.55684215192464,16.064090473227793],[75.55787173083469,16.065798398063688],[75.55900004088272,16.06575133296938],[75.57283430107402,16.063526003322387],[75.5874037721383,16.063149793902582],[75.58769593481139,16.074723526235484],[75.57371331335932,16.079036850214145]]]}},{"type":"Feature","properties":{"type":"village","name":"Kelawadi","taluk":"Badami","district":"Bagalkote","village_code":"598664"},"geometry":{"type":"Polygon","coordinates":[[[75.71392097770253,16.07283654672628],[75.7127442286978,16.0741651642592],[75.7078872580438,16.07355036486996],[75.70744987372186,16.083748705010265],[75.71309548704188,16.09214215333682],[75.71285485891997,16.102957043195243],[75.70897734297982,16.101598532251067],[75.70564138629015,16.102500969865027],[75.7028443010917,16.101624517730997],[75.69625759740867,16.10206546857368],[75.6958626351277,16.094998024744697],[75.691144342794,16.069765029956862],[75.69222138059885,16.063076596092593],[75.68898117174209,16.054871614272795],[75.69821570194586,16.055853022297757],[75.70621094962135,16.054759249042437],[75.70763312824319,16.053762614214392],[75.70763265393272,16.05267169559173],[75.71312654269957,16.05266959780168],[75.71376558981964,16.05584731691791],[75.71661068997004,16.055941092657953],[75.71672376810137,16.061893908288987],[75.7217405948585,16.062279351640544],[75.72135209775264,16.070627839764857],[75.71472634610085,16.06351559781497],[75.70903574784634,16.063090963907882],[75.7091576375523,16.06131215073935],[75.71018772041724,16.061074590934965],[75.70979447032519,16.05929595397681],[75.70290421063632,16.063887622421593],[75.7063143502021,16.066068331124384],[75.70960104867149,16.065960416989036],[75.71392097770253,16.07283654672628]]]}},{"type":"Feature","properties":{"type":"village","name":"Budihal (S.K.)","taluk":"Hungund","district":"Bagalkote","village_code":"598874"},"geometry":{"type":"Polygon","coordinates":[[[76.20048345399508,16.07229953423001],[76.19207947376366,16.073563335275267],[76.19206702401212,16.078275978416674],[76.1778314190097,16.0746831547222],[76.1717737852998,16.068914518120867],[76.1696785888671,16.061468652834392],[76.19414664006453,16.050957234336817],[76.20214983783025,16.04853280520168],[76.20731514442576,16.053948510975008],[76.19893791332854,16.06897956932748],[76.20048345399508,16.07229953423001]]]}},{"type":"Feature","properties":{"type":"village","name":" ","taluk":"Hungund","district":"Bagalkote","village_code":" "},"geometry":{"type":"Polygon","coordinates":[[[76.20846499966753,16.12251875664398],[76.19246050766613,16.123098035088656],[76.18762854521135,16.11193009786437],[76.20610269188002,16.106583408167136],[76.20846499966753,16.12251875664398]]]}},{"type":"Feature","properties":{"type":"village","name":" ","taluk":"Hungund","district":"Bagalkote","village_code":" "},"geometry":{"type":"Polygon","coordinates":[[[76.1156105639677,16.128701176980456],[76.10113827085428,16.131496643145752],[76.10080190478098,16.129992027189246],[76.09936879815368,16.11547887773518],[76.11583571681221,16.11424692306723],[76.11507819538087,16.12030601806395],[76.1156105639677,16.128701176980456]]]}},{"type":"Feature","properties":{"type":"village","name":"Sheeparamatti","taluk":"Badami","district":"Bagalkote","village_code":"598639"},"geometry":{"type":"Polygon","coordinates":[[[75.44418028821481,16.06926986306654],[75.4417078891943,16.071773813597776],[75.43912201139386,16.081254108349565],[75.43710838558223,16.083071000827896],[75.43648754461799,16.085646656810574],[75.4342779369541,16.088511903737153],[75.43333504457061,16.092565124978858],[75.43033529315584,16.094942585818774],[75.42846556038474,16.094034828169864],[75.42793251985808,16.09295954911601],[75.43123482835212,16.069273502385553],[75.44418028821481,16.06926986306654]]]}},{"type":"Feature","properties":{"type":"village","name":"Kainakatti","taluk":"Badami","district":"Bagalkote","village_code":"598638"},"geometry":{"type":"Polygon","coordinates":[[[75.44705937612402,16.095392603723692],[75.43136852371754,16.096324894785788],[75.43033529315584,16.094942585818774],[75.43333504457061,16.092565124978858],[75.4342779369541,16.088511903737153],[75.43648754461799,16.085646656810574],[75.43710838558223,16.083071000827896],[75.43912201139386,16.081254108349565],[75.4417078891943,16.071773813597776],[75.44418028821481,16.06926986306654],[75.44528653024952,16.069269498789357],[75.44523915220314,16.05390252477168],[75.45037507310903,16.05561785243012],[75.45088528295275,16.05798529060273],[75.44738586791568,16.059301325176442],[75.4474578310548,16.064592267990633],[75.4562630572826,16.068203980841613],[75.45606486557473,16.075171392252052],[75.45334283641489,16.081258595939453],[75.45341377727117,16.08346353365435],[75.44408994374838,16.081998129342974],[75.44171847763656,16.089919559152303],[75.44705937612402,16.095392603723692]]]}},{"type":"Feature","properties":{"type":"village","name":"Madapur","taluk":"Hungund","district":"Bagalkote","village_code":"598878"},"geometry":{"type":"Polygon","coordinates":[[[75.95601592987983,16.113062681762745],[75.95048639416588,16.112599183732083],[75.94122448241393,16.10437423317239],[75.93831108604743,16.09930996781838],[75.93708046597338,16.084879746701365],[75.94389187424159,16.086760783962333],[75.95300730400837,16.092563902808102],[75.95601592987983,16.113062681762745]]]}},{"type":"Feature","properties":{"type":"village","name":"Lingapur","taluk":"Badami","district":"Bagalkote","village_code":"598665"},"geometry":{"type":"Polygon","coordinates":[[[75.73199437065162,16.111012182319264],[75.73032000887838,16.111054460658803],[75.71285485891997,16.102957043195243],[75.71309548704188,16.09214215333682],[75.70744987372186,16.083748705010265],[75.7078872580438,16.07355036486996],[75.7127442286978,16.0741651642592],[75.71392097770253,16.07283654672628],[75.71627578276075,16.072835594616002],[75.72123106503945,16.073971850818],[75.73590545573563,16.085111805715286],[75.73291802202,16.094931904036116],[75.73199437065162,16.111012182319264]]]}},{"type":"Feature","properties":{"type":"village","name":"Bevinamatti","taluk":"Hungund","district":"Bagalkote","village_code":"598931"},"geometry":{"type":"Polygon","coordinates":[[[76.00948054292819,16.07673004572143],[76.00476381006983,16.07919893862927],[76.00350809196507,16.076948070267942],[75.9996616289877,16.0628574876442],[75.99419290113363,16.048965835579637],[75.99410253600594,16.046354246578233],[75.99571227387594,16.042598061977255],[76.00660011024102,16.040504603592847],[76.00913181962984,16.049669366786077],[76.01398140164059,16.050620856998222],[76.01338738257417,16.068359629833672],[76.01496923314447,16.072526395917183],[76.01493600536044,16.073506857121245],[76.01345437982636,16.073935334184714],[76.01288276025151,16.07651954013716],[76.00948054292819,16.07673004572143]]]}},{"type":"Feature","properties":{"type":"village","name":"Gangur","taluk":"Hungund","district":"Bagalkote","village_code":"598928"},"geometry":{"type":"Polygon","coordinates":[[[76.01045068301083,16.088216234016244],[75.99644510331503,16.095535455788365],[75.97785117079478,16.100221458343615],[75.97797119919149,16.106583215706124],[75.96743663788831,16.117445534789255],[75.96465142123137,16.118743403739796],[75.96079317864563,16.11406846326637],[75.95601592987983,16.113062681762745],[75.95300730400837,16.092563902808102],[75.98079416934489,16.08872077565779],[75.99084533102396,16.086031794316163],[76.00102872830618,16.081058278770644],[76.00286066086845,16.08109103673938],[76.00681578226599,16.078576551954743],[76.01045068301083,16.088216234016244]]]}},{"type":"Feature","properties":{"type":"village","name":"Kirasur","taluk":"Hungund","district":"Bagalkote","village_code":"598925"},"geometry":{"type":"Polygon","coordinates":[[[76.0203123774201,16.113253210146908],[76.00431727730502,16.129609966869484],[75.99906007215768,16.13209250872297],[75.99115638257256,16.12943533688428],[75.99148547858029,16.126231342992234],[75.99333437313176,16.122705975028627],[75.99329432533808,16.118174134630408],[75.99905933643745,16.114240407261402],[76.00127920196358,16.114078660727024],[76.00567911339428,16.11147864339747],[76.01046480722206,16.112285621320407],[76.01649652094275,16.10821780902665],[76.0203123774201,16.113253210146908]]]}},{"type":"Feature","properties":{"type":"village","name":"Chittaragi","taluk":"Hungund","district":"Bagalkote","village_code":"598927"},"geometry":{"type":"Polygon","coordinates":[[[75.98836328679226,16.134971380183252],[75.98250317015545,16.13837214582875],[75.98048832622828,16.13819241165244],[75.97617586129894,16.13321520896153],[75.97465826632256,16.12717483537906],[75.96898655155366,16.12349040763509],[75.96465142123137,16.118743403739796],[75.96743663788831,16.117445534789255],[75.97797119919149,16.106583215706124],[75.97785117079478,16.100221458343615],[75.99644510331503,16.095535455788365],[76.01045068301083,16.088216234016244],[76.01565747739939,16.095570454571675],[76.01878275310376,16.106877024951586],[76.0120356561251,16.111658404391605],[76.0089268654045,16.112582938096125],[76.00567911339428,16.11147864339747],[76.00127920196358,16.114078660727024],[75.99905933643745,16.114240407261402],[75.99329432533808,16.118174134630408],[75.99333437313176,16.122705975028627],[75.99148547858029,16.126231342992234],[75.99062440115965,16.132625186280684],[75.98836328679226,16.134971380183252]]]}},{"type":"Feature","properties":{"type":"village","name":"Honnarahalli","taluk":"Hungund","district":"Bagalkote","village_code":"598934"},"geometry":{"type":"Polygon","coordinates":[[[76.00476381006983,16.07919893862927],[76.00286066086845,16.08109103673938],[76.00102872830618,16.081058278770644],[75.99084533102396,16.086031794316163],[75.98079416934489,16.08872077565779],[75.95300730400837,16.092563902808102],[75.94389187424159,16.086760783962333],[75.93708046597338,16.084879746701365],[75.93594458761913,16.078575818255405],[75.93040494316328,16.075679072762863],[75.9464922948682,16.065903169264008],[75.94900777708972,16.069937285086624],[75.98403410780874,16.073627836831108],[75.9990600443099,16.077528339713137],[76.00350809196507,16.076948070267942],[76.00476381006983,16.07919893862927]]]}},{"type":"Feature","properties":{"type":"village","name":"Jalageri","taluk":"Badami","district":"Bagalkote","village_code":"598634"},"geometry":{"type":"Polygon","coordinates":[[[75.55514977803163,16.133342230811134],[75.54424245002156,16.135638751298],[75.54728833980764,16.12719686685764],[75.53909294389359,16.128426788171055],[75.53850556517374,16.12520110526979],[75.52334272901652,16.125478800275783],[75.52344204495772,16.12303612042815],[75.52095461173259,16.117639378083087],[75.51791332940562,16.11593021263072],[75.51654049075076,16.11398476139173],[75.51688716768689,16.10810327490788],[75.51620129498431,16.106205588671358],[75.51870478829007,16.104024932047693],[75.51860854279052,16.100609711785538],[75.52260758372061,16.09990018802783],[75.52179872267249,16.098571669214774],[75.52268315269728,16.09617675508023],[75.52170564642925,16.08899017007537],[75.52411203634438,16.084200599734853],[75.52175793197206,16.082728973176213],[75.52308370339762,16.080405451404577],[75.52173703985349,16.07576814772963],[75.54580250656478,16.069588804753543],[75.5524015189638,16.076551780079985],[75.55507135959891,16.076287908726194],[75.55671314666334,16.079664006193468],[75.56193878680824,16.08012454966417],[75.55943508599165,16.08515167362202],[75.57017136668685,16.113757048652193],[75.56104430104217,16.11527215008737],[75.55584159937803,16.11953945416686],[75.55514977803163,16.133342230811134]]]}},{"type":"Feature","properties":{"type":"village","name":"Neerabudihal","taluk":"Badami","district":"Bagalkote","village_code":"598626"},"geometry":{"type":"Polygon","coordinates":[[[75.54424245002156,16.135638751298],[75.53451282772198,16.13767430219108],[75.52606015161562,16.137350233705423],[75.51326555122846,16.135197385837124],[75.50862766709587,16.135930077126304],[75.50957632396849,16.108040023019953],[75.51321077735234,16.101792662035564],[75.51826442784959,16.10184275489087],[75.51870478829007,16.104024932047693],[75.51620129498431,16.106205588671358],[75.51688716768689,16.10810327490788],[75.51654049075076,16.11398476139173],[75.51791332940562,16.11593021263072],[75.52095461173259,16.117639378083087],[75.52344204495772,16.12303612042815],[75.52334272901652,16.125478800275783],[75.53850556517374,16.12520110526979],[75.53909294389359,16.128426788171055],[75.54728833980764,16.12719686685764],[75.54424245002156,16.135638751298]]]}},{"type":"Feature","properties":{"type":"village","name":"Kadarakoppa","taluk":"Badami","district":"Bagalkote","village_code":"598622"},"geometry":{"type":"Polygon","coordinates":[[[75.49106009482199,16.120393566222944],[75.4874443686169,16.124190841844026],[75.48425566107368,16.122588476296404],[75.48368798061134,16.12733302099581],[75.47222179898489,16.127455860382817],[75.47210191970852,16.13083567064457],[75.45392050434656,16.136508871091255],[75.45042874475232,16.13692574477099],[75.45011975393899,16.135624557866326],[75.41858529240865,16.136224849048176],[75.41782301439787,16.134765519403345],[75.41286079263361,16.133840122677373],[75.4119394014265,16.130648049176752],[75.41453252863126,16.121445706577465],[75.44899363398366,16.124085141762002],[75.45132719029218,16.126994119343532],[75.47512753182374,16.123952882602772],[75.47523921307479,16.113506318806408],[75.48225965481802,16.113670267379586],[75.48744162426371,16.094121258976145],[75.50001687043152,16.094658383400866],[75.50280715628162,16.104953014846405],[75.49092983820749,16.105130616334993],[75.49106009482199,16.120393566222944]]]}},{"type":"Feature","properties":{"type":"village","name":"Karadigudd S.A.","taluk":"Badami","district":"Bagalkote","village_code":"598625"},"geometry":{"type":"Polygon","coordinates":[[[75.50957632396849,16.108040023019953],[75.50825750101167,16.139605930896632],[75.5069683556969,16.141158566880108],[75.50617238816805,16.13870353101676],[75.50315664224964,16.135001950352773],[75.49912334676111,16.131867045769816],[75.49762337493401,16.129164588175744],[75.495234282978,16.12845209616495],[75.49517182491292,16.125546767054967],[75.49106009482199,16.120393566222944],[75.49092983820749,16.105130616334993],[75.51134461268954,16.104768114284774],[75.50957632396849,16.108040023019953]]]}},{"type":"Feature","properties":{"type":"village","name":"Kadiwal(Inam)","taluk":"Hungund","district":"Bagalkote","village_code":"598961"},"geometry":{"type":"Polygon","coordinates":[[[76.14608858336774,16.09168632704513],[76.13796282844778,16.11679089392957],[76.14120222792249,16.119506197688835],[76.14106271776225,16.129243343221567],[76.1156105639677,16.128701176980456],[76.11507819538087,16.12030601806395],[76.11616297576516,16.11245765920508],[76.13621929999097,16.114938445619476],[76.13856498086083,16.104274973068563],[76.13918112273782,16.091772633721348],[76.14608858336774,16.09168632704513]]]}},{"type":"Feature","properties":{"type":"village","name":"Turamari","taluk":"Hungund","district":"Bagalkote","village_code":"598979"},"geometry":{"type":"Polygon","coordinates":[[[76.17566983168766,16.082690193225456],[76.14369060887022,16.087258518278563],[76.14272313498732,16.08565908178214],[76.14320422683943,16.082979652126635],[76.14039542311806,16.08042689335332],[76.1373292107453,16.071272871671987],[76.1706985306508,16.066881494692254],[76.17321341998425,16.07069901315892],[76.1778314190097,16.0746831547222],[76.17861249516612,16.077177101869477],[76.17566983168766,16.082690193225456]]]}},{"type":"Feature","properties":{"type":"village","name":"Hemawadgi","taluk":"Hungund","district":"Bagalkote","village_code":"598978"},"geometry":{"type":"Polygon","coordinates":[[[76.19206702401212,16.078275978416674],[76.19214869344786,16.08488633597545],[76.18776077272958,16.08629738592318],[76.18695396792515,16.09178284700066],[76.1790410589303,16.089313382820464],[76.17637195221877,16.087221933308932],[76.17566983168766,16.082690193225456],[76.17861249516612,16.077177101869477],[76.1778314190097,16.0746831547222],[76.19206702401212,16.078275978416674]]]}},{"type":"Feature","properties":{"type":"village","name":"Ghattiganur","taluk":"Hungund","district":"Bagalkote","village_code":"598977"},"geometry":{"type":"Polygon","coordinates":[[[76.14608858336774,16.09168632704513],[76.13918112273782,16.091772633721348],[76.13548893912223,16.090688399601557],[76.13310552721377,16.09133010381312],[76.12983862940992,16.08977125499021],[76.12575866195081,16.08952274070266],[76.12527731677382,16.08725450468693],[76.12294998489193,16.086667090078198],[76.12298286772288,16.07818156323186],[76.1215434944482,16.07640129416768],[76.11804800235399,16.07470231673355],[76.11981926539693,16.070134265922906],[76.11962308861024,16.06780274509154],[76.12144565174407,16.065656645099583],[76.1210391047892,16.063709197655243],[76.12215129187449,16.0619967418278],[76.12256263583299,16.05588343890171],[76.130725764262,16.055594238395933],[76.13312785124693,16.06359175465267],[76.13664211813055,16.06830433971945],[76.13758634810549,16.07380766920599],[76.14039542311806,16.08042689335332],[76.14320422683943,16.082979652126635],[76.14272313498732,16.08565908178214],[76.14577521506403,16.08948591706348],[76.14608858336774,16.09168632704513]]]}},{"type":"Feature","properties":{"type":"village","name":"Konnur","taluk":"Hungund","district":"Bagalkote","village_code":"598969"},"geometry":{"type":"Polygon","coordinates":[[[76.1792176820882,16.103171137022734],[76.17289410213843,16.103479819383942],[76.17262147333115,16.097118060941636],[76.16983592339923,16.0968700857886],[76.16978393519881,16.094163603920812],[76.167643452896,16.094322131761533],[76.1677178280116,16.092293361840586],[76.17853621921533,16.088911382648906],[76.18695396792515,16.09178284700066],[76.1792176820882,16.103171137022734]]]}},{"type":"Feature","properties":{"type":"village","name":"Hagedal","taluk":"Hungund","district":"Bagalkote","village_code":"598973"},"geometry":{"type":"Polygon","coordinates":[[[76.11583571681221,16.11424692306723],[76.09936879815368,16.11547887773518],[76.10146964139628,16.09749607984906],[76.11144058801207,16.069916876999372],[76.12220706557554,16.076898317270818],[76.12316509457155,16.079257012899088],[76.12294998489193,16.086667090078198],[76.12226298390533,16.08702401822541],[76.1188131055663,16.112837320575473],[76.11616297576516,16.11245765920508],[76.11583571681221,16.11424692306723]]]}},{"type":"Feature","properties":{"type":"village","name":"Pochapur","taluk":"Hungund","district":"Bagalkote","village_code":"598965"},"geometry":{"type":"Polygon","coordinates":[[[76.2442050077438,16.115869363279447],[76.2280111445923,16.119587120970206],[76.21875629539512,16.119645494967777],[76.20846499966753,16.12251875664398],[76.20610269188002,16.106583408167136],[76.22375034087662,16.114072225176653],[76.24408450862991,16.109652155789842],[76.24478840872361,16.114337385731872],[76.2442050077438,16.115869363279447]]]}},{"type":"Feature","properties":{"type":"village","name":"Timmapur","taluk":"Hungund","district":"Bagalkote","village_code":"598926"},"geometry":{"type":"Polygon","coordinates":[[[76.01560840063878,16.07432502960536],[76.01754051421987,16.0792284910805],[76.01890391517436,16.081375405304936],[76.0200488260888,16.08137601210892],[76.02116446629802,16.083807446894184],[76.02085896543959,16.087214159023606],[76.02780001677296,16.094582482723652],[76.04252319317555,16.10270833309528],[76.0414417742871,16.106783444126133],[76.06319366142513,16.108219001757405],[76.06407918020803,16.116311625308075],[76.0631421313655,16.123387071747015],[76.02615537126931,16.12189513190693],[76.02423208902579,16.116978249763793],[76.02230676042005,16.116150480256614],[76.01649652094275,16.10821780902665],[76.01878275310376,16.106877024951586],[76.0167963660082,16.09835887800727],[76.01045068301083,16.088216234016244],[76.00681578226599,16.078576551954743],[76.00948054292819,16.07673004572143],[76.01288276025151,16.07651954013716],[76.01560840063878,16.07432502960536]]]}},{"type":"Feature","properties":{"type":"village","name":"Manmathanal","taluk":"Hungund","district":"Bagalkote","village_code":"598964"},"geometry":{"type":"Polygon","coordinates":[[[76.19397609311122,16.126377864626477],[76.18888603659043,16.12719726468418],[76.18745932686632,16.12407546260272],[76.17640246080245,16.11553401663592],[76.17376135637497,16.1144231302257],[76.17289410213843,16.103479819383942],[76.1792176820882,16.103171137022734],[76.18543526712266,16.108071973040754],[76.19397609311122,16.126377864626477]]]}},{"type":"Feature","properties":{"type":"village","name":" ","taluk":"Badami","district":"Bagalkote","village_code":" "},"geometry":{"type":"Polygon","coordinates":[[[75.67411493773217,16.041926016651733],[75.67568854266649,16.05800558509955],[75.68324792057957,16.075743754901858],[75.68187565055833,16.08062975577415],[75.67039465930608,16.07550958826417],[75.66989659378669,16.04178454108825],[75.67411493773217,16.041926016651733]]]}},{"type":"Feature","properties":{"type":"village","name":"Kakanur","taluk":"Badami","district":"Bagalkote","village_code":"598708"},"geometry":{"type":"Polygon","coordinates":[[[75.74375937775567,16.084577533216862],[75.73590545573563,16.085111805715286],[75.72123106503945,16.073971850818],[75.7217405948585,16.062279351640544],[75.73581971513501,16.062889375871634],[75.74170576793071,16.061937650791364],[75.74504633926598,16.07014186737056],[75.74375937775567,16.084577533216862]]]}},{"type":"Feature","properties":{"type":"village","name":"Hulasageri","taluk":"Badami","district":"Bagalkote","village_code":"598660"},"geometry":{"type":"Polygon","coordinates":[[[75.64906572685156,16.060923262001097],[75.63773407692206,16.06063947105829],[75.63493844879098,16.07050571188613],[75.62905159469803,16.07031605317823],[75.62870823883351,16.0737313022067],[75.6257157449079,16.08169999768571],[75.62355707980544,16.08426137161632],[75.62282114668703,16.084925480609293],[75.61531497598818,16.084735378188878],[75.63081705103096,16.046362231382833],[75.63611477558754,16.050773416191085],[75.64602384534828,16.055753281287956],[75.6487680009119,16.031040307409107],[75.65201658476205,16.030948752654936],[75.65402753539078,16.031233128100716],[75.65313362005494,16.034573579794557],[75.65389435476004,16.0375854913807],[75.65109984503148,16.048021217164283],[75.65085563802147,16.05648804757849],[75.64906572685156,16.060923262001097]]]}},{"type":"Feature","properties":{"type":"village","name":" ","taluk":"Badami","district":"Bagalkote","village_code":" "},"geometry":{"type":"Polygon","coordinates":[[[75.46745785067522,16.085062185097005],[75.45341377727117,16.08346353365435],[75.45334283641489,16.081258595939453],[75.45606486557473,16.075171392252052],[75.4562630572826,16.068203980841613],[75.4474578310548,16.064592267990633],[75.44738586791568,16.059301325176442],[75.449222162697,16.059002468023472],[75.44973105111892,16.057818504273627],[75.45088528295275,16.05798529060273],[75.45102603907632,16.059399476875356],[75.45381096917068,16.059398492760184],[75.45394582336282,16.057622769887477],[75.46004849141458,16.05785091385761],[75.46052153076843,16.060494044725623],[75.46268076360617,16.06137874101723],[75.496406291573,16.064326871830303],[75.49886088778118,16.066422052242206],[75.4999342397984,16.07004053312624],[75.5029264741109,16.07051664790246],[75.50405197243207,16.075118304304684],[75.49497398085308,16.075998623938922],[75.4958957017419,16.077742176101378],[75.487535709315,16.078460541108768],[75.46745785067522,16.085062185097005]]]}},{"type":"Feature","properties":{"type":"village","name":" ","taluk":"Badami","district":"Bagalkote","village_code":" "},"geometry":{"type":"Polygon","coordinates":[[[75.46745785067522,16.085062185097005],[75.46671267838408,16.090651638323326],[75.46851674161302,16.090750358881685],[75.46851723119482,16.091902546802164],[75.46358724008465,16.093287117568835],[75.44705937612402,16.095392603723692],[75.44171847763656,16.089919559152303],[75.44408994374838,16.081998129342974],[75.46745785067522,16.085062185097005]]]}},{"type":"Feature","properties":{"type":"village","name":"Yemmihatti","taluk":"Hungund","district":"Bagalkote","village_code":"598945"},"geometry":{"type":"Polygon","coordinates":[[[75.91177238667909,16.091797275749038],[75.90724892815074,16.09537644471563],[75.90030435272652,16.09871636772702],[75.89582767037334,16.10534973859054],[75.89072401156254,16.108833799999125],[75.88917827955481,16.111652748080502],[75.88762531071922,16.109940929834163],[75.88588658465585,16.10954341264191],[75.87702472324264,16.11125594718439],[75.87670227386971,16.106629214751276],[75.87430922213994,16.103516017293288],[75.90040220890533,16.096140916608082],[75.91177238667909,16.091797275749038]]]}},{"type":"Feature","properties":{"type":"village","name":"Kadapatti S.K","taluk":"Badami","district":"Bagalkote","village_code":"598656"},"geometry":{"type":"Polygon","coordinates":[[[75.73032000887838,16.111054460658803],[75.71217203330285,16.112325273191324],[75.68924343219433,16.10861334991259],[75.68933941718244,16.101925264804173],[75.7028443010917,16.101624517730997],[75.70564138629015,16.102500969865027],[75.70897734297982,16.101598532251067],[75.72433830526786,16.10764806264581],[75.73032000887838,16.111054460658803]]]}},{"type":"Feature","properties":{"type":"village","name":" ","taluk":"Hungund","district":"Bagalkote","village_code":" "},"geometry":{"type":"Polygon","coordinates":[[[75.91063418977308,16.125272077877913],[75.90540742673403,16.1257987882106],[75.90065643841896,16.123435575579315],[75.90504166598802,16.118352645968507],[75.90929949268686,16.117112247359746],[75.91063418977308,16.125272077877913]]]}},{"type":"Feature","properties":{"type":"village","name":" ","taluk":"Mudhol","district":"Bagalkote","village_code":" "},"geometry":{"type":"Polygon","coordinates":[[[75.4083839440921,16.12778172534629],[75.3999888760466,16.128302390881206],[75.3957675209483,16.12422263306383],[75.38821401172898,16.127395003350976],[75.38691843357843,16.113605120341308],[75.40463776184649,16.11388373085961],[75.40526508235885,16.1206747579068],[75.40718671619382,16.12407230928166],[75.40698138826933,16.126254701821054],[75.4083839440921,16.12778172534629]]]}},{"type":"Feature","properties":{"type":"village","name":" ","taluk":"Hungund","district":"Bagalkote","village_code":" "},"geometry":{"type":"Polygon","coordinates":[[[76.0782131623956,16.13803508640672],[76.07002314020359,16.138304186038685],[76.0631421313655,16.123387071747015],[76.06407918020803,16.116311625308075],[76.06319366142513,16.108219001757405],[76.0414417742871,16.106783444126133],[76.04252319317555,16.10270833309528],[76.02780001677296,16.094582482723652],[76.02085896543959,16.087214159023606],[76.02116446629802,16.083807446894184],[76.0200488260888,16.08137601210892],[76.01890391517436,16.081375405304936],[76.01754051421987,16.0792284910805],[76.01560840063878,16.07432502960536],[76.01822566916853,16.073720974920843],[76.02055872421711,16.071553299933584],[76.02225098132911,16.061347142599864],[76.04301717675031,16.060990453232506],[76.04518140062775,16.059170322939522],[76.04845700131008,16.059275529259338],[76.04919777814453,16.05291840418062],[76.04955326036706,16.051825165584354],[76.05077291201148,16.051640333007704],[76.05043724572579,16.049444290249795],[76.05691065388515,16.04385278466893],[76.05634348097098,16.022200439946097],[76.0552392287046,16.013655756190968],[76.0566833926947,16.011835360281722],[76.0607038638342,16.017575045037482],[76.0672068589058,16.01818239477361],[76.0685690094054,16.025321871613713],[76.07274123384418,16.024613613639648],[76.0727278588279,16.04003036042314],[76.0744649472625,16.062211486648625],[76.09295911468391,16.067786564849214],[76.08816152626348,16.084390719066757],[76.08529193893673,16.08495947914734],[76.08425703122043,16.095125565632593],[76.08209300497231,16.09575316538251],[76.0819801855558,16.09854098899454],[76.08026015702676,16.098987964129613],[76.08000198840062,16.103899337048965],[76.07903907975601,16.104509093715066],[76.07801914695548,16.10890526608566],[76.0782131623956,16.13803508640672]],[[76.05026099806366,16.070798067331598],[76.05779058963856,16.06688324790515],[76.05908505118319,16.06691528568879],[76.05958428541079,16.06898482718427],[76.06447716801488,16.068191153381424],[76.06560926625843,16.06418814260424],[76.06767942844078,16.063989969789812],[76.06779269162506,16.06004094886144],[76.06951222518238,16.06014537261139],[76.06919118436782,16.055455139643612],[76.06815841374355,16.05570336932713],[76.06815926444813,16.052951701157944],[76.06615944214913,16.05269812342804],[76.06867934498017,16.04776476783274],[76.0657919359765,16.047158480290705],[76.05924016687656,16.05012504938977],[76.05568907535446,16.049798553710396],[76.05568949935929,16.04869149200874],[76.0547643478044,16.04855115390708],[76.05446468779189,16.050281604307678],[76.05557663502701,16.050684102987763],[76.05554827162021,16.051637428891556],[76.05431953082177,16.051121963139156],[76.05506062655812,16.056485491431435],[76.04893901842694,16.057269518285604],[76.04882551808741,16.060866135408737],[76.05048315772163,16.064219363335457],[76.05026099806366,16.070798067331598]]]}},{"type":"Feature","properties":{"type":"village","name":"Kanasageri","taluk":"Mudhol","district":"Bagalkote","village_code":"598610"},"geometry":{"type":"Polygon","coordinates":[[[75.31470385244161,16.191668284816778],[75.28889741208218,16.19226446683564],[75.28603785983547,16.187600359013913],[75.2859059179815,16.179435663952738],[75.28440667468804,16.176373160681784],[75.30587068591353,16.166227237221737],[75.3092697510485,16.16602504822958],[75.3106089208465,16.173824143138134],[75.31344026509498,16.180259132043265],[75.31470385244161,16.191668284816778]]]}},{"type":"Feature","properties":{"type":"village","name":"Chawadapur","taluk":"Mudhol","district":"Bagalkote","village_code":"598608"},"geometry":{"type":"Polygon","coordinates":[[[75.39830354404712,16.188613367198023],[75.36296319194915,16.196931958181803],[75.3605183370719,16.188446414691494],[75.3650875656623,16.17150752594141],[75.36774920917046,16.164908142335932],[75.36878126383743,16.167314637759215],[75.38950693535784,16.168796591072915],[75.40356137711687,16.171167487746274],[75.40583635428568,16.18902361077502],[75.39830354404712,16.188613367198023]]]}},{"type":"Feature","properties":{"type":"village","name":"Kesarapenti","taluk":"Hungund","district":"Bagalkote","village_code":"598958"},"geometry":{"type":"Polygon","coordinates":[[[76.19397609311122,16.126377864626477],[76.20173006408116,16.13665010576072],[76.2028362782681,16.14445741917963],[76.19100318066216,16.14061161220114],[76.19038578024548,16.1395996351038],[76.18766242786724,16.130780674072213],[76.18888603659043,16.12719726468418],[76.19397609311122,16.126377864626477]]]}},{"type":"Feature","properties":{"type":"village","name":"Jalikatti(B.K)","taluk":"Mudhol","district":"Bagalkote","village_code":"598616"},"geometry":{"type":"Polygon","coordinates":[[[75.43510199570018,16.156774989152293],[75.43524769255781,16.15944983218073],[75.43800166311422,16.160366291141965],[75.44130978999637,16.16899987813944],[75.44540660356198,16.172432575647075],[75.44559528300931,16.17712699893305],[75.43687026286166,16.175493979611506],[75.42143620915051,16.174752159370467],[75.3990121090921,16.16986216471571],[75.3971086885995,16.165181333908947],[75.38919745765759,16.154279127319207],[75.39306281939196,16.144528384887565],[75.40856776904364,16.136877163126687],[75.41858529240865,16.136224849048176],[75.42363032087579,16.141227856287067],[75.4258474761847,16.146606466326237],[75.42888720801952,16.150466702960518],[75.43227477921046,16.15277019595448],[75.43510199570018,16.156774989152293]]]}},{"type":"Feature","properties":{"type":"village","name":" ","taluk":"Hungund","district":"Bagalkote","village_code":" "},"geometry":{"type":"Polygon","coordinates":[[[76.08150530824882,16.174724746132405],[76.07082054234193,16.17921791175566],[76.0684906224137,16.168310014591388],[76.0706332382153,16.16358445887516],[76.07042809264883,16.16139748218499],[76.07378498277953,16.161050474019174],[76.07401537459879,16.138038583809465],[76.0782131623956,16.13803508640672],[76.08150530824882,16.174724746132405]]]}},{"type":"Feature","properties":{"type":"village","name":" ","taluk":"Hungund","district":"Bagalkote","village_code":" "},"geometry":{"type":"Polygon","coordinates":[[[76.17981843492605,16.181424281165086],[76.17207167293624,16.184923164007387],[76.16712814421474,16.15610623542445],[76.16365234408987,16.144517280372167],[76.16716783088567,16.14457539678599],[76.17707959469394,16.16758971982589],[76.17981843492605,16.181424281165086]]]}},{"type":"Feature","properties":{"type":"village","name":"Kengalkadapatti","taluk":"Hungund","district":"Bagalkote","village_code":"598912"},"geometry":{"type":"Polygon","coordinates":[[[76.05106850355403,16.185483172271486],[76.04116849509956,16.189048773846356],[76.03905715594121,16.194921795061273],[76.03543308798037,16.195381105225017],[76.03607512199879,16.18173598702642],[76.03754376687698,16.18064769788405],[76.04138084964622,16.173429000837704],[76.04469077585388,16.17410360931489],[76.04694605117189,16.181731395596803],[76.05106850355403,16.185483172271486]]]}},{"type":"Feature","properties":{"type":"village","name":"Kamaladinni","taluk":"Hungund","district":"Bagalkote","village_code":"598960"},"geometry":{"type":"Polygon","coordinates":[[[76.19055064265969,16.143512531850096],[76.1808422960593,16.147459622958138],[76.17920081711705,16.144997569725664],[76.16365234408987,16.144517280372167],[76.15639497528369,16.13030362426956],[76.18715220814204,16.12843124535368],[76.19100318066216,16.14061161220114],[76.19055064265969,16.143512531850096]]]}},{"type":"Feature","properties":{"type":"village","name":"Dasbal","taluk":"Hungund","district":"Bagalkote","village_code":"598957"},"geometry":{"type":"Polygon","coordinates":[[[76.21411849929741,16.138380498851284],[76.21270528226886,16.145664675791643],[76.21290400398277,16.151149806131663],[76.20591922176303,16.15005453538689],[76.20510467797244,16.147253448133313],[76.2028362782681,16.14445741917963],[76.20173006408116,16.13665010576072],[76.19397609311122,16.126377864626477],[76.19246050766613,16.123098035088656],[76.20846499966753,16.12251875664398],[76.20895682728559,16.125157353399675],[76.21373338075533,16.13433225235025],[76.21411849929741,16.138380498851284]]]}},{"type":"Feature","properties":{"type":"village","name":"Ramawadgi","taluk":"Hungund","district":"Bagalkote","village_code":"598974"},"geometry":{"type":"Polygon","coordinates":[[[76.10113827085428,16.131496643145752],[76.10037552032965,16.13780417485072],[76.09706522401613,16.142552470275305],[76.09682130716195,16.14848505690698],[76.0782131623956,16.13803508640672],[76.07801914695548,16.10890526608566],[76.07903907975601,16.104509093715066],[76.08000198840062,16.103899337048965],[76.08026015702676,16.098987964129613],[76.0819801855558,16.09854098899454],[76.08209300497231,16.09575316538251],[76.08425703122043,16.095125565632593],[76.08529193893673,16.08495947914734],[76.08816152626348,16.084390719066757],[76.09195834474504,16.07236345439717],[76.09295911468391,16.067786564849214],[76.09231498040441,16.063164122866656],[76.09786172963581,16.06324180087172],[76.10050621981362,16.065528401620746],[76.10499682066381,16.066635959272386],[76.10780966680394,16.06981722159107],[76.11144058801207,16.069916876999372],[76.10796310085112,16.077990993423565],[76.10661195471374,16.08463737364493],[76.1007588655974,16.10101574215326],[76.0993175420802,16.114078134283993],[76.10113827085428,16.131496643145752]]]}},{"type":"Feature","properties":{"type":"village","name":"Hosakoti","taluk":"Mudhol","district":"Bagalkote","village_code":"598612"},"geometry":{"type":"Polygon","coordinates":[[[75.31089681562372,16.165682147332795],[75.30587068591353,16.166227237221737],[75.2923984342053,16.17276028878497],[75.28714815057718,16.15134115211618],[75.27849617334356,16.12962670817136],[75.27586913024524,16.120299555099844],[75.28623228400905,16.119274081366342],[75.28770155680964,16.126178789932144],[75.2975997767184,16.14348801964256],[75.2976686307883,16.146705095174077],[75.29957978218219,16.148757101977917],[75.29915374268397,16.150532668813657],[75.30070918188662,16.153908409411198],[75.30537873792122,16.156033705228612],[75.30707388311687,16.161505986337687],[75.30948100965051,16.163151478387842],[75.31089681562372,16.165682147332795]]]}},{"type":"Feature","properties":{"type":"village","name":"Lokapur","taluk":"Mudhol","district":"Bagalkote","village_code":"598615"},"geometry":{"type":"Polygon","coordinates":[[[75.34893927763842,16.167199942826816],[75.3345195548337,16.172312217028388],[75.33140524666065,16.174353820680203],[75.3273525295957,16.170566519193297],[75.32714283226565,16.167977465056968],[75.322740031853,16.16263573970963],[75.32175906168128,16.1597302022138],[75.32246130168834,16.156215099695398],[75.32022718528852,16.154321304963222],[75.32064396135955,16.15161941705367],[75.3198266471646,16.148876623283716],[75.32716649029696,16.147794069943544],[75.33555365676125,16.14522951784593],[75.33457766774778,16.14022744012276],[75.33877100888394,16.139415026594502],[75.33988738571168,16.144285964778323],[75.34890510572501,16.142931929020047],[75.35086352377424,16.145972977885762],[75.35295775182307,16.146040993719176],[75.3609261425665,16.14389592267676],[75.36557475527853,16.152060624235677],[75.34935724936709,16.15313890382666],[75.34530274016316,16.161790928092003],[75.34893927763842,16.167199942826816]]]}},{"type":"Feature","properties":{"type":"village","name":"Bhairamatti","taluk":"Bagalkot","district":"Bagalkote","village_code":"598856"},"geometry":{"type":"Polygon","coordinates":[[[75.87104026180418,16.184023810148563],[75.86898764731258,16.184692444378133],[75.86841228535627,16.192215476076637],[75.86241313466628,16.19094544232812],[75.84943370680777,16.18521484082009],[75.8492702574435,16.183651469187687],[75.84351929060527,16.1831265270349],[75.83842901489561,16.174730614605235],[75.84245718369878,16.159843388090483],[75.84245764633116,16.157014846872784],[75.85915333984138,16.155635748154438],[75.85910586298029,16.152814928826793],[75.86442130590751,16.15297350985374],[75.86463004024358,16.15486163911605],[75.86771712497196,16.154080678630894],[75.87003962481593,16.161316817579824],[75.87219074407001,16.17382597995608],[75.8701381861723,16.174124129190133],[75.87104026180418,16.184023810148563]]]}},{"type":"Feature","properties":{"type":"village","name":"Khajjidoni","taluk":"Bagalkot","district":"Bagalkote","village_code":"598799"},"geometry":{"type":"Polygon","coordinates":[[[75.45881937512034,16.188484610598163],[75.45475922719135,16.188519191798267],[75.45222400898304,16.186152408041107],[75.44510630035577,16.18270279030655],[75.44453042007153,16.180488969102246],[75.44584180407948,16.17353488594121],[75.44473768656039,16.171556235398864],[75.44130978999637,16.16899987813944],[75.43800166311422,16.160366291141965],[75.43524769255781,16.15944983218073],[75.43510199570018,16.156774989152293],[75.45929951385989,16.155285130101845],[75.46132752619081,16.174839681719693],[75.46116238889212,16.182416966811434],[75.45914345763043,16.184618221677578],[75.45881937512034,16.188484610598163]]]}},{"type":"Feature","properties":{"type":"village","name":"Simikeri","taluk":"Bagalkot","district":"Bagalkote","village_code":"598797"},"geometry":{"type":"Polygon","coordinates":[[[75.58909757255597,16.188373224325872],[75.57157283824304,16.192306211932095],[75.57274069931637,16.184918924638534],[75.56862612426094,16.15517737838559],[75.5699512605776,16.15494066177499],[75.57186634030424,16.151099030273773],[75.58407409916404,16.151350931760156],[75.59303167876574,16.14492546517509],[75.59417399624397,16.149144041114877],[75.59679145611484,16.15243383580396],[75.60714948139672,16.147800723568675],[75.60942192441813,16.154603818670697],[75.6099366402113,16.162975777916394],[75.61269646778335,16.175249274928078],[75.61637743593262,16.181700341758976],[75.6168190540145,16.184546313610998],[75.58909757255597,16.188373224325872]]]}},{"type":"Feature","properties":{"type":"village","name":"Kadiwal Kallapur","taluk":"Hungund","district":"Bagalkote","village_code":"598868"},"geometry":{"type":"Polygon","coordinates":[[[75.88395988881426,16.14786882678705],[75.8858686192485,16.1589930804218],[75.88279667113264,16.167965456795024],[75.87992466464284,16.168030076041067],[75.87959074917362,16.170353862265188],[75.87564989392112,16.170547505354097],[75.87544956062959,16.173645825908704],[75.87219074407001,16.17382597995608],[75.87003962481593,16.161316817579824],[75.86771712497196,16.154080678630894],[75.88395988881426,16.14786882678705]]]}},{"type":"Feature","properties":{"type":"village","name":"Mannikatti","taluk":"Bagalkot","district":"Bagalkote","village_code":"598858"},"geometry":{"type":"Polygon","coordinates":[[[75.80164460301211,16.168720239089307],[75.78532920409087,16.175559020869954],[75.78147317495399,16.17290954716857],[75.77667517959672,16.175071589659318],[75.76967185255629,16.16526965427187],[75.78127047011014,16.156923554670996],[75.78986237071248,16.158734599260058],[75.79221341182969,16.160149852713392],[75.80055529871206,16.156213016805008],[75.80164460301211,16.168720239089307]]]}},{"type":"Feature","properties":{"type":"village","name":"Jalikatti(K.D)","taluk":"Mudhol","district":"Bagalkote","village_code":"598621"},"geometry":{"type":"Polygon","coordinates":[[[75.33457766774778,16.14022744012276],[75.33555365676125,16.14522951784593],[75.32192571443784,16.14853827363562],[75.32396317165568,16.11569494039362],[75.32783338788582,16.115352462355574],[75.33066058820589,16.11806863500905],[75.33876489764504,16.121648823085778],[75.33926971939367,16.123046133612366],[75.33606177802193,16.129067431423454],[75.33457766774778,16.14022744012276]]]}},{"type":"Feature","properties":{"type":"village","name":"Mallapur(P.L)","taluk":"Mudhol","district":"Bagalkote","village_code":"598613"},"geometry":{"type":"Polygon","coordinates":[[[75.32192571443784,16.14853827363562],[75.30374927933576,16.150154787289402],[75.3051634333072,16.11735658121593],[75.32396317165568,16.11569494039362],[75.32192571443784,16.14853827363562]]]}},{"type":"Feature","properties":{"type":"village","name":"Hiremalagavi","taluk":"Hungund","district":"Bagalkote","village_code":"598906"},"geometry":{"type":"Polygon","coordinates":[[[75.98026794343794,16.14574262610829],[75.967644012175,16.16177936898004],[75.96201237214922,16.166309075811025],[75.94490235856198,16.169901974160787],[75.94874632601952,16.160205068047034],[75.95137885602762,16.16111237075163],[75.95663621299028,16.133686326834074],[75.97481407910858,16.127700127122463],[75.97617586129894,16.13321520896153],[75.97800968481486,16.136074450668897],[75.98145623309915,16.138711519012638],[75.98026794343794,16.14574262610829]]]}},{"type":"Feature","properties":{"type":"village","name":"Dadanatti","taluk":"Mudhol","district":"Bagalkote","village_code":"598611"},"geometry":{"type":"Polygon","coordinates":[[[75.30374927933576,16.150154787289402],[75.29915374268397,16.150532668813657],[75.29957978218219,16.148757101977917],[75.2976686307883,16.146705095174077],[75.2975997767184,16.14348801964256],[75.28770155680964,16.126178789932144],[75.28623228400905,16.119274081366342],[75.3051634333072,16.11735658121593],[75.30374927933576,16.150154787289402]]]}},{"type":"Feature","properties":{"type":"village","name":"Khairwadgi","taluk":"Hungund","district":"Bagalkote","village_code":"598904"},"geometry":{"type":"Polygon","coordinates":[[[75.94490235856198,16.169901974160787],[75.94293448035448,16.17036164623061],[75.94354769731689,16.160523054194204],[75.95048639416588,16.112599183732083],[75.95870351942833,16.113034510010163],[75.96193417200713,16.115147892117776],[75.96563056512811,16.11997070395111],[75.96152585357451,16.122255389095752],[75.95695295806114,16.130006152851312],[75.95599863910726,16.13970289781678],[75.95137885602762,16.16111237075163],[75.94874632601952,16.160205068047034],[75.94490235856198,16.169901974160787]]]}},{"type":"Feature","properties":{"type":"village","name":"Chickmalagavi","taluk":"Hungund","district":"Bagalkote","village_code":"598907"},"geometry":{"type":"Polygon","coordinates":[[[75.99034773173022,16.147368757785014],[75.98665498936255,16.148093569139757],[75.97513379490809,16.15413555310887],[75.97429124434188,16.153772599704862],[75.98026794343794,16.14574262610829],[75.98145623309915,16.138711519012638],[75.98894278728712,16.13484464069397],[75.99240800705456,16.137074879187114],[75.99389202031067,16.140724852160723],[75.99354724241304,16.142676954396165],[75.99058968666381,16.145443778283685],[75.99034773173022,16.147368757785014]]]}},{"type":"Feature","properties":{"type":"village","name":"Katageri","taluk":"Badami","district":"Bagalkote","village_code":"598661"},"geometry":{"type":"Polygon","coordinates":[[[75.64095053611935,16.144881025626596],[75.63115961997131,16.145022499383405],[75.63131019557923,16.140849094954568],[75.62910162906272,16.12918063397302],[75.62350762215915,16.115804405100597],[75.62488155226708,16.111013740096908],[75.624734435173,16.107266472781408],[75.62272275870554,16.10641269429248],[75.61075075011563,16.10603254594557],[75.61243508408684,16.095030799403244],[75.61531497598818,16.084735378188878],[75.62282114668703,16.084925480609293],[75.62355707980544,16.08426137161632],[75.6257157449079,16.08169999768571],[75.62870823883351,16.0737313022067],[75.62905159469803,16.07031605317823],[75.63493844879098,16.07050571188613],[75.63773407692206,16.06063947105829],[75.64906572685156,16.060923262001097],[75.65196037986966,16.06448041410486],[75.65151948493161,16.068844390308385],[75.65441428617176,16.072164323802426],[75.65264877234664,16.076386165121335],[75.66015470858517,16.07643257081525],[75.6605517908902,16.10308997142606],[75.65981603923147,16.104560496014034],[75.64494933091107,16.10451471484426],[75.63646220171862,16.12747282278529],[75.63984813168753,16.127709889812003],[75.6423019328867,16.131219723733437],[75.64132072555972,16.13425550305918],[75.64095053611935,16.144881025626596]]]}},{"type":"Feature","properties":{"type":"village","name":"Kagalagomba","taluk":"Badami","district":"Bagalkote","village_code":"598629"},"geometry":{"type":"Polygon","coordinates":[[[75.63115961997131,16.145022499383405],[75.61368179927581,16.1474335839488],[75.61045567240942,16.114238500848757],[75.61075075011563,16.10603254594557],[75.62272275870554,16.10641269429248],[75.624734435173,16.107266472781408],[75.62488155226708,16.111013740096908],[75.62350762215915,16.115804405100597],[75.62910162906272,16.12918063397302],[75.63131019557923,16.140849094954568],[75.63115961997131,16.145022499383405]]]}},{"type":"Feature","properties":{"type":"village","name":"Yeranaikanal","taluk":"Hungund","district":"Bagalkote","village_code":"598869"},"geometry":{"type":"Polygon","coordinates":[[[75.88395988881426,16.14786882678705],[75.86463004024358,16.15486163911605],[75.8632858174221,16.14441115365243],[75.86477246543693,16.14287953657532],[75.86634319216908,16.14339022706132],[75.87267750159663,16.14058007126556],[75.87396776711057,16.138013678296815],[75.87661355355732,16.136007495398925],[75.8773941482167,16.131556990642974],[75.88093268398609,16.129541769349366],[75.89049567329201,16.117942771014413],[75.89276751534052,16.119749953839037],[75.89672571706117,16.121047367578583],[75.89147319213642,16.125872491041843],[75.89168838805433,16.12780175037162],[75.88395988881426,16.14786882678705]]]}},{"type":"Feature","properties":{"type":"village","name":"Ganganabudihal","taluk":"Badami","district":"Bagalkote","village_code":"598627"},"geometry":{"type":"Polygon","coordinates":[[[75.5692185730723,16.14656355962983],[75.56386290807825,16.146263416997343],[75.56008185413161,16.14373647234554],[75.5586194642227,16.14136841366363],[75.55514977803163,16.133342230811134],[75.55530126632789,16.121294338197377],[75.55878683563151,16.116409900734524],[75.56246739414895,16.114845750601415],[75.57017136668685,16.113757048652193],[75.5722309449185,16.118263710062234],[75.5692185730723,16.14656355962983]]]}},{"type":"Feature","properties":{"type":"village","name":"Basawanal","taluk":"Hungund","district":"Bagalkote","village_code":"598871"},"geometry":{"type":"Polygon","coordinates":[[[75.91063418977308,16.125272077877913],[75.90915595987074,16.152474665200494],[75.90763691231858,16.154151199972823],[75.90443029326688,16.157499684075553],[75.89604323460048,16.157459891115103],[75.89699080900321,16.14396801379613],[75.90065643841896,16.123435575579315],[75.90540742673403,16.1257987882106],[75.91063418977308,16.125272077877913]]]}},{"type":"Feature","properties":{"type":"village","name":"Suralikal","taluk":"Hungund","district":"Bagalkote","village_code":"598870"},"geometry":{"type":"Polygon","coordinates":[[[75.90065643841896,16.123435575579315],[75.89699080900321,16.14396801379613],[75.89604323460048,16.157459891115103],[75.88546821227858,16.157356554836305],[75.88395988881426,16.14786882678705],[75.89168838805433,16.12780175037162],[75.89147319213642,16.125872491041843],[75.89672571706117,16.121047367578583],[75.90065643841896,16.123435575579315]]]}},{"type":"Feature","properties":{"type":"village","name":"Basarikatti","taluk":"Hungund","district":"Bagalkote","village_code":"598867"},"geometry":{"type":"Polygon","coordinates":[[[75.85687374623032,16.12672581726055],[75.85915333984138,16.155635748154438],[75.84245764633116,16.157014846872784],[75.83785100380749,16.140141011290574],[75.84573199566029,16.135623897726784],[75.84393874275752,16.133153709946864],[75.85687374623032,16.12672581726055]]]}},{"type":"Feature","properties":{"type":"village","name":"Varchagal","taluk":"Mudhol","district":"Bagalkote","village_code":"598618"},"geometry":{"type":"Polygon","coordinates":[[[75.36961195035371,16.141439294188807],[75.36205907085336,16.143619338148213],[75.35819412593732,16.139892124346424],[75.35793271079974,16.13563576729475],[75.35534795230012,16.13286125130984],[75.35334733589042,16.132219459668313],[75.35453048269662,16.128017555380783],[75.35328369115086,16.116242529131874],[75.35608824673926,16.11523072617008],[75.37213442865466,16.11473474919236],[75.37237715973264,16.130463144097956],[75.36845514394827,16.136517659968817],[75.36961195035371,16.141439294188807]]]}},{"type":"Feature","properties":{"type":"village","name":"Kerakalamatti","taluk":"Badami","district":"Bagalkote","village_code":"598628"},"geometry":{"type":"Polygon","coordinates":[[[75.59303167876574,16.14492546517509],[75.58407409916404,16.151350931760156],[75.57186634030424,16.151099030273773],[75.57141292464775,16.149118608923885],[75.5692185730723,16.14656355962983],[75.5722309449185,16.118263710062234],[75.59092606816394,16.118410064122795],[75.59303167876574,16.14492546517509]]]}},{"type":"Feature","properties":{"type":"village","name":"Hoolageri","taluk":"Badami","district":"Bagalkote","village_code":"598631"},"geometry":{"type":"Polygon","coordinates":[[[75.60714948139672,16.147800723568675],[75.59679145611484,16.15243383580396],[75.59417399624397,16.149144041114877],[75.59296377870666,16.145244555354044],[75.59092606816394,16.118410064122795],[75.58611737656658,16.118456631732702],[75.57371331335932,16.079036850214145],[75.58769593481139,16.074723526235484],[75.6097714373356,16.0807506275696],[75.61531497598818,16.084735378188878],[75.61133928137403,16.100524225424472],[75.6104560703631,16.109495184173685],[75.61368179927581,16.1474335839488],[75.60714948139672,16.147800723568675]]]}},{"type":"Feature","properties":{"type":"village","name":"Muchakhandi","taluk":"Bagalkot","district":"Bagalkote","village_code":"598862"},"geometry":{"type":"Polygon","coordinates":[[[75.69177345364875,16.152863794751976],[75.68384785235723,16.153909550958886],[75.67638895999184,16.157516335872756],[75.66863221861755,16.146513498785517],[75.66362676543024,16.147700210748084],[75.65759022955308,16.146515299616215],[75.65690278929034,16.143622003623754],[75.64095053611935,16.144881025626596],[75.64146789295948,16.132832491257425],[75.64352861205155,16.13008125727703],[75.65653248756057,16.129178708719053],[75.66448171095075,16.12746986972571],[75.67841758677041,16.12682672733663],[75.6781743373645,16.134653189880492],[75.68391566707635,16.134035176165277],[75.69240890391443,16.14508460736095],[75.69177345364875,16.152863794751976]]]}},{"type":"Feature","properties":{"type":"village","name":"Amblikoppa","taluk":"Hungund","district":"Bagalkote","village_code":"598872"},"geometry":{"type":"Polygon","coordinates":[[[75.910173105199,16.142389523261897],[75.91695733942981,16.14697906777299],[75.91860368724093,16.150634125892296],[75.92049884592785,16.158685448326793],[75.91852219207834,16.16316348694226],[75.91803285908183,16.17039294342838],[75.91071610175393,16.17022228714709],[75.91078277201936,16.169189478700055],[75.90864517600357,16.167834220024776],[75.90517116801769,16.162541696013005],[75.90443029326688,16.157499684075553],[75.90915595987074,16.152474665200494],[75.910173105199,16.142389523261897]]]}},{"type":"Feature","properties":{"type":"village","name":"Tulasigeri","taluk":"Bagalkot","district":"Bagalkote","village_code":"598798"},"geometry":{"type":"Polygon","coordinates":[[[75.56386389891996,16.19970358823525],[75.54383465710336,16.202447641417237],[75.53597938311886,16.204531451371064],[75.5330286051584,16.189885256074867],[75.53808805068753,16.18177649633763],[75.53838439591661,16.17760256319903],[75.53509852928721,16.171577134295017],[75.52607156920286,16.163414629322972],[75.52386444088914,16.16056757823651],[75.52646469892065,16.162608401580837],[75.5284278025824,16.162609373967545],[75.54177859757267,16.160006339711227],[75.55542402560305,16.155647630327746],[75.56862612426094,16.15517737838559],[75.57269077274952,16.188049476180694],[75.57157283824304,16.192306211932095],[75.56391513882377,16.19282581816259],[75.56386389891996,16.19970358823525]]]}},{"type":"Feature","properties":{"type":"village","name":"Amarawadgi","taluk":"Hungund","district":"Bagalkote","village_code":"598955"},"geometry":{"type":"Polygon","coordinates":[[[76.22971954532828,16.132938108145645],[76.22855028467976,16.149945634073855],[76.22693289855343,16.159317481027863],[76.2263075965555,16.1616672877507],[76.22258144404579,16.1615966698654],[76.21290400398277,16.151149806131663],[76.21270528226886,16.145664675791643],[76.21411849929741,16.138380498851284],[76.22066682964646,16.136701428103763],[76.22392878402128,16.134757127396437],[76.22761695037093,16.13471925161135],[76.22971954532828,16.132938108145645]]]}},{"type":"Feature","properties":{"type":"village","name":"Islampur","taluk":"Hungund","district":"Bagalkote","village_code":"598954"},"geometry":{"type":"Polygon","coordinates":[[[76.23873249977906,16.166744302131143],[76.22083777635008,16.171686881287872],[76.21290400398277,16.151149806131663],[76.22258144404579,16.1615966698654],[76.2263075965555,16.1616672877507],[76.22855028467976,16.149945634073855],[76.22971954532828,16.132938108145645],[76.23421057467489,16.13073090177706],[76.23619503218924,16.15221458872911],[76.23873249977906,16.166744302131143]]]}},{"type":"Feature","properties":{"type":"village","name":"Indawar","taluk":"Hungund","district":"Bagalkote","village_code":"598953"},"geometry":{"type":"Polygon","coordinates":[[[76.22083777635008,16.171686881287872],[76.20669603271845,16.174873456907005],[76.19671011028854,16.151214383415972],[76.20591922176303,16.15005453538689],[76.21290400398277,16.151149806131663],[76.22083777635008,16.171686881287872]]]}},{"type":"Feature","properties":{"type":"village","name":"Chickmagi","taluk":"Hungund","district":"Bagalkote","village_code":"598903"},"geometry":{"type":"Polygon","coordinates":[[[75.94293448035448,16.17036164623061],[75.93899762889322,16.17145876298016],[75.93850073657359,16.152499947686366],[75.93654435500508,16.14516270891113],[75.92817810760884,16.133665619821105],[75.92288917755891,16.123311798228734],[75.929400094873,16.12346741179523],[75.93314306833642,16.119427134135304],[75.93330566430116,16.116128675385543],[75.93471639389467,16.113177776573604],[75.94204372708843,16.108350100257372],[75.94709655922045,16.109482671800478],[75.95048639416588,16.112599183732083],[75.94683459790717,16.135025045816715],[75.94293448035448,16.17036164623061]]]}},{"type":"Feature","properties":{"type":"village","name":"Yandigeri","taluk":"Badami","district":"Bagalkote","village_code":"598624"},"geometry":{"type":"Polygon","coordinates":[[[75.45929951385989,16.155285130101845],[75.43510199570018,16.156774989152293],[75.43227477921046,16.15277019595448],[75.42888720801952,16.150466702960518],[75.4258474761847,16.146606466326237],[75.42363032087579,16.141227856287067],[75.41858529240865,16.136224849048176],[75.45011975393899,16.135624557866326],[75.45042874475232,16.13692574477099],[75.45392050434656,16.136508871091255],[75.47210191970852,16.13083567064457],[75.47222179898489,16.127455860382817],[75.48368798061134,16.12733302099581],[75.48425566107368,16.122588476296404],[75.4874443686169,16.124190841844026],[75.49106009482199,16.120393566222944],[75.49517182491292,16.125546767054967],[75.495234282978,16.12845209616495],[75.498114458747,16.1295800266871],[75.49912334676111,16.131867045769816],[75.50315664224964,16.135001950352773],[75.50663800474273,16.139628709998522],[75.5069683556969,16.141158566880108],[75.50280888014866,16.14183211276732],[75.49681142996948,16.146881526288553],[75.48070936565688,16.15202721704142],[75.45929951385989,16.155285130101845]]]}},{"type":"Feature","properties":{"type":"village","name":"Palkimanya","taluk":"Mudhol","district":"Bagalkote","village_code":"598619"},"geometry":{"type":"Polygon","coordinates":[[[75.40856776904364,16.136877163126687],[75.37119401831633,16.155051940921744],[75.36842710393498,16.13666669977069],[75.37237715973264,16.130463144097956],[75.37213442865466,16.11473474919236],[75.38691843357843,16.113605120341308],[75.38821401172898,16.127395003350976],[75.3957675209483,16.12422263306383],[75.3999888760466,16.128302390881206],[75.4083839440921,16.12778172534629],[75.4092209439682,16.129516636674325],[75.4119394014265,16.130648049176752],[75.41286079263361,16.133840122677373],[75.41782301439787,16.134765519403345],[75.41858529240865,16.136224849048176],[75.40856776904364,16.136877163126687]]]}},{"type":"Feature","properties":{"type":"village","name":"Budihal (S.K.)","taluk":"Hungund","district":"Bagalkote","village_code":"598981"},"geometry":{"type":"Polygon","coordinates":[[[75.93899762889322,16.17145876298016],[75.93118074531066,16.17294740787694],[75.92733741565698,16.15451802340559],[75.91956752923511,16.133120818187678],[75.91713016091744,16.12348363927977],[75.91063418977308,16.125272077877913],[75.9092432006579,16.115003912399196],[75.91081604202422,16.10171069666756],[75.90940393980493,16.09801939172725],[75.91177238667909,16.091797275749038],[75.91776421520117,16.09368944290768],[75.92298235261681,16.12364966801361],[75.92817810760884,16.133665619821105],[75.9355151866251,16.142849618245677],[75.93736317926805,16.14752557514489],[75.93850073657359,16.152499947686366],[75.93899762889322,16.17145876298016]]]}},{"type":"Feature","properties":{"type":"village","name":"Benakatti","taluk":"Bagalkot","district":"Bagalkote","village_code":"598857"},"geometry":{"type":"Polygon","coordinates":[[[75.84069840544167,16.15184330695795],[75.83692315730671,16.152861484896096],[75.83216805740258,16.155806480015336],[75.83009619111613,16.159434271155543],[75.83017492934907,16.162764305223],[75.82947348884264,16.163337993985284],[75.80731529280327,16.17011833892841],[75.80655870741647,16.167754986822228],[75.80164460301211,16.168720239089307],[75.80055529871206,16.156213016805008],[75.80745677386726,16.15301196974803],[75.80745633189612,16.150199593233687],[75.81092722182966,16.14799771684833],[75.82378965490221,16.140636507032116],[75.8316952713736,16.137335438941122],[75.8383719152812,16.13063604210091],[75.84174698731323,16.128994389942218],[75.84573199566029,16.135623897726784],[75.83785100380749,16.140141011290574],[75.84069840544167,16.15184330695795]]]}},{"type":"Feature","properties":{"type":"village","name":"Muganur","taluk":"Hungund","district":"Bagalkote","village_code":"598873"},"geometry":{"type":"Polygon","coordinates":[[[75.93118074531066,16.17294740787694],[75.92040393891806,16.173374563096615],[75.91803285908183,16.17039294342838],[75.91852219207834,16.16316348694226],[75.92049884592785,16.158685448326793],[75.91695733942981,16.14697906777299],[75.910173105199,16.142389523261897],[75.91063418977308,16.125272077877913],[75.91713016091744,16.12348363927977],[75.91956752923511,16.133120818187678],[75.92733741565698,16.15451802340559],[75.93118074531066,16.17294740787694]]]}},{"type":"Feature","properties":{"type":"village","name":"Hire-Shellikeri","taluk":"Bagalkot","district":"Bagalkote","village_code":"598802"},"geometry":{"type":"Polygon","coordinates":[[[75.5699512605776,16.15494066177499],[75.55542402560305,16.155647630327746],[75.54177859757267,16.160006339711227],[75.52646469892065,16.162608401580837],[75.5232762357192,16.15914425863389],[75.52606015161562,16.137350233705423],[75.53451282772198,16.13767430219108],[75.5545364927973,16.13303371402442],[75.56008185413161,16.14373647234554],[75.56449868982223,16.146507626886507],[75.5692185730723,16.14656355962983],[75.57141292464775,16.149118608923885],[75.57137509209954,16.152948777065134],[75.5699512605776,16.15494066177499]]]}},{"type":"Feature","properties":{"type":"village","name":"Sirur","taluk":"Bagalkot","district":"Bagalkote","village_code":"598865"},"geometry":{"type":"Polygon","coordinates":[[[75.78127047011014,16.156923554670996],[75.7642042754441,16.169996796894676],[75.75879760141328,16.164525619660616],[75.75993442928679,16.16327458458625],[75.75473906775684,16.1576011677799],[75.74909109995247,16.155858537706962],[75.74603037269281,16.156469306206166],[75.74393708697673,16.143924486108837],[75.73489649316133,16.124149684724348],[75.73199437065162,16.111012182319264],[75.73267380872181,16.096971649745576],[75.73590545573563,16.085111805715286],[75.76448533673697,16.08453582323327],[75.76760168139077,16.068623747366363],[75.77186896465463,16.067067073617675],[75.78120226642052,16.067038546597747],[75.78852125516356,16.076810673105214],[75.79122967035529,16.076627635854152],[75.79243706538598,16.08166986210427],[75.79653851875004,16.08398886084955],[75.79612317189864,16.085191973957375],[75.78860870974975,16.087595531941776],[75.78870038911269,16.088709706857543],[75.79593090637671,16.09165223039963],[75.8050105796019,16.093269316750668],[75.82096773128613,16.093790494078192],[75.82951440890045,16.091662543806912],[75.83865843383936,16.107543637963655],[75.8413272351237,16.11967939608117],[75.84174698731323,16.128994389942218],[75.8383719152812,16.13063604210091],[75.8316952713736,16.137335438941122],[75.82378965490221,16.140636507032116],[75.80745633189612,16.150199593233687],[75.80745677386726,16.15301196974803],[75.80622234763139,16.1536802826679],[75.79221341182969,16.160149852713392],[75.78986237071248,16.158734599260058],[75.78127047011014,16.156923554670996]]]}},{"type":"Feature","properties":{"type":"village","name":"Sigikeri","taluk":"Bagalkot","district":"Bagalkote","village_code":"598861"},"geometry":{"type":"Polygon","coordinates":[[[75.7141864828696,16.173892410808286],[75.69955997237805,16.173921522937253],[75.69498944572209,16.1569894743664],[75.69177345364875,16.152863794751976],[75.69240890391443,16.14508460736095],[75.68391566707635,16.134035176165277],[75.72116014574273,16.130844182767426],[75.72355244558258,16.156006237624084],[75.70721043766433,16.158337123039274],[75.70956804366965,16.16270007424532],[75.71001109725931,16.16587792610453],[75.71379250514218,16.17080943079311],[75.7141864828696,16.173892410808286]]]}},{"type":"Feature","properties":{"type":"village","name":"Byadar-Aralikatti","taluk":"Mudhol","district":"Bagalkote","village_code":"598620"},"geometry":{"type":"Polygon","coordinates":[[[75.37119401831633,16.155051940921744],[75.36774920917046,16.164908142335932],[75.36620579391784,16.15381828493495],[75.3609261425665,16.14389592267676],[75.36961195035371,16.141439294188807],[75.37119401831633,16.155051940921744]]]}},{"type":"Feature","properties":{"type":"village","name":"Laxanatti","taluk":"Mudhol","district":"Bagalkote","village_code":"598614"},"geometry":{"type":"Polygon","coordinates":[[[75.36669164414602,16.161522065751416],[75.34893927763842,16.167199942826816],[75.34530274016316,16.161790928092003],[75.34935724936709,16.15313890382666],[75.36557475527853,16.152060624235677],[75.3667620145721,16.156113571275046],[75.36669164414602,16.161522065751416]]]}},{"type":"Feature","properties":{"type":"village","name":"Honnakatti","taluk":"Bagalkot","district":"Bagalkote","village_code":"598859"},"geometry":{"type":"Polygon","coordinates":[[[75.7642042754441,16.169996796894676],[75.75610744807294,16.175489996278053],[75.75171910604482,16.17979569387359],[75.74397691558151,16.169704221023423],[75.73577229217287,16.155004329248072],[75.7455871232704,16.153955579570678],[75.74603037269281,16.156469306206166],[75.74909109995247,16.155858537706962],[75.75473906775684,16.1576011677799],[75.75993442928679,16.16327458458625],[75.75879760141328,16.164525619660616],[75.7642042754441,16.169996796894676]]]}},{"type":"Feature","properties":{"type":"village","name":"Kalasakopp","taluk":"Bagalkot","district":"Bagalkote","village_code":"598800"},"geometry":{"type":"Polygon","coordinates":[[[75.5069683556969,16.141158566880108],[75.50766436319253,16.14681535385307],[75.50933123660953,16.14959110577882],[75.51212784210765,16.15096821028769],[75.51035911141553,16.154382365115794],[75.51011212681466,16.157109660257394],[75.51263671076664,16.16218630505143],[75.51162830694446,16.166241275743577],[75.51255914124187,16.16915888879233],[75.51091380583209,16.171055303131233],[75.51184539381603,16.17285824888665],[75.50288796333466,16.172782032201162],[75.5035291762929,16.167659660007338],[75.50282303669921,16.15869445537752],[75.49996112098498,16.144178315796175],[75.50280888014866,16.14183211276732],[75.5069683556969,16.141158566880108]]]}},{"type":"Feature","properties":{"type":"village","name":"Choudapur","taluk":"Bagalkot","district":"Bagalkote","village_code":"598854"},"geometry":{"type":"Polygon","coordinates":[[[75.92040393891806,16.173374563096615],[75.92015711870893,16.177843187641944],[75.92123307224722,16.180075100699774],[75.89823401627098,16.182834686670596],[75.87104026180418,16.184023810148563],[75.8701381861723,16.174124129190133],[75.87544956062959,16.173645825908704],[75.87564989392112,16.170547505354097],[75.87959074917362,16.170353862265188],[75.87992466464284,16.168030076041067],[75.88279667113264,16.167965456795024],[75.8858686192485,16.1589930804218],[75.88546821227858,16.157356554836305],[75.90443029326688,16.157499684075553],[75.90517116801769,16.162541696013005],[75.90864517600357,16.167834220024776],[75.91078277201936,16.169189478700055],[75.91071610175393,16.17022228714709],[75.91803285908183,16.17039294342838],[75.92040393891806,16.173374563096615]]]}},{"type":"Feature","properties":{"type":"village","name":"Chickka-Shellikeri","taluk":"Bagalkot","district":"Bagalkote","village_code":"598801"},"geometry":{"type":"Polygon","coordinates":[[[75.53166427265097,16.16853995614565],[75.51325455674771,16.176167450833304],[75.51184439488942,16.174565856431187],[75.51091380583209,16.171055303131233],[75.51255914124187,16.16915888879233],[75.51162830694446,16.166241275743577],[75.51263671076664,16.16218630505143],[75.51011212681466,16.157109660257394],[75.51035911141553,16.154382365115794],[75.51212784210765,16.15096821028769],[75.50933123660953,16.14959110577882],[75.50766436319253,16.14681535385307],[75.5069683556969,16.141158566880108],[75.50825750101167,16.139605930896632],[75.50862766709587,16.135930077126304],[75.51326555122846,16.135197385837124],[75.52606015161562,16.137350233705423],[75.5232762357192,16.15914425863389],[75.52607156920286,16.163414629322972],[75.53166427265097,16.16853995614565]]]}},{"type":"Feature","properties":{"type":"village","name":"Naganapur","taluk":"Mudhol","district":"Bagalkote","village_code":"598609"},"geometry":{"type":"Polygon","coordinates":[[[75.3605183370719,16.188446414691494],[75.3381116876862,16.18935157761671],[75.33140524666065,16.174353820680203],[75.3345195548337,16.172312217028388],[75.34738696906453,16.167515960055272],[75.36669164414602,16.161522065751416],[75.36774920917046,16.164908142335932],[75.3650875656623,16.17150752594141],[75.3605183370719,16.188446414691494]]]}},{"type":"Feature","properties":{"type":"village","name":" ","taluk":"Bagalkot","district":"Bagalkote","village_code":" "},"geometry":{"type":"Polygon","coordinates":[[[75.4714504911089,16.175978604111997],[75.47002033005745,16.187139483912766],[75.46236834122847,16.19217610764637],[75.46150636639082,16.1885166192367],[75.45881937512034,16.188484610598163],[75.45855041323605,16.186493572147587],[75.45956392577726,16.183723429343306],[75.46116238889212,16.182416966811434],[75.46132752619081,16.174839681719693],[75.4714504911089,16.175978604111997]]]}},{"type":"Feature","properties":{"type":"village","name":" ","taluk":"Hungund","district":"Bagalkote","village_code":" "},"geometry":{"type":"Polygon","coordinates":[[[75.86912002305286,16.141533310812715],[75.86634319216908,16.14339022706132],[75.86477246543693,16.14287953657532],[75.8632858174221,16.14441115365243],[75.86442130590751,16.15297350985374],[75.85910586298029,16.152814928826793],[75.85687374623032,16.12672581726055],[75.8662143836388,16.122273311583417],[75.86912002305286,16.141533310812715]]]}},{"type":"Feature","properties":{"type":"village","name":" ","taluk":"Bagalkot","district":"Bagalkote","village_code":" "},"geometry":{"type":"Polygon","coordinates":[[[75.51325455674771,16.176167450833304],[75.51201155699074,16.182605823767663],[75.5126478157402,16.185760441021056],[75.51205664163824,16.18962590605435],[75.51026342826133,16.19223368467392],[75.51050535175388,16.19835261678116],[75.50939989484672,16.199988455033854],[75.50606182801445,16.200081358594346],[75.50473857905823,16.196570613767346],[75.50483932691397,16.192278064402437],[75.50013218177463,16.18414051406755],[75.50072395774784,16.17970599272594],[75.50288796333466,16.172782032201162],[75.51184539381603,16.17285824888665],[75.51159914313877,16.17420999273166],[75.51325455674771,16.176167450833304]]]}},{"type":"Feature","properties":{"type":"village","name":" ","taluk":"Bagalkot","district":"Bagalkote","village_code":" "},"geometry":{"type":"Polygon","coordinates":[[[75.58067709027276,16.198593335836176],[75.56879638375338,16.20314384506556],[75.56415808100587,16.201079159018448],[75.56391513882377,16.19282581816259],[75.58060529242367,16.190600859322103],[75.58067709027276,16.198593335836176]]]}},{"type":"Feature","properties":{"type":"village","name":" ","taluk":"Bagalkot","district":"Bagalkote","village_code":" "},"geometry":{"type":"Polygon","coordinates":[[[75.7455871232704,16.153955579570678],[75.72355244558258,16.156006237624084],[75.72116014574273,16.130844182767426],[75.73553597596434,16.12690044014113],[75.73686201239288,16.128939436006597],[75.74393708697673,16.143924486108837],[75.7455871232704,16.153955579570678]]]}},{"type":"Feature","properties":{"type":"village","name":" ","taluk":"Mudhol","district":"Bagalkote","village_code":" "},"geometry":{"type":"Polygon","coordinates":[[[75.36205907085336,16.143619338148213],[75.35086352377424,16.145972977885762],[75.34890510572501,16.142931929020047],[75.33988738571168,16.144285964778323],[75.33877100888394,16.139415026594502],[75.33457766774778,16.14022744012276],[75.33606177802193,16.129067431423454],[75.33926971939367,16.123046133612366],[75.34193350358716,16.124739970826024],[75.34708940212666,16.12376930371616],[75.35076768610983,16.12676547573603],[75.35389937129378,16.127967734065674],[75.35451155519361,16.130195380879204],[75.35338475072203,16.13232791596226],[75.35534795230012,16.13286125130984],[75.35793271079974,16.13563576729475],[75.35798377193879,16.13948541164534],[75.36205907085336,16.143619338148213]]]}},{"type":"Feature","properties":{"type":"village","name":" ","taluk":"Bagalkot","district":"Bagalkote","village_code":" "},"geometry":{"type":"Polygon","coordinates":[[[75.64095053611935,16.144881025626596],[75.64124828721185,16.14926806031822],[75.6308440948126,16.14850950895752],[75.62431699524699,16.149553032646715],[75.6198018856609,16.152161741428575],[75.61960556334714,16.15467568068645],[75.60942192441813,16.154603818670697],[75.60714948139672,16.147800723568675],[75.62570139971115,16.146372488598583],[75.6306005283014,16.145030487124295],[75.64095053611935,16.144881025626596]]]}},{"type":"Feature","properties":{"type":"village","name":"Jalikatti(B.K)","taluk":"Mudhol","district":"Bagalkote","village_code":"598616"},"geometry":{"type":"Polygon","coordinates":[[[75.39306281939196,16.144528384887565],[75.38932373383709,16.15510600233254],[75.3971086885995,16.165181333908947],[75.3990121090921,16.16986216471571],[75.36878126383743,16.167314637759215],[75.36774920917046,16.164908142335932],[75.37119401831633,16.155051940921744],[75.39306281939196,16.144528384887565]]]}},{"type":"Feature","properties":{"type":"village","name":" ","taluk":"Bagalkot","district":"Bagalkote","village_code":" "},"geometry":{"type":"Polygon","coordinates":[[[75.4727858682198,16.153079148784478],[75.4714504911089,16.175978604111997],[75.46132752619081,16.174839681719693],[75.45929951385989,16.155285130101845],[75.4727858682198,16.153079148784478]]]}},{"type":"Feature","properties":{"type":"village","name":"Anapakatti","taluk":"Hungund","district":"Bagalkote","village_code":"598952"},"geometry":{"type":"Polygon","coordinates":[[[76.20669603271845,16.174873456907005],[76.19515335235904,16.1780131290281],[76.19270803215446,16.164142636370904],[76.1848402203835,16.15042264776757],[76.18736765379158,16.144891531277935],[76.19055064265969,16.143512531850096],[76.19399324823819,16.149114198801826],[76.19671011028854,16.151214383415972],[76.20669603271845,16.174873456907005]]]}},{"type":"Feature","properties":{"type":"village","name":"Koujaganur","taluk":"Hungund","district":"Bagalkote","village_code":"598951"},"geometry":{"type":"Polygon","coordinates":[[[76.19515335235904,16.1780131290281],[76.17981843492605,16.181424281165086],[76.17707959469394,16.16758971982589],[76.16716783088567,16.14457539678599],[76.17920081711705,16.144997569725664],[76.1808422960593,16.147459622958138],[76.18736765379158,16.144891531277935],[76.1848402203835,16.15042264776757],[76.19270803215446,16.164142636370904],[76.19515335235904,16.1780131290281]]]}},{"type":"Feature","properties":{"type":"village","name":"Bisanalkoppa","taluk":"Hungund","district":"Bagalkote","village_code":"598921"},"geometry":{"type":"Polygon","coordinates":[[[76.03891940468229,16.178352987205],[76.03519596059314,16.182173892628043],[76.0305207577487,16.171359457123582],[76.03228132904312,16.155830703371333],[76.03985915475886,16.145934352675557],[76.04429876633523,16.138069679021847],[76.0526163376195,16.134196015866124],[76.05070091293976,16.168494039639825],[76.04588392629906,16.171858457741987],[76.04469077585388,16.17410360931489],[76.04245632528078,16.17317188964219],[76.04060443484782,16.17412007076895],[76.03891940468229,16.178352987205]]]}},{"type":"Feature","properties":{"type":"village","name":"Belgal","taluk":"Hungund","district":"Bagalkote","village_code":"598922"},"geometry":{"type":"Polygon","coordinates":[[[76.03519596059314,16.182173892628043],[76.0318338683186,16.18275526105871],[76.02926262227753,16.181864033691223],[76.01933742955407,16.170875081849335],[76.00250229774879,16.16179301782612],[76.0061086248811,16.15894861814846],[76.02054940329772,16.151392671696236],[76.02088756779824,16.139374038316696],[76.0234629496829,16.121880292839084],[76.0548359947365,16.123068150016252],[76.057291520701,16.13239930713302],[76.04429876633523,16.138069679021847],[76.03985915475886,16.145934352675557],[76.03193023329408,16.15686982767414],[76.0305207577487,16.171359457123582],[76.03519596059314,16.182173892628043]]]}},{"type":"Feature","properties":{"type":"village","name":"Havaragi","taluk":"Hungund","district":"Bagalkote","village_code":"598950"},"geometry":{"type":"Polygon","coordinates":[[[76.16177596019239,16.186117923912217],[76.15261129825646,16.184786263577788],[76.15593335172045,16.16882253667729],[76.15605421644865,16.164141556141335],[76.1533412450018,16.154861257739146],[76.1483876488609,16.129983767874723],[76.15639497528369,16.13030362426956],[76.16365234408987,16.144517280372167],[76.16607992975409,16.151348570115115],[76.17207167293624,16.184923164007387],[76.16177596019239,16.186117923912217]]]}},{"type":"Feature","properties":{"type":"village","name":"Ingalgi","taluk":"Hungund","district":"Bagalkote","village_code":"599007"},"geometry":{"type":"Polygon","coordinates":[[[76.07082054234193,16.17921791175566],[76.06892070972059,16.184603255318944],[76.06964039860372,16.18601768593809],[76.0674656311998,16.187978040397756],[76.05064778657388,16.18532934671097],[76.04780578561116,16.183064671707644],[76.04579690829412,16.17892508381783],[76.04498099816597,16.173326516689514],[76.05070091293976,16.168494039639825],[76.0526163376195,16.134196015866124],[76.057291520701,16.13239930713302],[76.0548359947365,16.123068150016252],[76.0631421313655,16.123387071747015],[76.07002314020359,16.138304186038685],[76.07401537459879,16.138038583809465],[76.07378498277953,16.161050474019174],[76.07042809264883,16.16139748218499],[76.0706332382153,16.16358445887516],[76.0684906224137,16.168310014591388],[76.07082054234193,16.17921791175566]]]}},{"type":"Feature","properties":{"type":"village","name":"Marol","taluk":"Hungund","district":"Bagalkote","village_code":"598949"},"geometry":{"type":"Polygon","coordinates":[[[76.13929000304182,16.18112306128318],[76.12942915304892,16.186079894050106],[76.11932606784806,16.148116690688383],[76.1156105639677,16.128701176980456],[76.1483876488609,16.129983767874723],[76.1533412450018,16.154861257739146],[76.15605421644865,16.164141556141335],[76.15593335172045,16.16882253667729],[76.15261129825646,16.184786263577788],[76.14482601471063,16.181859102350575],[76.13929000304182,16.18112306128318]]]}},{"type":"Feature","properties":{"type":"village","name":"Koppa(S.M.)","taluk":"Hungund","district":"Bagalkote","village_code":"598948"},"geometry":{"type":"Polygon","coordinates":[[[76.12942915304892,16.186079894050106],[76.12070403318822,16.191226185200172],[76.10270899129821,16.13122579283769],[76.1156105639677,16.128701176980456],[76.11932606784806,16.148116690688383],[76.12942915304892,16.186079894050106]]]}},{"type":"Feature","properties":{"type":"village","name":"Kamadatta","taluk":"Hungund","district":"Bagalkote","village_code":"598943"},"geometry":{"type":"Polygon","coordinates":[[[76.08030545906655,16.187389376814746],[76.07338478781203,16.189330616762383],[76.06441547441612,16.19275752425725],[76.06964039860372,16.18601768593809],[76.06892070972059,16.184603255318944],[76.07082054234193,16.17921791175566],[76.08150530824882,16.174724746132405],[76.08227006381314,16.183969432267183],[76.08030545906655,16.187389376814746]]]}},{"type":"Feature","properties":{"type":"village","name":"Hullalli","taluk":"Hungund","district":"Bagalkote","village_code":"598947"},"geometry":{"type":"Polygon","coordinates":[[[76.12070403318822,16.191226185200172],[76.10904684278292,16.19441091940488],[76.09682130716195,16.14848505690698],[76.09706522401613,16.142552470275305],[76.10037552032965,16.13780417485072],[76.10113827085428,16.131496643145752],[76.10270899129821,16.13122579283769],[76.12070403318822,16.191226185200172]]]}},{"type":"Feature","properties":{"type":"village","name":"Dhannur","taluk":"Hungund","district":"Bagalkote","village_code":"598946"},"geometry":{"type":"Polygon","coordinates":[[[76.10396388834279,16.19653398601955],[76.09573389561223,16.198295038088833],[76.09302139757754,16.20044980821854],[76.08278618726636,16.175375696918938],[76.08150530824882,16.174724746132405],[76.0782131623956,16.13803508640672],[76.09682130716195,16.14848505690698],[76.10878981771215,16.19239113069623],[76.10904684278292,16.19441091940488],[76.10396388834279,16.19653398601955]]]}},{"type":"Feature","properties":{"type":"village","name":"Khajagal","taluk":"Hungund","district":"Bagalkote","village_code":"598919"},"geometry":{"type":"Polygon","coordinates":[[[76.03543308798037,16.195381105225017],[76.02798793534724,16.197397424767757],[76.01901737598803,16.200971460751404],[76.0185325749921,16.198246731186895],[76.02546021717322,16.184089752724038],[76.02806167176068,16.180602834136494],[76.0318338683186,16.18275526105871],[76.03607512199879,16.18173598702642],[76.03543308798037,16.195381105225017]]]}},{"type":"Feature","properties":{"type":"village","name":"Yemmihatti","taluk":"Hungund","district":"Bagalkote","village_code":"598945"},"geometry":{"type":"Polygon","coordinates":[[[76.09302139757754,16.20044980821854],[76.0834624767415,16.205273597891235],[76.08030545906655,16.187389376814746],[76.08227006381314,16.183969432267183],[76.08205708224241,16.17438154887657],[76.09302139757754,16.20044980821854]]]}},{"type":"Feature","properties":{"type":"village","name":"Hadagali","taluk":"Hungund","district":"Bagalkote","village_code":"598924"},"geometry":{"type":"Polygon","coordinates":[[[76.02088756779824,16.139374038316696],[76.00128734608997,16.14601427025751],[75.9939960586953,16.15075998637107],[75.99034773173022,16.147368757785014],[75.99058968666381,16.145443778283685],[75.99398141885112,16.14178209818587],[75.99328281791927,16.138253664897196],[75.99075217662732,16.135394893020056],[75.98836328679226,16.134971380183252],[75.99062440115965,16.132625186280684],[75.99115638257256,16.12943533688428],[75.99906007215768,16.13209250872297],[76.00431727730502,16.129609966869484],[76.0203123774201,16.113253210146908],[76.02230676042005,16.116150480256614],[76.02423208902579,16.116978249763793],[76.02615537126931,16.12189513190693],[76.0234629496829,16.121880292839084],[76.02088756779824,16.139374038316696]]]}},{"type":"Feature","properties":{"type":"village","name":"Medinapur","taluk":"Hungund","district":"Bagalkote","village_code":"598923"},"geometry":{"type":"Polygon","coordinates":[[[76.00250229774879,16.16179301782612],[75.99363868282413,16.16296423440425],[75.99458308886885,16.155101821860054],[75.9939960586953,16.15075998637107],[76.00128734608997,16.14601427025751],[76.02088756779824,16.139374038316696],[76.02015172630799,16.151930139673766],[76.00762389142425,16.158095477414093],[76.00250229774879,16.16179301782612]]]}},{"type":"Feature","properties":{"type":"village","name":"Huvanur","taluk":"Hungund","district":"Bagalkote","village_code":"598910"},"geometry":{"type":"Polygon","coordinates":[[[76.02515512235327,16.17722621302748],[76.02249367557617,16.17930789178908],[76.01118556330375,16.18360792004241],[75.99905858724252,16.201063452036376],[75.99241045137047,16.20529445526189],[75.9977255430564,16.187040185941154],[76.00995216114727,16.165972214110578],[76.01933742955407,16.170875081849335],[76.02515512235327,16.17722621302748]]]}},{"type":"Feature","properties":{"type":"village","name":"Nandanoor","taluk":"Hungund","district":"Bagalkote","village_code":"598909"},"geometry":{"type":"Polygon","coordinates":[[[75.99241045137047,16.20529445526189],[75.98293649229569,16.205121207640914],[75.98949347521754,16.18231843601399],[75.99402262906476,16.171747687599254],[75.99448027039638,16.163112901398026],[75.99771010460992,16.161927298297048],[76.00250229774879,16.16179301782612],[76.00995216114727,16.165972214110578],[75.9977255430564,16.187040185941154],[75.99241045137047,16.20529445526189]]]}},{"type":"Feature","properties":{"type":"village","name":"Vadergonal","taluk":"Hungund","district":"Bagalkote","village_code":"598959"},"geometry":{"type":"Polygon","coordinates":[[[76.20591922176303,16.15005453538689],[76.19671011028854,16.151214383415972],[76.19528405363963,16.150627468048135],[76.19055064265969,16.143512531850096],[76.19100318066216,16.14061161220114],[76.2028362782681,16.14445741917963],[76.20510467797244,16.147253448133313],[76.20591922176303,16.15005453538689]]]}},{"type":"Feature","properties":{"type":"village","name":"Lavaleshavar","taluk":"Bagalkot","district":"Bagalkote","village_code":"598826"},"geometry":{"type":"Polygon","coordinates":[[[75.82073723616065,16.251787375246064],[75.81189029037442,16.263898165942884],[75.80611055768416,16.25887195569216],[75.80325268169376,16.258640558604924],[75.79853683457428,16.261150960237966],[75.79443157235343,16.25980876266186],[75.79663747267014,16.252375766184958],[75.79645232270359,16.245588421777455],[75.7987413117942,16.24066436927049],[75.80151006323031,16.240868706903726],[75.80086956173778,16.23411475538491],[75.81077503105087,16.2414907838972],[75.81914558676719,16.246309806326455],[75.82073723616065,16.251787375246064]]]}},{"type":"Feature","properties":{"type":"village","name":"Sidnal","taluk":"Bagalkot","district":"Bagalkote","village_code":"598791"},"geometry":{"type":"Polygon","coordinates":[[[75.73182148268867,16.217749203126086],[75.72488419529634,16.218569344787074],[75.70309037929242,16.22782751498917],[75.69994837156757,16.228302939738683],[75.69940796036398,16.227164774067205],[75.71035414320507,16.222227794951383],[75.71423108961334,16.218858588571308],[75.71663483578656,16.2150155440076],[75.7273099951098,16.208860443168035],[75.72933059633965,16.2142769655895],[75.73182148268867,16.217749203126086]]]}},{"type":"Feature","properties":{"type":"village","name":"Chitrabanukoti","taluk":"Mudhol","district":"Bagalkote","village_code":"598603"},"geometry":{"type":"Polygon","coordinates":[[[75.39830354404712,16.188613367198023],[75.38649874606757,16.219189611012894],[75.37917525766328,16.216736317014487],[75.3728994159843,16.216894380911526],[75.36888690571485,16.21887786428712],[75.36296319194915,16.196931958181803],[75.39830354404712,16.188613367198023]]]}},{"type":"Feature","properties":{"type":"village","name":"Achanur","taluk":"Bagalkot","district":"Bagalkote","village_code":"598827"},"geometry":{"type":"Polygon","coordinates":[[[75.8479352270823,16.252425244768812],[75.84601259701569,16.2585200801622],[75.83903790377495,16.250999680987036],[75.83922446140157,16.246835614228363],[75.83640472608151,16.244366523176673],[75.83466838863853,16.24101174105075],[75.83143341875648,16.24256269101671],[75.82978607471374,16.246795951409595],[75.83012163679484,16.2509984347857],[75.8276618177816,16.254990580850432],[75.82073723616065,16.251787375246064],[75.81914558676719,16.246309806326455],[75.81594946093637,16.24426511774935],[75.81368955390475,16.239350007016387],[75.81306804818723,16.233905219360963],[75.80078323274067,16.233390566109552],[75.79658609442579,16.215998981119377],[75.83628841401516,16.217866603882317],[75.83563797625729,16.219926865960332],[75.84193732055901,16.21981051185456],[75.84315764504156,16.2210849079048],[75.84743660999735,16.221145958619584],[75.8479352270823,16.252425244768812]]]}},{"type":"Feature","properties":{"type":"village","name":"Petlur","taluk":"Mudhol","district":"Bagalkote","village_code":"598597"},"geometry":{"type":"Polygon","coordinates":[[[75.35265280792007,16.2353999978181],[75.36321741517456,16.244469175656878],[75.3378256667947,16.24238750459736],[75.30779219578096,16.234454592755966],[75.28629634916018,16.236402731312854],[75.28458644105113,16.232403274210842],[75.2868902146147,16.226132877873745],[75.27829001986733,16.225744982145272],[75.27783230128064,16.21499571672469],[75.28952911188156,16.212637810200892],[75.30053521504703,16.212091053426203],[75.30292656985922,16.21351049264205],[75.30327596599572,16.217129782860106],[75.30590897121263,16.216710550224665],[75.3077083838633,16.219887463385973],[75.31015915594331,16.219147278165583],[75.31249686426507,16.220752005689583],[75.3141903341027,16.21899942882651],[75.3200637727552,16.219949967021595],[75.32158782841508,16.221861601934922],[75.32457155298688,16.221500898383546],[75.32637082280542,16.226403776592736],[75.32854040423524,16.228048928397754],[75.32808102017196,16.232436109758968],[75.33000285702622,16.23392755374634],[75.33257047477188,16.233923635418183],[75.3377796011869,16.238668898774826],[75.34448608712825,16.240775580227503],[75.34448694501933,16.23537623272633],[75.35265280792007,16.2353999978181]]]}},{"type":"Feature","properties":{"type":"village","name":"Ningapur","taluk":"Mudhol","district":"Bagalkote","village_code":"598598"},"geometry":{"type":"Polygon","coordinates":[[[75.28629634916018,16.236402731312854],[75.26260960768113,16.241239294181113],[75.26021750187732,16.23679198170089],[75.26177725119672,16.23283932242565],[75.26070997807902,16.226418246410745],[75.2638998166012,16.225859763796564],[75.26517544227096,16.207279114689822],[75.27004059837381,16.207798728915684],[75.27717736296317,16.20318977766582],[75.27829001986733,16.225744982145272],[75.2868902146147,16.226132877873745],[75.28458644105113,16.232403274210842],[75.28629634916018,16.236402731312854]]]}},{"type":"Feature","properties":{"type":"village","name":"Yelligutti","taluk":"Bilgi","district":"Bagalkote","village_code":"598543"},"geometry":{"type":"Polygon","coordinates":[[[75.70478449501877,16.25520697380939],[75.65962188724744,16.25494152117928],[75.65847131335342,16.250996460699263],[75.65544621058304,16.249219189280353],[75.65851347308633,16.239815300067384],[75.66705554593649,16.234454065771107],[75.68173460697385,16.23072741715006],[75.69842496628794,16.22427170077137],[75.70250402195701,16.23506115480927],[75.705254099215,16.23676778380952],[75.70757268959086,16.240388507695382],[75.71265261670847,16.242071866097483],[75.71195955389037,16.2449828969397],[75.70768959813859,16.24911121894114],[75.70478449501877,16.25520697380939]]]}},{"type":"Feature","properties":{"type":"village","name":"Udagatti","taluk":"Bagalkot","district":"Bagalkote","village_code":"598771"},"geometry":{"type":"Polygon","coordinates":[[[75.46511918564768,16.236915384345743],[75.4572786916445,16.238997863673376],[75.45320274055305,16.245039509839412],[75.44943703432305,16.2475562111076],[75.44380232565227,16.249493141984413],[75.4431050802782,16.237309410151052],[75.44616539700775,16.217966785127054],[75.44789262014389,16.194928765424304],[75.44776257912503,16.184161364182724],[75.45222400898304,16.186152408041107],[75.45508651399206,16.188632016102737],[75.46511918564768,16.236915384345743]]]}},{"type":"Feature","properties":{"type":"village","name":"Muranal","taluk":"Bagalkot","district":"Bagalkote","village_code":"598795"},"geometry":{"type":"Polygon","coordinates":[[[75.66484884342424,16.209020483577387],[75.64703935484437,16.210736472342834],[75.64483659413953,16.209460013284094],[75.64686153872377,16.208451883258753],[75.64715588789626,16.20683912897143],[75.64308090518868,16.201147594103816],[75.64439327015693,16.19333292716827],[75.64616040993272,16.19328532472005],[75.64625876737149,16.195135181226004],[75.6514131154188,16.196415367418446],[75.65175641379116,16.193901441681454],[75.65450527383193,16.193901123355054],[75.65450505643963,16.192003770708325],[75.65700849674475,16.192050912793952],[75.6571063044146,16.18977410438243],[75.66334049390876,16.190958940776913],[75.66484884342424,16.209020483577387]]]}},{"type":"Feature","properties":{"type":"village","name":"Bhagavati","taluk":"Bagalkot","district":"Bagalkote","village_code":"598847"},"geometry":{"type":"Polygon","coordinates":[[[75.80655870741647,16.167754986822228],[75.82023541298842,16.19610260813692],[75.82176896384087,16.197029312779733],[75.8213001744166,16.20126284900971],[75.81961207201276,16.20146569720442],[75.81453122322367,16.21625391284511],[75.79658609442579,16.215998981119377],[75.78532920409087,16.175559020869954],[75.80335131581364,16.168146944711616],[75.80655870741647,16.167754986822228]]]}},{"type":"Feature","properties":{"type":"village","name":"Ganjihal","taluk":"Hungund","district":"Bagalkote","village_code":"598908"},"geometry":{"type":"Polygon","coordinates":[[[75.96122216821126,16.22046599409901],[75.95163517232764,16.220397245712963],[75.9429178543352,16.19287162807748],[75.9401746932066,16.179510791023446],[75.93983808099493,16.171119479627222],[75.96201237214922,16.166309075811025],[75.967644012175,16.16177936898004],[75.97429124434188,16.153772599704862],[75.97513379490809,16.15413555310887],[75.98665498936255,16.148093569139757],[75.99034773173022,16.147368757785014],[75.99347190699838,16.149784311883767],[75.99444098167912,16.15201586875853],[75.99339985133282,16.1623363263808],[75.99448027039638,16.163112901398026],[75.99402262906476,16.171747687599254],[75.98716467009855,16.190068536359707],[75.98014234279157,16.218261885760654],[75.96122216821126,16.22046599409901]]]}},{"type":"Feature","properties":{"type":"village","name":"Junnur","taluk":"Mudhol","district":"Bagalkote","village_code":"598606"},"geometry":{"type":"Polygon","coordinates":[[[75.44794112737259,16.186402429873244],[75.44415352470754,16.185748491641736],[75.43718302390423,16.234462513053142],[75.42956426914746,16.23403972157132],[75.42607857497805,16.228650241914963],[75.43159628706624,16.225675885413352],[75.43482453665165,16.21437921972283],[75.43702345436368,16.20253161295485],[75.43913332477655,16.17582772607327],[75.44559528300931,16.17712699893305],[75.44461506113423,16.181754132748733],[75.44776257912503,16.184161364182724],[75.44794112737259,16.186402429873244]]]}},{"type":"Feature","properties":{"type":"village","name":"Kadampur","taluk":"Bagalkot","district":"Bagalkote","village_code":"598789"},"geometry":{"type":"Polygon","coordinates":[[[75.69842496628794,16.22427170077137],[75.68173460697385,16.23072741715006],[75.67908106626957,16.22223764440048],[75.67182596211624,16.2085971328459],[75.67944526215038,16.20669284984914],[75.68721521055595,16.207833944200114],[75.69041128069128,16.20740602510382],[75.70320167875951,16.19772135857364],[75.70774984634805,16.216821482303406],[75.69842496628794,16.22427170077137]]]}},{"type":"Feature","properties":{"type":"village","name":"Mugalalli","taluk":"Bagalkot","district":"Bagalkote","village_code":"598825"},"geometry":{"type":"Polygon","coordinates":[[[75.77240681386299,16.227797143768132],[75.76831007755248,16.2279633358397],[75.76023448186305,16.226111054948],[75.7584597441366,16.229941575755944],[75.75545612727116,16.231720059828234],[75.75073715131954,16.231816741732946],[75.74445454442818,16.2296468557456],[75.73802486715515,16.23301805360571],[75.7362565442981,16.231643346661087],[75.73767292519311,16.230170459611532],[75.73757384730547,16.22855072075912],[75.73180692279455,16.219042567339596],[75.73165597438577,16.216582421810433],[75.7520080222065,16.21075689007232],[75.75162092377751,16.2096187800025],[75.75763068357098,16.208519853426424],[75.75795853720865,16.207634396876884],[75.77038845392981,16.20676000027467],[75.79211277626337,16.199834268117964],[75.79433810085148,16.208939941942795],[75.78084162607159,16.212905453089615],[75.77772320181789,16.211453568130985],[75.77135312237407,16.213126753023396],[75.77240681386299,16.227797143768132]]]}},{"type":"Feature","properties":{"type":"village","name":"Veerapur","taluk":"Bagalkot","district":"Bagalkote","village_code":"598794"},"geometry":{"type":"Polygon","coordinates":[[[75.67469123213972,16.208359019009496],[75.66484884342424,16.209020483577387],[75.66456934520001,16.199757497676316],[75.67208019073153,16.200775917772866],[75.6728658321262,16.20167698525219],[75.67469123213972,16.208359019009496]]]}},{"type":"Feature","properties":{"type":"village","name":"Honaralli","taluk":"Bagalkot","district":"Bagalkote","village_code":"598784"},"geometry":{"type":"Polygon","coordinates":[[[75.65006911807446,16.244962825152278],[75.63212324187826,16.247655663141018],[75.62846503793665,16.231516814979173],[75.62772852360824,16.22184055569413],[75.63106534807045,16.22045729176206],[75.63280043865184,16.224160063017827],[75.63622380141864,16.225578656233214],[75.64001877565889,16.22313857234818],[75.65006911807446,16.244962825152278]]]}},{"type":"Feature","properties":{"type":"village","name":"Sorakopp","taluk":"Bagalkot","district":"Bagalkote","village_code":"598785"},"geometry":{"type":"Polygon","coordinates":[[[75.66357005478638,16.236755168233863],[75.65851347308633,16.239815300067384],[75.65544621058304,16.249219189280353],[75.65006911807446,16.244962825152278],[75.63968439396405,16.22283588084922],[75.6454869609305,16.211460663848662],[75.65040276225245,16.210349784989535],[75.66357005478638,16.236755168233863]]]}},{"type":"Feature","properties":{"type":"village","name":"Halaki","taluk":"Mudhol","district":"Bagalkote","village_code":"598599"},"geometry":{"type":"Polygon","coordinates":[[[75.2638998166012,16.225859763796564],[75.25430716312792,16.227105922076948],[75.24915456499876,16.23247011658246],[75.24302927107996,16.234533455890436],[75.241797337669,16.228074189127753],[75.23089823912521,16.236442774859338],[75.22969001315292,16.233379911643137],[75.22973512025827,16.23027584504329],[75.23057793043763,16.223294661055625],[75.23306300378847,16.217961852963953],[75.23237600909009,16.21007772296815],[75.24915480125568,16.204659041578054],[75.25275444402395,16.20450894630257],[75.25319337793975,16.20550774307859],[75.26517544227096,16.207279114689822],[75.2638998166012,16.225859763796564]]]}},{"type":"Feature","properties":{"type":"village","name":"Muddapur","taluk":"Mudhol","district":"Bagalkote","village_code":"598596"},"geometry":{"type":"Polygon","coordinates":[[[75.35265280792007,16.2353999978181],[75.34448694501933,16.23537623272633],[75.34406512041642,16.240775564703075],[75.3377796011869,16.238668898774826],[75.33257047477188,16.233923635418183],[75.33000285702622,16.23392755374634],[75.3283942654065,16.23280667324541],[75.32779134762883,16.231414895772822],[75.32854040423524,16.228048928397754],[75.32637082280542,16.226403776592736],[75.32457155298688,16.221500898383546],[75.32158782841508,16.221861601934922],[75.3200637727552,16.219949967021595],[75.31503386383261,16.219457432176707],[75.31533349959055,16.21200995408562],[75.30885975456293,16.203287577743296],[75.3085292697598,16.198850437213135],[75.30714590284984,16.196708341077475],[75.30831072132929,16.195213135321087],[75.30803125364774,16.191892082758336],[75.31470385244161,16.191668284816778],[75.3223492054156,16.207990620395346],[75.32686014412384,16.21457492517391],[75.33372389183374,16.22039151488271],[75.34919303463818,16.227307210956813],[75.35230744072763,16.229634559707154],[75.35341562222507,16.231062438936988],[75.35224155109819,16.23317239740217],[75.35265280792007,16.2353999978181]]]}},{"type":"Feature","properties":{"type":"village","name":"Budni Khurd","taluk":"Mudhol","district":"Bagalkote","village_code":"598591"},"geometry":{"type":"Polygon","coordinates":[[[75.39025427618205,16.22303901131677],[75.38886160092908,16.236896735697613],[75.38736508312422,16.23974342162715],[75.38834756516056,16.244189360759574],[75.38317460491888,16.24279339119074],[75.3815749191969,16.238794672053032],[75.36952720867968,16.23345390208333],[75.36777378887324,16.22181921704633],[75.36888690571485,16.21887786428712],[75.37080907494571,16.21745012613878],[75.38180343982538,16.217052568892083],[75.38649874606757,16.219189611012894],[75.39025427618205,16.22303901131677]]]}},{"type":"Feature","properties":{"type":"village","name":"Kengalkadapatti","taluk":"Hungund","district":"Bagalkote","village_code":"598912"},"geometry":{"type":"Polygon","coordinates":[[[75.99622342066249,16.21581811168735],[75.98014234279157,16.218261885760654],[75.98036073581355,16.215654703256238],[75.98293649229569,16.205121207640914],[75.99711041897066,16.205683040811504],[75.99622342066249,16.21581811168735]]]}},{"type":"Feature","properties":{"type":"village","name":"Kirasur","taluk":"Bagalkot","district":"Bagalkote","village_code":"598846"},"geometry":{"type":"Polygon","coordinates":[[[75.79211277626337,16.199834268117964],[75.77038845392981,16.20676000027467],[75.75795853720865,16.207634396876884],[75.75763068357098,16.208519853426424],[75.75162092377751,16.2096187800025],[75.7520080222065,16.21075689007232],[75.74680024056943,16.211810931135158],[75.73608935704397,16.195879278222368],[75.74389310725707,16.1937881692115],[75.74521773602555,16.192506735790293],[75.74805989958331,16.18472626015325],[75.75261280758164,16.1786553527171],[75.76967185255629,16.16526965427187],[75.77667517959672,16.175071589659318],[75.78147317495399,16.17290954716857],[75.78532920409087,16.175559020869954],[75.79211277626337,16.199834268117964]]]}},{"type":"Feature","properties":{"type":"village","name":"Kaladgi","taluk":"Bagalkot","district":"Bagalkote","village_code":"598774"},"geometry":{"type":"Polygon","coordinates":[[[75.5129899777437,16.219203930412558],[75.50141098568389,16.222405027168886],[75.50154623513475,16.223752600939278],[75.49779314035301,16.22303275527309],[75.49389447986772,16.225849811024645],[75.49384493688149,16.229062385099564],[75.491455139748,16.229063677153405],[75.49129503660814,16.227107335760056],[75.48985493569809,16.227758740709987],[75.49058437669196,16.219376843054665],[75.48242112339707,16.205744726012178],[75.47955068985733,16.198223135006142],[75.46435004810141,16.198155542582125],[75.46236834122847,16.19217610764637],[75.47002033005745,16.187139483912766],[75.4727858682198,16.153079148784478],[75.48070936565688,16.15202721704142],[75.49681142996948,16.146881526288553],[75.49996112098498,16.144178315796175],[75.50223680243299,16.15428292643105],[75.5035291762929,16.167659660007338],[75.50337950259352,16.171549074401053],[75.50013218177463,16.18414051406755],[75.50483932691397,16.192278064402437],[75.50473857905823,16.196570613767346],[75.50606182801445,16.200081358594346],[75.50615837983952,16.20269022739112],[75.5033347449328,16.204301362824847],[75.50844952398849,16.209130547027677],[75.50616773938644,16.213882081130876],[75.51029843470964,16.215456773424304],[75.5129899777437,16.219203930412558]]]}},{"type":"Feature","properties":{"type":"village","name":"Bevoor","taluk":"Bagalkot","district":"Bagalkote","village_code":"598853"},"geometry":{"type":"Polygon","coordinates":[[[75.95215380297883,16.23119130658795],[75.92966445378974,16.243034601007732],[75.91992232694143,16.236129628899047],[75.91815318571918,16.2303329486331],[75.90164383244328,16.228121419188845],[75.87524340535673,16.22218714559094],[75.87150724561474,16.215010522062197],[75.86788806898063,16.204053471941155],[75.86898764731258,16.184692444378133],[75.87843253600646,16.18335527114167],[75.89823401627098,16.182834686670596],[75.92123307224722,16.180075100699774],[75.92015711870893,16.177843187641944],[75.92040393891806,16.173374563096615],[75.93118074531066,16.17294740787694],[75.93983808099493,16.171119479627222],[75.9401746932066,16.179510791023446],[75.9429178543352,16.19287162807748],[75.95163517232764,16.220397245712963],[75.95215380297883,16.23119130658795]]]}},{"type":"Feature","properties":{"type":"village","name":"Nakargundi","taluk":"Bagalkot","district":"Bagalkote","village_code":"598787"},"geometry":{"type":"Polygon","coordinates":[[[75.67230863410494,16.23300634427923],[75.66705554593649,16.234454065771107],[75.66357005478638,16.236755168233863],[75.65040276225245,16.210349784989535],[75.66121534315292,16.208959030580576],[75.67230863410494,16.23300634427923]]]}},{"type":"Feature","properties":{"type":"village","name":"Chebbi","taluk":"Bagalkot","district":"Bagalkote","village_code":"598780"},"geometry":{"type":"Polygon","coordinates":[[[75.59785123997804,16.22891120525318],[75.58870517227018,16.232323232040873],[75.58647040728674,16.234493874252944],[75.5820462009192,16.22268937985285],[75.58060529242367,16.190600859322103],[75.58909757255597,16.188373224325872],[75.59729509478228,16.187473348723234],[75.59935469726845,16.202604666084547],[75.60635585487748,16.229127928789755],[75.59785123997804,16.22891120525318]]]}},{"type":"Feature","properties":{"type":"village","name":"Devanal","taluk":"Bagalkot","district":"Bagalkote","village_code":"598778"},"geometry":{"type":"Polygon","coordinates":[[[75.55103670316277,16.23241799716414],[75.54848699962048,16.23141964215956],[75.54442918281966,16.23322763973689],[75.53248831882065,16.21653033958999],[75.53808861662617,16.208279477732518],[75.53597938311886,16.204531451371064],[75.54383465710336,16.202447641417237],[75.56386389891996,16.19970358823525],[75.56425371744763,16.20919018591],[75.56101234437426,16.213315872994897],[75.55874948817355,16.22692828783984],[75.5499116468127,16.22863278276277],[75.55103670316277,16.23241799716414]]]}},{"type":"Feature","properties":{"type":"village","name":"Hebbal","taluk":"Mudhol","district":"Bagalkote","village_code":"598602"},"geometry":{"type":"Polygon","coordinates":[[[75.36888690571485,16.21887786428712],[75.36601520465223,16.226861556577514],[75.36270400104023,16.22841111987948],[75.3537762868285,16.225916132064192],[75.35321081083187,16.223019842963907],[75.34177725781318,16.218160974934293],[75.34206833082982,16.21193483680303],[75.33446961928372,16.210198358739472],[75.32670922086791,16.200694636072583],[75.3214329112494,16.189930570625364],[75.31470385244161,16.191668284816778],[75.31344026509498,16.180259132043265],[75.30947906300129,16.16896654628083],[75.3092697510485,16.16602504822958],[75.31089681562372,16.165682147332795],[75.30948100965051,16.163151478387842],[75.30707388311687,16.161505986337687],[75.30537873792122,16.156033705228612],[75.30070918188662,16.153908409411198],[75.29915374268397,16.150532668813657],[75.3198266471646,16.148876623283716],[75.32064396135955,16.15161941705367],[75.32022718528852,16.154321304963222],[75.32246130168834,16.156215099695398],[75.32175906168128,16.1597302022138],[75.322740031853,16.16263573970963],[75.32714283226565,16.167977465056968],[75.3273525295957,16.170566519193297],[75.32882014680123,16.172527882904056],[75.33266264192001,16.175772872283822],[75.3381116876862,16.18935157761671],[75.3605183370719,16.188446414691494],[75.36888690571485,16.21887786428712]]]}},{"type":"Feature","properties":{"type":"village","name":"Bommanbudni","taluk":"Mudhol","district":"Bagalkote","village_code":"598600"},"geometry":{"type":"Polygon","coordinates":[[[75.31503386383261,16.219457432176707],[75.31386291614795,16.219067127098665],[75.31215076314903,16.220788026010876],[75.31015915594331,16.219147278165583],[75.30746523237376,16.21978797489111],[75.30590897121263,16.216710550224665],[75.30327596599572,16.217129782860106],[75.30292656985922,16.21351049264205],[75.30053521504703,16.212091053426203],[75.28952911188156,16.212637810200892],[75.27783230128064,16.21499571672469],[75.27717736296317,16.20318977766582],[75.28098226897721,16.19968007935623],[75.28376831927073,16.20141635763603],[75.28594283065482,16.201263655579],[75.28700669825929,16.195878352583325],[75.28889741208218,16.19226446683564],[75.30803125364774,16.191892082758336],[75.30831072132929,16.195213135321087],[75.30714590284984,16.196708341077475],[75.3085292697598,16.198850437213135],[75.30885975456293,16.203287577743296],[75.31533349959055,16.21200995408562],[75.31503386383261,16.219457432176707]]]}},{"type":"Feature","properties":{"type":"village","name":"Sindagi","taluk":"Bagalkot","district":"Bagalkote","village_code":"598788"},"geometry":{"type":"Polygon","coordinates":[[[75.68173460697385,16.23072741715006],[75.67230863410494,16.23300634427923],[75.66121534315292,16.208959030580576],[75.66931246337488,16.20932015561863],[75.67182596211624,16.2085971328459],[75.67908106626957,16.22223764440048],[75.68173460697385,16.23072741715006]]]}},{"type":"Feature","properties":{"type":"village","name":"Yadahalli","taluk":"Bagalkot","district":"Bagalkote","village_code":"598781"},"geometry":{"type":"Polygon","coordinates":[[[75.61861184158995,16.21541808330862],[75.61742614356834,16.219946484870167],[75.62101528772587,16.225727829797464],[75.6214570684028,16.230119577292665],[75.61675213311909,16.232091680370306],[75.60635585487748,16.229127928789755],[75.59935469726845,16.202604666084547],[75.59729509478228,16.187473348723234],[75.60830264423538,16.185921288689332],[75.61289059102133,16.208926499068937],[75.61583586680065,16.214120549717048],[75.61861184158995,16.21541808330862]]]}},{"type":"Feature","properties":{"type":"village","name":"Bagalkot (CMC)","taluk":"Bagalkot","district":"Bagalkote","village_code":"803048"},"geometry":{"type":"Polygon","coordinates":[[[75.70320167875951,16.19772135857364],[75.69041128069128,16.20740602510382],[75.68721521055595,16.207833944200114],[75.67944526215038,16.20669284984914],[75.67469123213972,16.208359019009496],[75.67208019073153,16.200775917772866],[75.66456934520001,16.199757497676316],[75.66270230917135,16.190579664812095],[75.6571063044146,16.18977410438243],[75.65700849674475,16.192050912793952],[75.65450505643963,16.192003770708325],[75.65450527383193,16.193901123355054],[75.65175641379116,16.193901441681454],[75.6514131154188,16.196415367418446],[75.64625876737149,16.195135181226004],[75.64616040993272,16.19328532472005],[75.64439327015693,16.19333292716827],[75.64396397785907,16.194981249316772],[75.63904293935902,16.19494597566358],[75.63884645265355,16.192953832615483],[75.6350666958742,16.193096308035106],[75.63325040387932,16.191056723626303],[75.63217045193971,16.187736424986163],[75.62888166219237,16.184937952623038],[75.62706551213132,16.18114337078599],[75.62701633655605,16.175973192934563],[75.6210774556351,16.173127103570778],[75.6166109700587,16.1732691757216],[75.61205863608389,16.172023739286267],[75.6099366402113,16.162975777916394],[75.60942192441813,16.154603818670697],[75.61960556334714,16.15467568068645],[75.62048900881834,16.151592550248132],[75.62431699524699,16.149553032646715],[75.62937188182609,16.148604403214286],[75.64124828721185,16.14926806031822],[75.64095053611935,16.144881025626596],[75.65356559112898,16.143432654676886],[75.65690278929034,16.143622003623754],[75.65695217776634,16.146183360592037],[75.66264518530245,16.14755805982242],[75.66863221861755,16.146513498785517],[75.67638895999184,16.157516335872756],[75.68384785235723,16.153909550958886],[75.69177345364875,16.152863794751976],[75.69498944572209,16.1569894743664],[75.69955997237805,16.173921522937253],[75.7141864828696,16.173892410808286],[75.71762609436324,16.175049672218552],[75.71803874537048,16.17766559529478],[75.72035028307303,16.181518718767823],[75.7215096227276,16.186130448694843],[75.72075556160674,16.18808819582218],[75.72288711106236,16.19642806407989],[75.72150889060063,16.19913241105233],[75.71750887140519,16.20069944099658],[75.71573910585386,16.19984699388934],[75.7144872675728,16.197694547209014],[75.71084156099342,16.195981227888712],[75.70320167875951,16.19772135857364]]]}},{"type":"Feature","properties":{"type":"village","name":"Gaddankeri","taluk":"Bagalkot","district":"Bagalkote","village_code":"598796"},"geometry":{"type":"Polygon","coordinates":[[[75.6403225041413,16.220359797787744],[75.63945763493183,16.223625462992903],[75.6384678370158,16.22125929213682],[75.62972858396077,16.19545617619196],[75.62526160431096,16.19697397316579],[75.62030370973143,16.196926454411475],[75.61637743593262,16.181700341758976],[75.61269646778335,16.175249274928078],[75.61205863608389,16.172023739286267],[75.6166109700587,16.1732691757216],[75.6210774556351,16.173127103570778],[75.62608379905284,16.175261664084882],[75.62701633655605,16.175973192934563],[75.62770355134167,16.182756022842153],[75.63217045193971,16.187736424986163],[75.63325040387932,16.191056723626303],[75.6350666958742,16.193096308035106],[75.63884645265355,16.192953832615483],[75.63904293935902,16.19494597566358],[75.64396397785907,16.194981249316772],[75.64308090518868,16.201147594103816],[75.64715588789626,16.20683912897143],[75.64686153872377,16.208451883258753],[75.64483661210583,16.209258437895233],[75.64703935484437,16.210736472342834],[75.6437311623852,16.21401816778687],[75.64151262456905,16.219584874710176],[75.6403225041413,16.220359797787744]]]}},{"type":"Feature","properties":{"type":"village","name":"Andamuranal","taluk":"Bagalkot","district":"Bagalkote","village_code":"598792"},"geometry":{"type":"Polygon","coordinates":[[[75.7273099951098,16.208860443168035],[75.71663483578656,16.2150155440076],[75.71423108961334,16.218858588571308],[75.71035414320507,16.222227794951383],[75.69940796036398,16.227164774067205],[75.69842496628794,16.22427170077137],[75.72090449060275,16.205687295261352],[75.72340803331583,16.20558535665106],[75.7273099951098,16.208860443168035]]]}},{"type":"Feature","properties":{"type":"village","name":"Bannidinni","taluk":"Bagalkot","district":"Bagalkote","village_code":"598783"},"geometry":{"type":"Polygon","coordinates":[[[75.63945763493183,16.223625462992903],[75.63723867041593,16.22543405140469],[75.63373109059124,16.22492135466462],[75.62765604842944,16.216363739360002],[75.62526160431096,16.19697397316579],[75.62972858396077,16.19545617619196],[75.63945763493183,16.223625462992903]]]}},{"type":"Feature","properties":{"type":"village","name":"Chikkur","taluk":"Mudhol","district":"Bagalkote","village_code":"598604"},"geometry":{"type":"Polygon","coordinates":[[[75.41639682928985,16.224161021300606],[75.41214089534134,16.22349752366139],[75.40164733943595,16.229684476132846],[75.39446835762149,16.22746219663849],[75.38649874606757,16.219189611012894],[75.39830354404712,16.188613367198023],[75.40583635428568,16.18902361077502],[75.40356137711687,16.171167487746274],[75.41683058801134,16.17344726465892],[75.41550260762851,16.19607528758069],[75.41639682928985,16.224161021300606]]]}},{"type":"Feature","properties":{"type":"village","name":"Ankalagi","taluk":"Bagalkot","district":"Bagalkote","village_code":"598773"},"geometry":{"type":"Polygon","coordinates":[[[75.48985493569809,16.227758740709987],[75.48698437998748,16.22946810511618],[75.48576552694534,16.233402242638157],[75.48122778969557,16.230392708747736],[75.47586544932062,16.22505917774297],[75.47052972333259,16.21592103783074],[75.46435004810141,16.198155542582125],[75.47955068985733,16.198223135006142],[75.48242112339707,16.205744726012178],[75.49058437669196,16.219376843054665],[75.48985493569809,16.227758740709987]]]}},{"type":"Feature","properties":{"type":"village","name":"Kadalimatti","taluk":"Bagalkot","district":"Bagalkote","village_code":"598848"},"geometry":{"type":"Polygon","coordinates":[[[75.78179721614161,16.241314703871204],[75.7693824180667,16.242824662229147],[75.77234995140381,16.23857435659391],[75.77135312237407,16.213126753023396],[75.77772320181789,16.211453568130985],[75.78084162607159,16.212905453089615],[75.79433810085148,16.208939941942795],[75.80078323274067,16.233390566109552],[75.80140796700333,16.238632102046093],[75.78622605601939,16.239538755085068],[75.78179721614161,16.241314703871204]]]}},{"type":"Feature","properties":{"type":"village","name":"Mudapaljivi","taluk":"Bagalkot","district":"Bagalkote","village_code":"598849"},"geometry":{"type":"Polygon","coordinates":[[[75.80078323274067,16.233390566109552],[75.81306804818723,16.233905219360963],[75.81315226794005,16.237574169001885],[75.81594946093637,16.24426511774935],[75.81077503105087,16.2414907838972],[75.80078323274067,16.233390566109552]]]}},{"type":"Feature","properties":{"type":"village","name":"Timmapur","taluk":"Mudhol","district":"Bagalkote","village_code":"598601"},"geometry":{"type":"Polygon","coordinates":[[[75.36270400104023,16.22841111987948],[75.35341562222507,16.231062438936988],[75.34919303463818,16.227307210956813],[75.33372389183374,16.22039151488271],[75.32983361712161,16.217517040867456],[75.3223492054156,16.207990620395346],[75.31470385244161,16.191668284816778],[75.3214329112494,16.189930570625364],[75.32670922086791,16.200694636072583],[75.33446961928372,16.210198358739472],[75.34206833082982,16.21193483680303],[75.34206715224019,16.218495384118018],[75.35321081083187,16.223019842963907],[75.3537762868285,16.225916132064192],[75.36270400104023,16.22841111987948]]]}},{"type":"Feature","properties":{"type":"village","name":"Yankachi","taluk":"Bagalkot","district":"Bagalkote","village_code":"598790"},"geometry":{"type":"Polygon","coordinates":[[[75.7302907938687,16.234896944704232],[75.72770475886308,16.24006142185953],[75.72110187113192,16.24707914336347],[75.72068626197246,16.248581594819225],[75.71896295189772,16.243953400391494],[75.71189970183795,16.24211276836461],[75.7064827420971,16.239518440386963],[75.705254099215,16.23676778380952],[75.70142317709198,16.233306589613175],[75.69994837156757,16.228302939738683],[75.70868647477904,16.225975610608913],[75.7137908558353,16.222653308988995],[75.72488419529634,16.218569344787074],[75.73182148268867,16.217749203126086],[75.73777793106332,16.229795406078082],[75.73573214915776,16.232123915666357],[75.73374367886903,16.232148598857037],[75.7302907938687,16.234896944704232]]]}},{"type":"Feature","properties":{"type":"village","name":"Sharadal","taluk":"Bagalkot","district":"Bagalkote","village_code":"598772"},"geometry":{"type":"Polygon","coordinates":[[[75.48576552694534,16.233402242638157],[75.48527335976411,16.239061329800833],[75.48252060103503,16.242880653917457],[75.47596685204819,16.240620172072145],[75.47030100776965,16.23650648071992],[75.46511918564768,16.236915384345743],[75.45508651399206,16.188632016102737],[75.46150636639082,16.1885166192367],[75.47052972333259,16.21592103783074],[75.47586544932062,16.22505917774297],[75.48122778969557,16.230392708747736],[75.48576552694534,16.233402242638157]]]}},{"type":"Feature","properties":{"type":"village","name":"Sokanadgi","taluk":"Bagalkot","district":"Bagalkote","village_code":"598779"},"geometry":{"type":"Polygon","coordinates":[[[75.58003784642162,16.237263365622113],[75.56670316361432,16.239368896062228],[75.55549607587874,16.23568739270823],[75.55103670316277,16.23241799716414],[75.54976397905136,16.229723665430186],[75.55084461460892,16.22830104477653],[75.55874948817355,16.22692828783984],[75.56101234437426,16.213315872994897],[75.56425371744763,16.20919018591],[75.56415808100587,16.201079159018448],[75.56879638375338,16.20314384506556],[75.58067709027276,16.198593335836176],[75.5820462009192,16.22268937985285],[75.58647040728674,16.234493874252944],[75.58003784642162,16.237263365622113]]]}},{"type":"Feature","properties":{"type":"village","name":"Hire-Sansi","taluk":"Bagalkot","district":"Bagalkote","village_code":"598776"},"geometry":{"type":"Polygon","coordinates":[[[75.53086582217868,16.221699759735646],[75.5286007633089,16.235311802869088],[75.52700813295516,16.24199007188724],[75.52394353575328,16.239709152144112],[75.5207747663178,16.22880937008715],[75.52369609390996,16.22558581181949],[75.53086582217868,16.221699759735646]]]}},{"type":"Feature","properties":{"type":"village","name":"Chikk-Sansi","taluk":"Bagalkot","district":"Bagalkote","village_code":"598777"},"geometry":{"type":"Polygon","coordinates":[[[75.53151056910924,16.2403983803848],[75.52859123308204,16.24221905039719],[75.52700813295516,16.24199007188724],[75.53140759343157,16.21804764308449],[75.53248831882065,16.21653033958999],[75.54442918281966,16.23322763973689],[75.53916235402065,16.239996212137672],[75.53151056910924,16.2403983803848]]]}},{"type":"Feature","properties":{"type":"village","name":"Adihal","taluk":"Hungund","district":"Bagalkote","village_code":"598944"},"geometry":{"type":"Polygon","coordinates":[[[76.0834624767415,16.205273597891235],[76.07376359658757,16.206920517690953],[76.06675879361512,16.206349307068802],[76.06333689330562,16.202706584670093],[76.06181348712767,16.199552313397845],[76.06241806139873,16.195359529929778],[76.06441547441612,16.19275752425725],[76.06745525026837,16.19139385483358],[76.08030545906655,16.187389376814746],[76.0834624767415,16.205273597891235]]]}},{"type":"Feature","properties":{"type":"village","name":"Bisaladinni","taluk":"Hungund","district":"Bagalkote","village_code":"598915"},"geometry":{"type":"Polygon","coordinates":[[[76.05811841363183,16.229823881180824],[76.05353899275623,16.23210403663066],[76.04896498512855,16.23245935425317],[76.04040520468749,16.235054032342227],[76.03841217095712,16.2366210120117],[76.00678603904694,16.237748389416883],[75.99938741914552,16.22258514013598],[76.00075369560722,16.22143380732246],[76.00389143274123,16.221738352011716],[76.02764545084854,16.227977181938208],[76.05375618922224,16.226600832030574],[76.05822317605859,16.224320581783758],[76.05811841363183,16.229823881180824]]]}},{"type":"Feature","properties":{"type":"village","name":"Turadagi","taluk":"Hungund","district":"Bagalkote","village_code":"598914"},"geometry":{"type":"Polygon","coordinates":[[[76.06505099115714,16.240014831167944],[76.04781766223756,16.2479566657568],[76.02906062440776,16.241315902698304],[76.02566548131732,16.240532640114605],[76.01887398869899,16.24138320604826],[76.00956286723576,16.23990065977778],[76.0076033765981,16.23954262327796],[76.00678603904694,16.237748389416883],[76.03841217095712,16.2366210120117],[76.04040520468749,16.235054032342227],[76.04896498512855,16.23245935425317],[76.05353899275623,16.23210403663066],[76.05811841363183,16.229823881180824],[76.05913234029639,16.232607457410975],[76.06505099115714,16.240014831167944]]]}},{"type":"Feature","properties":{"type":"village","name":"Mallapur","taluk":"Bagalkot","district":"Bagalkote","village_code":"598845"},"geometry":{"type":"Polygon","coordinates":[[[75.74680024056943,16.211810931135158],[75.73165597438577,16.216582421810433],[75.72933059633965,16.2142769655895],[75.72726538207786,16.208636822339102],[75.72340803331583,16.20558535665106],[75.71764029493124,16.20634084564162],[75.71537161585088,16.204202806725416],[75.71450776982252,16.20179713273506],[75.71573910585386,16.19984699388934],[75.71903060492008,16.200698745705964],[75.72290142032652,16.1970018396611],[75.72261432864317,16.193175003974837],[75.72075556160674,16.18808819582218],[75.7215096227276,16.186130448694843],[75.72035028307303,16.181518718767823],[75.71803874537048,16.17766559529478],[75.71817338935683,16.175537395093894],[75.7141864828696,16.173892410808286],[75.71379250514218,16.17080943079311],[75.71001109725931,16.16587792610453],[75.70956804366965,16.16270007424532],[75.70721043766433,16.158337123039274],[75.73577229217287,16.155004329248072],[75.74397691558151,16.169704221023423],[75.75171910604482,16.17979569387359],[75.74805989958331,16.18472626015325],[75.74521773602555,16.192506735790293],[75.7424208754059,16.194500429258504],[75.73608935704397,16.195879278222368],[75.74680024056943,16.211810931135158]]]}},{"type":"Feature","properties":{"type":"village","name":"Salagundi","taluk":"Bagalkot","district":"Bagalkote","village_code":"598793"},"geometry":{"type":"Polygon","coordinates":[[[75.72090449060275,16.205687295261352],[75.70774984634805,16.216821482303406],[75.70320167875951,16.19772135857364],[75.70863685004612,16.19595276859891],[75.71271930673686,16.19663342586607],[75.7157433818346,16.19909238407482],[75.71450776982252,16.20179713273506],[75.71537161585088,16.204202806725416],[75.71764029493124,16.20634084564162],[75.72090449060275,16.205687295261352]]]}},{"type":"Feature","properties":{"type":"village","name":"Hallur","taluk":"Bagalkot","district":"Bagalkote","village_code":"598850"},"geometry":{"type":"Polygon","coordinates":[[[75.87524340535673,16.22218714559094],[75.86457158776635,16.222619063269054],[75.84315764504156,16.2210849079048],[75.84193732055901,16.21981051185456],[75.83563797625729,16.219926865960332],[75.83628841401516,16.217866603882317],[75.81453122322367,16.21625391284511],[75.81961207201276,16.20146569720442],[75.8213001744166,16.20126284900971],[75.82176896384087,16.197029312779733],[75.82023541298842,16.19610260813692],[75.80731529280327,16.17011833892841],[75.82947348884264,16.163337993985284],[75.83017492934907,16.162764305223],[75.83009619111613,16.159434271155543],[75.83216805740258,16.155806480015336],[75.83692315730671,16.152861484896096],[75.84069840544167,16.15184330695795],[75.84245764633116,16.157014846872784],[75.84245718369878,16.159843388090483],[75.83842901489561,16.174730614605235],[75.84351929060527,16.1831265270349],[75.8492702574435,16.183651469187687],[75.84943370680777,16.18521484082009],[75.86241313466628,16.19094544232812],[75.86841228535627,16.192215476076637],[75.86788806898063,16.204053471941155],[75.87150724561474,16.215010522062197],[75.87524340535673,16.22218714559094]]]}},{"type":"Feature","properties":{"type":"village","name":"Anadinni","taluk":"Bagalkot","district":"Bagalkote","village_code":"598782"},"geometry":{"type":"Polygon","coordinates":[[[75.62526160431096,16.19697397316579],[75.62765604842944,16.216363739360002],[75.6213522017715,16.213894312596402],[75.61861184158995,16.21541808330862],[75.61730858014879,16.215045546290174],[75.61583586680065,16.214120549717048],[75.61289059102133,16.208926499068937],[75.60830264423538,16.185921288689332],[75.6168190540145,16.184546313610998],[75.62030370973143,16.196926454411475],[75.62526160431096,16.19697397316579]]]}},{"type":"Feature","properties":{"type":"village","name":"Govindkopp","taluk":"Bagalkot","district":"Bagalkote","village_code":"598775"},"geometry":{"type":"Polygon","coordinates":[[[75.53248831882065,16.21653033958999],[75.52802394698013,16.210409447655728],[75.51320713198892,16.21960839501602],[75.51029843470964,16.215456773424304],[75.50616773938644,16.213882081130876],[75.50844952398849,16.209130547027677],[75.5033347449328,16.204301362824847],[75.50615837983952,16.20269022739112],[75.50574256316924,16.20034207768996],[75.50939989484672,16.199988455033854],[75.51050535175388,16.19835261678116],[75.51026342826133,16.19223368467392],[75.51205664163824,16.18962590605435],[75.5126478157402,16.185760441021056],[75.51201155699074,16.182605823767663],[75.51325455674771,16.176167450833304],[75.53166427265097,16.16853995614565],[75.53509852928721,16.171577134295017],[75.53838439591661,16.17760256319903],[75.53808805068753,16.18177649633763],[75.5330286051584,16.189885256074867],[75.53597938311886,16.204531451371064],[75.53808861662617,16.208279477732518],[75.53248831882065,16.21653033958999]]]}},{"type":"Feature","properties":{"type":"village","name":"Bodanayakdinni","taluk":"Bagalkot","district":"Bagalkote","village_code":"598852"},"geometry":{"type":"Polygon","coordinates":[[[75.92264136111812,16.263918472947136],[75.91729096204824,16.26704053518062],[75.89676990339335,16.263763045145772],[75.89753787312975,16.26212288601998],[75.89659278436544,16.259683087341465],[75.89750452227652,16.256226510205874],[75.89532942968246,16.25562128289589],[75.89427681886681,16.253023310948],[75.89041764203317,16.250149679281915],[75.89267837371825,16.226115168363975],[75.91777908860732,16.230308950913184],[75.922992579038,16.255680473902558],[75.92264136111812,16.263918472947136]]]}},{"type":"Feature","properties":{"type":"village","name":"Bilkerur","taluk":"Bagalkot","district":"Bagalkote","village_code":"598828"},"geometry":{"type":"Polygon","coordinates":[[[75.89332267598272,16.252421318184993],[75.8479352270823,16.252425244768812],[75.84743660999735,16.221145958619584],[75.86457158776635,16.222619063269054],[75.87524340535673,16.22218714559094],[75.87752125623616,16.23151151917688],[75.87524828231041,16.23556443088843],[75.87527165916904,16.23979803941194],[75.88095912859141,16.246751754726844],[75.89041764203317,16.250149679281915],[75.89332267598272,16.252421318184993]]]}},{"type":"Feature","properties":{"type":"village","name":"Shiraguppi","taluk":"Bilgi","district":"Bagalkote","village_code":"598514"},"geometry":{"type":"Polygon","coordinates":[[[75.53151056910924,16.2403983803848],[75.53377457515347,16.25099802168503],[75.53025221085585,16.25353641567572],[75.52289157441957,16.25519480614237],[75.51012821384478,16.26058942769964],[75.51220728461979,16.2509950463254],[75.5027840040018,16.22168501527949],[75.5129899777437,16.219203930412558],[75.51980884741864,16.226913472185327],[75.52475439734954,16.2409429782792],[75.52859123308204,16.24221905039719],[75.53151056910924,16.2403983803848]]]}},{"type":"Feature","properties":{"type":"village","name":"Lingapur(S.K)","taluk":"Bilgi","district":"Bagalkote","village_code":"598513"},"geometry":{"type":"Polygon","coordinates":[[[75.51012821384478,16.26058942769964],[75.50477443800774,16.262248352809735],[75.50028852097343,16.251858444646455],[75.49912238466545,16.244448179268645],[75.48576552694534,16.233402242638157],[75.48698437998748,16.22946810511618],[75.48843817122246,16.228310705029376],[75.49129503660814,16.227107335760056],[75.491455139748,16.229063677153405],[75.49384493688149,16.229062385099564],[75.49389447986772,16.225849811024645],[75.49779314035301,16.22303275527309],[75.50154623513475,16.223752600939278],[75.50141098568389,16.222405027168886],[75.5027840040018,16.22168501527949],[75.51220728461979,16.2509950463254],[75.51012821384478,16.26058942769964]]]}},{"type":"Feature","properties":{"type":"village","name":"Bidri","taluk":"Mudhol","district":"Bagalkote","village_code":"598592"},"geometry":{"type":"Polygon","coordinates":[[[75.38589795639882,16.25918627104821],[75.36193730511494,16.262067626794913],[75.36151800028638,16.258465228696682],[75.35825490505111,16.25841992474138],[75.35786436966787,16.25352564932473],[75.36298057434992,16.25157922757439],[75.3649103675826,16.246999576332815],[75.36209032234379,16.243082041367344],[75.35265280792007,16.2353999978181],[75.35255028229838,16.23202930996513],[75.36601520465223,16.226861556577514],[75.36761472957576,16.22391572318851],[75.36952720867968,16.23345390208333],[75.3815749191969,16.238794672053032],[75.38317460491888,16.24279339119074],[75.38834756516056,16.244189360759574],[75.3900928677901,16.252656744040987],[75.38491869841603,16.252521958754077],[75.38589795639882,16.25918627104821]]]}},{"type":"Feature","properties":{"type":"village","name":"Bhantnur","taluk":"Mudhol","district":"Bagalkote","village_code":"598605"},"geometry":{"type":"Polygon","coordinates":[[[75.43913332477655,16.17582772607327],[75.43702345436368,16.20253161295485],[75.43482453665165,16.21437921972283],[75.43159628706624,16.225675885413352],[75.42607857497805,16.228650241914963],[75.42053592206433,16.22535759972367],[75.41639682928985,16.224161021300606],[75.41550260762851,16.19607528758069],[75.41683058801134,16.17344726465892],[75.42143620915051,16.174752159370467],[75.43913332477655,16.17582772607327]]]}},{"type":"Feature","properties":{"type":"village","name":"Bhantnur","taluk":"Mudhol","district":"Bagalkote","village_code":"598605"},"geometry":{"type":"Polygon","coordinates":[[[75.43497652980106,16.253680286632648],[75.43028634215938,16.254091602064868],[75.42760535432993,16.251818291262026],[75.42759663079018,16.23913233480303],[75.42956426914746,16.23403972157132],[75.43718302390423,16.234462513053142],[75.44415352470754,16.185748491641736],[75.44633709380464,16.185838139144373],[75.44794112737259,16.186402429873244],[75.44789262014389,16.194928765424304],[75.44616539700775,16.217966785127054],[75.44323922569957,16.23545336274649],[75.44380232565227,16.249493141984413],[75.44101384272098,16.250121784947474],[75.43497652980106,16.253680286632648]]]}},{"type":"Feature","properties":{"type":"village","name":"Machaknur","taluk":"Mudhol","district":"Bagalkote","village_code":"598590"},"geometry":{"type":"Polygon","coordinates":[[[75.418295692629,16.224766113396555],[75.4052891230725,16.25306066900242],[75.4008142023156,16.25324130671216],[75.39620066971368,16.26566985361722],[75.38683074183703,16.267876836107945],[75.38491869841603,16.252521958754077],[75.3900928677901,16.252656744040987],[75.38731373272763,16.240493457282376],[75.38886160092908,16.236896735697613],[75.39025427618205,16.22303901131677],[75.39446835762149,16.22746219663849],[75.40164733943595,16.229684476132846],[75.41214089534134,16.22349752366139],[75.418295692629,16.224766113396555]]]}},{"type":"Feature","properties":{"type":"village","name":"Chinchakhandi(K.D)","taluk":"Mudhol","district":"Bagalkote","village_code":"598581"},"geometry":{"type":"Polygon","coordinates":[[[75.30744406716734,16.258364055626807],[75.30697707437363,16.26061537932885],[75.28651289794085,16.26002217595376],[75.27742013895691,16.26542150192247],[75.26814500669893,16.262264869852547],[75.25574638099407,16.260186734174578],[75.25612399501026,16.252396864354147],[75.26451450410572,16.252401498982742],[75.26437881897192,16.24718638088244],[75.26260960768113,16.241239294181113],[75.28629634916018,16.236402731312854],[75.30779219578096,16.234454592755966],[75.31056905720747,16.252826476021443],[75.30012771138638,16.252462627947008],[75.30073262791554,16.255119611340618],[75.30744406716734,16.258364055626807]]]}},{"type":"Feature","properties":{"type":"village","name":" ","taluk":"Hungund","district":"Bagalkote","village_code":" "},"geometry":{"type":"Polygon","coordinates":[[[76.05856042427747,16.22294260370349],[76.05119923268236,16.223369299607178],[76.038026887125,16.219478382927846],[76.02313694028652,16.21929080768288],[75.99905849202108,16.214842938929227],[75.99646574660026,16.211621665665827],[75.99655237743131,16.208969493144217],[75.99905855310652,16.211820146235343],[76.03125362401873,16.213131732749925],[76.03250722479436,16.212459038094828],[76.04404313275485,16.21414018386908],[76.05059386160568,16.216569032074958],[76.06030238337753,16.21596692432453],[76.05856042427747,16.22294260370349]]]}},{"type":"Feature","properties":{"type":"village","name":" ","taluk":"Bagalkot","district":"Bagalkote","village_code":" "},"geometry":{"type":"Polygon","coordinates":[[[75.9568536852391,16.252857446206065],[75.93725119438642,16.252878978118193],[75.93594888605777,16.24755716582667],[75.92966445378974,16.243034601007732],[75.95215380297883,16.23119130658795],[75.95607867989739,16.241110674601853],[75.9568536852391,16.252857446206065]]]}},{"type":"Feature","properties":{"type":"village","name":" ","taluk":"Bagalkot","district":"Bagalkote","village_code":" "},"geometry":{"type":"Polygon","coordinates":[[[75.53086582217868,16.221699759735646],[75.52369609390996,16.22558581181949],[75.5207747663178,16.22880937008715],[75.51884853490517,16.225494215810308],[75.51320713198892,16.21960839501602],[75.52802394698013,16.210409447655728],[75.53248831882065,16.21653033958999],[75.53086582217868,16.221699759735646]]]}},{"type":"Feature","properties":{"type":"village","name":"Mugalalli","taluk":"Bagalkot","district":"Bagalkote","village_code":"598825"},"geometry":{"type":"Polygon","coordinates":[[[75.7693824180667,16.242824662229147],[75.76328458384948,16.240828879012618],[75.75835926218217,16.241621343772394],[75.74909036333395,16.24571909536248],[75.73827859001891,16.24762710696284],[75.74102666403381,16.24487452840956],[75.74048496464611,16.242123761305628],[75.73753878426332,16.241650994427168],[75.7302907938687,16.234896944704232],[75.73374367886903,16.232148598857037],[75.7362565442981,16.231643346661087],[75.7389577091872,16.233064978017346],[75.74445454442818,16.2296468557456],[75.75073715131954,16.231816741732946],[75.75545612727116,16.231720059828234],[75.7584597441366,16.229941575755944],[75.76023448186305,16.226111054948],[75.76831007755248,16.2279633358397],[75.77142984658416,16.227296287052685],[75.77240681386299,16.227797143768132],[75.77234995140381,16.23857435659391],[75.7693824180667,16.242824662229147]]]}},{"type":"Feature","properties":{"type":"village","name":"Sangondi","taluk":"Bagalkot","district":"Bagalkote","village_code":"598824"},"geometry":{"type":"Polygon","coordinates":[[[75.7805024096439,16.252770407823398],[75.77238333818967,16.252253874710878],[75.74898080120862,16.25325908880983],[75.72353652563913,16.25236514983099],[75.72361128882697,16.251000807311588],[75.7211005874394,16.249306631128164],[75.72070701305555,16.247876733408077],[75.72770475886308,16.24006142185953],[75.7302907938687,16.234896944704232],[75.73753878426332,16.241650994427168],[75.74048496464611,16.242123761305628],[75.74102666403381,16.24487452840956],[75.73827859001891,16.24762710696284],[75.74909036333395,16.24571909536248],[75.75835926218217,16.241621343772394],[75.76328458384948,16.240828879012618],[75.7693824180667,16.242824662229147],[75.78179721614161,16.241314703871204],[75.78089502642368,16.247845483009158],[75.78137718996588,16.251002493348647],[75.7805024096439,16.252770407823398]]]}},{"type":"Feature","properties":{"type":"village","name":"Bilkerur","taluk":"Bagalkot","district":"Bagalkote","village_code":"598828"},"geometry":{"type":"Polygon","coordinates":[[[75.89676990339335,16.263763045145772],[75.8561998031547,16.269203283037495],[75.84601259701569,16.2585200801622],[75.8479352270823,16.252425244768812],[75.89332267598272,16.252421318184993],[75.89480084839286,16.255146847813208],[75.89750452227652,16.256226510205874],[75.89659278436544,16.259683087341465],[75.89753787312975,16.26212288601998],[75.89676990339335,16.263763045145772]]]}},{"type":"Feature","properties":{"type":"village","name":"Varagodadinni","taluk":"Hungund","district":"Bagalkote","village_code":"598911"},"geometry":{"type":"Polygon","coordinates":[[[76.0185325749921,16.198246731186895],[76.01459743571972,16.20287139526525],[75.99905855041156,16.208427250579884],[75.99689867258348,16.20703386111622],[75.99711041897066,16.205683040811504],[75.99241045137047,16.20529445526189],[75.99905858724252,16.201063452036376],[76.01118556330375,16.18360792004241],[76.02249367557617,16.17930789178908],[76.02515512235327,16.17722621302748],[76.02806167176068,16.180602834136494],[76.02546021717322,16.184089752724038],[76.0185325749921,16.198246731186895]]]}},{"type":"Feature","properties":{"type":"village","name":"Sangam","taluk":"Hungund","district":"Bagalkote","village_code":"598918"},"geometry":{"type":"Polygon","coordinates":[[[76.07045745677884,16.207113996375195],[76.06776377755101,16.207583136087123],[76.06252979565038,16.211453763940334],[76.05291718879803,16.206109994926045],[75.99905860341218,16.21036839129671],[75.9967829650833,16.20769821988405],[75.99689867258348,16.20703386111622],[75.99905855041156,16.208427250579884],[76.01287146663174,16.203742521631245],[76.0185325749921,16.198246731186895],[76.01901737598803,16.200971460751404],[76.03096701383237,16.196391167154996],[76.03865009514999,16.19535083079767],[76.04116849509956,16.189048773846356],[76.05106850355403,16.185483172271486],[76.0674656311998,16.187978040397756],[76.06146802471379,16.197930089408615],[76.06498227273283,16.20469513471396],[76.06675879361512,16.206349307068802],[76.07045745677884,16.207113996375195]]]}},{"type":"Feature","properties":{"type":"village","name":"Chowdakamaladinni","taluk":"Hungund","district":"Bagalkote","village_code":"598917"},"geometry":{"type":"Polygon","coordinates":[[[76.06030238337753,16.21596692432453],[76.05059386160568,16.216569032074958],[76.04404313275485,16.21414018386908],[76.03250722479436,16.212459038094828],[76.03125362401873,16.213131732749925],[75.99905855310652,16.211820146235343],[75.99655237743131,16.208969493144217],[75.9967829650833,16.20769821988405],[75.99905860341218,16.21036839129671],[76.00082150044486,16.21029626489023],[76.05291718879803,16.206109994926045],[76.06252979565038,16.211453763940334],[76.06030238337753,16.21596692432453]]]}},{"type":"Feature","properties":{"type":"village","name":"Valakaladinni","taluk":"Hungund","district":"Bagalkote","village_code":"598916"},"geometry":{"type":"Polygon","coordinates":[[[76.05822317605859,16.224320581783758],[76.05375618922224,16.226600832030574],[76.02764545084854,16.227977181938208],[76.00389143274123,16.221738352011716],[76.00075369560722,16.22143380732246],[75.99938741914552,16.22258514013598],[75.99844606108454,16.220538981064227],[75.99650800424956,16.219571767236165],[75.99646574660026,16.211621665665827],[75.99905849202108,16.214842938929227],[76.02313694028652,16.21929080768288],[76.038026887125,16.219478382927846],[76.05119923268236,16.223369299607178],[76.05856042427747,16.22294260370349],[76.05822317605859,16.224320581783758]]]}},{"type":"Feature","properties":{"type":"village","name":"Devalapur (S.M.)","taluk":"Bagalkot","district":"Bagalkote","village_code":"598843"},"geometry":{"type":"Polygon","coordinates":[[[75.97224657005907,16.252829053780022],[75.95685161821561,16.2528256946734],[75.95607867989739,16.241110674601853],[75.95215380297883,16.23119130658795],[75.95163517232764,16.220397245712963],[75.96122216821126,16.22046599409901],[75.96891332358662,16.23664289069618],[75.97206628896134,16.24773850803063],[75.97224657005907,16.252829053780022]]]}},{"type":"Feature","properties":{"type":"village","name":"Devalapur (S.M.)","taluk":"Bagalkot","district":"Bagalkote","village_code":"598843"},"geometry":{"type":"Polygon","coordinates":[[[75.89267837371825,16.226115168363975],[75.89272093769303,16.23202156207127],[75.89041764203317,16.250149679281915],[75.88095912859141,16.246751754726844],[75.87527165916904,16.23979803941194],[75.87524828231041,16.23556443088843],[75.87752125623616,16.23151151917688],[75.87524340535673,16.22218714559094],[75.89267837371825,16.226115168363975]]]}},{"type":"Feature","properties":{"type":"village","name":"Hosur","taluk":"Bagalkot","district":"Bagalkote","village_code":"598830"},"geometry":{"type":"Polygon","coordinates":[[[75.92018372231604,16.317310484926985],[75.91127137019399,16.320666162689278],[75.9096318702403,16.311732209986385],[75.90477812274155,16.265021520083067],[75.91275845209509,16.266570461872675],[75.91474891844041,16.280455865207852],[75.9225655648677,16.2988889699332],[75.92507183576433,16.31216311169157],[75.92551727707605,16.316798047056754],[75.92018372231604,16.317310484926985]]]}},{"type":"Feature","properties":{"type":"village","name":"Badardinni","taluk":"Bilgi","district":"Bagalkote","village_code":"598530"},"geometry":{"type":"Polygon","coordinates":[[[75.74894282942158,16.3109272209231],[75.74483977975125,16.305463007800135],[75.73322761470457,16.312809394361203],[75.70068504669439,16.314646595834315],[75.7002025615553,16.303013093990234],[75.71967102017435,16.30459827010753],[75.73214621018914,16.302007176840267],[75.7327636492334,16.294666559584684],[75.73515312117674,16.29360360235407],[75.73628082486191,16.291634306873494],[75.74908985219254,16.294165480163095],[75.75288519025051,16.29719841970665],[75.75314832476353,16.302909667696877],[75.74894282942158,16.3109272209231]]]}},{"type":"Feature","properties":{"type":"village","name":"Tummarmatti","taluk":"Bilgi","district":"Bagalkote","village_code":"598534"},"geometry":{"type":"Polygon","coordinates":[[[75.65483862336251,16.308332744595276],[75.63155827163314,16.313966588621703],[75.63247750957855,16.284351380671158],[75.63166469234991,16.27461042786155],[75.64404355961008,16.271470646057335],[75.64480717970389,16.26085242785219],[75.64316372087472,16.250998964313478],[75.64341621484323,16.24580531926858],[75.64879256803829,16.24474944208006],[75.65134584507877,16.245555524603592],[75.65811032266156,16.250996489159235],[75.65483862336251,16.308332744595276]]]}},{"type":"Feature","properties":{"type":"village","name":"Manahalli","taluk":"Bagalkot","district":"Bagalkote","village_code":"598829"},"geometry":{"type":"Polygon","coordinates":[[[75.91127137019399,16.320666162689278],[75.90116514627951,16.322700957173648],[75.90042927694147,16.314801301350435],[75.89885210569547,16.311616087868643],[75.9002691100213,16.305986149144157],[75.89696544417284,16.30097123260216],[75.89576698558261,16.292838377703607],[75.89342581605206,16.287979918238328],[75.89578046300682,16.287308010831897],[75.89910578184688,16.28027725305533],[75.89714479192098,16.272221284975547],[75.89791179776506,16.27045459157552],[75.89676990339335,16.263763045145772],[75.90477812274155,16.265021520083067],[75.91127137019399,16.320666162689278]]]}},{"type":"Feature","properties":{"type":"village","name":"Talagihal","taluk":"Bagalkot","district":"Bagalkote","village_code":"598804"},"geometry":{"type":"Polygon","coordinates":[[[75.76634926010315,16.313466880241503],[75.76431812163503,16.315544503934976],[75.75804722338509,16.31768718259976],[75.75184239442765,16.318668613288448],[75.74894162388247,16.31655243532647],[75.74918605906451,16.309549146965264],[75.75314832476353,16.302909667696877],[75.75346334506904,16.29944247173693],[75.75996348080308,16.29736507384601],[75.75937856436539,16.289597880705884],[75.76384177558258,16.289297568782995],[75.76864153972267,16.280701871414838],[75.77251708206413,16.27651537272413],[75.79112767114637,16.261148111801702],[75.79443157235343,16.25980876266186],[75.79246796743173,16.26610517265715],[75.78646695633081,16.2755865891084],[75.78714408662907,16.278343005717968],[75.7787300614361,16.284637732171113],[75.77311713960592,16.29204502370915],[75.76847534331026,16.30247990614836],[75.76634926010315,16.313466880241503]]]}},{"type":"Feature","properties":{"type":"village","name":"Rugi","taluk":"Mudhol","district":"Bagalkote","village_code":"598570"},"geometry":{"type":"Polygon","coordinates":[[[75.28457740489769,16.311441586426845],[75.28132575060587,16.31726514111283],[75.28105796461632,16.324401659153153],[75.27966920781464,16.327448536711085],[75.27737334391713,16.32885946266359],[75.27307143239571,16.327917496755415],[75.26725662139195,16.328280959995134],[75.26830265114982,16.315129206668935],[75.2491540664338,16.288530306191713],[75.23830472198033,16.26621538095847],[75.24476413169266,16.265561304188793],[75.24915429011428,16.270894204787],[75.25545985435106,16.271353771417125],[75.25550499828734,16.273830442888585],[75.2583952468656,16.273967179647705],[75.27806338031105,16.284469202109356],[75.2905569211105,16.28690636200316],[75.29120634287379,16.294561576006544],[75.28579661457097,16.297441156929597],[75.28155165803521,16.301942167892346],[75.28159599258943,16.30662514609942],[75.28457740489769,16.311441586426845]]]}},{"type":"Feature","properties":{"type":"village","name":"Antapur","taluk":"Mudhol","district":"Bagalkote","village_code":"598593"},"geometry":{"type":"Polygon","coordinates":[[[75.38785696284457,16.27917919640372],[75.35751164617155,16.282510106258165],[75.36113104379122,16.280049242423846],[75.36047414534981,16.275899090132718],[75.36154562527798,16.271945643616117],[75.3566275467268,16.266399012743836],[75.35573947223692,16.259113149228686],[75.35670466889057,16.254346224856427],[75.35786436966787,16.25352564932473],[75.35825490505111,16.25841992474138],[75.36151800028638,16.258465228696682],[75.36193730511494,16.262067626794913],[75.38589795639882,16.25918627104821],[75.38785696284457,16.27917919640372]]]}},{"type":"Feature","properties":{"type":"village","name":"Jadramakunti","taluk":"Bagalkot","district":"Bagalkote","village_code":"598821"},"geometry":{"type":"Polygon","coordinates":[[[75.84334261804001,16.290911503165244],[75.8279214901875,16.297627109893554],[75.81622111057997,16.296964340607722],[75.8165280146069,16.27186982917477],[75.83012163679484,16.2509984347857],[75.82978607471374,16.246795951409595],[75.83143341875648,16.24256269101671],[75.83466838863853,16.24101174105075],[75.83640472608151,16.244366523176673],[75.83922446140157,16.246835614228363],[75.83903790377495,16.250999680987036],[75.8561998031547,16.269203283037495],[75.85640112818629,16.274660987366378],[75.86353439563425,16.28125370602035],[75.85814445811545,16.291211627233025],[75.84334261804001,16.290911503165244]]]}},{"type":"Feature","properties":{"type":"village","name":"Nainegali","taluk":"Bagalkot","district":"Bagalkote","village_code":"598833"},"geometry":{"type":"Polygon","coordinates":[[[75.95892543833781,16.296603299838683],[75.95438765796888,16.297867716909153],[75.94780901576723,16.302955088122008],[75.92620346329065,16.273133906421826],[75.92264136111812,16.263918472947136],[75.922992579038,16.255680473902558],[75.91777908860732,16.230308950913184],[75.91992232694143,16.236129628899047],[75.93594888605777,16.24755716582667],[75.93622061295649,16.251004125053083],[75.93988003142039,16.258974504871855],[75.94446581865641,16.277809958596084],[75.9444669424488,16.28081908281771],[75.95622502444033,16.2866979049305],[75.95892543833781,16.296603299838683]]]}},{"type":"Feature","properties":{"type":"village","name":"Siraguppi","taluk":"Bagalkot","district":"Bagalkote","village_code":"598822"},"geometry":{"type":"Polygon","coordinates":[[[75.79443157235343,16.25980876266186],[75.79112767114637,16.261148111801702],[75.77251708206413,16.27651537272413],[75.76864153972267,16.280701871414838],[75.76384177558258,16.289297568782995],[75.75937856436539,16.289597880705884],[75.75996348080308,16.29736507384601],[75.75550301483739,16.298790663870758],[75.75110806210708,16.292063204096912],[75.74540929637001,16.28700215276299],[75.74405988577776,16.28338497317667],[75.74678686375651,16.283002689216154],[75.75651142584611,16.273981029404567],[75.76408088465332,16.272661428011535],[75.77062043936034,16.263885798745125],[75.77965271387792,16.254487583889105],[75.78137718996588,16.251002493348647],[75.78089502642368,16.247845483009158],[75.78179721614161,16.241314703871204],[75.78280208599148,16.240468004953538],[75.80140796700333,16.238632102046093],[75.80151006323031,16.240868706903726],[75.7987413117942,16.24066436927049],[75.79645232270359,16.245588421777455],[75.79663747267014,16.252375766184958],[75.79443157235343,16.25980876266186]]]}},{"type":"Feature","properties":{"type":"village","name":"Bennur","taluk":"Bagalkot","district":"Bagalkote","village_code":"598823"},"geometry":{"type":"Polygon","coordinates":[[[75.75550301483739,16.298790663870758],[75.75346334506904,16.29944247173693],[75.75288519025051,16.29719841970665],[75.74908985219254,16.294165480163095],[75.73352457258468,16.29035471796398],[75.73298981088595,16.287625969411696],[75.73580248724451,16.281217639004435],[75.73693343294956,16.2708565965975],[75.73596845817977,16.26846695529107],[75.73327262119867,16.265725725827945],[75.72323227074398,16.26126184397422],[75.72093447726525,16.259003734651056],[75.72060146280629,16.2571423347573],[75.72353652563913,16.25236514983099],[75.74898080120862,16.25325908880983],[75.77238333818967,16.252253874710878],[75.7805024096439,16.252770407823398],[75.76408088465332,16.272661428011535],[75.75651142584611,16.273981029404567],[75.74678686375651,16.283002689216154],[75.74405988577776,16.28338497317667],[75.74540929637001,16.28700215276299],[75.75110806210708,16.292063204096912],[75.75550301483739,16.298790663870758]]]}},{"type":"Feature","properties":{"type":"village","name":"Katagur","taluk":"Hungund","district":"Bagalkote","village_code":"598913"},"geometry":{"type":"Polygon","coordinates":[[[76.06279747743537,16.266749623745575],[76.05559888360165,16.272826405941938],[76.04810705630297,16.26432957894922],[76.01887398869899,16.24138320604826],[76.02566548131732,16.240532640114605],[76.04781766223756,16.2479566657568],[76.06505099115714,16.240014831167944],[76.0682066469861,16.24437585577138],[76.06729124035537,16.25100575503265],[76.06773098724653,16.255712914033488],[76.06279747743537,16.266749623745575]]]}},{"type":"Feature","properties":{"type":"village","name":"Handaragala","taluk":"Bagalkot","district":"Bagalkote","village_code":"598839"},"geometry":{"type":"Polygon","coordinates":[[[76.05559888360165,16.272826405941938],[76.04337956162752,16.280383492020594],[76.01864111303799,16.248201144769492],[76.0076033765981,16.23954262327796],[76.01887398869899,16.24138320604826],[76.03389839806414,16.252653244357628],[76.05103416365564,16.26720886979663],[76.05559888360165,16.272826405941938]]]}},{"type":"Feature","properties":{"type":"village","name":"Budni  (B.K.)","taluk":"Mudhol","district":"Bagalkote","village_code":"598589"},"geometry":{"type":"Polygon","coordinates":[[[75.42970943240583,16.30356353629393],[75.40156742979983,16.309888026947778],[75.3994209620223,16.29637943996665],[75.3941517652642,16.290030816859716],[75.38869655795348,16.28570838462616],[75.38683074183703,16.267876836107945],[75.39620066971368,16.26566985361722],[75.4008142023156,16.25324130671216],[75.4052891230725,16.25306066900242],[75.418295692629,16.224766113396555],[75.42328611340835,16.226744118919676],[75.42837555817641,16.231265822256788],[75.42956426914746,16.23403972157132],[75.42759663079018,16.23913233480303],[75.42760535432993,16.251818291262026],[75.43028634215938,16.254091602064868],[75.43497652980106,16.253680286632648],[75.43166404159822,16.266698325752717],[75.42803499158084,16.270020146243006],[75.4301233787837,16.27744772189468],[75.42970943240583,16.30356353629393]]]}},{"type":"Feature","properties":{"type":"village","name":"Budihal(S.G.)","taluk":"Bilgi","district":"Bagalkote","village_code":"598482"},"geometry":{"type":"Polygon","coordinates":[[[75.60881696656645,16.2297754310679],[75.60718015437209,16.247559841109847],[75.60757599700204,16.27022374106065],[75.58965309611754,16.269990422258115],[75.59108907376046,16.257664432983827],[75.59167282059164,16.23119757013497],[75.59785123997804,16.22891120525318],[75.60881696656645,16.2297754310679]]]}},{"type":"Feature","properties":{"type":"village","name":"Kadapatti","taluk":"Bilgi","district":"Bagalkote","village_code":"598542"},"geometry":{"type":"Polygon","coordinates":[[[75.64341621484323,16.24580531926858],[75.64316372087472,16.250998964313478],[75.64480717970389,16.26085242785219],[75.64404355961008,16.271470646057335],[75.63477142772514,16.273687072179946],[75.63247667684027,16.257759975847534],[75.63042164588056,16.257713823996667],[75.63212324187826,16.247655663141018],[75.64341621484323,16.24580531926858]]]}},{"type":"Feature","properties":{"type":"village","name":"Anagawadi","taluk":"Bilgi","district":"Bagalkote","village_code":"598541"},"geometry":{"type":"Polygon","coordinates":[[[75.63477142772514,16.273687072179946],[75.63166469234991,16.27461042786155],[75.63066092113964,16.27013236418391],[75.60757599700204,16.27022374106065],[75.60718015437209,16.247559841109847],[75.60881696656645,16.2297754310679],[75.61675213311909,16.232091680370306],[75.6214570684028,16.230119577292665],[75.62101528772587,16.225727829797464],[75.61742614356834,16.219946484870167],[75.61839200677193,16.215721880818347],[75.62055962628116,16.21391919991727],[75.62803251978859,16.216573783994942],[75.63106534807045,16.22045729176206],[75.62772852360824,16.22184055569413],[75.62777758779244,16.224022511873237],[75.62846503793665,16.231516814979173],[75.63212324187826,16.247655663141018],[75.63042164588056,16.257713823996667],[75.63247667684027,16.257759975847534],[75.63477142772514,16.273687072179946]]]}},{"type":"Feature","properties":{"type":"village","name":"Chitaginakopp","taluk":"Bagalkot","district":"Bagalkote","village_code":"598842"},"geometry":{"type":"Polygon","coordinates":[[[75.9568536852391,16.252857446206065],[75.95752069511732,16.256343493886963],[75.96366022913,16.2627525958632],[75.96477013269782,16.26555800997676],[75.96484784056317,16.272073290137484],[75.9645168006012,16.274513358266827],[75.96270767985725,16.27717532584269],[75.96300429278426,16.281485701614866],[75.95941651316768,16.2821196573274],[75.95886710803147,16.288269253893368],[75.95717027040985,16.28850276221325],[75.95622502444033,16.2866979049305],[75.9444669424488,16.28081908281771],[75.94446581865641,16.277809958596084],[75.93988003142039,16.258974504871855],[75.93725119438642,16.252878978118193],[75.9568536852391,16.252857446206065]]]}},{"type":"Feature","properties":{"type":"village","name":"Metgud","taluk":"Mudhol","district":"Bagalkote","village_code":"598578"},"geometry":{"type":"Polygon","coordinates":[[[75.25545985435106,16.271353771417125],[75.24915429011428,16.270894204787],[75.24398755429918,16.265462393293653],[75.21665781825459,16.26889133187678],[75.22515384256498,16.262191501677687],[75.23415195864385,16.25948976813404],[75.23229003133426,16.250254529654686],[75.23846426097813,16.250988530718825],[75.23400716728806,16.24275782423799],[75.23326565024183,16.238077233382576],[75.23089823912521,16.236442774859338],[75.241797337669,16.228074189127753],[75.24302927107996,16.234533455890436],[75.24915456499876,16.23247011658246],[75.25430716312792,16.227105922076948],[75.26070997807902,16.226418246410745],[75.26177725119672,16.23283932242565],[75.26021750187732,16.23679198170089],[75.26260960768113,16.241239294181113],[75.26494156229347,16.250990935154476],[75.26451450410572,16.252401498982742],[75.25612399501026,16.252396864354147],[75.25545985435106,16.271353771417125]]]}},{"type":"Feature","properties":{"type":"village","name":"Katarki","taluk":"Bilgi","district":"Bagalkote","village_code":"598512"},"geometry":{"type":"Polygon","coordinates":[[[75.50477443800774,16.262248352809735],[75.49912221218891,16.265239927677687],[75.49833625907884,16.271538974741112],[75.48105029157857,16.277443206855498],[75.47680536558552,16.279848342989975],[75.47446984915308,16.26353233077914],[75.46872944829923,16.23629029660132],[75.47030100776965,16.23650648071992],[75.47596685204819,16.240620172072145],[75.48252060103503,16.242880653917457],[75.48527335976411,16.239061329800833],[75.48576552694534,16.233402242638157],[75.4876326869415,16.234627682615056],[75.49153571862898,16.23884122594709],[75.49912238466545,16.244448179268645],[75.50028852097343,16.251858444646455],[75.50477443800774,16.262248352809735]]]}},{"type":"Feature","properties":{"type":"village","name":"Timmapur","taluk":"Bagalkot","district":"Bagalkote","village_code":"598820"},"geometry":{"type":"Polygon","coordinates":[[[75.89578046300682,16.287308010831897],[75.87185158962609,16.29335864270481],[75.85814445811545,16.291211627233025],[75.86353439563425,16.28125370602035],[75.8597314991515,16.277426437571407],[75.86732377157367,16.27575972207393],[75.86999951593683,16.27645112709235],[75.8750937343523,16.27370862509137],[75.89714479192098,16.272221284975547],[75.89910578184688,16.28027725305533],[75.89578046300682,16.287308010831897]]]}},{"type":"Feature","properties":{"type":"village","name":"Chinchakhandi(B.K)","taluk":"Mudhol","district":"Bagalkote","village_code":"598580"},"geometry":{"type":"Polygon","coordinates":[[[75.32287097657704,16.272754355038277],[75.31595493793446,16.2755970326065],[75.31144605008,16.279574137721212],[75.29364108092435,16.269796468166135],[75.28324692001185,16.266189718958586],[75.27742013895691,16.26542150192247],[75.28651289794085,16.26002217595376],[75.30697707437363,16.26061537932885],[75.30744406716734,16.258364055626807],[75.30986729510414,16.26061629000304],[75.31546061659316,16.26255430120109],[75.32403792586034,16.26291692499312],[75.32608879402706,16.264178220974724],[75.32287097657704,16.272754355038277]]]}},{"type":"Feature","properties":{"type":"village","name":"Sutagundar","taluk":"Bagalkot","district":"Bagalkote","village_code":"598835"},"geometry":{"type":"Polygon","coordinates":[[[75.96979868067278,16.2197802222027],[75.97839395804226,16.237551291666755],[75.98124677022942,16.24611213069369],[75.98188350957751,16.251004477784114],[75.99459585392906,16.278972060785996],[75.99526132768814,16.28878533786354],[75.99317717694016,16.299915648683793],[75.9836846451969,16.299581059909336],[75.97761316216027,16.283589385366295],[75.97577322201553,16.271548958831165],[75.97230485185639,16.257602612272834],[75.97206628896134,16.24773850803063],[75.97109158813197,16.243816996347423],[75.96812658534901,16.23437961082172],[75.96122216821126,16.22046599409901],[75.96979868067278,16.2197802222027]]]}},{"type":"Feature","properties":{"type":"village","name":"Mankani","taluk":"Bagalkot","district":"Bagalkote","village_code":"598834"},"geometry":{"type":"Polygon","coordinates":[[[75.98394730360283,16.29970042934426],[75.97762160003573,16.299895785993986],[75.9623870513694,16.296369122597632],[75.95892543833781,16.296603299838683],[75.9567564390163,16.29007737499263],[75.95717027040985,16.28850276221325],[75.95886710803147,16.288269253893368],[75.95941651316768,16.2821196573274],[75.96300429278426,16.281485701614866],[75.96270767985725,16.27717532584269],[75.9645168006012,16.274513358266827],[75.96484784056317,16.272073290137484],[75.96477013269782,16.26555800997676],[75.96303296431319,16.261686548310536],[75.95752069511732,16.256343493886963],[75.95685161821561,16.2528256946734],[75.97224657005907,16.252829053780022],[75.97230485185639,16.257602612272834],[75.97577322201553,16.271548958831165],[75.97761316216027,16.283589385366295],[75.98394730360283,16.29970042934426]]]}},{"type":"Feature","properties":{"type":"village","name":"Herkal","taluk":"Bilgi","district":"Bagalkote","village_code":"598532"},"geometry":{"type":"Polygon","coordinates":[[[75.6975801708318,16.28854111028688],[75.6932782862599,16.288773242982877],[75.68792587496377,16.292144905885085],[75.68610913920115,16.291037505112406],[75.68562958706143,16.28605174135123],[75.68366955473967,16.284990435231812],[75.684428418254,16.265046687240183],[75.68418828779878,16.26130737925379],[75.6821315248872,16.25507551915559],[75.70478449501877,16.25520697380939],[75.70768959813859,16.24911121894114],[75.71195955389037,16.2449828969397],[75.71265261670847,16.242071866097483],[75.71887403575258,16.243899158928226],[75.72017517716965,16.245769206069813],[75.71985803324682,16.24775283828961],[75.72361128882697,16.251000807311588],[75.7230647169772,16.25358534116142],[75.72060146280629,16.2571423347573],[75.72093447726525,16.259003734651056],[75.72323227074398,16.26126184397422],[75.73327262119867,16.265725725827945],[75.73596845817977,16.26846695529107],[75.73693343294956,16.2708565965975],[75.73580248724451,16.281217639004435],[75.73291995339787,16.288154625099736],[75.73022579896129,16.286404219403934],[75.71956717133422,16.287332430135304],[75.71502591358684,16.286503354281052],[75.71144171285833,16.288120562382893],[75.7053229182506,16.28692260966863],[75.69949168155185,16.287478620818938],[75.6975801708318,16.28854111028688]]]}},{"type":"Feature","properties":{"type":"village","name":"Koppa S.R","taluk":"Bilgi","district":"Bagalkote","village_code":"598522"},"geometry":{"type":"Polygon","coordinates":[[[75.47680536558552,16.279848342989975],[75.47349475755657,16.282578961402887],[75.45326045731007,16.292665598673373],[75.44542399225094,16.253141787649213],[75.44380232565227,16.249493141984413],[75.44943703432305,16.2475562111076],[75.45320274055305,16.245039509839412],[75.4572786916445,16.238997863673376],[75.46872944829923,16.23629029660132],[75.47446984915308,16.26353233077914],[75.47680536558552,16.279848342989975]]]}},{"type":"Feature","properties":{"type":"village","name":"Nagaral","taluk":"Bagalkot","district":"Bagalkote","village_code":"598832"},"geometry":{"type":"Polygon","coordinates":[[[75.94780901576723,16.302955088122008],[75.93895895642024,16.310311982820874],[75.92343184263554,16.28271782535554],[75.91729096204824,16.26704053518062],[75.92264136111812,16.263918472947136],[75.92620346329065,16.273133906421826],[75.94780901576723,16.302955088122008]]]}},{"type":"Feature","properties":{"type":"village","name":"Yettinatti","taluk":"Bilgi","district":"Bagalkote","village_code":"598531"},"geometry":{"type":"Polygon","coordinates":[[[75.73628082486191,16.291634306873494],[75.73515312117674,16.29360360235407],[75.7327636492334,16.294666559584684],[75.73214621018914,16.302007176840267],[75.71967102017435,16.30459827010753],[75.71235699462319,16.3042781499637],[75.7002025615553,16.303013093990234],[75.6975801708318,16.28854111028688],[75.69949168155185,16.287478620818938],[75.7053229182506,16.28692260966863],[75.71144171285833,16.288120562382893],[75.71502591358684,16.286503354281052],[75.71956717133422,16.287332430135304],[75.73022579896129,16.286404219403934],[75.73291995339787,16.288154625099736],[75.73352457258468,16.29035471796398],[75.73628082486191,16.291634306873494]]]}},{"type":"Feature","properties":{"type":"village","name":"Kasba Jambgi(B.K)","taluk":"Mudhol","district":"Bagalkote","village_code":"598595"},"geometry":{"type":"Polygon","coordinates":[[[75.35267623957597,16.292781008605317],[75.35100146996758,16.294127104735907],[75.34796761131808,16.2937652585861],[75.34552174134457,16.28666661242261],[75.34248228529252,16.28298017932963],[75.32384595498581,16.2839905520764],[75.32286991297174,16.27273302536496],[75.32608879402706,16.264178220974724],[75.32403792586034,16.26291692499312],[75.31546061659316,16.26255430120109],[75.30986729510414,16.26061629000304],[75.30394875024463,16.256066371921964],[75.30073262791554,16.255119611340618],[75.30012771138638,16.252462627947008],[75.31056905720747,16.252826476021443],[75.30779219578096,16.234454592755966],[75.3378256667947,16.24238750459736],[75.36321741517456,16.244469175656878],[75.3649103675826,16.246999576332815],[75.3635777797407,16.250994690144672],[75.35670466889057,16.254346224856427],[75.35573947223692,16.259113149228686],[75.3566275467268,16.266399012743836],[75.3614731456076,16.271398993916467],[75.36047414534981,16.275899090132718],[75.36113104379122,16.280049242423846],[75.35360817341126,16.28632438893184],[75.35267623957597,16.292781008605317]]]}},{"type":"Feature","properties":{"type":"village","name":"Rampur","taluk":"Bagalkot","district":"Bagalkote","village_code":"598819"},"geometry":{"type":"Polygon","coordinates":[[[75.89342581605206,16.287979918238328],[75.89576698558261,16.292838377703607],[75.89696544417284,16.30097123260216],[75.9002691100213,16.305986149144157],[75.89885203922016,16.311131804407008],[75.88824979075862,16.305557822120885],[75.88108690136417,16.3062313318312],[75.87683872885968,16.30477639710732],[75.87543051724388,16.302878690753957],[75.86499315724771,16.29613704718079],[75.86426343328456,16.293412523024212],[75.86412321704847,16.29217343317021],[75.87185158962609,16.29335864270481],[75.89342581605206,16.287979918238328]]]}},{"type":"Feature","properties":{"type":"village","name":"Bevinamatti-S.Haveli","taluk":"Bagalkot","district":"Bagalkote","village_code":"598860"},"geometry":{"type":"Polygon","coordinates":[[[75.93895895642024,16.310311982820874],[75.93568794523067,16.31275235528009],[75.91868312885475,16.280671986074402],[75.91515323128516,16.266824194925615],[75.91729096204824,16.26704053518062],[75.92343184263554,16.28271782535554],[75.93895895642024,16.310311982820874]]]}},{"type":"Feature","properties":{"type":"village","name":"Tolamatti","taluk":"Bilgi","district":"Bagalkote","village_code":"598533"},"geometry":{"type":"Polygon","coordinates":[[[75.69823953694532,16.294288419954192],[75.69274283196003,16.29558281004564],[75.69135690215654,16.296368037920182],[75.69073637560268,16.299138179408693],[75.68452299198883,16.301817548164514],[75.67969490935772,16.30172646018696],[75.67711419776847,16.303943029770675],[75.65483862336251,16.308332744595276],[75.65785241275022,16.25035724977964],[75.65962188724744,16.25494152117928],[75.6605777099811,16.255218456726436],[75.6821315248872,16.25507551915559],[75.68418828779878,16.26130737925379],[75.684428418254,16.265046687240183],[75.68366955473967,16.284990435231812],[75.68562958706143,16.28605174135123],[75.68610913920115,16.291037505112406],[75.68792587496377,16.292144905885085],[75.6932782862599,16.288773242982877],[75.6975801708318,16.28854111028688],[75.69823953694532,16.294288419954192]]]}},{"type":"Feature","properties":{"type":"village","name":"Nagasampagi","taluk":"Bagalkot","district":"Bagalkote","village_code":"598831"},"geometry":{"type":"Polygon","coordinates":[[[75.93568794523067,16.31275235528009],[75.930504796297,16.315785444140687],[75.92551727707605,16.316798047056754],[75.9230478487842,16.30076842930337],[75.91474891844041,16.280455865207852],[75.91275845209509,16.266570461872675],[75.91515323128516,16.266824194925615],[75.91868312885475,16.280671986074402],[75.93568794523067,16.31275235528009]]]}},{"type":"Feature","properties":{"type":"village","name":"Bavalatti","taluk":"Bilgi","district":"Bagalkote","village_code":"598538"},"geometry":{"type":"Polygon","coordinates":[[[75.58003784642162,16.237263365622113],[75.57683589591448,16.248266157722682],[75.57497549574086,16.250994925586173],[75.57493418671253,16.262785397022355],[75.57177344282577,16.286144363691058],[75.57272396100768,16.30636515424444],[75.56526642240341,16.306824699822243],[75.56742396461178,16.285450744891964],[75.56651933596783,16.27363209215301],[75.56809781156764,16.269616077650014],[75.56819556084697,16.262137334237654],[75.56690538516456,16.26116749375823],[75.56633285739295,16.258028009259558],[75.56422698717803,16.23850171181989],[75.5686113622459,16.239581734714307],[75.58003784642162,16.237263365622113]]]}},{"type":"Feature","properties":{"type":"village","name":"Ilal","taluk":"Bagalkot","district":"Bagalkote","village_code":"598805"},"geometry":{"type":"Polygon","coordinates":[[[75.78434734189206,16.307114169744462],[75.78206453410891,16.3064399250445],[75.77325821912297,16.308627166316136],[75.76634926010315,16.313466880241503],[75.76847534331026,16.30247990614836],[75.77311713960592,16.29204502370915],[75.7787300614361,16.284637732171113],[75.78714408662907,16.278343005717968],[75.78646695633081,16.2755865891084],[75.79246796743173,16.26610517265715],[75.79443157235343,16.25980876266186],[75.79853683457428,16.261150960237966],[75.80325268169376,16.258640558604924],[75.80611055768416,16.25887195569216],[75.81189029037442,16.263898165942884],[75.82073723616065,16.251787375246064],[75.82768392891398,16.255001521327056],[75.81736660899261,16.27045842380406],[75.8140351277097,16.2706672818706],[75.81265811638036,16.27618368622919],[75.81115588259534,16.278062830337895],[75.80651928485021,16.280343036629507],[75.80362214529539,16.284525989878826],[75.80147028223625,16.28426315595947],[75.80035150600837,16.286264308680913],[75.79695001991371,16.287365473793827],[75.79618492658282,16.2938805678514],[75.79198262744669,16.296549191045116],[75.79009068922007,16.300895035353932],[75.78434734189206,16.307114169744462]]]}},{"type":"Feature","properties":{"type":"village","name":"Kovalli","taluk":"Bilgi","district":"Bagalkote","village_code":"598539"},"geometry":{"type":"Polygon","coordinates":[[[75.58965309611754,16.269990422258115],[75.59041700457054,16.274006980126224],[75.58577928123637,16.28166963557345],[75.58534832256363,16.285685963864033],[75.5801375728929,16.28887020463764],[75.57324921403915,16.30862736633954],[75.5653614012784,16.30904067889222],[75.56526642240341,16.306824699822243],[75.57272396100768,16.30636515424444],[75.57177344282577,16.286144363691058],[75.57493418671253,16.262785397022355],[75.57497549574086,16.250994925586173],[75.57683589591448,16.248266157722682],[75.58003784642162,16.237263365622113],[75.59167282059164,16.23119757013497],[75.59108907376046,16.257664432983827],[75.58965309611754,16.269990422258115]]]}},{"type":"Feature","properties":{"type":"village","name":"Kundargi","taluk":"Bilgi","district":"Bagalkote","village_code":"598537"},"geometry":{"type":"Polygon","coordinates":[[[75.56526642240341,16.306824699822243],[75.55608709277551,16.309822507627644],[75.5515508116948,16.296386797321293],[75.55021569329872,16.28775334015498],[75.52779952536426,16.28451234695023],[75.52727893997903,16.27421721758013],[75.51728703566764,16.27896725518672],[75.51012821384478,16.26058942769964],[75.52289157441957,16.25519480614237],[75.53159068266288,16.252844535854273],[75.53377457515347,16.25099802168503],[75.53151056910924,16.2403983803848],[75.53916235402065,16.239996212137672],[75.54463969043009,16.233015398824787],[75.54775979273673,16.231509736371734],[75.5520549498255,16.232692796960993],[75.55549607587874,16.23568739270823],[75.56422698717803,16.23850171181989],[75.56633285739295,16.258028009259558],[75.56690538516456,16.26116749375823],[75.56819556084697,16.262137334237654],[75.56809781156764,16.269616077650014],[75.56651933596783,16.27363209215301],[75.56742396461178,16.285450744891964],[75.56526642240341,16.306824699822243]]]}},{"type":"Feature","properties":{"type":"village","name":"Ranjanagi","taluk":"Mudhol","district":"Bagalkote","village_code":"598567"},"geometry":{"type":"Polygon","coordinates":[[[75.21842785509715,16.32263554214696],[75.21164752224959,16.32163074396717],[75.21003367099391,16.322566670905843],[75.20896326904405,16.32513799488166],[75.20786277173556,16.322843135078497],[75.20381203994738,16.30238586114217],[75.19621823140608,16.2743299668981],[75.20612488020713,16.271904687195686],[75.21310931118556,16.29428559700369],[75.21554387226799,16.30873403223249],[75.2181105575624,16.314670014230916],[75.21842785509715,16.32263554214696]]]}},{"type":"Feature","properties":{"type":"village","name":"Vantigodi","taluk":"Mudhol","district":"Bagalkote","village_code":"598565"},"geometry":{"type":"Polygon","coordinates":[[[75.18173601999361,16.27562636080211],[75.18874126044558,16.298139045248327],[75.19070103944244,16.311146590429257],[75.1860247092123,16.318874145640056],[75.18375838820958,16.328810439578664],[75.17023032327442,16.32565529036721],[75.16734786488627,16.30266234864128],[75.15931106024743,16.280289176001034],[75.17026674816256,16.2797044170473],[75.1736154815905,16.27656352502868],[75.17785800099686,16.275437518050875],[75.18173601999361,16.27562636080211]]]}},{"type":"Feature","properties":{"type":"village","name":" ","taluk":"Bagalkot","district":"Bagalkote","village_code":" "},"geometry":{"type":"Polygon","coordinates":[[[75.89714479192098,16.272221284975547],[75.8750937343523,16.27370862509137],[75.86999951593683,16.27645112709235],[75.86732377157367,16.27575972207393],[75.8597314991515,16.277426437571407],[75.85640112818629,16.274660987366378],[75.8561998031547,16.269203283037495],[75.89676990339335,16.263763045145772],[75.89791179776506,16.27045459157552],[75.89714479192098,16.272221284975547]]]}},{"type":"Feature","properties":{"type":"village","name":" ","taluk":"Bilgi","district":"Bagalkote","village_code":" "},"geometry":{"type":"Polygon","coordinates":[[[75.45326045731007,16.292665598673373],[75.42970943240583,16.30356353629393],[75.4301233787837,16.27744772189468],[75.4280817210436,16.269595449581615],[75.43166404159822,16.266698325752717],[75.43497652980106,16.253680286632648],[75.44101384272098,16.250121784947474],[75.44380232565227,16.249493141984413],[75.44542399225094,16.253141787649213],[75.45326045731007,16.292665598673373]]]}},{"type":"Feature","properties":{"type":"village","name":"Chick Myageri","taluk":"Bagalkot","district":"Bagalkote","village_code":"598838"},"geometry":{"type":"Polygon","coordinates":[[[76.03020846921994,16.295374000924824],[76.02770108261575,16.299851425375945],[76.01563971501129,16.279304238389344],[75.9918283691175,16.227672447655223],[75.98812926577928,16.217263831605372],[75.99356649690284,16.216345938401346],[75.9950036046264,16.224814720861698],[75.99905831684961,16.230443089875788],[76.00307541122194,16.24063800792196],[76.01324281400053,16.251004501931956],[76.02229665976303,16.27005425866878],[76.02964776597243,16.274716186134114],[76.03012055739129,16.283653556229126],[76.03201808044403,16.287305184331792],[76.03020846921994,16.295374000924824]]]}},{"type":"Feature","properties":{"type":"village","name":"Domanal","taluk":"Bagalkot","district":"Bagalkote","village_code":"598836"},"geometry":{"type":"Polygon","coordinates":[[[75.98136741397207,16.217954038098767],[75.98446664212645,16.22405674786115],[75.98813937811444,16.235061380782437],[75.99090789419195,16.25100279692156],[75.99905826834056,16.266638119625412],[76.00721057925698,16.286230668147184],[76.00787348203774,16.28855801313306],[76.00691423492619,16.304288562619195],[75.99905767365586,16.30334435142494],[75.99317717694016,16.299915648683793],[75.99526132768814,16.28878533786354],[75.99459585392906,16.278972060785996],[75.98188350957751,16.251004477784114],[75.98124677022942,16.24611213069369],[75.97839395804226,16.237551291666755],[75.96979868067278,16.2197802222027],[75.98136741397207,16.217954038098767]]]}},{"type":"Feature","properties":{"type":"village","name":"Bommanagi","taluk":"Bagalkot","district":"Bagalkote","village_code":"598837"},"geometry":{"type":"Polygon","coordinates":[[[76.02770108261575,16.299851425375945],[76.00951074069478,16.30454453512477],[76.00691423492619,16.304288562619195],[76.00787348203774,16.28855801313306],[76.00721057925698,16.286230668147184],[75.99905826834056,16.266638119625412],[75.99090789419195,16.25100279692156],[75.98813937811444,16.235061380782437],[75.98446664212645,16.22405674786115],[75.98136741397207,16.217954038098767],[75.98812926577928,16.217263831605372],[75.9918283691175,16.227672447655223],[76.01563971501129,16.279304238389344],[76.02770108261575,16.299851425375945]]]}},{"type":"Feature","properties":{"type":"village","name":"Hire Myageri","taluk":"Bagalkot","district":"Bagalkote","village_code":"598840"},"geometry":{"type":"Polygon","coordinates":[[[76.04337956162752,16.280383492020594],[76.03990748771443,16.28266835871603],[76.03182464711223,16.290815843652457],[76.03201808044403,16.287305184331792],[76.03012055739129,16.283653556229126],[76.02964776597243,16.274716186134114],[76.02229665976303,16.27005425866878],[76.01324281400053,16.251004501931956],[76.00307541122194,16.24063800792196],[75.99905831684961,16.230443089875788],[75.9950036046264,16.224814720861698],[75.99356649690284,16.216345938401346],[75.99622342066249,16.21581811168735],[75.99650800424956,16.219571767236165],[75.99844606108454,16.220538981064227],[76.0076033765981,16.23954262327796],[76.01864111303799,16.248201144769492],[76.04337956162752,16.280383492020594]]]}},{"type":"Feature","properties":{"type":"village","name":"Hiremuramatti","taluk":"Bagalkot","district":"Bagalkote","village_code":"598809"},"geometry":{"type":"Polygon","coordinates":[[[75.83411822981581,16.313409580120855],[75.8292046949433,16.31208135531404],[75.82446777424558,16.31980643985608],[75.8251407660053,16.322856448599133],[75.82367013674862,16.328241857621016],[75.82161567711742,16.32937544225801],[75.82036538034542,16.332700539113564],[75.81636897507238,16.33397351861183],[75.81523715440824,16.332292415306046],[75.81313605873906,16.332716501946926],[75.81196555392387,16.3348352041411],[75.80806697518524,16.332901990371596],[75.81021427210781,16.32445616112699],[75.81358086134863,16.316871043050508],[75.81867719888987,16.297231568617452],[75.8279214901875,16.297627109893554],[75.84334261804001,16.290911503165244],[75.83780529662752,16.3062184120584],[75.83411822981581,16.313409580120855]]]}},{"type":"Feature","properties":{"type":"village","name":"Sitimani","taluk":"Bagalkot","district":"Bagalkote","village_code":"598818"},"geometry":{"type":"Polygon","coordinates":[[[75.90116514627951,16.322700957173648],[75.89010881561157,16.32773344242361],[75.88131909610216,16.336945425850452],[75.87614635325278,16.327589172341405],[75.88177497314258,16.316058546937814],[75.87808798178935,16.313632258355096],[75.87727857815878,16.30772686327294],[75.86499315724771,16.29613704718079],[75.87543051724388,16.302878690753957],[75.87683872885968,16.30477639710732],[75.88108690136417,16.3062313318312],[75.88824979075862,16.305557822120885],[75.89849174562093,16.310843471577677],[75.90042927694147,16.314801301350435],[75.90116514627951,16.322700957173648]]]}},{"type":"Feature","properties":{"type":"village","name":"Dhavaleshwar","taluk":"Mudhol","district":"Bagalkote","village_code":"598562"},"geometry":{"type":"Polygon","coordinates":[[[75.10273077897668,16.361817654673363],[75.09623974317647,16.3617083009193],[75.09452192180812,16.36383615002856],[75.08471730455537,16.364069312164045],[75.08072976475584,16.365017338902543],[75.07907806927388,16.363476235984848],[75.07405166917077,16.36412563724983],[75.07472388568442,16.370519101104367],[75.07852403691564,16.370994430574218],[75.07876590920422,16.37720714006463],[75.07803031834392,16.380460059290996],[75.0720770509037,16.380164846024122],[75.06762146458664,16.363839170218366],[75.0621635039396,16.352984688152514],[75.05300590006688,16.351522251149436],[75.05470406899175,16.33999675171327],[75.05920362514703,16.332235883626915],[75.06130018612063,16.331414272010726],[75.05990156132553,16.329918270711776],[75.05797355933355,16.330577274110755],[75.06383775432172,16.326765710986038],[75.06641118776058,16.326938176302605],[75.07627818043339,16.331662422839564],[75.08668028784287,16.330453865723207],[75.09536093391047,16.324943083259804],[75.10517730292375,16.327533391042078],[75.10223367914622,16.331481955653597],[75.10273077897668,16.361817654673363]]]}},{"type":"Feature","properties":{"type":"village","name":"Saidapur","taluk":"Mudhol","district":"Bagalkote","village_code":"598544"},"geometry":{"type":"Polygon","coordinates":[[[75.0720770509037,16.380164846024122],[75.05874350895681,16.377716562403617],[75.06091578623077,16.380960946841146],[75.03397423198338,16.37775156877049],[75.03451226085483,16.37070836062022],[75.03309089610663,16.357866849198796],[75.03377851962568,16.348546026354512],[75.0621635039396,16.352984688152514],[75.06762146458664,16.363839170218366],[75.0720770509037,16.380164846024122]]]}},{"type":"Feature","properties":{"type":"village","name":"Hire-Hodlur","taluk":"Bagalkot","district":"Bagalkote","village_code":"598806"},"geometry":{"type":"Polygon","coordinates":[[[75.80192043341503,16.331483790136637],[75.79235212518427,16.32980385164223],[75.78326296934291,16.334684217855933],[75.78150822002986,16.33476470877484],[75.77712471632783,16.33273848198272],[75.77642984699769,16.328152137134524],[75.77824746670254,16.323869658054495],[75.78689332640906,16.315632249007656],[75.78434734189206,16.307114169744462],[75.79009068922007,16.300895035353932],[75.79198262744669,16.296549191045116],[75.79618492658282,16.2938805678514],[75.79695001991371,16.287365473793827],[75.80035150600837,16.286264308680913],[75.80147028223625,16.28426315595947],[75.80362214529539,16.284525989878826],[75.80651928485021,16.280343036629507],[75.81115588259534,16.278062830337895],[75.81265811638036,16.27618368622919],[75.8140351277097,16.2706672818706],[75.81736660899261,16.27045842380406],[75.8165280146069,16.27186982917477],[75.81613764900524,16.294438582928368],[75.81622111057997,16.296964340607722],[75.81867719888987,16.297231568617452],[75.81787151787785,16.30044842878328],[75.81668691490255,16.303547598672687],[75.80918908685778,16.312030606302386],[75.80321995337302,16.32227153994437],[75.80192043341503,16.331483790136637]]]}},{"type":"Feature","properties":{"type":"village","name":"Sunaga","taluk":"Bilgi","district":"Bagalkote","village_code":"598518"},"geometry":{"type":"Polygon","coordinates":[[[75.63247750957855,16.284351380671158],[75.63117624509226,16.329062679107743],[75.62041914414377,16.331370828880715],[75.5928693001933,16.3293598920875],[75.57661418721077,16.329448869770697],[75.5653614012784,16.30904067889222],[75.57324921403915,16.30862736633954],[75.5801375728929,16.28887020463764],[75.58534832256363,16.285685963864033],[75.58577928123637,16.28166963557345],[75.59041700457054,16.274006980126224],[75.58965309611754,16.269990422258115],[75.63066092113964,16.27013236418391],[75.63247750957855,16.284351380671158]]]}},{"type":"Feature","properties":{"type":"village","name":"Janamatti","taluk":"Bilgi","district":"Bagalkote","village_code":"598517"},"geometry":{"type":"Polygon","coordinates":[[[75.57661418721077,16.329448869770697],[75.56542670700291,16.329722793158695],[75.54353118284419,16.32717607568746],[75.53779232080443,16.331467088409372],[75.53349035807908,16.329387769978517],[75.52841565196985,16.295084549007672],[75.52779952536426,16.28451234695023],[75.55021569329872,16.28775334015498],[75.5515508116948,16.296386797321293],[75.55608709277551,16.309822507627644],[75.56526642240341,16.306824699822243],[75.56622124261723,16.311072184395194],[75.57661418721077,16.329448869770697]]]}},{"type":"Feature","properties":{"type":"village","name":"Honnihal","taluk":"Bilgi","district":"Bagalkote","village_code":"598529"},"geometry":{"type":"Polygon","coordinates":[[[75.74497570743014,16.332561982147958],[75.71883942905455,16.340445978250372],[75.71090166726907,16.338048709315924],[75.69849472496132,16.338330156599255],[75.70068504669439,16.314646595834315],[75.73322761470457,16.312809394361203],[75.74483977975125,16.305463007800135],[75.74894282942158,16.3109272209231],[75.74894162388247,16.31655243532647],[75.75137702938123,16.318489810088302],[75.74908963929181,16.32177928675961],[75.74659558188979,16.323235701221503],[75.74497570743014,16.332561982147958]]]}},{"type":"Feature","properties":{"type":"village","name":"Chikkgulabal","taluk":"Bagalkot","district":"Bagalkote","village_code":"598813"},"geometry":{"type":"Polygon","coordinates":[[[75.8542835690929,16.346143932169056],[75.8464977276933,16.34753008381861],[75.84512232255167,16.33799221292095],[75.84611987472526,16.332321941048047],[75.84885345621964,16.32595154384224],[75.8480683430344,16.318997836350473],[75.85707211670292,16.302398809620264],[75.8542835690929,16.346143932169056]]]}},{"type":"Feature","properties":{"type":"village","name":"Beerkabbi","taluk":"Bilgi","district":"Bagalkote","village_code":"598524"},"geometry":{"type":"Polygon","coordinates":[[[75.7733831289649,16.358569984972203],[75.7687627350309,16.35894218823668],[75.76636195958632,16.34227561968545],[75.77378093980363,16.33818592192124],[75.77870376056121,16.333981700405207],[75.78326296934291,16.334684217855933],[75.793405080953,16.32965518735598],[75.8003669291835,16.33141547373549],[75.80666030957006,16.331693302123732],[75.81750011930507,16.338207524630853],[75.81204219459063,16.336520495818775],[75.80185769597392,16.336419925093438],[75.79523393498879,16.336907697584987],[75.79136586213887,16.338496573138187],[75.77890304462046,16.356121327735643],[75.7733831289649,16.358569984972203]]]}},{"type":"Feature","properties":{"type":"village","name":"Baragi","taluk":"Mudhol","district":"Bagalkote","village_code":"598585"},"geometry":{"type":"Polygon","coordinates":[[[75.38373527582704,16.345024887743147],[75.36696842406822,16.34716178434814],[75.36376370315672,16.334632468688685],[75.360605745844,16.327497867040226],[75.3609288572753,16.324999260138583],[75.35829016482434,16.321375455042055],[75.35626490403313,16.314191177598467],[75.35384170663906,16.310178639880817],[75.35810471392212,16.302394163239466],[75.35804881535526,16.299972289714596],[75.36082808696166,16.295910588027784],[75.35996291142669,16.29268446189761],[75.35678166079863,16.292864945880492],[75.3548960341352,16.295024491272468],[75.35267623957597,16.292781008605317],[75.35369667004318,16.289681502034746],[75.35346543740083,16.286552536267507],[75.35751164617155,16.282510106258165],[75.38785696284457,16.27917919640372],[75.38869655795348,16.28570838462616],[75.3797917453916,16.283231987250236],[75.37438364214113,16.283817415164492],[75.37004783179417,16.285528347610384],[75.36818282775472,16.28940082377338],[75.36883536397711,16.29421894811325],[75.37102664690752,16.297010860018336],[75.37470993630346,16.298001546759984],[75.37797369269879,16.302324432164085],[75.38879233543078,16.323217647870568],[75.39376808761983,16.34502434640124],[75.38373527582704,16.345024887743147]]]}},{"type":"Feature","properties":{"type":"village","name":"Gulgal Jambagi","taluk":"Mudhol","district":"Bagalkote","village_code":"598579"},"geometry":{"type":"Polygon","coordinates":[[[75.31144605008,16.279574137721212],[75.30934750203298,16.281374687024],[75.30751417887863,16.294607317392426],[75.31438833087616,16.304030115293717],[75.31907270462138,16.31633927839393],[75.31866150978321,16.346489564607523],[75.3027974702748,16.343782799842884],[75.30140388323181,16.329237876051334],[75.29860940314765,16.320456169036582],[75.29366860171139,16.315636205363223],[75.28364553484276,16.311038970578103],[75.2810839420977,16.304958841772322],[75.28155165803521,16.301942167892346],[75.28579661457097,16.297441156929597],[75.29120634287379,16.294561576006544],[75.2905569211105,16.28690636200316],[75.27927527859623,16.285010145947226],[75.26799569681722,16.27973613664059],[75.2583952468656,16.273967179647705],[75.25550499828734,16.273830442888585],[75.25574638099407,16.260186734174578],[75.26814500669893,16.262264869852547],[75.27578874540033,16.265015485277036],[75.28865374316302,16.26790322312275],[75.31144605008,16.279574137721212]]]}},{"type":"Feature","properties":{"type":"village","name":"Hadarihal","taluk":"Bilgi","district":"Bagalkote","village_code":"598523"},"geometry":{"type":"Polygon","coordinates":[[[75.7687627350309,16.35894218823668],[75.75673265125617,16.36203041982271],[75.75436570816184,16.35431006213923],[75.7516873452096,16.341991760972373],[75.76636195958632,16.34227561968545],[75.7687627350309,16.35894218823668]]]}},{"type":"Feature","properties":{"type":"village","name":"Yadahalli","taluk":"Mudhol","district":"Bagalkote","village_code":"598584"},"geometry":{"type":"Polygon","coordinates":[[[75.36696842406822,16.34716178434814],[75.3361574728542,16.350799689324166],[75.33902710060511,16.345568094259104],[75.33978619229158,16.340200512590574],[75.34145943476396,16.298022740041812],[75.34232074844154,16.29500464533151],[75.34496438881307,16.292348309605448],[75.34693640735567,16.291871926674045],[75.34796761131808,16.2937652585861],[75.34960500202752,16.294221852976868],[75.35154888623372,16.293973553804683],[75.35267623957597,16.292781008605317],[75.3548960341352,16.295024491272468],[75.3575910419713,16.29258033604933],[75.36055698169713,16.29338492799746],[75.3605286623078,16.296981397065217],[75.35804881535526,16.299972289714596],[75.35810471392212,16.302394163239466],[75.35384170663906,16.310178639880817],[75.35626490403313,16.314191177598467],[75.35829016482434,16.321375455042055],[75.3609288572753,16.324999260138583],[75.360605745844,16.327497867040226],[75.36376370315672,16.334632468688685],[75.36696842406822,16.34716178434814]]]}},{"type":"Feature","properties":{"type":"village","name":"Ingalagi","taluk":"Mudhol","district":"Bagalkote","village_code":"598583"},"geometry":{"type":"Polygon","coordinates":[[[75.3361574728542,16.350799689324166],[75.32742510269087,16.351321885358292],[75.3256527149572,16.32906522310509],[75.32701223339302,16.299931716793935],[75.32384595498581,16.2839905520764],[75.34248228529252,16.28298017932963],[75.34552174134457,16.28666661242261],[75.34704113564646,16.29147722913102],[75.34340169481617,16.293337603259058],[75.34145943476396,16.298022740041812],[75.33978619229158,16.340200512590574],[75.33902710060511,16.345568094259104],[75.3361574728542,16.350799689324166]]]}},{"type":"Feature","properties":{"type":"village","name":"Alur","taluk":"Bagalkot","district":"Bagalkote","village_code":"598815"},"geometry":{"type":"Polygon","coordinates":[[[75.87587014016752,16.342506854229164],[75.87072276304681,16.345775088745324],[75.86229017057526,16.346201434752096],[75.86147776836829,16.321900086698623],[75.86263927925086,16.305372287945943],[75.86722922838158,16.29884818123498],[75.87727857815878,16.30772686327294],[75.87808798178935,16.313632258355096],[75.88177497314258,16.316058546937814],[75.87614635325278,16.327589172341405],[75.88131909610216,16.336945425850452],[75.87587014016752,16.342506854229164]]]}},{"type":"Feature","properties":{"type":"village","name":"Mastihal","taluk":"Bagalkot","district":"Bagalkote","village_code":"598814"},"geometry":{"type":"Polygon","coordinates":[[[75.86722922838158,16.29884818123498],[75.86263927925086,16.305372287945943],[75.86147776836829,16.321900086698623],[75.86229017057526,16.346201434752096],[75.8542835690929,16.346143932169056],[75.85707211670292,16.302398809620264],[75.85821855116008,16.300130732420417],[75.85814445811545,16.291211627233025],[75.86412321704847,16.29217343317021],[75.86499315724771,16.29613704718079],[75.86722922838158,16.29884818123498]]]}},{"type":"Feature","properties":{"type":"village","name":"Chikkmuramatti","taluk":"Bagalkot","district":"Bagalkote","village_code":"598808"},"geometry":{"type":"Polygon","coordinates":[[[75.81668691490255,16.303547598672687],[75.81432094288704,16.314359130325975],[75.81021427210781,16.32445616112699],[75.80806697518524,16.332901990371596],[75.80597260160934,16.331498772034788],[75.80192043341503,16.331483790136637],[75.80321995337302,16.32227153994437],[75.80918908685778,16.312030606302386],[75.81668691490255,16.303547598672687]]]}},{"type":"Feature","properties":{"type":"village","name":"Kandagal","taluk":"Bilgi","district":"Bagalkote","village_code":"598528"},"geometry":{"type":"Polygon","coordinates":[[[75.77870376056121,16.333981700405207],[75.77378093980363,16.33818592192124],[75.76636195958632,16.34227561968545],[75.74908944974729,16.341611138766797],[75.74622298496448,16.339439875952632],[75.74483497915436,16.33694776716469],[75.74659558188979,16.323235701221503],[75.74908963929181,16.32177928675961],[75.75137702938123,16.318489810088302],[75.7633024809849,16.31605906680646],[75.77325821912297,16.308627166316136],[75.78296279729074,16.30644040958931],[75.78477288731688,16.30750301093803],[75.78710414214163,16.31511729963701],[75.77697376522414,16.325906827910607],[75.77638163621303,16.33102116279811],[75.77870376056121,16.333981700405207]]]}},{"type":"Feature","properties":{"type":"village","name":"Mannikeri","taluk":"Bilgi","district":"Bagalkote","village_code":"598519"},"geometry":{"type":"Polygon","coordinates":[[[75.67678855668136,16.338705671590198],[75.66684408521358,16.340415832212017],[75.6548415321074,16.328137735162432],[75.64790906866813,16.3264303784222],[75.63667421041389,16.32693894011355],[75.63155836415963,16.316459543718643],[75.63155827163314,16.313966588621703],[75.67711419776847,16.303943029770675],[75.67969490935772,16.30172646018696],[75.68452299198883,16.301817548164514],[75.69073637560268,16.299138179408693],[75.69135690215654,16.296368037920182],[75.69274283196003,16.29558281004564],[75.69823953694532,16.294288419954192],[75.7002025615553,16.303013093990234],[75.70068504669439,16.314646595834315],[75.69849472496132,16.338330156599255],[75.67678855668136,16.338705671590198]]]}},{"type":"Feature","properties":{"type":"village","name":"Muttatti","taluk":"Bagalkot","district":"Bagalkote","village_code":"598810"},"geometry":{"type":"Polygon","coordinates":[[[75.83411822981581,16.313409580120855],[75.83519500890583,16.327241427125525],[75.82868135083184,16.348168674399137],[75.8186416669271,16.338971359046663],[75.8119095340844,16.334410516932483],[75.81313605873906,16.332716501946926],[75.81465691729487,16.33233288410587],[75.81636897507238,16.33397351861183],[75.82036538034542,16.332700539113564],[75.82161567711742,16.32937544225801],[75.82367013674862,16.328241857621016],[75.8251407660053,16.322856448599133],[75.82446777424558,16.31980643985608],[75.8292046949433,16.31208135531404],[75.83411822981581,16.313409580120855]]]}},{"type":"Feature","properties":{"type":"village","name":"Vajjaramatti","taluk":"Mudhol","district":"Bagalkote","village_code":"598587"},"geometry":{"type":"Polygon","coordinates":[[[75.41453232561202,16.327319277948035],[75.40349927927623,16.329426353152503],[75.39139015184135,16.335183722044818],[75.38739317973136,16.319390287786938],[75.3802584372497,16.305926731902794],[75.37470993630346,16.298001546759984],[75.37102664690752,16.297010860018336],[75.36883536397711,16.29421894811325],[75.36818282775472,16.28940082377338],[75.37004783179417,16.285528347610384],[75.37130661405234,16.284537735799756],[75.3797917453916,16.283231987250236],[75.38869655795348,16.28570838462616],[75.3941517652642,16.290030816859716],[75.40002719368506,16.29791039320435],[75.40156742979983,16.309888026947778],[75.40958706943024,16.308355984415552],[75.41071791272734,16.30896366313668],[75.41253738475831,16.3145470398133],[75.41453232561202,16.327319277948035]]]}},{"type":"Feature","properties":{"type":"village","name":"Hiregulabal","taluk":"Bagalkot","district":"Bagalkote","village_code":"598811"},"geometry":{"type":"Polygon","coordinates":[[[75.8464977276933,16.34753008381861],[75.84165774058809,16.348541766380944],[75.8389760826154,16.350253691591575],[75.82868135083184,16.348168674399137],[75.83519500890583,16.327241427125525],[75.83411822981581,16.313409580120855],[75.83780529662752,16.3062184120584],[75.84334261804001,16.290911503165244],[75.85814445811545,16.291211627233025],[75.85821855116008,16.300130732420417],[75.8480683430344,16.318997836350473],[75.84885345621964,16.32595154384224],[75.84611987472526,16.332321941048047],[75.84512232255167,16.33799221292095],[75.8464977276933,16.34753008381861]]]}},{"type":"Feature","properties":{"type":"village","name":"Uttur","taluk":"Mudhol","district":"Bagalkote","village_code":"598568"},"geometry":{"type":"Polygon","coordinates":[[[75.24152377730879,16.33143499098552],[75.23874489018132,16.332403422590172],[75.23310936224702,16.32925252104869],[75.2266448743584,16.32407317365947],[75.21842785509715,16.32263554214696],[75.2181105575624,16.314670014230916],[75.21554387226799,16.30873403223249],[75.21310931118556,16.29428559700369],[75.20612488020713,16.271904687195686],[75.21665781825459,16.26889133187678],[75.2272616782937,16.267842967348642],[75.24189090529067,16.327219247329573],[75.24152377730879,16.33143499098552]]]}},{"type":"Feature","properties":{"type":"village","name":"Arakeri","taluk":"Bilgi","district":"Bagalkote","village_code":"598515"},"geometry":{"type":"Polygon","coordinates":[[[75.53349035807908,16.329387769978517],[75.52368971676977,16.329059968728938],[75.50633161095888,16.334682839430023],[75.49912149712995,16.34130956877007],[75.49557279602483,16.340537206818304],[75.49557156802783,16.338499479930874],[75.49106970140565,16.32989011875616],[75.48588155424575,16.31502323569764],[75.48325183237124,16.306078425812956],[75.48175004235398,16.297327270696876],[75.48228748642215,16.296378138008855],[75.47680536558552,16.279848342989975],[75.48105029157857,16.277443206855498],[75.49833625907884,16.271538974741112],[75.49912221218891,16.265239927677687],[75.51012821384478,16.26058942769964],[75.51728703566764,16.27896725518672],[75.52727893997903,16.27421721758013],[75.52841565196985,16.295084549007672],[75.53349035807908,16.329387769978517]]]}},{"type":"Feature","properties":{"type":"village","name":"Jaliber","taluk":"Mudhol","district":"Bagalkote","village_code":"598569"},"geometry":{"type":"Polygon","coordinates":[[[75.24921931017455,16.3340756104034],[75.24791315166662,16.331559193581313],[75.24596609371247,16.33053839805898],[75.24352908022932,16.334803671915875],[75.24152377730879,16.33143499098552],[75.24189090529067,16.327219247329573],[75.2272616782937,16.267842967348642],[75.23830472198033,16.26621538095847],[75.2491540664338,16.288530306191713],[75.26862858598604,16.315984912659353],[75.26725662139195,16.328280959995134],[75.26319200883599,16.327466695708242],[75.25636017916645,16.324173478310808],[75.25565837214735,16.328045599068144],[75.24921931017455,16.3340756104034]]]}},{"type":"Feature","properties":{"type":"village","name":"Channal","taluk":"Mudhol","district":"Bagalkote","village_code":"598566"},"geometry":{"type":"Polygon","coordinates":[[[75.19478865695451,16.333239658369486],[75.18955274008275,16.33367049288138],[75.1874367692108,16.330815582001424],[75.18375838820958,16.328810439578664],[75.1860247092123,16.318874145640056],[75.19070103944244,16.311146590429257],[75.18874126044558,16.298139045248327],[75.18173601999361,16.27562636080211],[75.18493576872996,16.275991489615393],[75.19621823140608,16.2743299668981],[75.20381203994738,16.30238586114217],[75.20651315902239,16.317728955374914],[75.20896326904405,16.32513799488166],[75.20838484113767,16.329362812809258],[75.2061724792391,16.331392316826104],[75.20074453220397,16.331141257890387],[75.19478865695451,16.333239658369486]]]}},{"type":"Feature","properties":{"type":"village","name":"Kamadal","taluk":"Bilgi","district":"Bagalkote","village_code":"598525"},"geometry":{"type":"Polygon","coordinates":[[[75.82807668672925,16.34780305090973],[75.82425860512495,16.35025498112307],[75.81830176688146,16.348997345976468],[75.81324162785295,16.353798764233428],[75.80706874298703,16.354673252181517],[75.80668421463807,16.356932250629523],[75.79876627328102,16.356274304958045],[75.79608371968797,16.347191594027734],[75.78870978369395,16.341846347162708],[75.79136586213887,16.338496573138187],[75.79523393498879,16.336907697584987],[75.81204219459063,16.336520495818775],[75.8186416669271,16.338971359046663],[75.82807668672925,16.34780305090973]]]}},{"type":"Feature","properties":{"type":"village","name":"Koppa(S.K)","taluk":"Bilgi","district":"Bagalkote","village_code":"598511"},"geometry":{"type":"Polygon","coordinates":[[[75.75673265125617,16.36203041982271],[75.747624839203,16.36418368272123],[75.74834116030213,16.362705992411808],[75.74569809395408,16.341055962351334],[75.7516873452096,16.341991760972373],[75.75673265125617,16.36203041982271]]]}},{"type":"Feature","properties":{"type":"village","name":"Jeeragal","taluk":"Mudhol","district":"Bagalkote","village_code":"598582"},"geometry":{"type":"Polygon","coordinates":[[[75.32742510269087,16.351321885358292],[75.31901086639384,16.352019967649646],[75.3183431342701,16.331308090894282],[75.31907270462138,16.31633927839393],[75.31438833087616,16.304030115293717],[75.30751417887863,16.294607317392426],[75.30934750203298,16.281374687024],[75.31595493793446,16.2755970326065],[75.32287097657704,16.272754355038277],[75.32407848210046,16.285971926256465],[75.32701223339302,16.299931716793935],[75.3256527149572,16.32906522310509],[75.32742510269087,16.351321885358292]]]}},{"type":"Feature","properties":{"type":"village","name":"Muttaladinni","taluk":"Bilgi","district":"Bagalkote","village_code":"598521"},"geometry":{"type":"Polygon","coordinates":[[[75.747624839203,16.36418368272123],[75.73638875205343,16.365944033761426],[75.7366264920917,16.363543285345475],[75.73389958507984,16.361236374165593],[75.73322854356262,16.358282211687822],[75.72538478328507,16.354408056714686],[75.72471428435026,16.352238603201133],[75.72882090212887,16.341987962900127],[75.73164184388636,16.34198665779763],[75.73321645942539,16.3361690691608],[75.74497570743014,16.332561982147958],[75.74512251011387,16.33810166615878],[75.74784951683871,16.34096242206841],[75.74536376166657,16.341748616098343],[75.74834116030213,16.362705992411808],[75.747624839203,16.36418368272123]]]}},{"type":"Feature","properties":{"type":"village","name":"Mangur","taluk":"Bilgi","district":"Bagalkote","village_code":"598526"},"geometry":{"type":"Polygon","coordinates":[[[75.83048070599033,16.35824023467696],[75.81393800006457,16.368218986661216],[75.80587414805085,16.35816546127228],[75.80550481829819,16.35723917079758],[75.80668421463807,16.356932250629523],[75.80675982942878,16.354971388163225],[75.81324162785295,16.353798764233428],[75.81830176688146,16.348997345976468],[75.82425860512495,16.35025498112307],[75.82807668672925,16.34780305090973],[75.8389760826154,16.350253691591575],[75.83048070599033,16.35824023467696]]]}},{"type":"Feature","properties":{"type":"village","name":"Girisagar","taluk":"Bilgi","district":"Bagalkote","village_code":"598520"},"geometry":{"type":"Polygon","coordinates":[[[75.73389958507984,16.361236374165593],[75.7225681750005,16.363596220622732],[75.72032274701465,16.36779824977347],[75.7193177145697,16.365882866949374],[75.71724931398361,16.365422056984386],[75.70821270689143,16.367641627087966],[75.70300041660997,16.3674588901197],[75.69960473093711,16.36589044664978],[75.69606466533678,16.361644424576543],[75.68827025939929,16.360723517050875],[75.6855426337352,16.35389179584099],[75.68195627255842,16.352969494993985],[75.66861302072161,16.3399076443537],[75.67678855668136,16.338705671590198],[75.71090166726907,16.338048709315924],[75.71883942905455,16.340445978250372],[75.73321645942539,16.3361690691608],[75.73164184388636,16.34198665779763],[75.72882090212887,16.341987962900127],[75.72471428435026,16.352238603201133],[75.72538478328507,16.354408056714686],[75.73322854356262,16.358282211687822],[75.73389958507984,16.361236374165593]]]}},{"type":"Feature","properties":{"type":"village","name":"Marapur","taluk":"Mudhol","district":"Bagalkote","village_code":"598561"},"geometry":{"type":"Polygon","coordinates":[[[75.05797355933355,16.330577274110755],[75.05990156132553,16.329918270711776],[75.06130018612063,16.331414272010726],[75.05920362514703,16.332235883626915],[75.05470406899175,16.33999675171327],[75.05300590006688,16.351522251149436],[75.03377851962568,16.348546026354512],[75.03466785714687,16.338023367058206],[75.04174921634446,16.32353178680206],[75.043267432955,16.318246036812567],[75.05401552469951,16.329089399268195],[75.05797355933355,16.330577274110755]]]}},{"type":"Feature","properties":{"type":"village","name":"Chinvalkoppa","taluk":"Bilgi","district":"Bagalkote","village_code":"598509"},"geometry":{"type":"Polygon","coordinates":[[[75.79477198893034,16.37233956429952],[75.78680453782468,16.37532343221291],[75.78215375657955,16.36764823534807],[75.78865423457172,16.364579361821722],[75.79659958891799,16.356169546655906],[75.80550481829819,16.35723917079758],[75.81393800006457,16.368218986661216],[75.80761087895594,16.37118228474187],[75.79477198893034,16.37233956429952]]]}},{"type":"Feature","properties":{"type":"village","name":"Akkimaradi","taluk":"Mudhol","district":"Bagalkote","village_code":"598558"},"geometry":{"type":"Polygon","coordinates":[[[75.15947706801364,16.32084522857046],[75.15527234162957,16.332073718642647],[75.15079785565725,16.359685346264396],[75.13132215212543,16.357460913884243],[75.13085161008804,16.330367572133675],[75.13368234527876,16.32687485670797],[75.14054152415713,16.32287594342638],[75.14566916439274,16.316888846106167],[75.14871491404165,16.31536591341577],[75.15120404957419,16.31590786170146],[75.15653854127706,16.319878703649763],[75.15947706801364,16.32084522857046]]]}},{"type":"Feature","properties":{"type":"village","name":"Halagali","taluk":"Mudhol","district":"Bagalkote","village_code":"598577"},"geometry":{"type":"Polygon","coordinates":[[[75.47323753755137,16.35855145305538],[75.46263079302186,16.363989220325745],[75.43938269620111,16.370047193076598],[75.42588064108666,16.343723184610933],[75.41692524978102,16.337060788127562],[75.41253738475831,16.3145470398133],[75.41071791272734,16.30896366313668],[75.40958706943024,16.308355984415552],[75.42860994839698,16.30416456257386],[75.44887901344498,16.295325614401364],[75.45849985784851,16.289489132399105],[75.47349475755657,16.282578961402887],[75.47680536558552,16.279848342989975],[75.48228748642215,16.296378138008855],[75.48175004235398,16.297327270696876],[75.48325183237124,16.306078425812956],[75.48588155424575,16.31502323569764],[75.49106970140565,16.32989011875616],[75.49557156802783,16.338499479930874],[75.49520539226016,16.344215254973136],[75.49690547908817,16.354199663782843],[75.4938627891011,16.3527781564298],[75.49214085165212,16.353018536153954],[75.47323753755137,16.35855145305538]]]}},{"type":"Feature","properties":{"type":"village","name":"Lingapur.S.R","taluk":"Bilgi","district":"Bagalkote","village_code":"598507"},"geometry":{"type":"Polygon","coordinates":[[[75.78289557096815,16.379028687955362],[75.77845729698322,16.381552833934254],[75.77434247039955,16.37450840995098],[75.77198453381423,16.372844485655964],[75.76150888312907,16.375224645734743],[75.75754288582839,16.361775212115766],[75.76355364544675,16.359721347103413],[75.7733831289649,16.358569984972203],[75.77911463200587,16.368397483201072],[75.78215375657955,16.36764823534807],[75.78680453782468,16.37532343221291],[75.78289557096815,16.379028687955362]]]}},{"type":"Feature","properties":{"type":"village","name":"Soragoan","taluk":"Mudhol","district":"Bagalkote","village_code":"598555"},"geometry":{"type":"Polygon","coordinates":[[[75.25055806225595,16.364338068903894],[75.2425972505986,16.36627016478488],[75.24176465875559,16.359113733901317],[75.23025363862004,16.361762763182053],[75.23196359344148,16.350799841895284],[75.2310711468511,16.34818167242877],[75.23242142791086,16.347792531958746],[75.23445827337595,16.340642277801013],[75.23153657837284,16.335706220155114],[75.23278023659489,16.33196856891636],[75.23473389087818,16.329997587721508],[75.23874489018132,16.332403422590172],[75.24152377730879,16.33143499098552],[75.24352908022932,16.334803671915875],[75.24493466067966,16.331683020236447],[75.24687502259165,16.330715384205043],[75.24949873114369,16.33457114034748],[75.24982377125788,16.336867786613453],[75.24812947227522,16.339574984219766],[75.2478444080895,16.342809854191902],[75.24899436304425,16.344981041631733],[75.25055806225595,16.364338068903894]]]}},{"type":"Feature","properties":{"type":"village","name":"Badagandi","taluk":"Bilgi","district":"Bagalkote","village_code":"598502"},"geometry":{"type":"Polygon","coordinates":[[[75.66804672815638,16.374208582644346],[75.65550668516794,16.379358029064395],[75.64967147522069,16.371164335801307],[75.64378709059646,16.34261163796218],[75.64055888413021,16.330516543638566],[75.63849095066804,16.327031136213304],[75.64790906866813,16.3264303784222],[75.6548415321074,16.328137735162432],[75.66684408521358,16.340415832212017],[75.66804672815638,16.374208582644346]]]}},{"type":"Feature","properties":{"type":"village","name":"Nagaral","taluk":"Bilgi","district":"Bagalkote","village_code":"598487"},"geometry":{"type":"Polygon","coordinates":[[[75.6002266065748,16.3692939618148],[75.59750046402928,16.373079114296043],[75.58927470505863,16.37686329696624],[75.58363185226149,16.377046834416774],[75.57961526723388,16.37543022028946],[75.57641876860218,16.345883660964102],[75.57661418721077,16.329448869770697],[75.5928693001933,16.3293598920875],[75.6002266065748,16.3692939618148]]]}},{"type":"Feature","properties":{"type":"village","name":"Heggur","taluk":"Bilgi","district":"Bagalkote","village_code":"598506"},"geometry":{"type":"Polygon","coordinates":[[[75.77845729698322,16.381552833934254],[75.77324270342137,16.3832326081337],[75.76454813256858,16.384261273357303],[75.76405625374655,16.381144874299107],[75.76134407461377,16.376991136192988],[75.74768137826868,16.378263969145788],[75.74427778472634,16.364370131616],[75.7493801427766,16.36416822237575],[75.75754288582839,16.361775212115766],[75.76150888312907,16.375224645734743],[75.77270519287785,16.37298950490387],[75.77845729698322,16.381552833934254]]]}},{"type":"Feature","properties":{"type":"village","name":"Malali","taluk":"Mudhol","district":"Bagalkote","village_code":"598556"},"geometry":{"type":"Polygon","coordinates":[[[75.23025363862004,16.361762763182053],[75.21364494514845,16.362466010762354],[75.20644831233696,16.365188750800854],[75.17815353504726,16.366751668151466],[75.19027218462412,16.3445592883446],[75.19478865695451,16.333239658369486],[75.19778273191501,16.33164832026368],[75.20396404477493,16.33182691919569],[75.2070753085575,16.330922079765596],[75.20838484113767,16.329362812809258],[75.20962693898606,16.323307878400275],[75.21164752224959,16.32163074396717],[75.2266448743584,16.32407317365947],[75.23473389087818,16.329997587721508],[75.23278023659489,16.33196856891636],[75.23153657837284,16.335706220155114],[75.23445827337595,16.340642277801013],[75.23242142791086,16.347792531958746],[75.2310711468511,16.34818167242877],[75.23196359344148,16.350799841895284],[75.23025363862004,16.361762763182053]]]}},{"type":"Feature","properties":{"type":"village","name":"Nagaral","taluk":"Mudhol","district":"Bagalkote","village_code":"598557"},"geometry":{"type":"Polygon","coordinates":[[[75.17815353504726,16.366751668151466],[75.16769851776584,16.36733676342297],[75.15554422124187,16.36625883404249],[75.15238031618367,16.36477721787855],[75.15118193035697,16.36218839507667],[75.15118092783712,16.35431762591166],[75.15527234162957,16.332073718642647],[75.15643675856208,16.32736099263106],[75.16066038729639,16.31808440681967],[75.16092651858919,16.31515194564065],[75.15889932372517,16.307380888158978],[75.14876284814521,16.285115988290347],[75.14815905990004,16.28246380587645],[75.15034355965176,16.281690958239366],[75.15931106024743,16.280289176001034],[75.16734786488627,16.30266234864128],[75.17023032327442,16.32565529036721],[75.18375838820958,16.328810439578664],[75.1874367692108,16.330815582001424],[75.18955274008275,16.33367049288138],[75.19478865695451,16.333239658369486],[75.19027218462412,16.3445592883446],[75.17815353504726,16.366751668151466]]]}},{"type":"Feature","properties":{"type":"village","name":"Melligeri","taluk":"Mudhol","district":"Bagalkote","village_code":"598576"},"geometry":{"type":"Polygon","coordinates":[[[75.42563074504602,16.37206816482415],[75.41350306919715,16.376934383026324],[75.40824687914606,16.375796611664573],[75.40777841940347,16.36894278116763],[75.39802945008765,16.360883726647593],[75.39139015184135,16.335183722044818],[75.40349927927623,16.329426353152503],[75.41453232561202,16.327319277948035],[75.41692524978102,16.337060788127562],[75.42588064108666,16.343723184610933],[75.43938269620111,16.370047193076598],[75.43076250405718,16.372019431836534],[75.42563074504602,16.37206816482415]]]}},{"type":"Feature","properties":{"type":"village","name":"Nandagoan","taluk":"Mudhol","district":"Bagalkote","village_code":"598559"},"geometry":{"type":"Polygon","coordinates":[[[75.13132215212543,16.357460913884243],[75.11782372261153,16.35692119172334],[75.11526792130509,16.36878590513925],[75.10315121478418,16.368098049872724],[75.10223367914622,16.331481955653597],[75.10517730292375,16.327533391042078],[75.11038505042482,16.328740259286153],[75.11748340664593,16.326671396605317],[75.12463765604396,16.331153733775725],[75.13085161008804,16.330367572133675],[75.13132215212543,16.357460913884243]]]}},{"type":"Feature","properties":{"type":"village","name":"Malapur","taluk":"Mudhol","district":"Bagalkote","village_code":"598554"},"geometry":{"type":"Polygon","coordinates":[[[75.27924343691268,16.37969294496515],[75.25342069662238,16.381730511579455],[75.25055806225595,16.364338068903894],[75.255791692017,16.362064001641947],[75.25941182984847,16.35766076740872],[75.27573334000856,16.360994753887066],[75.27840330011962,16.356147927831493],[75.2800973188279,16.356257159716574],[75.27924343691268,16.37969294496515]]]}},{"type":"Feature","properties":{"type":"village","name":" ","taluk":"Bilgi","district":"Bagalkote","village_code":" "},"geometry":{"type":"Polygon","coordinates":[[[75.78865423457172,16.364579361821722],[75.77911463200587,16.368397483201072],[75.7733831289649,16.358569984972203],[75.77890304462046,16.356121327735643],[75.78870978369395,16.341846347162708],[75.79608371968797,16.347191594027734],[75.79876627328102,16.356274304958045],[75.79659958891799,16.356169546655906],[75.78865423457172,16.364579361821722]]]}},{"type":"Feature","properties":{"type":"village","name":"Mudhol (TMC)","taluk":"Mudhol","district":"Bagalkote","village_code":"803044"},"geometry":{"type":"Polygon","coordinates":[[[75.2797117412467,16.352628222690694],[75.27576932741718,16.353808563977452],[75.27538427624872,16.352383221428],[75.27194577866601,16.352251935407146],[75.26980416089269,16.3423072317352],[75.27121321692486,16.341967824323202],[75.27025858805223,16.339424735186753],[75.2733287386392,16.337887789630233],[75.27234044899453,16.335506627783168],[75.27780069226073,16.333541595985906],[75.27749940809422,16.33226208611436],[75.27624150528669,16.33245579906855],[75.27664548665311,16.32954091037532],[75.2794968103318,16.329161684633164],[75.28241760432469,16.32381870260852],[75.28429589804047,16.32388431207482],[75.28369496014969,16.317891970240556],[75.29727687639118,16.323436249259995],[75.29943888322653,16.32730764580177],[75.29737431665005,16.331436563399926],[75.29428754812864,16.333378744160104],[75.29559497775274,16.33524169336134],[75.29193775656802,16.337442772602508],[75.29312845910407,16.33763762004273],[75.2914489401028,16.34302983100846],[75.29380341278437,16.34798642777856],[75.2915060522936,16.346673646103095],[75.28924014271924,16.350348951397596],[75.28831839937253,16.348599540648124],[75.28578586263534,16.348096371065598],[75.2842085539471,16.349407484710323],[75.28523008395221,16.352922205353902],[75.2797117412467,16.352628222690694]]]}},{"type":"Feature","properties":{"type":"village","name":"Bisanal","taluk":"Mudhol","district":"Bagalkote","village_code":"598546"},"geometry":{"type":"Polygon","coordinates":[[[75.10273077897668,16.361817654673363],[75.1027900534124,16.37534081193281],[75.09803492566049,16.375294961013495],[75.09673429807975,16.371888066802867],[75.08869386334884,16.37179631506388],[75.08637172642423,16.375383411847746],[75.0816775457711,16.374935091383108],[75.07972463529289,16.380769652965164],[75.07803031834392,16.380460059290996],[75.07852403691564,16.370994430574218],[75.07472388568442,16.370519101104367],[75.07405166917077,16.36412563724983],[75.07907806927388,16.363476235984848],[75.08072976475584,16.365017338902543],[75.08471730455537,16.364069312164045],[75.09452192180812,16.36383615002856],[75.09623974317647,16.3617083009193],[75.10273077897668,16.361817654673363]]]}},{"type":"Feature","properties":{"type":"village","name":" ","taluk":"Bilgi","district":"Bagalkote","village_code":" "},"geometry":{"type":"Polygon","coordinates":[[[75.72921975411505,16.37296466535128],[75.72663710485972,16.372181064617788],[75.72376844100108,16.37333654811492],[75.72319390729145,16.371813314142308],[75.7215675811314,16.370936919780384],[75.72151876039067,16.36885955658467],[75.72032274701465,16.36779824977347],[75.7225681750005,16.363596220622732],[75.73389958507984,16.361236374165593],[75.7366264920917,16.363543285345475],[75.73638875205343,16.365944033761426],[75.72921975411505,16.37296466535128]]]}},{"type":"Feature","properties":{"type":"village","name":"Teggi","taluk":"Bilgi","district":"Bagalkote","village_code":"598489"},"geometry":{"type":"Polygon","coordinates":[[[75.52305433208109,16.40116968083101],[75.51984961116959,16.401860569954557],[75.5126775032637,16.39857901199937],[75.50464326511164,16.39774343970954],[75.50326499883582,16.383846940067734],[75.50078290879004,16.376551428646025],[75.49749547280383,16.37177033162963],[75.49807761524394,16.35672553517586],[75.49540292909616,16.3458281822772],[75.49557279602483,16.340537206818304],[75.49912149712995,16.34130956877007],[75.50633161095888,16.334682839430023],[75.52368971676977,16.329059968728938],[75.53349035807908,16.329387769978517],[75.53708958313072,16.352472000717956],[75.54487618360673,16.36997180966214],[75.5481261257096,16.374312585735275],[75.54219525326941,16.377080156814237],[75.54169036324883,16.383589252096062],[75.54438815765896,16.393562010075613],[75.52913192366168,16.393924734901947],[75.52946572055325,16.395771498329047],[75.52305673058291,16.39655315223938],[75.5196123912559,16.398213358054168],[75.52099831207623,16.400199157746602],[75.52305433208109,16.40116968083101]]]}},{"type":"Feature","properties":{"type":"village","name":"Bisnal","taluk":"Bilgi","district":"Bagalkote","village_code":"598483"},"geometry":{"type":"Polygon","coordinates":[[[75.50464326511164,16.39774343970954],[75.49912096173405,16.402554253021187],[75.47943365195223,16.3946769462789],[75.48087734342849,16.390308410698047],[75.47452655620371,16.376667690583023],[75.47323753755137,16.35855145305538],[75.49214085165212,16.353018536153954],[75.4938627891011,16.3527781564298],[75.49690547908817,16.354199663782843],[75.49807761524394,16.35672553517586],[75.49749547280383,16.37177033162963],[75.50078290879004,16.376551428646025],[75.50326499883582,16.383846940067734],[75.50464326511164,16.39774343970954]]]}},{"type":"Feature","properties":{"type":"village","name":"Gundanapalli","taluk":"Bilgi","district":"Bagalkote","village_code":"598505"},"geometry":{"type":"Polygon","coordinates":[[[75.7484765202458,16.38846968966064],[75.72207464238005,16.39055708130237],[75.71755907824642,16.393161493931558],[75.71067174706536,16.39930911824647],[75.72009007527123,16.381140080690304],[75.72587446213296,16.37707495802763],[75.73313844972611,16.368346261834507],[75.73638875205343,16.365944033761426],[75.74427778472634,16.364370131616],[75.74768137826868,16.378263969145788],[75.76134407461377,16.376991136192988],[75.76405625374655,16.381144874299107],[75.76454813256858,16.384261273357303],[75.75317156238327,16.385593721621245],[75.7484765202458,16.38846968966064]]]}},{"type":"Feature","properties":{"type":"village","name":"Amalzari","taluk":"Bilgi","district":"Bagalkote","village_code":"598473"},"geometry":{"type":"Polygon","coordinates":[[[75.42578508908655,16.399346998181368],[75.42094079096626,16.40087974191182],[75.41718674307204,16.40065450980808],[75.40822377627357,16.405879074854976],[75.39621222474318,16.403933140745348],[75.38973829915417,16.40083404177871],[75.39238677515692,16.390550361783767],[75.39474077083305,16.386804589220635],[75.395648419613,16.383081443820597],[75.4034074660643,16.375155643930103],[75.41350306919715,16.376934383026324],[75.42563074504602,16.37206816482415],[75.42578508908655,16.399346998181368]]]}},{"type":"Feature","properties":{"type":"village","name":"Bisanal","taluk":"Mudhol","district":"Bagalkote","village_code":"598546"},"geometry":{"type":"Polygon","coordinates":[[[75.07944747089174,16.38473461382174],[75.07163830832906,16.392445364573035],[75.06481485095797,16.403140386932982],[75.04854133958013,16.39932362613485],[75.04857056716621,16.39643648592657],[75.05549135340506,16.388929726399503],[75.06103103559016,16.381133066094268],[75.05874350895681,16.377716562403617],[75.07027508703763,16.38013274281594],[75.07972463529289,16.380769652965164],[75.07944747089174,16.38473461382174]]]}},{"type":"Feature","properties":{"type":"village","name":" ","taluk":"Mudhol","district":"Bagalkote","village_code":" "},"geometry":{"type":"Polygon","coordinates":[[[75.04857056716621,16.39643648592657],[75.04159168238634,16.39621233366757],[75.04113223274605,16.397924559170043],[75.03913363844408,16.397702326077013],[75.03513195826368,16.386784531971134],[75.03397423198338,16.37775156877049],[75.06091578623077,16.380960946841146],[75.05549135340506,16.388929726399503],[75.04857056716621,16.39643648592657]]]}},{"type":"Feature","properties":{"type":"village","name":" ","taluk":"Bilgi","district":"Bagalkote","village_code":" "},"geometry":{"type":"Polygon","coordinates":[[[75.58601721081915,16.404838730834665],[75.58946073267923,16.405254898926476],[75.59228288177245,16.403501105855348],[75.60078408936205,16.403710127734012],[75.5942533974336,16.417766463253546],[75.57962658241318,16.42565947626378],[75.57714241636077,16.41810149576626],[75.5765465862907,16.40816048810423],[75.57965568333682,16.407145585213822],[75.5813773018839,16.407746155683714],[75.58601721081915,16.404838730834665]]]}},{"type":"Feature","properties":{"type":"village","name":" ","taluk":"Mudhol","district":"Bagalkote","village_code":" "},"geometry":{"type":"Polygon","coordinates":[[[75.28971843182768,16.42131953718834],[75.28409512906603,16.42353109619654],[75.2824697191876,16.405877630578086],[75.27975147912161,16.39351902029412],[75.27924343691268,16.37969294496515],[75.29373414998102,16.37873235037836],[75.29329767475416,16.392806468712962],[75.30758778144315,16.392423220624888],[75.30632141740396,16.41283617262284],[75.30492655744823,16.412663928869065],[75.30305778497616,16.415247738052976],[75.29706961798715,16.417653707074624],[75.29645515595978,16.420549709308887],[75.28971843182768,16.42131953718834]]]}},{"type":"Feature","properties":{"type":"village","name":"Rolli","taluk":"Bilgi","district":"Bagalkote","village_code":"598504"},"geometry":{"type":"Polygon","coordinates":[[[75.69794872084681,16.410297581231358],[75.6912150716479,16.408803664420454],[75.68337152966099,16.409867653596308],[75.67997616738161,16.411853592887436],[75.6753843749079,16.41102368823329],[75.667153933918,16.392744066754013],[75.65881807832444,16.377995641842038],[75.66804672815638,16.374208582644346],[75.66684408521358,16.340415832212017],[75.66861302072161,16.3399076443537],[75.68195627255842,16.352969494993985],[75.6855426337352,16.35389179584099],[75.68827025939929,16.360723517050875],[75.69606466533678,16.361644424576543],[75.69960473093711,16.36589044664978],[75.70300041660997,16.3674588901197],[75.70821270689143,16.367641627087966],[75.71833720613206,16.36544467977933],[75.71991572395267,16.366459637868427],[75.72151876039067,16.36885955658467],[75.7215675811314,16.370936919780384],[75.72319390729145,16.371813314142308],[75.72376844100108,16.37333654811492],[75.72663710485972,16.372181064617788],[75.72921975411505,16.37296466535128],[75.72587446213296,16.37707495802763],[75.72009007527123,16.381140080690304],[75.71067174706536,16.39930911824647],[75.70411706203402,16.406979029046706],[75.69794872084681,16.410297581231358]]]}},{"type":"Feature","properties":{"type":"village","name":"Mahalingpur (TMC)","taluk":"Mudhol","district":"Bagalkote","village_code":"803039"},"geometry":{"type":"Polygon","coordinates":[[[75.11897308916978,16.409003078384934],[75.11742827344366,16.410625034000816],[75.10946126610577,16.408184627752863],[75.1095405783622,16.41126152472816],[75.10654468431326,16.411595600740565],[75.10623602587658,16.408374041121498],[75.10157389801108,16.40717171214849],[75.10111698970478,16.3926635273568],[75.10087368729826,16.39168306234158],[75.09971299388259,16.391515706980115],[75.09988627620596,16.390124121311207],[75.09873040404841,16.38856518417933],[75.0999946768096,16.38486490842033],[75.10259698659321,16.384901396718284],[75.10241968790221,16.380690401395828],[75.09866182576128,16.376957762930086],[75.10703947008354,16.377857919413792],[75.10718055409218,16.370619709429366],[75.11652672422453,16.370895998727732],[75.11609597485926,16.37446087472363],[75.12011156994343,16.374086113697754],[75.11940011591652,16.37676084401484],[75.12224576403923,16.377036606629645],[75.12178233306562,16.37837394622521],[75.11847803120996,16.378681080876543],[75.11847802132849,16.380018476415586],[75.1204343292351,16.38056527770631],[75.12023752811928,16.38783962081364],[75.11877726991256,16.38847212774212],[75.11883783432903,16.394571814769048],[75.11894072466671,16.39619830986955],[75.12069607944429,16.395940900218484],[75.12079897517185,16.398742202379253],[75.11843516809618,16.399523782316283],[75.11897308916978,16.409003078384934]]]}},{"type":"Feature","properties":{"type":"village","name":"Siddapur","taluk":"Bilgi","district":"Bagalkote","village_code":"598488"},"geometry":{"type":"Polygon","coordinates":[[[75.55967159893125,16.383318853364603],[75.55364726397228,16.379992931899334],[75.54896114480047,16.378837150000447],[75.54570683329209,16.38502201368642],[75.54374601404608,16.3851135868344],[75.54169036324883,16.383589252096062],[75.54219525326941,16.377080156814237],[75.5481261257096,16.374312585735275],[75.54487618360673,16.36997180966214],[75.53708958313072,16.352472000717956],[75.53349035807908,16.329387769978517],[75.53779232080443,16.331467088409372],[75.54353118284419,16.32717607568746],[75.56542670700291,16.329722793158695],[75.57661418721077,16.329448869770697],[75.57641876860218,16.345883660964102],[75.57961526723388,16.37543022028946],[75.57373307539727,16.376629000390103],[75.56474115320226,16.381935558718464],[75.55967159893125,16.383318853364603]]]}},{"type":"Feature","properties":{"type":"village","name":"Kishori","taluk":"Mudhol","district":"Bagalkote","village_code":"598575"},"geometry":{"type":"Polygon","coordinates":[[[75.40824687914606,16.375796611664573],[75.4034074660643,16.375155643930103],[75.39653289365523,16.38184792185483],[75.39491374144104,16.38464485810433],[75.39429958394254,16.37524829561069],[75.38912147186268,16.364261543819257],[75.38373527582704,16.345024887743147],[75.39376808761983,16.34502434640124],[75.39802945008765,16.360883726647593],[75.40777841940347,16.36894278116763],[75.40824687914606,16.375796611664573]]]}},{"type":"Feature","properties":{"type":"village","name":"Bilgi (TP)","taluk":"Bilgi","district":"Bagalkote","village_code":"803043"},"geometry":{"type":"Polygon","coordinates":[[[75.63645075089367,16.39537892464796],[75.61330336240277,16.395609407683423],[75.60354732963388,16.39311561100954],[75.60438454420732,16.390945926186422],[75.60304652335454,16.381758914614874],[75.60390783613381,16.376680791862675],[75.60362171013938,16.369848366693994],[75.6002266065748,16.3692939618148],[75.5928693001933,16.3293598920875],[75.62041914414377,16.331370828880715],[75.63117624509226,16.329062679107743],[75.63155836415963,16.316459543718643],[75.63667421041389,16.32693894011355],[75.63849095066804,16.327031136213304],[75.64055888413021,16.330516543638566],[75.64670502615012,16.355122187239697],[75.64967147522069,16.371164335801307],[75.65550668516794,16.379358029064395],[75.65881807832444,16.377995641842038],[75.66562304836701,16.389928261076207],[75.63645075089367,16.39537892464796]]]}},{"type":"Feature","properties":{"type":"village","name":"Mantur","taluk":"Mudhol","district":"Bagalkote","village_code":"598574"},"geometry":{"type":"Polygon","coordinates":[[[75.39238677515692,16.390550361783767],[75.38836706039886,16.404512017185084],[75.38865745878076,16.40754373729151],[75.37825160270158,16.40724574117314],[75.35435082592801,16.40343556020867],[75.34718423277963,16.404781111971335],[75.34699870013074,16.393151078256686],[75.34400549204449,16.37833985009664],[75.33918224414626,16.36698912429805],[75.3361574728542,16.350799689324166],[75.38373527582704,16.345024887743147],[75.38912147186268,16.364261543819257],[75.39359972716592,16.373176966715867],[75.39462635780524,16.377364617796534],[75.39474077083305,16.386804589220635],[75.39238677515692,16.390550361783767]]]}},{"type":"Feature","properties":{"type":"village","name":"Kontikal","taluk":"Bilgi","district":"Bagalkote","village_code":"598495"},"geometry":{"type":"Polygon","coordinates":[[[75.58601721081915,16.404838730834665],[75.5813773018839,16.407746155683714],[75.57688152134776,16.40765276975278],[75.57714241636077,16.41810149576626],[75.57515431258467,16.412796631352148],[75.57394213582178,16.411983078285754],[75.57243444117815,16.40428161707631],[75.56827337561181,16.40460364407612],[75.56669540576351,16.403449006973883],[75.55967159893125,16.383318853364603],[75.5628758958379,16.382812046707322],[75.5761721810567,16.375798683608373],[75.57961526723388,16.37543022028946],[75.5856403397097,16.37723196011566],[75.58927470505863,16.37686329696624],[75.59750046402928,16.373079114296043],[75.6002266065748,16.3692939618148],[75.60362171013938,16.369848366693994],[75.60390783613381,16.376680791862675],[75.60304652335454,16.381758914614874],[75.60409738694695,16.392238535086946],[75.59228372888377,16.39828444235725],[75.58601721081915,16.404838730834665]]]}},{"type":"Feature","properties":{"type":"village","name":"Yadahalli","taluk":"Bilgi","district":"Bagalkote","village_code":"598480"},"geometry":{"type":"Polygon","coordinates":[[[75.45695771371201,16.412484511217826],[75.44880114028963,16.413270205766164],[75.4473670428206,16.414406881853314],[75.4394509618745,16.407187076014996],[75.43464295838665,16.405159740055232],[75.43022741088012,16.40013659614481],[75.42578508908655,16.399346998181368],[75.42563074504602,16.37206816482415],[75.43076250405718,16.372019431836534],[75.4527104476077,16.36688910192506],[75.46479258695646,16.36313431922632],[75.47323753755137,16.35855145305538],[75.47452655620371,16.376667690583023],[75.47595057367694,16.379323722814632],[75.46239571020021,16.39327201242893],[75.46002034899334,16.399015674319877],[75.45748899713399,16.40125310705582],[75.45748069310751,16.403828553689006],[75.46100653478359,16.40633933673947],[75.45695771371201,16.412484511217826]]]}},{"type":"Feature","properties":{"type":"village","name":"Budni(P.M)","taluk":"Mudhol","district":"Bagalkote","village_code":"598573"},"geometry":{"type":"Polygon","coordinates":[[[75.34718423277963,16.404781111971335],[75.33813087031078,16.406717862691913],[75.33822986016351,16.403107789418335],[75.33692418494917,16.401991583866643],[75.33631074879784,16.402800242581936],[75.33741472078987,16.406740316962814],[75.33422224211908,16.406906826800547],[75.33395019991168,16.409446051855937],[75.33296703515572,16.40994283371802],[75.33134767812565,16.408781327582588],[75.33124901166643,16.41058403425122],[75.33046294087707,16.408781074234717],[75.32917101707311,16.408767226272897],[75.32912370460372,16.41092693628154],[75.32730267219911,16.411138853308348],[75.32663817131545,16.410239633945295],[75.32592640018322,16.411423240418383],[75.32543540440514,16.40950280933706],[75.3241108025861,16.40886089603891],[75.32393730736202,16.410071710289102],[75.30632141740396,16.41283617262284],[75.30758778144315,16.392423220624888],[75.31156019001999,16.382696720087207],[75.3159663141992,16.37665259321232],[75.3286230743942,16.371003671808918],[75.3310926338401,16.35722350734244],[75.3361574728542,16.350799689324166],[75.33918224414626,16.36698912429805],[75.34400549204449,16.37833985009664],[75.34699870013074,16.393151078256686],[75.34718423277963,16.404781111971335]]]}},{"type":"Feature","properties":{"type":"village","name":"Gulbal","taluk":"Bilgi","district":"Bagalkote","village_code":"598481"},"geometry":{"type":"Polygon","coordinates":[[[75.48433274640654,16.39670082105658],[75.4853615608503,16.401248114013313],[75.49054500802461,16.410341199810304],[75.49008146206666,16.415474792989645],[75.48857979781351,16.418557490968986],[75.47911761385548,16.41595973440482],[75.46495802159751,16.418356161795412],[75.45695771371201,16.412484511217826],[75.46100653478359,16.40633933673947],[75.45748069310751,16.403828553689006],[75.45748899713399,16.40125310705582],[75.46002034899334,16.399015674319877],[75.46239571020021,16.39327201242893],[75.47595057367694,16.379323722814632],[75.48087734342849,16.390308410698047],[75.47943365195223,16.3946769462789],[75.48433274640654,16.39670082105658]]]}},{"type":"Feature","properties":{"type":"village","name":"Kesrakoppa","taluk":"Mudhol","district":"Bagalkote","village_code":"598547"},"geometry":{"type":"Polygon","coordinates":[[[75.09169206427144,16.408602494911005],[75.08291937861648,16.41078762917317],[75.07391278244133,16.411399913769717],[75.07302997926553,16.404400951826524],[75.06481485095797,16.403140386932982],[75.07163830832906,16.392445364573035],[75.07944747089174,16.38473461382174],[75.08170783786079,16.385982173076016],[75.08270386200003,16.390315406865813],[75.08376625187586,16.390916586844583],[75.09024660760566,16.403022158762475],[75.09169206427144,16.408602494911005]]]}},{"type":"Feature","properties":{"type":"village","name":"Ballur","taluk":"Bilgi","district":"Bagalkote","village_code":"598494"},"geometry":{"type":"Polygon","coordinates":[[[75.57394213582178,16.411983078285754],[75.56853536477286,16.41217133326145],[75.56203213434264,16.41570265507116],[75.5558233060856,16.42743339573031],[75.55078847978513,16.425142776899598],[75.54118060525772,16.416186741117016],[75.52443230909937,16.418482235763793],[75.52486706674743,16.410311280868275],[75.52372271368678,16.403478264284487],[75.52305433208109,16.40116968083101],[75.52099831207623,16.400199157746602],[75.5196123912559,16.398213358054168],[75.52305673058291,16.39655315223938],[75.52946572055325,16.395771498329047],[75.52913192366168,16.393924734901947],[75.54438815765896,16.393562010075613],[75.54169036324883,16.383589252096062],[75.54503717518037,16.385344907650534],[75.54896114480047,16.378837150000447],[75.5516389202545,16.379392086231313],[75.55967159893125,16.383318853364603],[75.56669540576351,16.403449006973883],[75.56827337561181,16.40460364407612],[75.57243444117815,16.40428161707631],[75.57394213582178,16.411983078285754]]]}},{"type":"Feature","properties":{"type":"village","name":"Budhihal(S.H)","taluk":"Bilgi","district":"Bagalkote","village_code":"598540"},"geometry":{"type":"Polygon","coordinates":[[[75.52462421799012,16.41732819115289],[75.50826403356044,16.42092040687516],[75.49912085842779,16.42395753405884],[75.49635211417821,16.42599562307533],[75.4939049524273,16.422819760032418],[75.48857979781351,16.418557490968986],[75.49008146206666,16.415474792989645],[75.49054500802461,16.410341199810304],[75.4853615608503,16.401248114013313],[75.48433274640654,16.39670082105658],[75.49912096173405,16.402554253021187],[75.50464326511164,16.39774343970954],[75.5126775032637,16.39857901199937],[75.51984961116959,16.401860569954557],[75.52305433208109,16.40116968083101],[75.52486706674743,16.410311280868275],[75.52462421799012,16.41732819115289]]]}},{"type":"Feature","properties":{"type":"village","name":"Korti","taluk":"Bilgi","district":"Bagalkote","village_code":"598500"},"geometry":{"type":"Polygon","coordinates":[[[75.69794872084681,16.410297581231358],[75.68872362564845,16.414398519891083],[75.67787533132555,16.424205928154894],[75.67306791713253,16.42589680285424],[75.67120910068876,16.424844464808466],[75.65656449363581,16.432534767855607],[75.65372035917433,16.428431713003672],[75.64788460664464,16.427093504105578],[75.64635372289028,16.42533938665829],[75.63645075089367,16.39537892464796],[75.66562304836701,16.389928261076207],[75.6753843749079,16.41102368823329],[75.67997616738161,16.411853592887436],[75.68337152966099,16.409867653596308],[75.6912150716479,16.408803664420454],[75.69794872084681,16.410297581231358]]]}},{"type":"Feature","properties":{"type":"village","name":"Hanchinal(Inam)","taluk":"Bilgi","district":"Bagalkote","village_code":"598493"},"geometry":{"type":"Polygon","coordinates":[[[75.5558233060856,16.42743339573031],[75.55416167074499,16.434531211298875],[75.52433162861728,16.428130626304682],[75.52443230909937,16.418482235763793],[75.54118060525772,16.416186741117016],[75.55078847978513,16.425142776899598],[75.5558233060856,16.42743339573031]]]}},{"type":"Feature","properties":{"type":"village","name":"Belagali","taluk":"Mudhol","district":"Bagalkote","village_code":"598550"},"geometry":{"type":"Polygon","coordinates":[[[75.18275079466775,16.420377518917583],[75.18033983142956,16.420007684579037],[75.16277178215029,16.424470795973566],[75.1557117184148,16.42109675263434],[75.15249557003459,16.42065884735889],[75.15070234587793,16.418128856887254],[75.14744887968419,16.418422847594176],[75.12421108833638,16.414104274067903],[75.12127149170627,16.40926968260643],[75.11897308916978,16.409003078384934],[75.11843516809618,16.399523782316283],[75.12079897517185,16.398742202379253],[75.12069607944429,16.395940900218484],[75.11894072466671,16.39619830986955],[75.11883783432903,16.394571814769048],[75.11877726991256,16.38847212774212],[75.12023752811928,16.38783962081364],[75.1204343292351,16.38056527770631],[75.11847802132849,16.380018476415586],[75.11847803120996,16.378681080876543],[75.12178233306562,16.37837394622521],[75.12224576403923,16.377036606629645],[75.11940011591652,16.37676084401484],[75.12011156994343,16.374086113697754],[75.11609597485926,16.37446087472363],[75.11652672422453,16.370895998727732],[75.11549822419113,16.370869163621002],[75.11526792130509,16.36878590513925],[75.11719657727063,16.357165117604506],[75.11933060787307,16.356555236390303],[75.13451186937505,16.357535748757517],[75.15079785565725,16.359685346264396],[75.15238031618367,16.36477721787855],[75.15381728826159,16.3659337838441],[75.15837109188024,16.366719304160988],[75.16769851776584,16.36733676342297],[75.17815353504726,16.366751668151466],[75.1829590807445,16.37998897512336],[75.18245973961739,16.384855228307604],[75.18468056095102,16.392666653963115],[75.18501428418072,16.39723453681584],[75.1830734677212,16.40295966442298],[75.18357649733083,16.41033780635447],[75.18275079466775,16.420377518917583]]]}},{"type":"Feature","properties":{"type":"village","name":"Mugalkhod","taluk":"Mudhol","district":"Bagalkote","village_code":"598551"},"geometry":{"type":"Polygon","coordinates":[[[75.23025363862004,16.361762763182053],[75.2300039734464,16.367478488235502],[75.2260080352973,16.38744655369638],[75.20960823785849,16.389269828620797],[75.20765823343021,16.404804259308815],[75.2096713912196,16.405530927984643],[75.20949270103823,16.41457649673468],[75.20754200041561,16.429022019387983],[75.19678218116503,16.424444312051392],[75.18275079466775,16.420377518917583],[75.18357649733083,16.41033780635447],[75.1830734677212,16.40295966442298],[75.18501428418072,16.39723453681584],[75.18468056095102,16.392666653963115],[75.18245973961739,16.384855228307604],[75.1829590807445,16.37998897512336],[75.17815353504726,16.366751668151466],[75.20644831233696,16.365188750800854],[75.21364494514845,16.362466010762354],[75.23025363862004,16.361762763182053]]]}},{"type":"Feature","properties":{"type":"village","name":"Kulali","taluk":"Mudhol","district":"Bagalkote","village_code":"598552"},"geometry":{"type":"Polygon","coordinates":[[[75.24176465875559,16.359113733901317],[75.24254041239392,16.38088671563155],[75.23930906811238,16.401898239985723],[75.2384275297645,16.41554375810487],[75.2365888014471,16.42543054706116],[75.23261855242018,16.433285272984318],[75.21102085301581,16.430240639417775],[75.20754200041561,16.429022019387983],[75.20949270103823,16.41457649673468],[75.2096713912196,16.405530927984643],[75.20765823343021,16.404804259308815],[75.20960823785849,16.389269828620797],[75.2260080352973,16.38744655369638],[75.2300039734464,16.367478488235502],[75.23025363862004,16.361762763182053],[75.24176465875559,16.359113733901317]]]}},{"type":"Feature","properties":{"type":"village","name":"Shirol","taluk":"Mudhol","district":"Bagalkote","village_code":"598553"},"geometry":{"type":"Polygon","coordinates":[[[75.24689238702611,16.435209069802877],[75.23926734316407,16.434962622367145],[75.23261855242018,16.433285272984318],[75.2365888014471,16.42543054706116],[75.2384275297645,16.41554375810487],[75.23930906811238,16.401898239985723],[75.24254041239392,16.38088671563155],[75.2425972505986,16.36627016478488],[75.25055806225595,16.364338068903894],[75.25342069662238,16.381730511579455],[75.27924343691268,16.37969294496515],[75.27975147912161,16.39351902029412],[75.2824697191876,16.405877630578086],[75.28409512906603,16.42353109619654],[75.27188965013043,16.425508776589123],[75.24689238702611,16.435209069802877]]]}},{"type":"Feature","properties":{"type":"village","name":"Budni  (B.K.)","taluk":"Mudhol","district":"Bagalkote","village_code":"598589"},"geometry":{"type":"Polygon","coordinates":[[[75.10157389801108,16.40717171214849],[75.09169206427144,16.408602494911005],[75.09024660760566,16.403022158762475],[75.08376625187586,16.390916586844583],[75.08270386200003,16.390315406865813],[75.08170783786079,16.385982173076016],[75.07944747089174,16.38473461382174],[75.08046941591853,16.37794396793226],[75.0816775457711,16.374935091383108],[75.08637172642423,16.375383411847746],[75.08869386334884,16.37179631506388],[75.09673429807975,16.371888066802867],[75.09803492566049,16.375294961013495],[75.1027900534124,16.37534081193281],[75.10315121478418,16.368098049872724],[75.11526792130509,16.36878590513925],[75.11549822419113,16.370869163621002],[75.10718055409218,16.370619709429366],[75.10703947008354,16.377857919413792],[75.09866182576128,16.376957762930086],[75.10241968790221,16.380690401395828],[75.10259698659321,16.384901396718284],[75.0999946768096,16.38486490842033],[75.09873040404841,16.38856518417933],[75.09988627620596,16.390124121311207],[75.09971299388259,16.391515706980115],[75.10087368729826,16.39168306234158],[75.10111698970478,16.3926635273568],[75.10157389801108,16.40717171214849]]]}},{"type":"Feature","properties":{"type":"village","name":"Mudhol(Rural)","taluk":"Mudhol","district":"Bagalkote","village_code":"598572"},"geometry":{"type":"Polygon","coordinates":[[[75.30758778144315,16.392423220624888],[75.29329767475416,16.392806468712962],[75.29373414998102,16.37873235037836],[75.27924343691268,16.37969294496515],[75.2800973188279,16.356257159716574],[75.27840330011962,16.356147927831493],[75.27573334000856,16.360994753887066],[75.25941182984847,16.35766076740872],[75.255791692017,16.362064001641947],[75.25055806225595,16.364338068903894],[75.24899436304425,16.344981041631733],[75.24781934688968,16.341007699184555],[75.24982377125788,16.336867786613453],[75.24921931017455,16.3340756104034],[75.25565837214735,16.328045599068144],[75.25636017916645,16.324173478310808],[75.26464022243141,16.32782836061391],[75.27739915521018,16.328854904843087],[75.28038088462374,16.326400650061245],[75.28132575060587,16.31726514111283],[75.28457740489769,16.311441586426845],[75.29366860171139,16.315636205363223],[75.29860940314765,16.320456169036582],[75.30140388323181,16.329237876051334],[75.3027974702748,16.343782799842884],[75.31866150978321,16.346489564607523],[75.31901086639384,16.352019967649646],[75.3361574728542,16.350799689324166],[75.3310926338401,16.35722350734244],[75.3286230743942,16.371003671808918],[75.3148005821331,16.377533330684066],[75.31156019001999,16.382696720087207],[75.30758778144315,16.392423220624888]],[[75.2797117412467,16.352628222690694],[75.28523008395221,16.352922205353902],[75.2842085539471,16.349407484710323],[75.28578586263534,16.348096371065598],[75.28831839937253,16.348599540648124],[75.28924014271924,16.350348951397596],[75.2915060522936,16.346673646103095],[75.29380341278437,16.34798642777856],[75.2914489401028,16.34302983100846],[75.29312845910407,16.33763762004273],[75.29193775656802,16.337442772602508],[75.29559497775274,16.33524169336134],[75.29428754812864,16.333378744160104],[75.29737431665005,16.331436563399926],[75.29943888322653,16.32730764580177],[75.29727687639118,16.323436249259995],[75.28369496014969,16.317891970240556],[75.28429589804047,16.32388431207482],[75.28241760432469,16.32381870260852],[75.2794968103318,16.329161684633164],[75.27664548665311,16.32954091037532],[75.27624150528669,16.33245579906855],[75.27749940809422,16.33226208611436],[75.27780069226073,16.333541595985906],[75.27234044899453,16.335506627783168],[75.2733287386392,16.337887789630233],[75.27025858805223,16.339424735186753],[75.27121321692486,16.341967824323202],[75.26980416089269,16.3423072317352],[75.27194577866601,16.352251935407146],[75.27538427624872,16.352383221428],[75.27576932741718,16.353808563977452],[75.2797117412467,16.352628222690694]]]}},{"type":"Feature","properties":{"type":"village","name":"Budni","taluk":"Jamkhandi","district":"Bagalkote","village_code":"598449"},"geometry":{"type":"Polygon","coordinates":[[[75.39446721586275,16.463117505015752],[75.38116936128715,16.461920795807977],[75.38502252659488,16.453241169936245],[75.38701191586017,16.44484180470405],[75.3945212971378,16.441533959881237],[75.4002447153412,16.44047167336107],[75.39446721586275,16.463117505015752]]]}},{"type":"Feature","properties":{"type":"village","name":"Rabkavi","taluk":"Bilgi","district":"Bagalkote","village_code":"598475"},"geometry":{"type":"Polygon","coordinates":[[[75.40793760356677,16.466692541012904],[75.4041741377351,16.466437354302776],[75.39446721586275,16.463117505015752],[75.4002447153412,16.44047167336107],[75.40237655405434,16.435279944998396],[75.42522187325119,16.430400942616664],[75.42669679196334,16.431403669099392],[75.43253022773793,16.431872134414927],[75.43216135702438,16.43546866422158],[75.42956905087975,16.440095977971293],[75.43104453373391,16.442824648124695],[75.4134255248252,16.46053529581386],[75.41091132090632,16.46198605380062],[75.40793760356677,16.466692541012904]]]}},{"type":"Feature","properties":{"type":"village","name":"Chimmad","taluk":"Jamkhandi","district":"Bagalkote","village_code":"598422"},"geometry":{"type":"Polygon","coordinates":[[[75.14445835037411,16.427197513411606],[75.13087765404477,16.4365960499186],[75.09673793625666,16.442124038622616],[75.09325452470638,16.442521049835452],[75.09126493062523,16.441323441604506],[75.08985565540411,16.441720750838456],[75.08761809127023,16.43992207913784],[75.08322199139131,16.439437775644727],[75.08326487067477,16.43607621581973],[75.07789458290449,16.43780541711348],[75.07521501531149,16.42605737502508],[75.07391278244133,16.411399913769717],[75.08291937861648,16.41078762917317],[75.0984469703049,16.40729321928168],[75.10623602587658,16.408374041121498],[75.10654468431326,16.411595600740565],[75.1095405783622,16.41126152472816],[75.10946126610577,16.408184627752863],[75.11742827344366,16.410625034000816],[75.11897308916978,16.409003078384934],[75.12127149170627,16.40926968260643],[75.12421108833638,16.414104274067903],[75.14229158695936,16.4171206806618],[75.14445835037411,16.427197513411606]]]}},{"type":"Feature","properties":{"type":"village","name":"Badgi","taluk":"Bilgi","district":"Bagalkote","village_code":"598490"},"geometry":{"type":"Polygon","coordinates":[[[75.52214256183065,16.44433553225184],[75.52270358577672,16.46089520778702],[75.52163398602244,16.4626602291759],[75.49912055928878,16.45358396222152],[75.49647296902495,16.44979206110521],[75.49568447368262,16.446706584808815],[75.4989066452668,16.433344393818864],[75.49635211417821,16.42599562307533],[75.49912085842779,16.42395753405884],[75.50826403356044,16.42092040687516],[75.52462421799012,16.41732819115289],[75.52385631832236,16.422359798231643],[75.52433162861728,16.428130626304682],[75.52279763309875,16.434593013094258],[75.52214256183065,16.44433553225184]]]}},{"type":"Feature","properties":{"type":"village","name":"Mareguddi","taluk":"Jamkhandi","district":"Bagalkote","village_code":"598446"},"geometry":{"type":"Polygon","coordinates":[[[75.34166521004944,16.405864551082118],[75.34401769116604,16.41848894914797],[75.34303304329154,16.42788668588679],[75.33957584368297,16.439895536149155],[75.33634982910597,16.441232250749824],[75.33530965995703,16.445009287350068],[75.33260306565039,16.44712323877726],[75.33277494839854,16.453236453919086],[75.33142551175513,16.457736310980398],[75.32445890694521,16.455841484581626],[75.30812134389099,16.44673694529682],[75.29629464767977,16.43547778177024],[75.28935603796731,16.425697555279267],[75.28971843182768,16.42131953718834],[75.29645515595978,16.420549709308887],[75.29706961798715,16.417653707074624],[75.30305778497616,16.415247738052976],[75.30492655744823,16.412663928869065],[75.31113373999169,16.41262991888297],[75.32393730736202,16.410071710289102],[75.3241108025861,16.40886089603891],[75.32543540440514,16.40950280933706],[75.32592640018322,16.411423240418383],[75.32663817131545,16.410239633945295],[75.32730267219911,16.411138853308348],[75.32912370460372,16.41092693628154],[75.32917101707311,16.408767226272897],[75.33046294087707,16.408781074234717],[75.33124901166643,16.41058403425122],[75.33134767812565,16.408781327582588],[75.33296703515572,16.40994283371802],[75.33395019991168,16.409446051855937],[75.33422224211908,16.406906826800547],[75.33741472078987,16.406740316962814],[75.33631074879784,16.402800242581936],[75.33692418494917,16.401991583866643],[75.33822986016351,16.403107789418335],[75.33813087031078,16.406717862691913],[75.34166521004944,16.405864551082118]]]}},{"type":"Feature","properties":{"type":"village","name":"Girgaon","taluk":"Bilgi","district":"Bagalkote","village_code":"598491"},"geometry":{"type":"Polygon","coordinates":[[[75.54185855661612,16.46467735612783],[75.53637947927167,16.466256403804888],[75.53150973008275,16.466227118043943],[75.52163398602244,16.4626602291759],[75.52270358577672,16.46089520778702],[75.52214256183065,16.44433553225184],[75.55205970820155,16.44431325636113],[75.55350851917665,16.451488666274326],[75.55225669616698,16.455938619940756],[75.54805479139118,16.46095680993551],[75.54185855661612,16.46467735612783]]]}},{"type":"Feature","properties":{"type":"village","name":"Garadadinni","taluk":"Bilgi","district":"Bagalkote","village_code":"598498"},"geometry":{"type":"Polygon","coordinates":[[[75.65571026856416,16.433106395645314],[75.64016460007728,16.441651912188256],[75.63970595892077,16.439143209308032],[75.63410913130718,16.437619951838144],[75.63324807724274,16.43646585975263],[75.62846432557262,16.423678286133917],[75.62411176434055,16.4058123201253],[75.62349011040101,16.398010446291963],[75.6216728095981,16.39560977394241],[75.63645075089367,16.39537892464796],[75.64635372289028,16.42533938665829],[75.64788460664464,16.427093504105578],[75.65372035917433,16.428431713003672],[75.65635171059277,16.431939871928563],[75.65571026856416,16.433106395645314]]]}},{"type":"Feature","properties":{"type":"village","name":"Gudadinni","taluk":"Bilgi","district":"Bagalkote","village_code":"598492"},"geometry":{"type":"Polygon","coordinates":[[[75.55205970820155,16.44431325636113],[75.52214256183065,16.44433553225184],[75.52279763309875,16.434593013094258],[75.52433162861728,16.428130626304682],[75.55416167074499,16.434531211298875],[75.55205970820155,16.44431325636113]]]}},{"type":"Feature","properties":{"type":"village","name":"Dhawaleshwar","taluk":"Bilgi","district":"Bagalkote","village_code":"598497"},"geometry":{"type":"Polygon","coordinates":[[[75.63282693086786,16.4443314466874],[75.60943007662934,16.447673679337985],[75.61067044971239,16.428524822709],[75.61373264212423,16.415275738094305],[75.61330336240277,16.395609407683423],[75.6216728095981,16.39560977394241],[75.62349011040101,16.398010446291963],[75.62411176434055,16.4058123201253],[75.62846432557262,16.423678286133917],[75.63324807724274,16.43646585975263],[75.63410913130718,16.437619951838144],[75.63970595892077,16.439143209308032],[75.64016460007728,16.441651912188256],[75.63282693086786,16.4443314466874]]]}},{"type":"Feature","properties":{"type":"village","name":"Sonna","taluk":"Bilgi","district":"Bagalkote","village_code":"598496"},"geometry":{"type":"Polygon","coordinates":[[[75.60943007662934,16.447673679337985],[75.60297477760776,16.447890308623872],[75.59607886122753,16.444252276151065],[75.5866324651606,16.435787948768702],[75.57962658241318,16.42565947626378],[75.5942533974336,16.417766463253546],[75.60078408936205,16.403710127734012],[75.59228288177245,16.403501105855348],[75.58946073267923,16.405254898926476],[75.58601721081915,16.404838730834665],[75.59228372888377,16.39828444235725],[75.59716244236088,16.395284495191767],[75.60354732963388,16.39311561100954],[75.61330336240277,16.395609407683423],[75.61373264212423,16.415275738094305],[75.61067044971239,16.428524822709],[75.60943007662934,16.447673679337985]]]}},{"type":"Feature","properties":{"type":"village","name":"Galagali","taluk":"Bilgi","district":"Bagalkote","village_code":"598474"},"geometry":{"type":"Polygon","coordinates":[[[75.4002447153412,16.44047167336107],[75.3945212971378,16.441533959881237],[75.3892965741728,16.444132322271887],[75.3869879919275,16.435841427896776],[75.38286312217893,16.426459516593987],[75.38942179483185,16.426050393928797],[75.39446869179477,16.429266963049],[75.39906105469865,16.427436745805515],[75.40493165467485,16.42776587059601],[75.40746409529233,16.42659978872247],[75.40822377627357,16.405879074854976],[75.41690120906739,16.400794642845245],[75.42094079096626,16.40087974191182],[75.42615950330371,16.399053219944854],[75.43022741088012,16.40013659614481],[75.43464295838665,16.405159740055232],[75.4394509618745,16.407187076014996],[75.4473670428206,16.414406881853314],[75.43413042639791,16.428885118875893],[75.43253022773793,16.431872134414927],[75.42669679196334,16.431403669099392],[75.42522187325119,16.430400942616664],[75.40298516086271,16.434864214249128],[75.4002447153412,16.44047167336107]]]}},{"type":"Feature","properties":{"type":"village","name":"Yaragatti","taluk":"Jamkhandi","district":"Bagalkote","village_code":"598421"},"geometry":{"type":"Polygon","coordinates":[[[75.09383768942925,16.455307753995815],[75.08778752700756,16.4598690190447],[75.07947124031416,16.457422737314968],[75.0661183288931,16.45859981814856],[75.06569786703449,16.455531677865253],[75.06025278373703,16.454757372136754],[75.0619830898912,16.44698662586208],[75.06261371530549,16.436933713184356],[75.07789458290449,16.43780541711348],[75.08326487067477,16.43607621581973],[75.08322199139131,16.439437775644727],[75.0868690634099,16.439677961392626],[75.08985565540411,16.441720750838456],[75.09126493062523,16.441323441604506],[75.09325452470638,16.442521049835452],[75.09171760337497,16.450138522769752],[75.09383768942925,16.455307753995815]]]}},{"type":"Feature","properties":{"type":"village","name":"Chickhanchinal","taluk":"Bilgi","district":"Bagalkote","village_code":"598477"},"geometry":{"type":"Polygon","coordinates":[[[75.45537968098166,16.463126423985088],[75.43353071021593,16.47494850636137],[75.42641752999603,16.4556800772438],[75.44184687743338,16.446689256264563],[75.45537968098166,16.463126423985088]]]}},{"type":"Feature","properties":{"type":"village","name":"Hosur","taluk":"Jamkhandi","district":"Bagalkote","village_code":"598415"},"geometry":{"type":"Polygon","coordinates":[[[75.13859896137268,16.431044064320933],[75.1341361696687,16.436677345707093],[75.13480574244048,16.440047834111866],[75.13743720075844,16.444706026765886],[75.13191755998736,16.45408149792796],[75.13131360555383,16.457411454094864],[75.1287618188184,16.458663071672195],[75.1281484940582,16.462119471221467],[75.12598996100806,16.46427917470257],[75.12577938602402,16.467546723406052],[75.12570901919118,16.466122592091832],[75.12260127410956,16.466169331310656],[75.12244416235963,16.46127720609342],[75.11438761005589,16.459418649105178],[75.11356209873396,16.462907491727915],[75.11199007842782,16.463362494386164],[75.11104697583859,16.461997186855044],[75.10692026813692,16.462641457340307],[75.1072345042132,16.464386019893613],[75.10391363742369,16.464309819313605],[75.10196448280166,16.466771567140214],[75.09819119029912,16.46152998310633],[75.09778415915231,16.45923019266681],[75.09607523919007,16.458502436008143],[75.0927329619541,16.45358606779795],[75.09171760337497,16.450138522769752],[75.09325452470638,16.442521049835452],[75.13087765404477,16.4365960499186],[75.13859896137268,16.431044064320933]]]}},{"type":"Feature","properties":{"type":"village","name":"Kaltippi","taluk":"Jamkhandi","district":"Bagalkote","village_code":"598419"},"geometry":{"type":"Polygon","coordinates":[[[75.03374725376223,16.464786603764555],[75.01885645621917,16.466292938851513],[75.01926572596764,16.462872886636934],[75.01706650642167,16.46013370381993],[75.01537113125734,16.452582808863617],[75.01779884987224,16.43978851979975],[75.02330430624498,16.440396790232736],[75.0238920451893,16.43556258305149],[75.02803159790119,16.433657909022212],[75.03621925482905,16.43471446862585],[75.03612501526754,16.43610151517081],[75.04169171787807,16.435746893151997],[75.04139305589388,16.444200382905997],[75.0392768963757,16.44416336724966],[75.03939119172423,16.439866605691716],[75.03805312236244,16.43775148187867],[75.03686888230654,16.43724945241839],[75.03579168460156,16.438143598681336],[75.03374725376223,16.464786603764555]]]}},{"type":"Feature","properties":{"type":"village","name":"Golbhavi","taluk":"Jamkhandi","district":"Bagalkote","village_code":"598420"},"geometry":{"type":"Polygon","coordinates":[[[75.0619830898912,16.44698662586208],[75.05973144556357,16.45958718398536],[75.05641679960742,16.458519747128708],[75.05150486643106,16.459326768074682],[75.04113996364741,16.46648865666032],[75.03537508370205,16.46822564936872],[75.03374725376223,16.464786603764555],[75.03579168460156,16.438143598681336],[75.03686888230654,16.43724945241839],[75.03909195571656,16.438935685062695],[75.0392768963757,16.44416336724966],[75.04139305589388,16.444200382905997],[75.0416905563564,16.438399076778907],[75.04169171787807,16.435746893151997],[75.03612501526754,16.43610151517081],[75.03621925482905,16.43471446862585],[75.06261371530549,16.436933713184356],[75.0619830898912,16.44698662586208]]]}},{"type":"Feature","properties":{"type":"village","name":"Hulyal","taluk":"Jamkhandi","district":"Bagalkote","village_code":"598444"},"geometry":{"type":"Polygon","coordinates":[[[75.32445890694521,16.455841484581626],[75.3251313686989,16.462542144909627],[75.32325159096627,16.47049824641274],[75.31698795379877,16.48104201211929],[75.30219606526006,16.478457272288214],[75.28983341259077,16.479075949669074],[75.28977376176097,16.46567041896542],[75.29288649428902,16.446166548310135],[75.28501787044107,16.432531815076146],[75.2785940816247,16.42431467382082],[75.28636575659228,16.423120934232028],[75.28971843182768,16.42131953718834],[75.28935603796731,16.425697555279267],[75.29066558671715,16.42849945516329],[75.30095569577028,16.440476723122625],[75.30812134389099,16.44673694529682],[75.32445890694521,16.455841484581626]]]}},{"type":"Feature","properties":{"type":"village","name":"Rabkavi (Rural)","taluk":"Jamkhandi","district":"Bagalkote","village_code":"598416"},"geometry":{"type":"Polygon","coordinates":[[[75.10196448280166,16.466771567140214],[75.09784117342676,16.467248007840986],[75.09446138164617,16.46624260904474],[75.09479468805762,16.47093567572926],[75.09837109679938,16.47197904172405],[75.09817427592064,16.473581308606708],[75.0972114678873,16.473220874034165],[75.09778117135566,16.474377621219105],[75.09693614593083,16.474453376785547],[75.09815430098199,16.476084270885988],[75.0932217128423,16.476225714004656],[75.09301558990877,16.47492672672703],[75.09164984974132,16.474471412672212],[75.09141392519824,16.475220418640404],[75.08889927840993,16.475385493192523],[75.0855863230831,16.462002215380632],[75.09383768942925,16.455307753995815],[75.09607523919007,16.458502436008143],[75.09778415915231,16.45923019266681],[75.09819119029912,16.46152998310633],[75.10196448280166,16.466771567140214]]]}},{"type":"Feature","properties":{"type":"village","name":"Navalgi","taluk":"Jamkhandi","district":"Bagalkote","village_code":"598423"},"geometry":{"type":"Polygon","coordinates":[[[75.2148295813614,16.477074829687254],[75.20640024887602,16.47578144395381],[75.19298447335137,16.47587187859686],[75.17554738316917,16.479766720142127],[75.16879934924762,16.457723849232256],[75.16798180238902,16.444517216578337],[75.15927450330695,16.42274993324726],[75.16277178215029,16.424470795973566],[75.18033983142956,16.420007684579037],[75.19171630369847,16.42276519420664],[75.20432376165571,16.427571245073832],[75.21577392272741,16.473613520428927],[75.2148295813614,16.477074829687254]]]}},{"type":"Feature","properties":{"type":"village","name":"Chowdapur","taluk":"Bilgi","district":"Bagalkote","village_code":"598476"},"geometry":{"type":"Polygon","coordinates":[[[75.43526463927563,16.479461685133373],[75.40753267088448,16.48838244918141],[75.40873248593076,16.48025348820993],[75.413042733818,16.466910543777235],[75.40793760356677,16.466692541012904],[75.41091132090632,16.46198605380062],[75.4134255248252,16.46053529581386],[75.43104453373391,16.442824648124695],[75.42956905087975,16.440095977971293],[75.43216135702438,16.43546866422158],[75.43419449783723,16.439769517429934],[75.44184687743338,16.446689256264563],[75.42641752999603,16.4556800772438],[75.43526463927563,16.479461685133373]]]}},{"type":"Feature","properties":{"type":"village","name":"Hunashikatti","taluk":"Jamkhandi","district":"Bagalkote","village_code":"598443"},"geometry":{"type":"Polygon","coordinates":[[[75.34543545995815,16.482805978275128],[75.3397452515725,16.485823170832493],[75.33018674575813,16.489006470669274],[75.31698795379877,16.48104201211929],[75.32325159096627,16.47049824641274],[75.3251313686989,16.462542144909627],[75.32445890694521,16.455841484581626],[75.35076694499972,16.46372629071081],[75.34927201002641,16.47262246496733],[75.34543545995815,16.482805978275128]]]}},{"type":"Feature","properties":{"type":"village","name":"Kalhalli","taluk":"Jamkhandi","district":"Bagalkote","village_code":"598424"},"geometry":{"type":"Polygon","coordinates":[[[75.24689238702611,16.435209069802877],[75.24792768191634,16.44273044159404],[75.25206522060537,16.45283301174958],[75.25124623464565,16.47427591225438],[75.25365327224608,16.488966020665984],[75.25503301086063,16.491736437876273],[75.24915232370213,16.48909752621436],[75.23559455058223,16.480733940932552],[75.2148295813614,16.477074829687254],[75.21577392272741,16.473613520428927],[75.20432376165571,16.427571245073832],[75.21102085301581,16.430240639417775],[75.23048331088876,16.43259951617164],[75.23926734316407,16.434962622367145],[75.24689238702611,16.435209069802877]]]}},{"type":"Feature","properties":{"type":"village","name":"Rabkavi Banhatti (CMC)","taluk":"Jamkhandi","district":"Bagalkote","village_code":"803042"},"geometry":{"type":"Polygon","coordinates":[[[75.13352828061429,16.49584428870626],[75.12240421697389,16.496147655326396],[75.12161807970918,16.495502937273706],[75.11984923313437,16.495920030705715],[75.11973127086286,16.49717149337778],[75.11831621857615,16.496450891408806],[75.1158398148661,16.49690583938822],[75.11395354680556,16.48871429931294],[75.11285294169923,16.489245147051008],[75.11271523086448,16.49131195528484],[75.1114575113133,16.490079353100572],[75.10451973523746,16.491576707358288],[75.09866321006514,16.490931304797233],[75.0918643818042,16.483838539609323],[75.0919825003826,16.482890510781033],[75.09801562355999,16.484029136798767],[75.09807472462083,16.48319479528046],[75.0921202965573,16.481221857407736],[75.09575612705845,16.48052085858467],[75.09571712580208,16.478169604882194],[75.08957283880322,16.47714346194438],[75.08854466485825,16.475750759808033],[75.09141392519824,16.475220418640404],[75.09164984974132,16.474471412672212],[75.09301558990877,16.47492672672703],[75.0932217128423,16.476225714004656],[75.09815430098199,16.476084270885988],[75.09693614593083,16.474453376785547],[75.09778117135566,16.474377621219105],[75.0972114678873,16.473220874034165],[75.09817427592064,16.473581308606708],[75.09837109679938,16.47197904172405],[75.09479468805762,16.47093567572926],[75.09446138164617,16.46624260904474],[75.09784117342676,16.467248007840986],[75.10196448280166,16.466771567140214],[75.10391363742369,16.464309819313605],[75.1072345042132,16.464386019893613],[75.10692026813692,16.462641457340307],[75.11104697583859,16.461997186855044],[75.11273675988858,16.463286652643433],[75.1140730380097,16.462224922849668],[75.11438761005589,16.459418649105178],[75.12244416235963,16.46127720609342],[75.12260127410956,16.466169331310656],[75.12570901919118,16.466122592091832],[75.12577938602402,16.467546723406052],[75.12598996100806,16.46427917470257],[75.1281484940582,16.462119471221467],[75.1287618188184,16.458663071672195],[75.13131360555383,16.457411454094864],[75.13191755998736,16.45408149792796],[75.13747928413456,16.444570552866534],[75.13480574244048,16.440047834111866],[75.13419225418686,16.436460422164632],[75.13859896137268,16.431044064320933],[75.14445835037411,16.427197513411606],[75.14987756308972,16.44939961028844],[75.1438154746343,16.461951712161635],[75.14144817940033,16.485735720370087],[75.15141209490245,16.487803342175823],[75.15104395631585,16.489891615578046],[75.1499094137564,16.489850984011134],[75.15015478138976,16.491861261706035],[75.15302419085008,16.49159549878545],[75.15286717881312,16.493340031427334],[75.14339426897062,16.493947623919173],[75.13710522475192,16.49645092758498],[75.13569012665116,16.494820330795285],[75.13352828061429,16.49584428870626]]]}},{"type":"Feature","properties":{"type":"village","name":"Hunnur","taluk":"Jamkhandi","district":"Bagalkote","village_code":"598438"},"geometry":{"type":"Polygon","coordinates":[[[75.27010076124333,16.521580411008213],[75.25842782157446,16.523245815620356],[75.25397312279289,16.5160841444031],[75.25678760207022,16.508960104175113],[75.2631299433347,16.510889626620624],[75.26269880140566,16.511932240670255],[75.2653325028169,16.513235831048362],[75.26381939492538,16.514599818652087],[75.26834042081592,16.514429708186615],[75.26809416205384,16.518492829026304],[75.26946920068282,16.51787670467755],[75.27149712138556,16.52046064567909],[75.27010076124333,16.521580411008213]]]}},{"type":"Feature","properties":{"type":"village","name":"Chingundi","taluk":"Jamkhandi","district":"Bagalkote","village_code":"598441"},"geometry":{"type":"Polygon","coordinates":[[[75.40689130521267,16.493436439095476],[75.41464024741362,16.49445323619933],[75.41961804057503,16.51394585706387],[75.42526585297084,16.530079113109007],[75.41317597822915,16.527153696943234],[75.40009385586568,16.526654004846353],[75.39964849899557,16.523107242875767],[75.39556314164476,16.51294622237994],[75.39519204310933,16.50048754533832],[75.39645591971347,16.495427004754216],[75.40689130521267,16.493436439095476]]]}},{"type":"Feature","properties":{"type":"village","name":"Kolur","taluk":"Bilgi","district":"Bagalkote","village_code":"598478"},"geometry":{"type":"Polygon","coordinates":[[[75.4629977063064,16.473192333611276],[75.46335495282017,16.47640237992942],[75.45915327082659,16.48425216609285],[75.4555651624266,16.506705949330527],[75.44932165830122,16.50282761858187],[75.42345352074977,16.49962033860282],[75.41662393776674,16.48531708377913],[75.43514763730315,16.479601850894333],[75.43353071021593,16.47494850636137],[75.45537968098166,16.463126423985088],[75.4629977063064,16.473192333611276]]]}},{"type":"Feature","properties":{"type":"village","name":"Konnur","taluk":"Jamkhandi","district":"Bagalkote","village_code":"598447"},"geometry":{"type":"Polygon","coordinates":[[[75.3740283539547,16.503779526389074],[75.3581332048897,16.504248448145848],[75.3573331868572,16.50097432331121],[75.35009847805411,16.490275174358374],[75.34498064562474,16.48637523288969],[75.34600237864912,16.480470131056823],[75.34927201002641,16.47262246496733],[75.35076694499972,16.46372629071081],[75.33142551175513,16.457736310980398],[75.33277494839854,16.453236453919086],[75.33248597833793,16.447511818057965],[75.33530965995703,16.445009287350068],[75.33634982910597,16.441232250749824],[75.33957584368297,16.439895536149155],[75.34269101064544,16.429608010633075],[75.34401769116604,16.41848894914797],[75.34166521004944,16.405864551082118],[75.35435082592801,16.40343556020867],[75.37825160270158,16.40724574117314],[75.38865745878076,16.40754373729151],[75.38836706039886,16.404512017185084],[75.38973829915417,16.40083404177871],[75.39621222474318,16.403933140745348],[75.40823314839693,16.40565767639159],[75.40774962390704,16.426265479132176],[75.40540912182477,16.427689030946294],[75.39906105469865,16.427436745805515],[75.39446869179477,16.429266963049],[75.38942179483185,16.426050393928797],[75.38286312217893,16.426459516593987],[75.3869879919275,16.435841427896776],[75.3892965741728,16.444132322271887],[75.38701191586017,16.44484180470405],[75.38576214190765,16.45099108170333],[75.38116936128715,16.461920795807977],[75.38035477527569,16.466461569410082],[75.37460941033162,16.469317121765823],[75.37290003582184,16.483856678850795],[75.37489015990901,16.496973054608183],[75.37501189240983,16.50188635623736],[75.3740283539547,16.503779526389074]]]}},{"type":"Feature","properties":{"type":"village","name":"Asangi","taluk":"Jamkhandi","district":"Bagalkote","village_code":"598407"},"geometry":{"type":"Polygon","coordinates":[[[75.12940098631276,16.49549114721794],[75.1328838319244,16.504994752409374],[75.13074838467875,16.508067227757504],[75.13136196456054,16.510714855116035],[75.1273814477899,16.514920784896717],[75.12556849034137,16.51164104358808],[75.11909134069883,16.5075096455823],[75.11909138471628,16.50555041166904],[75.11634240789455,16.502771593814554],[75.11608543582435,16.498252209127312],[75.11482766956075,16.49628008968607],[75.11424370443896,16.49000746084784],[75.11285294169923,16.489245147051008],[75.11444484262097,16.489226295099737],[75.1158398148661,16.49690583938822],[75.11831621857615,16.496450891408806],[75.11973127086286,16.49717149337778],[75.11984923313437,16.495920030705715],[75.12161807970918,16.495502937273706],[75.12240421697389,16.496147655326396],[75.12940098631276,16.49549114721794]]]}},{"type":"Feature","properties":{"type":"village","name":"Hangandi","taluk":"Jamkhandi","district":"Bagalkote","village_code":"598417"},"geometry":{"type":"Polygon","coordinates":[[[75.09121371228098,16.49264125829628],[75.08724647440687,16.4963906459586],[75.0770127678755,16.50033269798283],[75.07464702582868,16.50322138491871],[75.06862642426806,16.496033712987174],[75.06278159156746,16.496908537954493],[75.06176681060509,16.49239002494411],[75.05788622871488,16.487662670693563],[75.06964618459207,16.483708369096295],[75.07167922479361,16.481400098592673],[75.06931952391707,16.479714203262578],[75.0661183288931,16.45859981814856],[75.07947124031416,16.457422737314968],[75.08778752700756,16.4598690190447],[75.08584868773995,16.461442034073023],[75.0856189660639,16.462928485313554],[75.08862768715683,16.473384173137454],[75.0885740496495,16.476234286938066],[75.09109849166768,16.48203697489703],[75.08622781002751,16.485103953929787],[75.09121371228098,16.49264125829628]]]}},{"type":"Feature","properties":{"type":"village","name":"Ramateerth","taluk":"Jamkhandi","district":"Bagalkote","village_code":"598439"},"geometry":{"type":"Polygon","coordinates":[[[75.27582949028668,16.49336061257269],[75.27412896238586,16.492868926396355],[75.27457448813922,16.50351398138665],[75.27252651524269,16.50180298188338],[75.27065410459372,16.506194712093833],[75.26771029127167,16.50697758530843],[75.26709376311914,16.504529888334684],[75.2644256948601,16.506473811037754],[75.26527089725302,16.507227289011425],[75.26452227004135,16.508230908295516],[75.26595275268964,16.5092984630207],[75.2649433517375,16.51124326795086],[75.25678760207022,16.508960104175113],[75.26128441207567,16.50032907698957],[75.26036963336733,16.49517337186936],[75.25676395392036,16.486866869235993],[75.26667512214561,16.483049930610516],[75.26804877557242,16.488702956757425],[75.27273172908117,16.488759554965874],[75.27582949028668,16.49336061257269]]]}},{"type":"Feature","properties":{"type":"village","name":"Madanamatti","taluk":"Jamkhandi","district":"Bagalkote","village_code":"598406"},"geometry":{"type":"Polygon","coordinates":[[[75.11302871684751,16.489629060273536],[75.11424370443896,16.49000746084784],[75.11634240789455,16.502771593814554],[75.11909138471628,16.50555041166904],[75.11909134069883,16.5075096455823],[75.11546179301476,16.506114927753114],[75.11230979332899,16.50641287106154],[75.11112991998368,16.503326976092207],[75.10979043667365,16.504176247643702],[75.10508889342844,16.499429535407195],[75.09522663757208,16.495759467278713],[75.0955126979895,16.492800076622572],[75.10758555504646,16.493158535846874],[75.10887097594606,16.490788533000092],[75.1114575113133,16.490079353100572],[75.11271523086448,16.49131195528484],[75.11302871684751,16.489629060273536]]]}},{"type":"Feature","properties":{"type":"village","name":"Mundaganur","taluk":"Bilgi","district":"Bagalkote","village_code":"598479"},"geometry":{"type":"Polygon","coordinates":[[[75.4449494158796,16.521724138422435],[75.43629111181146,16.527857913832648],[75.43124710562712,16.52966650526674],[75.42526585297084,16.530079113109007],[75.41961804057503,16.51394585706387],[75.41464024741362,16.49445323619933],[75.40689130521267,16.493436439095476],[75.40753267088448,16.48838244918141],[75.41662393776674,16.48531708377913],[75.42345352074977,16.49962033860282],[75.44932165830122,16.50282761858187],[75.4555651624266,16.506705949330527],[75.45465917912318,16.51087258717672],[75.4449494158796,16.521724138422435]]]}},{"type":"Feature","properties":{"type":"village","name":"Jakanur","taluk":"Jamkhandi","district":"Bagalkote","village_code":"598440"},"geometry":{"type":"Polygon","coordinates":[[[75.40009385586568,16.526654004846353],[75.39360214004078,16.528159079800233],[75.38881081197957,16.531570641671273],[75.38606575271075,16.52678145605342],[75.38051067070674,16.52672744827885],[75.37947544139354,16.52473037292112],[75.37615469228335,16.523731893811267],[75.37599073087937,16.50530219670866],[75.3740283539547,16.503779526389074],[75.37501189240983,16.50188635623736],[75.38159437131604,16.50155972329018],[75.38441586733406,16.500320932338408],[75.39519204310933,16.50048754533832],[75.39556314164476,16.51294622237994],[75.39964849899557,16.523107242875767],[75.40009385586568,16.526654004846353]]]}},{"type":"Feature","properties":{"type":"village","name":"Madarkhandi","taluk":"Jamkhandi","district":"Bagalkote","village_code":"598410"},"geometry":{"type":"Polygon","coordinates":[[[75.25397312279289,16.5160841444031],[75.24444404578722,16.517631467363795],[75.2419585843642,16.520199082679294],[75.23059488164704,16.527018423684098],[75.20397512279901,16.523632112360676],[75.20787399887999,16.506100145343233],[75.20748737835477,16.500061802021342],[75.21045407536033,16.494372296255083],[75.2148295813614,16.477074829687254],[75.23559455058223,16.480733940932552],[75.24915232370213,16.48909752621436],[75.26002824211835,16.494233337600562],[75.26128441207567,16.50032907698957],[75.25554096323806,16.510846268364304],[75.25397312279289,16.5160841444031]]]}},{"type":"Feature","properties":{"type":"village","name":"Jamkhandi (CMC)","taluk":"Jamkhandi","district":"Bagalkote","village_code":"803041"},"geometry":{"type":"Polygon","coordinates":[[[75.29886615063901,16.520496340266483],[75.28843812503699,16.519914403814425],[75.28742876001743,16.522329976972294],[75.27424017202141,16.521053082307635],[75.27342911369408,16.517099265287744],[75.27586894788722,16.516143563806857],[75.27517016010582,16.515248932609563],[75.27593516360514,16.513868788893365],[75.27278029470034,16.51386718608732],[75.27246955486717,16.51724000579112],[75.27067995092106,16.518525527723725],[75.27019255109907,16.517552581715428],[75.26809416205384,16.518492829026304],[75.26834042081592,16.514429708186615],[75.26381939492538,16.514599818652087],[75.26383608113177,16.513784130398943],[75.26523462058691,16.513800521917933],[75.26520271063139,16.51281216905866],[75.26269880140566,16.511932240670255],[75.26348020993872,16.510552116332665],[75.2649433517375,16.51124326795086],[75.26595275268964,16.5092984630207],[75.26452227004135,16.508230908295516],[75.26527089725302,16.507227289011425],[75.2644256948601,16.506473811037754],[75.26709376311914,16.504529888334684],[75.26771029127167,16.50697758530843],[75.27065410459372,16.506194712093833],[75.27252651524269,16.50180298188338],[75.27457448813922,16.50351398138665],[75.27412896238586,16.492868926396355],[75.28622624194043,16.493011033416536],[75.28937890368456,16.49019958605673],[75.29244846856996,16.49151167639598],[75.29305177441985,16.49280662377783],[75.29113865122389,16.494942011310844],[75.29274826512638,16.49656104017096],[75.29613638428962,16.497177329783764],[75.30385354768913,16.494267192023184],[75.30744217621368,16.49705202789676],[75.3063337566627,16.501425084991904],[75.30794373438289,16.50117464684474],[75.31285325109113,16.505349233953456],[75.31716209041998,16.506793895893345],[75.31639455816314,16.517304632789983],[75.31468626881825,16.519845617067137],[75.30827894881598,16.51924739180892],[75.30767754110633,16.518337300210373],[75.29886615063901,16.520496340266483]]]}},{"type":"Feature","properties":{"type":"village","name":"Siddapur","taluk":"Jamkhandi","district":"Bagalkote","village_code":"598445"},"geometry":{"type":"Polygon","coordinates":[[[75.27273172908117,16.488759554965874],[75.26804877557242,16.488702956757425],[75.26667512214561,16.483049930610516],[75.25676395392036,16.486866869235993],[75.26002824211835,16.494233337600562],[75.25503301086063,16.491736437876273],[75.25365327224608,16.488966020665984],[75.25101887733547,16.471063304068835],[75.25206522060537,16.45283301174958],[75.24792768191634,16.44273044159404],[75.24689238702611,16.435209069802877],[75.27188965013043,16.425508776589123],[75.2785940816247,16.42431467382082],[75.28501787044107,16.432531815076146],[75.29288649428902,16.446166548310135],[75.28977376176097,16.46567041896542],[75.28983341259077,16.479075949669074],[75.28041090362558,16.480901597592464],[75.27273172908117,16.488759554965874]]]}},{"type":"Feature","properties":{"type":"village","name":"Linganur","taluk":"Jamkhandi","district":"Bagalkote","village_code":"598442"},"geometry":{"type":"Polygon","coordinates":[[[75.39519204310933,16.50048754533832],[75.38441586733406,16.500320932338408],[75.38159437131604,16.50155972329018],[75.37501189240983,16.50188635623736],[75.37290003582184,16.483856678850795],[75.37415516642838,16.47189695613584],[75.37500738017212,16.46882466125205],[75.38006915593112,16.466899902904153],[75.38116936128715,16.461920795807977],[75.39446721586275,16.463117505015752],[75.40495613735962,16.466563837263493],[75.413042733818,16.466910543777235],[75.40873248593076,16.48025348820993],[75.40689130521267,16.493436439095476],[75.39645591971347,16.495427004754216],[75.39519204310933,16.50048754533832]]]}},{"type":"Feature","properties":{"type":"village","name":"Bandigani","taluk":"Jamkhandi","district":"Bagalkote","village_code":"598411"},"geometry":{"type":"Polygon","coordinates":[[[75.20530251298871,16.516736855112974],[75.17768359577941,16.518218176801774],[75.17952211029777,16.50096937159346],[75.17816290627229,16.489466745631166],[75.17554738316917,16.479766720142127],[75.19298447335137,16.47587187859686],[75.20640024887602,16.47578144395381],[75.2148295813614,16.477074829687254],[75.21045407536033,16.494372296255083],[75.20748737835477,16.500061802021342],[75.20787399887999,16.506100145343233],[75.20530251298871,16.516736855112974]]]}},{"type":"Feature","properties":{"type":"village","name":"Jamkhandi (Rural)","taluk":"Jamkhandi","district":"Bagalkote","village_code":"598436"},"geometry":{"type":"Polygon","coordinates":[[[75.3581332048897,16.504248448145848],[75.35551428435812,16.51283281186544],[75.34931635536039,16.52528870030178],[75.34836553983614,16.525274950226745],[75.31669487125082,16.51080024789935],[75.31716209041998,16.506793895893345],[75.31285325109113,16.505349233953456],[75.30794373438289,16.50117464684474],[75.3063337566627,16.501425084991904],[75.30744217621368,16.49705202789676],[75.30385354768913,16.494267192023184],[75.29613638428962,16.497177329783764],[75.29147366443435,16.49607497117273],[75.2911389054471,16.494488934727364],[75.29305177441985,16.49280662377783],[75.29244846856996,16.49151167639598],[75.28937890368456,16.49019958605673],[75.28622624194043,16.493011033416536],[75.27582949028668,16.49336061257269],[75.27273172908117,16.488759554965874],[75.28041090362558,16.480901597592464],[75.29388880933024,16.478616766403277],[75.30219606526006,16.478457272288214],[75.3140848682951,16.480110430302645],[75.32347266905263,16.484337534379144],[75.33018674575813,16.489006470669274],[75.3397452515725,16.485823170832493],[75.34543545995815,16.482805978275128],[75.34498064562474,16.48637523288969],[75.35009847805411,16.490275174358374],[75.3573331868572,16.50097432331121],[75.3581332048897,16.504248448145848]]]}},{"type":"Feature","properties":{"type":"village","name":"Yallatti","taluk":"Jamkhandi","district":"Bagalkote","village_code":"598412"},"geometry":{"type":"Polygon","coordinates":[[[75.17768359577941,16.518218176801774],[75.17652693939262,16.519180838872828],[75.15707560356122,16.519103176814102],[75.15550561075266,16.51642260187798],[75.15894320283356,16.512284961981486],[75.15965027577683,16.51164323896675],[75.16302733218735,16.512849086333073],[75.16498019774981,16.511723722961094],[75.15964908461078,16.50474850394781],[75.15918884624969,16.497146784258593],[75.1573941892801,16.49108815114625],[75.15662600484634,16.48985479986958],[75.15104395631585,16.489891615578046],[75.15141209490245,16.487803342175823],[75.14144817940033,16.485735720370087],[75.1438154746343,16.461951712161635],[75.14987756308972,16.44939961028844],[75.14229158695936,16.4171206806618],[75.14744887968419,16.418422847594176],[75.15070234587793,16.418128856887254],[75.15249557003459,16.42065884735889],[75.15927450330695,16.42274993324726],[75.16798180238902,16.444517216578337],[75.16879934924762,16.457723849232256],[75.17350838084906,16.471611819400987],[75.17874449265523,16.492606678328006],[75.17952211029777,16.50096937159346],[75.17768359577941,16.518218176801774]]]}},{"type":"Feature","properties":{"type":"village","name":"Kadapatti","taluk":"Jamkhandi","district":"Bagalkote","village_code":"598437"},"geometry":{"type":"Polygon","coordinates":[[[75.27939319864696,16.521640342012233],[75.2810765597427,16.52742785074481],[75.27920257614367,16.528253820912184],[75.28070007580713,16.531096402961516],[75.27732754510899,16.531148993728177],[75.27695446129678,16.52799517673144],[75.27561497708842,16.52778667205375],[75.27470771727901,16.525048205612695],[75.27336783421867,16.52561229441918],[75.27218636995701,16.527834670951112],[75.27015363967419,16.527680016885082],[75.27010076124333,16.521580411008213],[75.27149712138556,16.52046064567909],[75.26946920068282,16.51787670467755],[75.27019255109907,16.517552581715428],[75.27067995092106,16.518525527723725],[75.27246955486717,16.51724000579112],[75.27278029470034,16.51386718608732],[75.27593516360514,16.513868788893365],[75.27517016010582,16.515248932609563],[75.27586894788722,16.516143563806857],[75.27342911369408,16.517099265287744],[75.27424017202141,16.521053082307635],[75.27939319864696,16.521640342012233]]]}},{"type":"Feature","properties":{"type":"village","name":"Halingali","taluk":"Jamkhandi","district":"Bagalkote","village_code":"598405"},"geometry":{"type":"Polygon","coordinates":[[[75.11230979332899,16.50641287106154],[75.10890960709654,16.50788104422837],[75.10534051692943,16.51102986694024],[75.10363531060258,16.51434155322827],[75.10097530292657,16.525072682944547],[75.07539085603676,16.52445260077702],[75.07464702582868,16.50322138491871],[75.0770127678755,16.50033269798283],[75.08724647440687,16.4963906459586],[75.09121371228098,16.49264125829628],[75.0955126979895,16.492800076622572],[75.09522663757208,16.495759467278713],[75.10508889342844,16.499429535407195],[75.10979043667365,16.504176247643702],[75.11112991998368,16.503326976092207],[75.11230979332899,16.50641287106154]]]}},{"type":"Feature","properties":{"type":"village","name":"Kulhalli","taluk":"Jamkhandi","district":"Bagalkote","village_code":"598408"},"geometry":{"type":"Polygon","coordinates":[[[75.20483394724494,16.539477033781036],[75.16440722621044,16.541479698632585],[75.16205253074669,16.534527425279755],[75.15942428660078,16.531676863238776],[75.15158733195985,16.5267530742429],[75.13936237844719,16.52578720229806],[75.13493610864944,16.524264778642664],[75.13410245589611,16.523799248694196],[75.13558230186761,16.521590046407415],[75.13442995110596,16.518865618136115],[75.13611619220052,16.519986005047883],[75.13718402137539,16.519344416123666],[75.1371838327292,16.516778114909673],[75.13895893786659,16.51589699279836],[75.13958169134405,16.513972202153315],[75.14597502637393,16.51709830585943],[75.15334675520734,16.51485201876426],[75.15610103478421,16.51702040439828],[75.15707560356122,16.519103176814102],[75.17652693939262,16.519180838872828],[75.17768359577941,16.518218176801774],[75.20530251298871,16.516736855112974],[75.2039744876901,16.522028199057043],[75.20483394724494,16.539477033781036]]]}},{"type":"Feature","properties":{"type":"village","name":"Sasalatti","taluk":"Jamkhandi","district":"Bagalkote","village_code":"598418"},"geometry":{"type":"Polygon","coordinates":[[[75.03374725376223,16.464786603764555],[75.04680655622255,16.48728817705754],[75.04210696142322,16.49347169938316],[75.03113884621446,16.494253121903984],[75.03032418743948,16.49377382076552],[75.03055065990912,16.490416906866603],[75.03290280236085,16.487806427627213],[75.03249641800105,16.485542611334033],[75.03046501812321,16.483621435377298],[75.03141229698018,16.48087931298127],[74.99918454535796,16.472097867977077],[74.98793942564821,16.471569722981414],[74.98635620604539,16.470734649832746],[74.98660471778219,16.463098751315655],[74.99138993370624,16.46286127809163],[74.99161247784315,16.45913815475328],[74.98950434207711,16.45720549235247],[74.98846749489806,16.45356436588581],[74.99852053405611,16.45447602761118],[75.00194428040355,16.4578343620372],[75.01687074465667,16.45844824634984],[75.01729098283477,16.460635326038354],[75.01926572596764,16.462872886636934],[75.01885645621917,16.466292938851513],[75.03374725376223,16.464786603764555]]]}},{"type":"Feature","properties":{"type":"village","name":"Terdal (TMC)","taluk":"Jamkhandi","district":"Bagalkote","village_code":"803040"},"geometry":{"type":"Polygon","coordinates":[[[75.06682426816249,16.53939180868357],[75.0412345266024,16.53969448260438],[75.03072389911337,16.53833891088616],[75.00766850529406,16.538417246378376],[75.00661760397243,16.533460200298453],[75.00428965404961,16.53344076017186],[75.00421621767346,16.531032528946675],[75.0010460450695,16.529697764746217],[74.99965919628944,16.523086821638916],[74.99825733666103,16.521407921951184],[74.99805720369385,16.517577649949352],[74.99452079872833,16.516084313208253],[74.9885835527412,16.500968103733207],[74.98798300292265,16.49857040663792],[74.98917878183835,16.47710383384593],[74.98793937983413,16.471569693692146],[74.99918454535796,16.472097867977077],[75.03141229698018,16.48087931298127],[75.03046501812321,16.483621435377298],[75.03249641800105,16.485542611334033],[75.03290280236085,16.487806427627213],[75.03055065990912,16.490416906866603],[75.03045993815029,16.494076555817784],[75.04210696142322,16.49347169938316],[75.04680672959742,16.48702610059466],[75.03537508370205,16.46822564936872],[75.04113996364741,16.46648865666032],[75.05150486643106,16.459326768074682],[75.05641679960742,16.458519747128708],[75.05973144556357,16.45958718398536],[75.06025278373703,16.454757372136754],[75.06569786703449,16.455531677865253],[75.06931952391707,16.479714203262578],[75.07167922479361,16.481400098592673],[75.06964618459207,16.483708369096295],[75.05788622871488,16.487662670693563],[75.06176681060509,16.49239002494411],[75.06278159156746,16.496908537954493],[75.06862642426806,16.496033712987174],[75.07464702582868,16.50322138491871],[75.07539085603676,16.52445260077702],[75.07791532680103,16.52488243624158],[75.07757298333782,16.52641850770609],[75.07566658582839,16.526666500910746],[75.07538955168299,16.529250884092832],[75.06727683491106,16.529926368374582],[75.06682426816249,16.53939180868357]]]}},{"type":"Feature","properties":{"type":"village","name":" ","taluk":"Jamkhandi","district":"Bagalkote","village_code":" "},"geometry":{"type":"Polygon","coordinates":[[[75.10887097594606,16.490788533000092],[75.10758555504646,16.493158535846874],[75.09121371228098,16.49264125829628],[75.08622781002751,16.485103953929787],[75.09109849166768,16.48203697489703],[75.08957283880322,16.47714346194438],[75.09571712580208,16.478169604882194],[75.09575612705845,16.48052085858467],[75.0921202965573,16.481221857407736],[75.09807472462083,16.48319479528046],[75.09801562355999,16.484029136798767],[75.0919825003826,16.482890510781033],[75.0918643818042,16.483838539609323],[75.09866321006514,16.490931304797233],[75.10451973523746,16.491576707358288],[75.10887097594606,16.490788533000092]]]}},{"type":"Feature","properties":{"type":"village","name":"Asangi","taluk":"Jamkhandi","district":"Bagalkote","village_code":"598407"},"geometry":{"type":"Polygon","coordinates":[[[75.15550561075266,16.51642260187798],[75.15227888830326,16.51477530923788],[75.14597502637393,16.51709830585943],[75.13958169134405,16.513972202153315],[75.13895893786659,16.51589699279836],[75.1371838327292,16.516778114909673],[75.13718402137539,16.519344416123666],[75.13611619220052,16.519986005047883],[75.13442995110596,16.518865618136115],[75.13558230186761,16.521590046407415],[75.13410245589611,16.523799248694196],[75.13251918329269,16.522737683779752],[75.1273814477899,16.514920784896717],[75.13136196456054,16.510714855116035],[75.13074838467875,16.508067227757504],[75.1328838319244,16.504994752409374],[75.12940098631276,16.49549114721794],[75.13352828061429,16.49584428870626],[75.13569012665116,16.494820330795285],[75.13710522475192,16.49645092758498],[75.14339426897062,16.493947623919173],[75.15286717881312,16.493340031427334],[75.15302419085008,16.49159549878545],[75.15015478138976,16.491861261706035],[75.1499094137564,16.489850984011134],[75.15662600484634,16.48985479986958],[75.15918884624969,16.497146784258593],[75.15964908461078,16.50474850394781],[75.16498019774981,16.511723722961094],[75.16302733218735,16.512849086333073],[75.15965027577683,16.51164323896675],[75.15550561075266,16.51642260187798]]]}},{"type":"Feature","properties":{"type":"village","name":"Kumbarhal","taluk":"Jamkhandi","district":"Bagalkote","village_code":"598435"},"geometry":{"type":"Polygon","coordinates":[[[75.34908365397257,16.54786145457942],[75.33589226502947,16.549092660848792],[75.33263735883634,16.545594948129544],[75.3221412849532,16.54037386403343],[75.31635523710652,16.543833171313345],[75.31651590618499,16.539233723593323],[75.31191184092788,16.537632904864182],[75.31239536182447,16.534533557660648],[75.31395035007289,16.534791624710635],[75.31491114408333,16.533138199590258],[75.30768632034159,16.525748715791995],[75.29886615063901,16.520496340266483],[75.30767754110633,16.518337300210373],[75.30827894881598,16.51924739180892],[75.315239163011,16.51972025666676],[75.31639455816314,16.517304632789983],[75.31669487125082,16.51080024789935],[75.34931635536039,16.52528870030178],[75.34848672705954,16.528925719227875],[75.34977742466312,16.544274090214277],[75.34908365397257,16.54786145457942]]]}},{"type":"Feature","properties":{"type":"village","name":"Kunchanur","taluk":"Jamkhandi","district":"Bagalkote","village_code":"598434"},"geometry":{"type":"Polygon","coordinates":[[[75.38527544636482,16.553474938973185],[75.37131555318773,16.55380477516674],[75.36178246071275,16.555200393609955],[75.36108456495842,16.554685213603346],[75.36119274367819,16.548585693247137],[75.3595859980964,16.548639787903596],[75.35996081386051,16.547659392664034],[75.35653188782715,16.547555107921426],[75.35428369033527,16.54512411259369],[75.34977742466312,16.544274090214277],[75.34870570129151,16.537379284316494],[75.34876336864117,16.52687903894886],[75.35551428435812,16.51283281186544],[75.3581332048897,16.504248448145848],[75.3740283539547,16.503779526389074],[75.3759344846645,16.50498586120745],[75.37615469228335,16.523731893811267],[75.37947544139354,16.52473037292112],[75.38051067070674,16.52672744827885],[75.38606575271075,16.52678145605342],[75.38881081197957,16.531570641671273],[75.38625355360571,16.535040734425834],[75.38472672304992,16.539450539748184],[75.38527544636482,16.553474938973185]]]}},{"type":"Feature","properties":{"type":"village","name":"Bidari","taluk":"Jamkhandi","district":"Bagalkote","village_code":"598472"},"geometry":{"type":"Polygon","coordinates":[[[75.47301436100051,16.566967455423526],[75.46359860017974,16.570039162007138],[75.4630440566801,16.56631188296916],[75.45923036873585,16.565631167942666],[75.4453858219362,16.523811384093715],[75.4449494158796,16.521724138422435],[75.45238423878531,16.514013534024894],[75.45465917912318,16.51087258717672],[75.4555651624266,16.506705949330527],[75.45650584944605,16.50636363260781],[75.48548991034146,16.507923307592545],[75.48868922429321,16.52030500820971],[75.49045558882291,16.520991999658378],[75.4907152998564,16.529460455066275],[75.48852507603969,16.530149547969998],[75.48842070887164,16.555112946994786],[75.48483721871052,16.55504924539781],[75.48465158724696,16.5572279117573],[75.47957368762692,16.557410662842507],[75.4807984569735,16.561177474406367],[75.47230768421426,16.56337644884633],[75.47301436100051,16.566967455423526]]]}},{"type":"Feature","properties":{"type":"village","name":"Hanchinal","taluk":"Jamkhandi","district":"Bagalkote","village_code":"598430"},"geometry":{"type":"Polygon","coordinates":[[[75.25299135401887,16.55067242882892],[75.24118084634738,16.56715237824109],[75.22198398796462,16.551388998375113],[75.23148295164532,16.54082554992992],[75.23281590240661,16.545636764930496],[75.23761163221276,16.543790823667024],[75.23787696490328,16.540984920258563],[75.23885540901243,16.5399407519642],[75.24107570393326,16.539939542056352],[75.25166671626721,16.534342953422343],[75.25242148166726,16.53330881028249],[75.25092169758803,16.52742072775791],[75.25601407625379,16.525874004244283],[75.25531065496214,16.534706626614458],[75.2596463772742,16.537654977117988],[75.25299135401887,16.55067242882892]]]}},{"type":"Feature","properties":{"type":"village","name":"Janawad","taluk":"Jamkhandi","district":"Bagalkote","village_code":"598471"},"geometry":{"type":"Polygon","coordinates":[[[75.46359860017974,16.570039162007138],[75.44229883781912,16.577501763844],[75.42526585297084,16.530079113109007],[75.43124710562712,16.52966650526674],[75.43629111181146,16.527857913832648],[75.4449494158796,16.521724138422435],[75.45923036873585,16.565631167942666],[75.4630440566801,16.56631188296916],[75.46359860017974,16.570039162007138]]]}},{"type":"Feature","properties":{"type":"village","name":"Tamadaddi","taluk":"Jamkhandi","district":"Bagalkote","village_code":"598404"},"geometry":{"type":"Polygon","coordinates":[[[75.08642508275886,16.556105403256378],[75.0812414523282,16.56278160899516],[75.0713553057769,16.567604555890533],[75.06967028639113,16.562340425892714],[75.06711248004498,16.54670682106817],[75.06727683491106,16.529926368374582],[75.07538955168299,16.529250884092832],[75.07566658582839,16.526666500910746],[75.07757298333782,16.52641850770609],[75.07791532680103,16.52488243624158],[75.10097530292657,16.525072682944547],[75.09796599882706,16.529960151956633],[75.0902968674475,16.538209093974903],[75.08797070607041,16.55267586262763],[75.08642508275886,16.556105403256378]]]}},{"type":"Feature","properties":{"type":"village","name":"Sanal","taluk":"Jamkhandi","district":"Bagalkote","village_code":"598432"},"geometry":{"type":"Polygon","coordinates":[[[75.34908365397257,16.54786145457942],[75.34592008218932,16.558456135762324],[75.34206339458733,16.565431505406117],[75.33841650582504,16.576848290163433],[75.32711376008811,16.56723574503409],[75.32154389720444,16.56578843493584],[75.31736491833303,16.566198405662032],[75.32213631996463,16.558193578936322],[75.33589226502947,16.549092660848792],[75.34908365397257,16.54786145457942]]]}},{"type":"Feature","properties":{"type":"village","name":"Kavatagi","taluk":"Jamkhandi","district":"Bagalkote","village_code":"598470"},"geometry":{"type":"Polygon","coordinates":[[[75.42526585297084,16.530079113109007],[75.44295094015521,16.58004986984728],[75.44131607640672,16.58083645028167],[75.42312842044845,16.581473762278716],[75.40613144097506,16.52697401924188],[75.41317597822915,16.527153696943234],[75.42526585297084,16.530079113109007]]]}},{"type":"Feature","properties":{"type":"village","name":"Chikkapadasalgi","taluk":"Jamkhandi","district":"Bagalkote","village_code":"598469"},"geometry":{"type":"Polygon","coordinates":[[[75.42312842044845,16.581473762278716],[75.4160024374391,16.582193626625816],[75.41425937969947,16.5813534802766],[75.40663481463947,16.570380052744245],[75.39136680822038,16.571854554074115],[75.38983006295878,16.571140808966263],[75.38598312207763,16.560094033425344],[75.38472672304992,16.539450539748184],[75.38766800132622,16.532885537652692],[75.39360214004078,16.528159079800233],[75.40009385586568,16.526654004846353],[75.40613144097506,16.52697401924188],[75.42312842044845,16.581473762278716]]]}},{"type":"Feature","properties":{"type":"village","name":"Albal","taluk":"Jamkhandi","district":"Bagalkote","village_code":"598429"},"geometry":{"type":"Polygon","coordinates":[[[75.23896942588323,16.582867743295132],[75.23319254714065,16.58287074801939],[75.22199709258798,16.57788350409719],[75.20573859834674,16.575003128322212],[75.20573633908381,16.56946837703549],[75.20786486570849,16.56208941667394],[75.2083914329752,16.555673373585513],[75.22491790095393,16.554351583275693],[75.24118084634738,16.56715237824109],[75.2386107537431,16.57845821770403],[75.23896942588323,16.582867743295132]]]}},{"type":"Feature","properties":{"type":"village","name":"Hipparagi","taluk":"Jamkhandi","district":"Bagalkote","village_code":"598409"},"geometry":{"type":"Polygon","coordinates":[[[75.20538142998642,16.57227430920459],[75.17192224890807,16.575848866071535],[75.16748174710128,16.580259409703107],[75.15784635178679,16.58690221488143],[75.1569357780923,16.581991585224042],[75.15702271165563,16.569056103168716],[75.16555986173802,16.552427840853486],[75.16595226471877,16.547155076103],[75.16440722621044,16.541479698632585],[75.20483394724494,16.539477033781036],[75.2083914329752,16.555673373585513],[75.20786486570849,16.56208941667394],[75.20538142998642,16.57227430920459]]]}},{"type":"Feature","properties":{"type":"village","name":"Kadakol","taluk":"Jamkhandi","district":"Bagalkote","village_code":"598431"},"geometry":{"type":"Polygon","coordinates":[[[75.30118332257507,16.591097178188665],[75.29555591361428,16.591610123982058],[75.28387941212532,16.582613981678534],[75.28060936842132,16.58224601317995],[75.27800454784645,16.56329167602672],[75.30392508862005,16.56371364805103],[75.31050998309605,16.569503612244773],[75.30568661212865,16.57668132292994],[75.30563235927538,16.584226706411453],[75.3045064953399,16.587895060879628],[75.30118332257507,16.591097178188665]]]}},{"type":"Feature","properties":{"type":"village","name":" ","taluk":"Jamkhandi","district":"Bagalkote","village_code":" "},"geometry":{"type":"Polygon","coordinates":[[[75.31736491833303,16.566198405662032],[75.31050998309605,16.569503612244773],[75.30392508862005,16.56371364805103],[75.27800454784645,16.56329167602672],[75.27645179370819,16.5583344461831],[75.2699723973791,16.550736156844014],[75.25299135401887,16.55067242882892],[75.2596463772742,16.537654977117988],[75.25531065496214,16.534706626614458],[75.25601407625379,16.525874004244283],[75.25092169758803,16.52742072775791],[75.25236502524659,16.533774089091715],[75.24107570393326,16.539939542056352],[75.23885540901243,16.5399407519642],[75.23716688440042,16.544193238308548],[75.23281590240661,16.545636764930496],[75.23183905370541,16.540906683978815],[75.22961958792956,16.542511725235492],[75.2219837993184,16.551068176293008],[75.22491790095393,16.554351583275693],[75.2083914329752,16.555673373585513],[75.20483394724494,16.539477033781036],[75.20397512279901,16.523632112360676],[75.23059488164704,16.527018423684098],[75.2419585843642,16.520199082679294],[75.24444404578722,16.517631467363795],[75.25397312279289,16.5160841444031],[75.25842782157446,16.523245815620356],[75.27010076124333,16.521580411008213],[75.27015363967419,16.527680016885082],[75.27218636995701,16.527834670951112],[75.27336783421867,16.52561229441918],[75.27470771727901,16.525048205612695],[75.27561497708842,16.52778667205375],[75.27695446129678,16.52799517673144],[75.27780994580647,16.531248642116893],[75.280807984134,16.530784675694832],[75.27920257614367,16.528253820912184],[75.2810765597427,16.52742785074481],[75.27939319864696,16.521640342012233],[75.28742876001743,16.522329976972294],[75.28843812503699,16.519914403814425],[75.29886615063901,16.520496340266483],[75.30768632034159,16.525748715791995],[75.31491114408333,16.533138199590258],[75.31395035007289,16.534791624710635],[75.31239536182447,16.534533557660648],[75.31191184092788,16.537632904864182],[75.31651590618499,16.539233723593323],[75.31635523710652,16.543833171313345],[75.3221412849532,16.54037386403343],[75.33263735883634,16.545594948129544],[75.33589226502947,16.549092660848792],[75.32213631996463,16.558193578936322],[75.31736491833303,16.566198405662032]]]}},{"type":"Feature","properties":{"type":"village","name":" ","taluk":"Jamkhandi","district":"Bagalkote","village_code":" "},"geometry":{"type":"Polygon","coordinates":[[[75.32127441160237,16.62467392680347],[75.30483432023149,16.626547925758395],[75.30047811543263,16.621472469800523],[75.30208656961008,16.618527238237757],[75.29892417372153,16.616610372257135],[75.29865750074461,16.615525905793447],[75.30107381075541,16.60787760969218],[75.29946870729395,16.6024506996993],[75.29705661756836,16.59986537262801],[75.29560837792181,16.60079550774745],[75.29469972213046,16.59996833083748],[75.29470037790061,16.59836442270516],[75.29636430125024,16.59712708601853],[75.29496882415191,16.595007552622356],[75.29555591361428,16.591610123982058],[75.30118332257507,16.591097178188665],[75.3098641599838,16.594854830947334],[75.32347924202557,16.59873535106639],[75.32519210828683,16.606489016399724],[75.32503194136665,16.609642577741734],[75.32127441160237,16.62467392680347]]]}},{"type":"Feature","properties":{"type":"village","name":"Alagur","taluk":"Jamkhandi","district":"Bagalkote","village_code":"598433"},"geometry":{"type":"Polygon","coordinates":[[[75.36629183635239,16.59377677077298],[75.35177625612037,16.59336429329577],[75.34952727529755,16.592586896611106],[75.33841650582504,16.576848290163433],[75.34206339458733,16.565431505406117],[75.34688555462576,16.55571824931834],[75.34977742466312,16.544274090214277],[75.35428369033527,16.54512411259369],[75.35653188782715,16.547555107921426],[75.35996081386051,16.547659392664034],[75.3595859980964,16.548639787903596],[75.36119274367819,16.548585693247137],[75.36108456495842,16.554685213603346],[75.36178246071275,16.555200393609955],[75.37131555318773,16.55380477516674],[75.38527544636482,16.553474938973185],[75.38598312207763,16.560094033425344],[75.39019552187088,16.571800379834478],[75.3875771286504,16.58008236266831],[75.37578924594769,16.590573720940096],[75.36629183635239,16.59377677077298]]]}},{"type":"Feature","properties":{"type":"village","name":"Naganur","taluk":"Jamkhandi","district":"Bagalkote","village_code":"598467"},"geometry":{"type":"Polygon","coordinates":[[[75.42100619730209,16.58204803124164],[75.4228581146845,16.587302260576564],[75.42356769482573,16.59601306270369],[75.4127308701924,16.600375248393487],[75.3968504930239,16.59351872419],[75.39229123573318,16.589488844943265],[75.38645278556271,16.581374568612326],[75.3884858805615,16.578067167157208],[75.39019552187088,16.571800379834478],[75.40663481463947,16.570380052744245],[75.41425937969947,16.5813534802766],[75.4160024374391,16.582193626625816],[75.42100619730209,16.58204803124164]]]}},{"type":"Feature","properties":{"type":"village","name":"Kankanawadi","taluk":"Jamkhandi","district":"Bagalkote","village_code":"598428"},"geometry":{"type":"Polygon","coordinates":[[[75.27397558762749,16.599059908275688],[75.26340509461129,16.606766863955006],[75.25892022591093,16.607744733746568],[75.253926133717,16.606137842257713],[75.25271136980606,16.605335913889753],[75.25997755378013,16.602680529812815],[75.26233550114519,16.600924270949722],[75.2620141818529,16.597413469034464],[75.25735789303677,16.587854968225496],[75.2561260952714,16.58712681533239],[75.24288093407372,16.589597638015345],[75.23896942588323,16.582867743295132],[75.2386107537431,16.57845821770403],[75.24118084634738,16.56715237824109],[75.25299135401887,16.55067242882892],[75.2699723973791,16.550736156844014],[75.27730836338273,16.5598303387935],[75.28051952072323,16.583922717177547],[75.27890983944707,16.589190125994087],[75.27397558762749,16.599059908275688]]]}},{"type":"Feature","properties":{"type":"village","name":"Shiraguppi","taluk":"Jamkhandi","district":"Bagalkote","village_code":"598425"},"geometry":{"type":"Polygon","coordinates":[[[75.19125674626038,16.57372482511169],[75.18565869424307,16.605429879296352],[75.17713009791879,16.60384213029889],[75.17282804176864,16.60158401518252],[75.16659978115534,16.59681409074346],[75.16000136433932,16.590304548704413],[75.15784635178679,16.58690221488143],[75.16748174710128,16.580259409703107],[75.17192224890807,16.575848866071535],[75.19125674626038,16.57372482511169]]]}},{"type":"Feature","properties":{"type":"village","name":"Chikkalaki","taluk":"Jamkhandi","district":"Bagalkote","village_code":"598468"},"geometry":{"type":"Polygon","coordinates":[[[75.48498228674744,16.60644557978976],[75.47994215230196,16.609841213903554],[75.47402979324148,16.61212570567144],[75.46190753692875,16.6231326258087],[75.44741253979481,16.583617743398424],[75.45628906261177,16.578888594001594],[75.45470321633506,16.573246026938353],[75.47301436100051,16.566967455423526],[75.47812644960193,16.567392469134443],[75.48261080716088,16.57166155870629],[75.48537722028233,16.575708422323835],[75.48492565874858,16.580814109187692],[75.48945312196645,16.58345939670285],[75.4911972981086,16.585645222355815],[75.493675691587,16.59316661895304],[75.49192446097491,16.595114866132572],[75.49149105259639,16.598951018112913],[75.48498228674744,16.60644557978976]]]}},{"type":"Feature","properties":{"type":"village","name":"Maigur","taluk":"Jamkhandi","district":"Bagalkote","village_code":"598426"},"geometry":{"type":"Polygon","coordinates":[[[75.23319254714065,16.58287074801939],[75.21955174363731,16.616725808269702],[75.19826453972439,16.608702102036613],[75.18565869424307,16.605429879296352],[75.19125674626038,16.57372482511169],[75.20538142998642,16.57227430920459],[75.20644620309267,16.575404905229888],[75.22199709258798,16.57788350409719],[75.23319254714065,16.58287074801939]]]}},{"type":"Feature","properties":{"type":"village","name":"Muttur","taluk":"Jamkhandi","district":"Bagalkote","village_code":"598427"},"geometry":{"type":"Polygon","coordinates":[[[75.25997755378013,16.602680529812815],[75.2427609326265,16.608036212606244],[75.23144419562904,16.615772697062486],[75.22472042969491,16.617086189959213],[75.21955174363731,16.616725808269702],[75.23319254714065,16.58287074801939],[75.23896942588323,16.582867743295132],[75.24288093407372,16.589597638015345],[75.2569319029459,16.58733508879743],[75.2620141818529,16.597413469034464],[75.26233550114519,16.600924270949722],[75.25997755378013,16.602680529812815]]]}},{"type":"Feature","properties":{"type":"village","name":"Takkalaki","taluk":"Jamkhandi","district":"Bagalkote","village_code":"598463"},"geometry":{"type":"Polygon","coordinates":[[[75.35296302403547,16.62114648971587],[75.32127441160237,16.62467392680347],[75.32503194136665,16.609642577741734],[75.32519210828683,16.606489016399724],[75.32347924202557,16.59873535106639],[75.32471200008997,16.59708210888401],[75.32690994762152,16.59532504127622],[75.33542843610222,16.594450463745595],[75.34127182521011,16.590832494645365],[75.3472224857394,16.589798836334868],[75.34952727529755,16.592586896611106],[75.35177625612037,16.59336429329577],[75.36629183635239,16.59377677077298],[75.36551383782415,16.5974228199932],[75.36353167999694,16.600463433736998],[75.36359246899222,16.602361119805128],[75.36088862892024,16.60399192566364],[75.36293138709651,16.60817140142519],[75.35674572010242,16.611536845199076],[75.35446326895043,16.615011111982334],[75.35218113310711,16.615936974765646],[75.35296302403547,16.62114648971587]]]}},{"type":"Feature","properties":{"type":"village","name":"Shurpali","taluk":"Jamkhandi","district":"Bagalkote","village_code":"598459"},"geometry":{"type":"Polygon","coordinates":[[[75.30483432023149,16.626547925758395],[75.28381983405902,16.629150867683133],[75.28035040658278,16.603766341153296],[75.27767206159687,16.600146063761994],[75.27456548971503,16.60009485115269],[75.27397558762749,16.599059908275688],[75.27890983944707,16.589190125994087],[75.28060936842132,16.58224601317995],[75.28387941212532,16.582613981678534],[75.29555591361428,16.591610123982058],[75.29496882415191,16.595007552622356],[75.29636430125024,16.59712708601853],[75.29470037790061,16.59836442270516],[75.29469972213046,16.59996833083748],[75.29560837792181,16.60079550774745],[75.29705661756836,16.59986537262801],[75.29946870729395,16.6024506996993],[75.3011813211286,16.608550838312247],[75.29882194813717,16.614644927980567],[75.29892417372153,16.616610372257135],[75.301819605579,16.618061695972767],[75.30047811543263,16.621472469800523],[75.30483432023149,16.626547925758395]]]}},{"type":"Feature","properties":{"type":"village","name":" ","taluk":"Jamkhandi","district":"Bagalkote","village_code":" "},"geometry":{"type":"Polygon","coordinates":[[[75.3472224857394,16.589798836334868],[75.34127182521011,16.590832494645365],[75.33542843610222,16.594450463745595],[75.32690994762152,16.59532504127622],[75.32347924202557,16.59873535106639],[75.3098641599838,16.594854830947334],[75.30118332257507,16.591097178188665],[75.3045064953399,16.587895060879628],[75.30563235927538,16.584226706411453],[75.30568661212865,16.57668132292994],[75.30965228693415,16.57053801930275],[75.31244067374573,16.56795448216811],[75.32154389720444,16.56578843493584],[75.32711376008811,16.56723574503409],[75.33514698494055,16.573644285187687],[75.34223859571215,16.58194095409129],[75.3472224857394,16.589798836334868]]]}},{"type":"Feature","properties":{"type":"village","name":"Tubachi","taluk":"Jamkhandi","district":"Bagalkote","village_code":"598458"},"geometry":{"type":"Polygon","coordinates":[[[75.2534237769455,16.60578094540446],[75.253926133717,16.606137842257713],[75.25534219121852,16.606707127293944],[75.25392611036081,16.6061378741091],[75.2534237769455,16.60578094540446]]]}},{"type":"Feature","properties":{"type":"village","name":"Tubachi","taluk":"Jamkhandi","district":"Bagalkote","village_code":"598458"},"geometry":{"type":"Polygon","coordinates":[[[75.28381983405902,16.629150867683133],[75.26814999684034,16.643619270260565],[75.2683155114314,16.640971767013056],[75.26154611018256,16.620433160865588],[75.25639624832174,16.620118459612076],[75.25538943182268,16.618992850819414],[75.25807908480137,16.611557565234573],[75.2567731373975,16.609270627104635],[75.25874874111643,16.607525924165767],[75.26501285798432,16.605886651719306],[75.27397558762749,16.599059908275688],[75.27456548971503,16.60009485115269],[75.27767206159687,16.600146063761994],[75.28035040658278,16.603766341153296],[75.28381983405902,16.629150867683133]]]}},{"type":"Feature","properties":{"type":"village","name":"Gadyal","taluk":"Jamkhandi","district":"Bagalkote","village_code":"598455"},"geometry":{"type":"Polygon","coordinates":[[[75.43786791744314,16.697861697246484],[75.40336441879589,16.699368858916667],[75.40167991683973,16.68857981805632],[75.39759546409239,16.67608763877688],[75.399456097828,16.67423951982441],[75.3993950537112,16.672775696045434],[75.39831211936483,16.671741157415568],[75.39795075317718,16.667995648980966],[75.39446781414075,16.664733886327507],[75.39236275061295,16.658598392186143],[75.39814621400656,16.655620491791172],[75.40262675821718,16.654567208845283],[75.41905885458202,16.652734834041805],[75.43515082901736,16.658604542986403],[75.4472786800377,16.66511148669335],[75.43786791744314,16.697861697246484]]]}},{"type":"Feature","properties":{"type":"village","name":"Hirepadasalgi","taluk":"Jamkhandi","district":"Bagalkote","village_code":"598466"},"geometry":{"type":"Polygon","coordinates":[[[75.38905802385415,16.653615070598978],[75.38479290283523,16.65367398968169],[75.38077140222639,16.65122978267252],[75.37800621530533,16.65263944678894],[75.37818420929234,16.64655809100891],[75.37464099419867,16.645148366656375],[75.36635071822431,16.634232247139277],[75.36184739363645,16.630052677706736],[75.35896539967733,16.628480124841023],[75.35607850989989,16.6290220089291],[75.35481801994436,16.628258344346612],[75.35188100237743,16.617563492217798],[75.35218113310711,16.615936974765646],[75.35446326895043,16.615011111982334],[75.35674572010242,16.611536845199076],[75.36293138709651,16.60817140142519],[75.36088862892024,16.60399192566364],[75.36359246899222,16.602361119805128],[75.36353167999694,16.600463433736998],[75.36551383782415,16.5974228199932],[75.36629183635239,16.59377677077298],[75.37578924594769,16.590573720940096],[75.38645278556271,16.581374568612326],[75.39229123573318,16.589488844943265],[75.3968504930239,16.59351872419],[75.4127308701924,16.600375248393487],[75.39765168425615,16.634927467658482],[75.3922536906459,16.64405900417419],[75.38905802385415,16.653615070598978]]]}},{"type":"Feature","properties":{"type":"village","name":"Todalbagi","taluk":"Jamkhandi","district":"Bagalkote","village_code":"598465"},"geometry":{"type":"Polygon","coordinates":[[[75.45769240535873,16.644656706391217],[75.45500740295824,16.66386627925531],[75.45370469128606,16.66478844484675],[75.4472786800377,16.66511148669335],[75.43515082901736,16.658604542986403],[75.41905885458202,16.652734834041805],[75.40262675821718,16.654567208845283],[75.39814621400656,16.655620491791172],[75.39236275061295,16.658598392186143],[75.38905802385415,16.653615070598978],[75.3922536906459,16.64405900417419],[75.39765168425615,16.634927467658482],[75.41148019163641,16.602214310373753],[75.41338680923306,16.599747057180103],[75.42356769482573,16.59601306270369],[75.4228581146845,16.587302260576564],[75.42100619730209,16.58204803124164],[75.44131607640672,16.58083645028167],[75.44295094015521,16.58004986984728],[75.44229883781912,16.577501763844],[75.45418317263395,16.57324620602544],[75.45525180400435,16.57437085666191],[75.45628906261177,16.578888594001594],[75.44741253979481,16.583617743398424],[75.46190753692875,16.6231326258087],[75.46222558994666,16.62824852233794],[75.46108561617302,16.63561762464667],[75.45769240535873,16.644656706391217]]]}},{"type":"Feature","properties":{"type":"village","name":"Kannolli","taluk":"Jamkhandi","district":"Bagalkote","village_code":"598456"},"geometry":{"type":"Polygon","coordinates":[[[75.39588780626318,16.708075974772225],[75.37821775597833,16.70905724726453],[75.37022489961815,16.6878174080543],[75.36990612525304,16.685983022305255],[75.37157496777718,16.68716690275871],[75.37241898888551,16.673373083166414],[75.3772845393488,16.672722565733803],[75.37800621530533,16.65263944678894],[75.38077140222639,16.65122978267252],[75.38479290283523,16.65367398968169],[75.38905802385415,16.653615070598978],[75.3935064856327,16.660283568087884],[75.39506790222526,16.665822643271305],[75.39795075317718,16.667995648980966],[75.39831211936483,16.671741157415568],[75.3993950537112,16.672775696045434],[75.399456097828,16.67423951982441],[75.39759546409239,16.67608763877688],[75.40167991683973,16.68857981805632],[75.40336441879589,16.699368858916667],[75.40122658472654,16.699170306978605],[75.39858276559026,16.701289540272363],[75.39588780626318,16.708075974772225]]]}},{"type":"Feature","properties":{"type":"village","name":"Kuragod","taluk":"Jamkhandi","district":"Bagalkote","village_code":"598451"},"geometry":{"type":"Polygon","coordinates":[[[75.37821775597833,16.70905724726453],[75.36287727797372,16.71519672541767],[75.36271326087417,16.714374465654473],[75.35849354969285,16.714729837763702],[75.36000403360542,16.705631697274484],[75.35165240000222,16.68417880521833],[75.3672765183629,16.68162752139862],[75.36992028270193,16.685264662630814],[75.37250772896087,16.6953130896716],[75.37821775597833,16.70905724726453]]]}},{"type":"Feature","properties":{"type":"village","name":"Savalagi","taluk":"Jamkhandi","district":"Bagalkote","village_code":"598457"},"geometry":{"type":"Polygon","coordinates":[[[75.35849354969285,16.714729837763702],[75.34602839475805,16.7156808517416],[75.32188547260806,16.70155409022355],[75.31193429791165,16.625750537068296],[75.35296302403547,16.62114648971587],[75.35523969632524,16.628805086254737],[75.35896539967733,16.628480124841023],[75.36184739363645,16.630052677706736],[75.36635071822431,16.634232247139277],[75.37464099419867,16.645148366656375],[75.37818420929234,16.64655809100891],[75.3772845393488,16.672722565733803],[75.37241898888551,16.673373083166414],[75.37157496777718,16.68716690275871],[75.36685940811859,16.681410579131995],[75.35165240000222,16.68417880521833],[75.36000403360542,16.705631697274484],[75.35849354969285,16.714729837763702]]]}},{"type":"Feature","properties":{"type":"village","name":"Tungal","taluk":"Jamkhandi","district":"Bagalkote","village_code":"598450"},"geometry":{"type":"Polygon","coordinates":[[[75.34602839475805,16.7156808517416],[75.3186455646869,16.71858640895456],[75.30119077410035,16.717148432597583],[75.29703273765315,16.715560993801972],[75.28901551359259,16.71551703474462],[75.27676675472489,16.70226432569043],[75.2652908191911,16.693109233776745],[75.26275726735761,16.680701106009494],[75.26599459711392,16.66742866031118],[75.26814999684034,16.643619270260565],[75.28381983405902,16.629150867683133],[75.31193429791165,16.625750537068296],[75.32188547260806,16.70155409022355],[75.34602839475805,16.7156808517416]]]}},{"type":"Feature","properties":{"type":"village","name":"Kalbilagi","taluk":"Jamkhandi","district":"Bagalkote","village_code":"598454"},"geometry":{"type":"Polygon","coordinates":[[[75.49191209925829,16.745635954380486],[75.48826901665785,16.746333690159506],[75.48378047025469,16.744569456645113],[75.47842045831297,16.743944173169943],[75.47622500270803,16.733124385144283],[75.46899485375329,16.7237165236544],[75.46785887568603,16.72095647776564],[75.4626637728709,16.699922386133753],[75.47058081501437,16.697718643648304],[75.4886091610452,16.694768477988454],[75.49182426917633,16.724333171399415],[75.49191209925829,16.745635954380486]]]}},{"type":"Feature","properties":{"type":"village","name":"Kajibilgi","taluk":"Jamkhandi","district":"Bagalkote","village_code":"598452"},"geometry":{"type":"Polygon","coordinates":[[[75.36273667456375,16.714790132656955],[75.36273671408962,16.71479011803084],[75.36284161665354,16.71509358824318],[75.36273667456375,16.714790132656955]]]}},{"type":"Feature","properties":{"type":"village","name":"Gothe","taluk":"Jamkhandi","district":"Bagalkote","village_code":"598453"},"geometry":{"type":"Polygon","coordinates":[[[75.44681453310679,16.756364999968287],[75.44487844807385,16.757484928865257],[75.44257414899583,16.757400364952723],[75.44093741315825,16.759550779400854],[75.42611041576332,16.767941218007852],[75.41989114279444,16.768142389619786],[75.4178802218101,16.766306805168423],[75.41420370032155,16.765438129688086],[75.41334395240752,16.766544811696992],[75.40771769778188,16.763822690636747],[75.40775929157614,16.76146930530061],[75.3990336677606,16.76041029532382],[75.40230244663667,16.75000328782683],[75.39984233567093,16.726111871690417],[75.39588780626318,16.708075974772225],[75.39707820337202,16.70384247425067],[75.40002183972597,16.6997126113502],[75.43786791744314,16.697861697246484],[75.4626637728709,16.699922386133753],[75.46785887568603,16.72095647776564],[75.46899485375329,16.7237165236544],[75.47622500270803,16.733124385144283],[75.47842045831297,16.743944173169943],[75.48378047025469,16.744569456645113],[75.48826901665785,16.746333690159506],[75.47702956891077,16.747328842278876],[75.4653547850006,16.75492792373228],[75.44681453310679,16.756364999968287]]]}},{"type":"Feature","properties":{"type":"village","name":"Kajibilgi","taluk":"Jamkhandi","district":"Bagalkote","village_code":"598452"},"geometry":{"type":"Polygon","coordinates":[[[75.3990336677606,16.76041029532382],[75.39245381462995,16.75958056064283],[75.39233449859726,16.760754397014207],[75.38850719578656,16.761655341707897],[75.38703720613036,16.760405058706574],[75.384421594094,16.763431086374545],[75.37145498878785,16.76177031425672],[75.36624506017725,16.760142455241777],[75.36547762943002,16.74766851086516],[75.36651889362528,16.74242758541515],[75.36374795479148,16.737281316252197],[75.36257158936736,16.729130574341216],[75.3642315996556,16.726112601232334],[75.36403479404822,16.724142697147418],[75.36544614797087,16.722733130149884],[75.36391308490366,16.72108392818239],[75.36428832916413,16.718242072783735],[75.36287727797372,16.71519672541767],[75.37821775597833,16.70905724726453],[75.39588780626318,16.708075974772225],[75.39984233567093,16.726111871690417],[75.40230244663667,16.75000328782683],[75.3990336677606,16.76041029532382]]]}}]}
