{"type":"FeatureCollection","features":[{"type":"Feature","properties":{"type":"village","name":"Kallahalli","taluk":"Kudligi","district":"Ballari","village_code":"605138"},"geometry":{"type":"Polygon","coordinates":[[[76.5240292997705,14.591870572299516],[76.51320135678037,14.595238706344029],[76.51150235871049,14.589969371280867],[76.51216471980712,14.585987362630808],[76.51046491235513,14.582449426389077],[76.51011168759891,14.578021779130475],[76.50658089890054,14.579058830720705],[76.50627730426713,14.576832483916167],[76.50553800426304,14.56513928870891],[76.50862918081754,14.562967294348097],[76.51006418468668,14.560423889041243],[76.51823816206941,14.562520164944788],[76.52800946080826,14.5622489988795],[76.53017686202688,14.560821887630853],[76.53178176696066,14.56178514398111],[76.53528956327932,14.561203657012125],[76.5352184391667,14.564877554143],[76.53868883412851,14.565095812949348],[76.54217270202294,14.566633597104007],[76.54431953271988,14.570385152967242],[76.54971923133255,14.573505161988374],[76.54993125979072,14.57763108496201],[76.55154379860782,14.579352053384838],[76.54493508799696,14.585225373950252],[76.53871307516646,14.583887317780054],[76.53426817161478,14.5844298241056],[76.53050986570608,14.583018307010658],[76.52581096081285,14.583684127290642],[76.5240292997705,14.591870572299516]]]}},{"type":"Feature","properties":{"type":"village","name":"Thippehalli","taluk":"Kudligi","district":"Ballari","village_code":"605137"},"geometry":{"type":"Polygon","coordinates":[[[76.57385211660586,14.602109350863998],[76.55926596472513,14.606276261645267],[76.55733500188592,14.608007109679152],[76.55553170222501,14.607536623817694],[76.55207686608394,14.608574340409543],[76.54811456265568,14.607880465649968],[76.54361795836444,14.609758703977375],[76.5240292997705,14.591870572299516],[76.52563310157312,14.583906700418643],[76.53050986570608,14.583018307010658],[76.53426817161478,14.5844298241056],[76.5398304796669,14.583986681713316],[76.54381751820651,14.585373373950086],[76.55154379860782,14.579352053384838],[76.55430128157698,14.580181253779676],[76.55989591370799,14.584475993703695],[76.56748175239608,14.587356797685493],[76.57251469942099,14.594068701567819],[76.57385211660586,14.602109350863998]]]}},{"type":"Feature","properties":{"type":"village","name":"Alur","taluk":"Kudligi","district":"Ballari","village_code":"605131"},"geometry":{"type":"Polygon","coordinates":[[[76.47810487572247,14.614151842228152],[76.45802822262183,14.614563191874094],[76.4349693109999,14.619273489970512],[76.43385998235385,14.615568834870707],[76.43139204077379,14.615082504892472],[76.43225254506928,14.60476999918999],[76.42955025459115,14.598642781883767],[76.42964205702329,14.594864852925856],[76.42840206841919,14.590585616134577],[76.42484678535796,14.586609611135565],[76.42362158122678,14.58168859826052],[76.432573760157,14.580109842384648],[76.4397910820678,14.580875962687628],[76.44394841064252,14.580346142376273],[76.46230291968169,14.576286668193807],[76.46610586916505,14.573994959787107],[76.46685183107529,14.587525844261197],[76.4654516782459,14.587629669830397],[76.46575093221988,14.593125055115907],[76.47124540399335,14.592751039887586],[76.47252133509028,14.599878216053384],[76.47293502993986,14.611933082726486],[76.47761588318747,14.611900129048628],[76.47810487572247,14.614151842228152]]]}},{"type":"Feature","properties":{"type":"village","name":"Kenchamallanahalli","taluk":"Kudligi","district":"Ballari","village_code":"605132"},"geometry":{"type":"Polygon","coordinates":[[[76.51320135678037,14.595238706344029],[76.50001819820191,14.608087702007348],[76.4796993799619,14.621061873059032],[76.47761588318747,14.611900129048628],[76.47293502993986,14.611933082726486],[76.47252133509028,14.599878216053384],[76.47124540399335,14.592751039887586],[76.46575093221988,14.593125055115907],[76.4654516782459,14.587629669830397],[76.46685183107529,14.587525844261197],[76.46610586916505,14.573994959787107],[76.47950569600012,14.571611704590447],[76.50553800426304,14.56513928870891],[76.50658089890054,14.579058830720705],[76.51011168759891,14.578021779130475],[76.51046491235513,14.582449426389077],[76.51216471980712,14.585987362630808],[76.51150235871049,14.589969371280867],[76.51320135678037,14.595238706344029]]]}},{"type":"Feature","properties":{"type":"village","name":"Poojarahalli","taluk":"Kudligi","district":"Ballari","village_code":"605136"},"geometry":{"type":"Polygon","coordinates":[[[76.55158412577755,14.638750525113215],[76.53227735762144,14.63758706734212],[76.51744035479085,14.639559273710537],[76.51012938261337,14.62899396008172],[76.50807461396174,14.623600682763254],[76.51084672060541,14.61751733325531],[76.51785796899003,14.616828272774887],[76.5161837257944,14.612251469241826],[76.51384808629275,14.609603755790351],[76.50876866762161,14.60811716785281],[76.50683927683416,14.606310486188669],[76.50623182166598,14.602179514631544],[76.50875440776478,14.599194090995924],[76.51630086790408,14.593731392911911],[76.5240292997705,14.591870572299516],[76.53737185271804,14.603523137811672],[76.54323725773692,14.60894232727401],[76.54361582127237,14.61544773664755],[76.54447888935968,14.616932074949936],[76.54986276055538,14.620743148143932],[76.55158412577755,14.638750525113215]]]}},{"type":"Feature","properties":{"type":"village","name":"Hudem","taluk":"Kudligi","district":"Ballari","village_code":"605135"},"geometry":{"type":"Polygon","coordinates":[[[76.59662192970814,14.661389299329393],[76.5859264298319,14.662226400087217],[76.58361476097531,14.660049337191333],[76.57957542162156,14.658552062402906],[76.56334093305965,14.657422684694229],[76.56143880883602,14.646087468240182],[76.55158412577755,14.638750525113215],[76.54986276055538,14.620743148143932],[76.54717071626139,14.61925811673778],[76.54361582127237,14.61544773664755],[76.54361795836444,14.609758703977375],[76.54811456265568,14.607880465649968],[76.55207686608394,14.608574340409543],[76.55553170222501,14.607536623817694],[76.55733500188592,14.608007109679152],[76.55926596472513,14.606276261645267],[76.57385211660586,14.602109350863998],[76.57955978644405,14.610984904084097],[76.58494219338581,14.615184138249575],[76.58507631275606,14.617443649619538],[76.59791238656321,14.620947937671142],[76.60087800109888,14.62087152668767],[76.60058038834696,14.62572939636687],[76.596017591694,14.630613749598814],[76.59690845185955,14.632191020758874],[76.60283968811743,14.6338005347708],[76.6121441988785,14.648415762304097],[76.5973651292989,14.653466421304715],[76.59865498877433,14.656991387397019],[76.59706733957881,14.658825824673938],[76.59662192970814,14.661389299329393]]]}},{"type":"Feature","properties":{"type":"village","name":"Jummobanahalli","taluk":"Kudligi","district":"Ballari","village_code":"605134"},"geometry":{"type":"Polygon","coordinates":[[[76.55855737722227,14.681018113291836],[76.55586338627906,14.682946608264643],[76.55301730427004,14.683539341660135],[76.54478521127832,14.682052426823567],[76.53162330414453,14.68183708931144],[76.53055687364659,14.679956795316597],[76.52750875514026,14.677976771893105],[76.51821140125708,14.673272934218005],[76.50764574656698,14.665501041924113],[76.5050799155704,14.664856553735353],[76.50043676012375,14.653748258610166],[76.50044022312915,14.647564521219241],[76.50328594221878,14.64702193870441],[76.50354111137021,14.64504330965791],[76.50139719660467,14.640107598038966],[76.50121144386856,14.631512166208363],[76.51012938261337,14.62899396008172],[76.51787212374396,14.639757334101493],[76.53227735762144,14.63758706734212],[76.55158412577755,14.638750525113215],[76.56006733831533,14.644788520675025],[76.56143880883602,14.646087468240182],[76.56260600785097,14.65096050002463],[76.56356657638432,14.66805244918069],[76.56074517918097,14.672095811888584],[76.55855737722227,14.681018113291836]]]}},{"type":"Feature","properties":{"type":"village","name":"Hosahalli","taluk":"Kudligi","district":"Ballari","village_code":"605126"},"geometry":{"type":"Polygon","coordinates":[[[76.45578314318227,14.683849685228743],[76.44738482143883,14.684370093256794],[76.44443483040257,14.687819818941309],[76.4395096659404,14.684859675887301],[76.43537641940182,14.659124661990855],[76.43668734257403,14.653454107948622],[76.44077007774253,14.65029276298007],[76.44106955809195,14.647837588885999],[76.45099118809696,14.64128767612938],[76.45993250280215,14.629551729367456],[76.46613446343885,14.629796081429465],[76.4677033432348,14.632350893430518],[76.48815022530171,14.63348779784656],[76.48833362804508,14.649904147569563],[76.50043676012375,14.653748258610166],[76.5050799155704,14.664856553735353],[76.50764574656698,14.665501041924113],[76.51038832918056,14.668223223845402],[76.50898970977536,14.676322773844426],[76.50194358879143,14.67555680843241],[76.50173402081879,14.676928679292327],[76.49521924344393,14.678515727861766],[76.49415801419147,14.6802341466839],[76.48511351719614,14.679387499390833],[76.48108044987973,14.681382181993637],[76.47979573056436,14.680394937581397],[76.47131138794589,14.680626810757111],[76.47091992370466,14.679485149021673],[76.45684444699492,14.679300043881803],[76.45578314318227,14.683849685228743]]]}},{"type":"Feature","properties":{"type":"village","name":"Kumathi","taluk":"Kudligi","district":"Ballari","village_code":"605111"},"geometry":{"type":"Polygon","coordinates":[[[76.58424525613388,14.693239502965879],[76.57811962983844,14.693538905009364],[76.56922629774584,14.692102263107104],[76.56653390670218,14.687896605433574],[76.56668759407422,14.683592874104065],[76.55855737722227,14.681018113291836],[76.56074517918097,14.672095811888584],[76.56356657638432,14.66805244918069],[76.56334093305965,14.657422684694229],[76.57957542162156,14.658552062402906],[76.58361476097531,14.660049337191333],[76.5859264298319,14.662226400087217],[76.59662192970814,14.661389299329393],[76.59863940210582,14.669956284116795],[76.60753809714063,14.668524704981886],[76.61033722420974,14.668583671707639],[76.61137224511378,14.669822001433705],[76.60835350061896,14.687653566004473],[76.60444690800972,14.690917401617128],[76.59672231284785,14.689828097573994],[76.58424525613388,14.693239502965879]]]}},{"type":"Feature","properties":{"type":"village","name":"Hirekumbalagunta","taluk":"Kudligi","district":"Ballari","village_code":"605129"},"geometry":{"type":"Polygon","coordinates":[[[76.39754650596984,14.657499293263337],[76.39748637813462,14.656422080408625],[76.396165421679,14.655837596815788],[76.38992082789721,14.6543849646053],[76.38266431608383,14.656539763982575],[76.37933732278408,14.662050154343712],[76.37459803233064,14.65380742225373],[76.3745516226681,14.646595114305752],[76.389896435044,14.64864647692254],[76.39363561132868,14.626914380196768],[76.40191988386198,14.627428824309574],[76.40316783243784,14.623641780963792],[76.41479340663673,14.623066259428017],[76.42169021863731,14.624827580079495],[76.42665182056402,14.621660516815167],[76.43128284785607,14.625212898679012],[76.43239831469045,14.627266903694192],[76.43226312273175,14.635283805958668],[76.43070373094184,14.641547230348177],[76.42785732194605,14.646742141272131],[76.4271872775588,14.65168911659887],[76.40087977759511,14.659497001574005],[76.39754650596984,14.657499293263337]]]}},{"type":"Feature","properties":{"type":"village","name":"Ranganathanahalli","taluk":"Kudligi","district":"Ballari","village_code":"605127"},"geometry":{"type":"Polygon","coordinates":[[[76.43668734257403,14.653454107948622],[76.43537641940182,14.659124661990855],[76.4395096659404,14.684859675887301],[76.43461038912811,14.68150086538484],[76.42959169387522,14.680249389636874],[76.42503731263984,14.68420868222772],[76.4243313239631,14.672333984706654],[76.4267319413042,14.654582988136731],[76.43082053977655,14.654307332024807],[76.43204748214778,14.655793488046406],[76.43668734257403,14.653454107948622]]]}},{"type":"Feature","properties":{"type":"village","name":"Nimbalageri","taluk":"Kudligi","district":"Ballari","village_code":"605122"},"geometry":{"type":"Polygon","coordinates":[[[76.38602529085415,14.7274060822504],[76.37140049883976,14.726327396403006],[76.36355596960432,14.731064657832887],[76.35700825280463,14.71670673002412],[76.34851805406888,14.704140509409722],[76.34830492517446,14.701390800231936],[76.35057268437996,14.689912769095942],[76.34822427622487,14.68952880080341],[76.34694313939086,14.690519849939621],[76.33793102935645,14.685929505063571],[76.34296385510879,14.665757550130538],[76.3740224934062,14.664002327886195],[76.37933732278408,14.662050154343712],[76.38266431608383,14.656539763982575],[76.39103595157513,14.65421793363235],[76.39748637813462,14.656422080408625],[76.39609785758985,14.667770981374272],[76.38481780060205,14.667696455141728],[76.3849383203772,14.679395898211467],[76.38682789603462,14.682885393015225],[76.38741178300299,14.692296767181261],[76.38602529085415,14.7274060822504]]]}},{"type":"Feature","properties":{"type":"village","name":" ","taluk":"Kudligi","district":"Ballari","village_code":" "},"geometry":{"type":"Polygon","coordinates":[[[76.47831104896167,14.698257826416569],[76.47553770443949,14.698147233938299],[76.47448166026284,14.696277048572858],[76.47169295185442,14.695134153013493],[76.45642944779154,14.69182448971732],[76.45536398567744,14.686981422281022],[76.45650495208947,14.687064529903674],[76.45578314318227,14.683849685228743],[76.45684444699492,14.679300043881803],[76.47091992370466,14.679485149021673],[76.47131138794589,14.680626810757111],[76.47979573056436,14.680394937581397],[76.48108044987973,14.681382181993637],[76.47789779877813,14.692502941832197],[76.47831104896167,14.698257826416569]]]}},{"type":"Feature","properties":{"type":"village","name":"Byluthumbaraguddi","taluk":"Kudligi","district":"Ballari","village_code":"605128"},"geometry":{"type":"Polygon","coordinates":[[[76.40188422972835,14.690496125020726],[76.39587477626041,14.690463282214077],[76.38998516164457,14.687728766702781],[76.38860368209502,14.683002295921597],[76.38682789603462,14.682885393015225],[76.38510992734255,14.68061514893201],[76.38481780060205,14.667696455141728],[76.39609785758985,14.667770981374272],[76.39754650596984,14.657499293263337],[76.40087977759511,14.659497001574005],[76.4271872775588,14.65168911659887],[76.4243313239631,14.672333984706654],[76.42503731263984,14.68420868222772],[76.41683637142555,14.685370924310094],[76.40188422972835,14.690496125020726]]]}},{"type":"Feature","properties":{"type":"village","name":"Kombihalli","taluk":"Kudligi","district":"Ballari","village_code":"605109"},"geometry":{"type":"Polygon","coordinates":[[[76.64858265068142,14.723190748414037],[76.62884759274733,14.725522251016974],[76.62785636022178,14.720723772234386],[76.64099049414195,14.712106221621566],[76.6448255242607,14.713005260348323],[76.64457511707862,14.715861247593379],[76.64744465769299,14.718915916863839],[76.64858265068142,14.723190748414037]]]}},{"type":"Feature","properties":{"type":"village","name":"Bellikatti","taluk":"Kudligi","district":"Ballari","village_code":"605124"},"geometry":{"type":"Polygon","coordinates":[[[76.47900096498132,14.711696088254275],[76.47358522155936,14.712177966252533],[76.46815057129564,14.716800196863122],[76.46501317462311,14.716321847032862],[76.4635192852888,14.718336618755526],[76.46401286102837,14.720366729312724],[76.46125416713018,14.722461986973837],[76.4558496481577,14.720865170616465],[76.45796898232207,14.707992177179184],[76.44646576315647,14.707768485749225],[76.44573524598091,14.710200652025646],[76.43537116156244,14.711055273417248],[76.43265885127566,14.706613215716025],[76.42089691371496,14.709505120704025],[76.40619155090441,14.710667010982867],[76.40169530414266,14.706784454653352],[76.40188422972835,14.690496125020726],[76.41683637142555,14.685370924310094],[76.42503731263984,14.68420868222772],[76.42959169387522,14.680249389636874],[76.43461038912811,14.68150086538484],[76.44443483040257,14.687819818941309],[76.44738482143883,14.684370093256794],[76.45578314318227,14.683849685228743],[76.45650495208947,14.687064529903674],[76.45536402430498,14.68729034976935],[76.45642944779154,14.69182448971732],[76.47169295185442,14.695134153013493],[76.47448166026284,14.696277048572858],[76.47553770443949,14.698147233938299],[76.47831104896167,14.698257826416569],[76.47900096498132,14.711696088254275]]]}},{"type":"Feature","properties":{"type":"village","name":"Nagarakatti","taluk":"Kudligi","district":"Ballari","village_code":"605068"},"geometry":{"type":"Polygon","coordinates":[[[76.23683447277142,14.734637244235342],[76.19864411302665,14.73915696076754],[76.19716283963216,14.725026606638442],[76.19271935631693,14.724752246139806],[76.19108951774413,14.724228479079535],[76.19087088038037,14.72288639914404],[76.1871563376974,14.722543941197493],[76.18371516493177,14.700337194578815],[76.1934538817753,14.698004274160821],[76.1964973218556,14.706643158363033],[76.20644974970185,14.70836975195847],[76.21932228612643,14.704252120672836],[76.22887849225366,14.703133476109581],[76.23622728889448,14.710202833760233],[76.2353597040779,14.712663262154773],[76.2333454090214,14.712318249341626],[76.23303089716231,14.71516286189348],[76.24689481972432,14.718692468612158],[76.24859388337124,14.720229124791915],[76.24585727724924,14.730673753413331],[76.23683447277142,14.734637244235342]]]}},{"type":"Feature","properties":{"type":"village","name":"Thoolahalli","taluk":"Kudligi","district":"Ballari","village_code":"605069"},"geometry":{"type":"Polygon","coordinates":[[[76.24903981606143,14.697536757688965],[76.24463551636057,14.703625795430693],[76.24432265201175,14.709314847734088],[76.23622728889448,14.710202833760233],[76.22887849225366,14.703133476109581],[76.21932228612643,14.704252120672836],[76.20739745256365,14.708292548650354],[76.1964973218556,14.706643158363033],[76.19299322929085,14.694827591418766],[76.19356952998666,14.682016150265875],[76.20167867595534,14.679799405330623],[76.20446323324884,14.677914084905948],[76.22394962942747,14.655131198408357],[76.23052865970133,14.64934414079334],[76.23227518224304,14.652194835930139],[76.23280195971553,14.656831112923626],[76.23927908690018,14.678564404713319],[76.2465155941305,14.694567022892278],[76.24903981606143,14.697536757688965]]]}},{"type":"Feature","properties":{"type":"village","name":"Meenakeri","taluk":"Kudligi","district":"Ballari","village_code":"605110"},"geometry":{"type":"Polygon","coordinates":[[[76.62785636022178,14.720723772234386],[76.62236708071066,14.717854493708026],[76.6108038370161,14.720055276009834],[76.60808443183518,14.720871333215769],[76.60785529136912,14.726510777066087],[76.60338207112304,14.729231132786236],[76.6017046990953,14.729601926355647],[76.59913790959632,14.728463898575477],[76.59654531958408,14.730491723746038],[76.59329212378321,14.730862291892032],[76.59097963206983,14.729328385676327],[76.59042082606419,14.72754739897544],[76.59132981063894,14.724740246096426],[76.59092404881164,14.71959535779996],[76.59250025077543,14.715638084670454],[76.59222121518356,14.712422535392385],[76.58790184220969,14.707895376150345],[76.5852091044163,14.702774848205134],[76.58424525613388,14.693239502965879],[76.59672231284785,14.689828097573994],[76.60444690800972,14.690917401617128],[76.60835350061896,14.687653566004473],[76.61747083391583,14.692548185859263],[76.61748467336112,14.69452295581876],[76.620172574625,14.696660554035375],[76.62410464525236,14.702463003985866],[76.62953647929768,14.700447691237061],[76.63101750924872,14.70267550332819],[76.63495917837488,14.703312567402984],[76.63610129373217,14.704379088711638],[76.6356789130721,14.70600132773199],[76.63733653204505,14.709706813103265],[76.64099049414195,14.712106221621566],[76.62785636022178,14.720723772234386]]]}},{"type":"Feature","properties":{"type":"village","name":"Chitrathagundu","taluk":"Kudligi","district":"Ballari","village_code":"605108"},"geometry":{"type":"Polygon","coordinates":[[[76.65155117036873,14.737303092241323],[76.63787033613973,14.737833671105745],[76.6310841462765,14.731180355127082],[76.62241763789488,14.732441683701673],[76.61438653755809,14.731328267839455],[76.6021363144365,14.73320707078399],[76.58219788960017,14.73438500788355],[76.5766989873357,14.732677214771547],[76.576716342787,14.726184371681018],[76.59132981063894,14.724740246096426],[76.59047151170746,14.728413110372928],[76.59329212378321,14.730862291892032],[76.59654531958408,14.730491723746038],[76.59913790959632,14.728463898575477],[76.6017046990953,14.729601926355647],[76.60785529136912,14.726510777066087],[76.60808443183518,14.720871333215769],[76.62236708071066,14.717854493708026],[76.62785636022178,14.720723772234386],[76.62884759274733,14.725522251016974],[76.64858265068142,14.723190748414037],[76.6505421529972,14.724302170212143],[76.65121548791336,14.725300777391064],[76.65071895402154,14.727781753765854],[76.64829062724718,14.728631540914625],[76.64709754507395,14.730818743864493],[76.65155117036873,14.737303092241323]]]}},{"type":"Feature","properties":{"type":"village","name":"Lokikere","taluk":"Kudligi","district":"Ballari","village_code":"605133"},"geometry":{"type":"Polygon","coordinates":[[[76.51012938261337,14.62899396008172],[76.50121144386856,14.631512166208363],[76.50139719660467,14.640107598038966],[76.50354111137021,14.64504330965791],[76.50328594221878,14.64702193870441],[76.50044022312915,14.647564521219241],[76.50043676012375,14.653748258610166],[76.48833362804508,14.649904147569563],[76.48815022530171,14.63348779784656],[76.4677033432348,14.632350893430518],[76.46613446343885,14.629796081429465],[76.46679180295305,14.628618286618929],[76.48545033691865,14.617825985781582],[76.50001819820191,14.608087702007348],[76.50623182166598,14.602179514631544],[76.50683927683416,14.606310486188669],[76.50876866762161,14.60811716785281],[76.51384808629275,14.609603755790351],[76.5161837257944,14.612251469241826],[76.51785796899003,14.616828272774887],[76.51084672060541,14.61751733325531],[76.50807461396174,14.623600682763254],[76.51012938261337,14.62899396008172]]]}},{"type":"Feature","properties":{"type":"village","name":"Hulikere","taluk":"Kudligi","district":"Ballari","village_code":"605130"},"geometry":{"type":"Polygon","coordinates":[[[76.44077007774253,14.65029276298007],[76.43204748214778,14.655793488046406],[76.43082053977655,14.654307332024807],[76.4267319413042,14.654582988136731],[76.42785732194605,14.646742141272131],[76.4318691791403,14.637438414993078],[76.43255338187477,14.630022657432514],[76.43191771691173,14.625897465137601],[76.42665182056402,14.621660516815167],[76.43216791658298,14.618345109417596],[76.43139204077379,14.615082504892472],[76.43385998235385,14.615568834870707],[76.4349693109999,14.619273489970512],[76.45802822262183,14.614563191874094],[76.47810487572247,14.614151842228152],[76.4794025388628,14.621361504149997],[76.46679180295305,14.628618286618929],[76.46613446343885,14.629796081429465],[76.45993250280215,14.629551729367456],[76.45099118809696,14.64128767612938],[76.44106955809195,14.647837588885999],[76.44077007774253,14.65029276298007]]]}},{"type":"Feature","properties":{"type":"village","name":"Nagenahalli","taluk":"Kudligi","district":"Ballari","village_code":"605120"},"geometry":{"type":"Polygon","coordinates":[[[76.326894499354,14.690751423017266],[76.32850279363133,14.69639559266869],[76.32446249936847,14.697146087758833],[76.32139061233805,14.699591279197893],[76.31964972941971,14.699415015773596],[76.32025628896751,14.703923264715497],[76.31753550577098,14.713650341629032],[76.3224630669383,14.71314002565027],[76.32272558790197,14.714482945789548],[76.32968830210844,14.721198829113296],[76.33001618359386,14.724460051151437],[76.32502149491863,14.729766481867243],[76.3245607957218,14.733123464675815],[76.3281395652361,14.743035790575632],[76.3279335896263,14.74582536875915],[76.31387517372045,14.734247818798687],[76.31486259559253,14.727469861015722],[76.31328589326709,14.726893869713471],[76.3068297228797,14.729689663188923],[76.30453255462838,14.721967504206608],[76.30317020829607,14.719169369239673],[76.30174087099972,14.719920276919995],[76.3001001753884,14.714692183051028],[76.30611360929137,14.708907076807881],[76.30918545769426,14.70716551313549],[76.30999355337775,14.696215068926001],[76.30803693106076,14.688813635630497],[76.31235863156958,14.687256744401232],[76.31446958175742,14.691871215433938],[76.31621029219922,14.692648961273877],[76.32217125460814,14.692442645992196],[76.326894499354,14.690751423017266]]]}},{"type":"Feature","properties":{"type":"village","name":"Mangapura","taluk":"Kudligi","district":"Ballari","village_code":"605121"},"geometry":{"type":"Polygon","coordinates":[[[76.36355596960432,14.731064657832887],[76.3279335896263,14.74582536875915],[76.3281395652361,14.743035790575632],[76.3245607957218,14.733123464675815],[76.32502149491863,14.729766481867243],[76.33001618359386,14.724460051151437],[76.32968830210844,14.721198829113296],[76.32272558790197,14.714482945789548],[76.3224630669383,14.71314002565027],[76.31753550577098,14.713650341629032],[76.32025628896751,14.703923264715497],[76.31964972941971,14.699415015773596],[76.32139061233805,14.699591279197893],[76.32446249936847,14.697146087758833],[76.32850279363133,14.69639559266869],[76.326894499354,14.690751423017266],[76.33527762878936,14.687804401855153],[76.33793102935645,14.685929505063571],[76.34694313939086,14.690519849939621],[76.34822427622487,14.68952880080341],[76.35057268437996,14.689912769095942],[76.34830492517446,14.701390800231936],[76.34851805406888,14.704140509409722],[76.35700825280463,14.71670673002412],[76.36355596960432,14.731064657832887]]]}},{"type":"Feature","properties":{"type":"village","name":"Ujjini","taluk":"Kudligi","district":"Ballari","village_code":"605070"},"geometry":{"type":"Polygon","coordinates":[[[76.3279335896263,14.74582536875915],[76.32821017641068,14.753209275933566],[76.32327244361939,14.761552263330426],[76.3155973384432,14.764810837939098],[76.31375944016912,14.76645809138427],[76.30572617758745,14.762143401043085],[76.30457378011342,14.760460261409126],[76.30190761628276,14.760459320639102],[76.2999996368401,14.756006179669287],[76.28753499304672,14.75344224533395],[76.28446617016974,14.747986041218194],[76.28453260956816,14.746387349569204],[76.2757276438518,14.746191837355255],[76.27374063961358,14.744704240938301],[76.27380750481346,14.742210380949993],[76.27531984734036,14.739908986300328],[76.27854062024761,14.737416568272439],[76.27532316392038,14.732619234909102],[76.26927770507749,14.734023281179459],[76.26533637012461,14.731911125587864],[76.25580947961835,14.731330769076141],[76.24701864889298,14.728378810215084],[76.24859461819312,14.721497627204178],[76.24815893617865,14.719306871906705],[76.23342590435904,14.715393263693098],[76.2333454090214,14.712318249341626],[76.2353597040779,14.712663262154773],[76.23622728889448,14.710202833760233],[76.24432265201175,14.709314847734088],[76.24463551636057,14.703625795430693],[76.24903981606143,14.697536757688965],[76.25692222455743,14.70075520421919],[76.2579321600072,14.69607413856646],[76.2723472412168,14.695769275307581],[76.27334416816294,14.688322456020916],[76.27951073966904,14.684678336209108],[76.28896683484606,14.685192862811903],[76.30161074104767,14.690023594276468],[76.30803693106076,14.688813635630497],[76.30999355337775,14.696215068926001],[76.30953073505516,14.705838723191171],[76.30918545769426,14.70716551313549],[76.30611360929137,14.708907076807881],[76.3001001753884,14.714692183051028],[76.30174087099972,14.719920276919995],[76.30340000992216,14.71953719808482],[76.3068297228797,14.729689663188923],[76.31328589326709,14.726893869713471],[76.31486259559253,14.727469861015722],[76.31387517372045,14.734247818798687],[76.3279335896263,14.74582536875915]]]}},{"type":"Feature","properties":{"type":"village","name":"Joladakudligi","taluk":"Kudligi","district":"Ballari","village_code":"605065"},"geometry":{"type":"Polygon","coordinates":[[[76.25149459013606,14.775828224076808],[76.24213389514387,14.780358192313459],[76.2415860243302,14.78189334997549],[76.23455854877828,14.78780299390533],[76.23195478282558,14.793343355169599],[76.22835375305854,14.793578515418373],[76.22383959119504,14.78430395706379],[76.22521046613271,14.782301296900313],[76.22432431044427,14.775436038092044],[76.20277101117115,14.776428310432793],[76.19194990256368,14.771926772843432],[76.19426834831081,14.760171584677588],[76.19743355233292,14.754499528644219],[76.19865443826255,14.753270031887899],[76.20060470140561,14.753260357185871],[76.20097040016788,14.739178829946487],[76.23234835631114,14.735530196417592],[76.23184227332784,14.74311516124836],[76.22923895563446,14.752627422078197],[76.23212241474582,14.758966222276415],[76.23183279161002,14.762803763362028],[76.24768609175916,14.763829668711747],[76.24699227076297,14.767351343847407],[76.25081218043888,14.77200642135756],[76.25149459013606,14.775828224076808]]]}},{"type":"Feature","properties":{"type":"village","name":"Kadekolla","taluk":"Kudligi","district":"Ballari","village_code":"605098"},"geometry":{"type":"Polygon","coordinates":[[[76.50332482399925,14.783134525302673],[76.49157446033266,14.782875414784142],[76.4856167120958,14.779980553876213],[76.48042598677104,14.784032283118778],[76.47909137861805,14.787673622565965],[76.47592351917596,14.790498368797815],[76.47504509169391,14.78997866504201],[76.47172051576058,14.78377594443285],[76.47018940024087,14.774971900773094],[76.46629271425256,14.769363754154726],[76.465071096196,14.7695870982888],[76.46381013462495,14.766987072084795],[76.46209177606404,14.766207538868136],[76.46190027860166,14.764684463658483],[76.45861617985675,14.762530937613693],[76.45834810011807,14.760450560098143],[76.4570497102407,14.759299331602149],[76.45766033017364,14.758779058927846],[76.45248967231397,14.751132992089579],[76.45071712737514,14.746173289156877],[76.45428075129378,14.74321465710603],[76.4547841150767,14.743883932777807],[76.46051656314535,14.742427231315613],[76.46227355555166,14.740476229632229],[76.46623187315501,14.739147909204668],[76.46925438877739,14.739178729170881],[76.47321403139576,14.741063523924494],[76.48560053882743,14.742352946011728],[76.49371707164266,14.74522658878525],[76.49496499416738,14.74428275459709],[76.49900736443689,14.745694011711166],[76.51210155836117,14.742040485113186],[76.51535466163553,14.742363661952234],[76.51636280225136,14.74670348675578],[76.50586526231767,14.757725193830238],[76.50619225806425,14.765120351811243],[76.50441428819941,14.769204944201809],[76.50332482399925,14.783134525302673]]]}},{"type":"Feature","properties":{"type":"village","name":"Solladahalli","taluk":"Kudligi","district":"Ballari","village_code":"605119"},"geometry":{"type":"Polygon","coordinates":[[[76.39245599579986,14.789701295277617],[76.38194639778013,14.789185605813715],[76.37055971256473,14.791289043409511],[76.36684861941244,14.781086653910124],[76.36573174312139,14.77999973413168],[76.36335354593315,14.780280058210202],[76.36331762320324,14.779123127323114],[76.36468680481659,14.778807641814293],[76.36475040464038,14.769534439957617],[76.36986656799994,14.771883640418183],[76.36867780672323,14.765222348008288],[76.36942870397763,14.750163025742602],[76.36259487375996,14.749874933889588],[76.36355596960432,14.731064657832887],[76.37140049883976,14.726327396403006],[76.40298753696706,14.728068702833777],[76.40633893030653,14.731905051047864],[76.40982128004815,14.731712767270015],[76.41511148211254,14.737467098091521],[76.41884055414693,14.738473629698854],[76.42330964304102,14.743124806864204],[76.4255267372645,14.740662526072722],[76.42631577429094,14.74312427172061],[76.42738837082501,14.747119616203786],[76.42097106515007,14.754293549862767],[76.41875989801085,14.769748491277808],[76.41356816028473,14.773464320599636],[76.41421838604022,14.780151323408464],[76.41864833533738,14.784942906861604],[76.41062998299279,14.783978354087846],[76.40547595205078,14.787322512345495],[76.39444109560966,14.785428885660522],[76.39245599579986,14.789701295277617]]]}},{"type":"Feature","properties":{"type":"village","name":"Kodihalli","taluk":"Kudligi","district":"Ballari","village_code":"605059"},"geometry":{"type":"Polygon","coordinates":[[[76.26752321088597,14.822850913567773],[76.26508836683423,14.827144472026806],[76.26477139718456,14.830352256656296],[76.25557350207468,14.8278583071411],[76.24861394095488,14.827695385583988],[76.24196301042402,14.825830050021047],[76.24216190012287,14.821592122902018],[76.24013867671073,14.822727715907098],[76.24023126606706,14.814502461772632],[76.23734896668073,14.806507224057341],[76.26198216865153,14.805739319393403],[76.26143881097386,14.811120671575338],[76.26019550758636,14.811102489335374],[76.25956176232307,14.816921925823038],[76.26422868539555,14.816889314864298],[76.26887858090184,14.814893185874928],[76.26752321088597,14.822850913567773]]]}},{"type":"Feature","properties":{"type":"village","name":"Banavikal","taluk":"Kudligi","district":"Ballari","village_code":"605118"},"geometry":{"type":"Polygon","coordinates":[[[76.45912683975642,14.800201052594213],[76.44755682006966,14.79983336536656],[76.44194279510826,14.79671430034818],[76.43968997668254,14.79682642694639],[76.43380895085917,14.794078792694874],[76.43258515977796,14.786983371242485],[76.41864833533738,14.784942906861604],[76.41421838604022,14.780151323408464],[76.41356816028473,14.773464320599636],[76.41875989801085,14.769748491277808],[76.42097106515007,14.754293549862767],[76.42738837082501,14.747119616203786],[76.43520959416873,14.745682049307907],[76.43599873629806,14.74796788496555],[76.44028631609739,14.747822903324614],[76.4437812260833,14.744036742615744],[76.45071712737514,14.746173289156877],[76.45248967231397,14.751132992089579],[76.45766033017364,14.758779058927846],[76.4570497102407,14.759299331602149],[76.45834810011807,14.760450560098143],[76.45861617985675,14.762530937613693],[76.46190027860166,14.764684463658483],[76.46209177606404,14.766207538868136],[76.46381013462495,14.766987072084795],[76.465071096196,14.7695870982888],[76.46629271425256,14.769363754154726],[76.47018940024087,14.774971900773094],[76.47172051576058,14.78377594443285],[76.47592351917596,14.790498368797815],[76.47153343800942,14.792543487577722],[76.46748554220258,14.791393397581912],[76.46626676911052,14.798935354177926],[76.45912683975642,14.800201052594213]]]}},{"type":"Feature","properties":{"type":"village","name":"Palayyanakota","taluk":"Kudligi","district":"Ballari","village_code":"605113"},"geometry":{"type":"Polygon","coordinates":[[[76.37055971256473,14.791289043409511],[76.36753281136711,14.79353276865174],[76.36713625637316,14.798335840734175],[76.36558663466027,14.800334114582796],[76.36553240875645,14.802279908094414],[76.36070381678061,14.800596745168464],[76.3536409529964,14.799824840912335],[76.34902877415566,14.796949412648006],[76.34782241218757,14.790883972638419],[76.34868820037356,14.782890543723505],[76.34126626829219,14.778401899778547],[76.3356454888982,14.77710374739734],[76.33510642426927,14.76977620415169],[76.33427772213146,14.769776077331233],[76.33492776912219,14.761887832227949],[76.33399200397217,14.756663797335017],[76.33567439219249,14.751125879980139],[76.33263991460375,14.74642590017594],[76.33142448324456,14.745626350716513],[76.3279335896263,14.74582536875915],[76.36355596960432,14.731064657832887],[76.36259487375996,14.749874933889588],[76.36942870397763,14.750163025742602],[76.36867780672323,14.765222348008288],[76.36986656799994,14.771883640418183],[76.36475040464038,14.769534439957617],[76.36468680481659,14.778807641814293],[76.36331762320324,14.779123127323114],[76.36335354593315,14.780280058210202],[76.36573174312139,14.77999973413168],[76.36684861941244,14.781086653910124],[76.37055971256473,14.791289043409511]]]}},{"type":"Feature","properties":{"type":"village","name":"Hirevaddarahalli","taluk":"Kudligi","district":"Ballari","village_code":"605066"},"geometry":{"type":"Polygon","coordinates":[[[76.30175060694079,14.798375946327324],[76.29556817927158,14.80492989112465],[76.27966279480222,14.794738978015541],[76.27750317658727,14.789163561004841],[76.26114484628027,14.787578215398854],[76.25891393686604,14.781722137097452],[76.25149459013606,14.775828224076808],[76.25081218043888,14.77200642135756],[76.24699227076297,14.767351343847407],[76.24768609175916,14.763829668711747],[76.24993507976852,14.762294426853513],[76.250296339955,14.76057678308504],[76.24532217239407,14.754705401250053],[76.25555955932317,14.75511036921305],[76.26157499736755,14.75739230968845],[76.27294100965331,14.759308565617374],[76.27281447026745,14.760325170962064],[76.28016386967782,14.761345168041728],[76.28037966207705,14.76230940607866],[76.30457378011342,14.760460261409126],[76.30572617758745,14.762143401043085],[76.31375944016912,14.76645809138427],[76.30878603168465,14.77038334400093],[76.30687331362886,14.78033957059361],[76.3078457048896,14.781917575670036],[76.30795158841384,14.788894438013179],[76.30652537994963,14.798202251196733],[76.30175060694079,14.798375946327324]]]}},{"type":"Feature","properties":{"type":"village","name":"Kasapura","taluk":"Kudligi","district":"Ballari","village_code":"605093"},"geometry":{"type":"Polygon","coordinates":[[[76.67269648089098,14.790246320574571],[76.64071960087979,14.807625763603196],[76.6364749174319,14.805839397122014],[76.63364534016958,14.808914629136604],[76.63072527201543,14.806893938887198],[76.62861806420908,14.808914701220173],[76.6269925339564,14.81333707137457],[76.62590874980374,14.81333702882011],[76.62389174003843,14.811696980745355],[76.62274800142544,14.799425694584377],[76.60188696187656,14.80159148541758],[76.60231671321353,14.793954891665395],[76.60451474339006,14.789257363253526],[76.61834180268607,14.785978785669085],[76.63464909700679,14.785038439392808],[76.65279889167081,14.77950192769332],[76.66010487101192,14.77194027126864],[76.66504410488807,14.773993351998065],[76.6669391997946,14.775298927877179],[76.66585778988927,14.778963911920755],[76.6672934809696,14.782542616068909],[76.6700160868479,14.787544568174624],[76.67283061463424,14.787747324345847],[76.67269648089098,14.790246320574571]]]}},{"type":"Feature","properties":{"type":"village","name":"Sunkadakal","taluk":"Kudligi","district":"Ballari","village_code":"605112"},"geometry":{"type":"Polygon","coordinates":[[[76.34785821274659,14.792216206777267],[76.33704720928776,14.796877465808251],[76.32279586759823,14.795279290167732],[76.316163883435,14.801360326382138],[76.31182172020236,14.800868310654247],[76.30652537994963,14.798202251196733],[76.30795158841384,14.788894438013179],[76.3078457048896,14.781917575670036],[76.30687331362886,14.78033957059361],[76.30878603168465,14.77038334400093],[76.3155973384432,14.764810837939098],[76.32327244361939,14.761552263330426],[76.32821017641068,14.753209275933566],[76.3279335896263,14.74582536875915],[76.33142448324456,14.745626350716513],[76.33263991460375,14.74642590017594],[76.33567439219249,14.751125879980139],[76.33399200397217,14.756663797335017],[76.33492776912219,14.761887832227949],[76.33427772213146,14.769776077331233],[76.33510642426927,14.76977620415169],[76.3356454888982,14.77710374739734],[76.34126626829219,14.778401899778547],[76.34868820037356,14.782890543723505],[76.34785821274659,14.792216206777267]]]}},{"type":"Feature","properties":{"type":"village","name":"Kannanayakanakatte","taluk":"Kudligi","district":"Ballari","village_code":"605064"},"geometry":{"type":"Polygon","coordinates":[[[76.19544856930413,14.79908971903299],[76.19311126073268,14.798622426592027],[76.19270118339874,14.803360960731093],[76.18409217887337,14.80282927121484],[76.1843286828298,14.789415001628887],[76.16856980729509,14.789701899790824],[76.16897851200325,14.785184717311209],[76.17306455207368,14.780457310666145],[76.17993504972465,14.768770110079132],[76.18092770877482,14.764092843801292],[76.18683500403206,14.765126238664129],[76.1861482384041,14.767028859083494],[76.19236225533025,14.768373848731235],[76.19194990256368,14.771926772843432],[76.20277101117115,14.776428310432793],[76.22496752305231,14.775894577104975],[76.22521046613271,14.782301296900313],[76.22383959119504,14.78430395706379],[76.21601628555653,14.784900365044901],[76.21179759755631,14.784134427649297],[76.21028944297528,14.786203859407689],[76.2046305426739,14.785705268109956],[76.20219753298196,14.791278615632704],[76.19582008555616,14.796619550287673],[76.19544856930413,14.79908971903299]]]}},{"type":"Feature","properties":{"type":"village","name":"Chapparadahalli","taluk":"Kudligi","district":"Ballari","village_code":"605061"},"geometry":{"type":"Polygon","coordinates":[[[76.21028944297528,14.786203859407689],[76.20878306077029,14.793044999699234],[76.21039554838337,14.794512667651237],[76.20792905039598,14.802188254943399],[76.21417357860074,14.807791939692247],[76.20807194810315,14.817270779664192],[76.20810780615437,14.821542023418242],[76.19057323888235,14.820711943888194],[76.19544651755203,14.808265318646637],[76.2012413293626,14.80319157127134],[76.20473918043277,14.801655460417757],[76.19544856930413,14.79908971903299],[76.19582008555616,14.796619550287673],[76.20219753298196,14.791278615632704],[76.2046305426739,14.785705268109956],[76.21028944297528,14.786203859407689]]]}},{"type":"Feature","properties":{"type":"village","name":" ","taluk":"Kudligi","district":"Ballari","village_code":" "},"geometry":{"type":"Polygon","coordinates":[[[76.19311126073268,14.798622426592027],[76.20261230580991,14.80052158865671],[76.20473918043277,14.801655460417757],[76.2012413293626,14.80319157127134],[76.19544651755203,14.808265318646637],[76.19366251460171,14.806630738386827],[76.19270118339874,14.803360960731093],[76.19311126073268,14.798622426592027]]]}},{"type":"Feature","properties":{"type":"village","name":"Haralu","taluk":"Kudligi","district":"Ballari","village_code":"605063"},"geometry":{"type":"Polygon","coordinates":[[[76.19057323888235,14.820711943888194],[76.18568001222349,14.82030178264301],[76.17616262768959,14.822061792189267],[76.17065425808035,14.825659822746092],[76.16469469704326,14.826962293071222],[76.1605981035649,14.829949790263855],[76.16050496443961,14.828309483308832],[76.1576807483229,14.829154899094217],[76.15684443296308,14.827966549769148],[76.15523713940894,14.82786731592823],[76.15336893916371,14.82137392128516],[76.15171531499881,14.82151416865605],[76.15152959729699,14.822630364139274],[76.14982015631189,14.821884919372295],[76.14643397840798,14.823516477938686],[76.14363217166436,14.813850792797899],[76.14427269291981,14.809033687680628],[76.14248407532392,14.80363378728743],[76.14268315995719,14.796308677769538],[76.14292910430895,14.79324033601135],[76.14699736492325,14.789525570339102],[76.14939324904111,14.7839310861572],[76.16897851200325,14.785184717311209],[76.16856980729509,14.789701899790824],[76.1843286828298,14.789415001628887],[76.18409217887337,14.80282927121484],[76.19270118339874,14.803360960731093],[76.19366251460171,14.806630738386827],[76.19544651755203,14.808265318646637],[76.19057323888235,14.820711943888194]]]}},{"type":"Feature","properties":{"type":"village","name":"Sirinayakanahalli","taluk":"Kudligi","district":"Ballari","village_code":"605060"},"geometry":{"type":"Polygon","coordinates":[[[76.26477139718456,14.830352256656296],[76.26406570135859,14.835978934783423],[76.25644300299777,14.835992516926263],[76.23814989111334,14.832393071622024],[76.23942143573674,14.828717750171005],[76.23924858909629,14.82613170459506],[76.24027796678374,14.82669851688786],[76.24096356819508,14.8258305971185],[76.24353617338724,14.82582927540049],[76.24861394095488,14.827695385583988],[76.25557350207468,14.8278583071411],[76.26477139718456,14.830352256656296]]]}},{"type":"Feature","properties":{"type":"village","name":" ","taluk":"Hadagalli","district":"Ballari","village_code":" "},"geometry":{"type":"Polygon","coordinates":[[[75.77295749281025,14.791651735349037],[75.76632602966987,14.79784161036429],[75.75929460961557,14.791161202792045],[75.75054072300455,14.78478699109308],[75.74826533171236,14.773304215926746],[75.74372572417018,14.769898427751018],[75.74369986796134,14.762825073353003],[75.74482187722595,14.760402460943169],[75.7486365587069,14.75987491143066],[75.75853188693873,14.761130906916058],[75.75984984571627,14.775779539407823],[75.76979069787176,14.780592465903167],[75.77154544359155,14.782292518131035],[75.77295749281025,14.791651735349037]]]}},{"type":"Feature","properties":{"type":"village","name":"Chikkajogi Tanda","taluk":"Kudligi","district":"Ballari","village_code":"605101"},"geometry":{"type":"Polygon","coordinates":[[[76.51535466163553,14.742363661952234],[76.51210155836117,14.742040485113186],[76.49900736443689,14.745694011711166],[76.49496499416738,14.74428275459709],[76.49371707164266,14.74522658878525],[76.48560053882743,14.742352946011728],[76.47321403139576,14.741063523924494],[76.4674473449384,14.73908346839081],[76.46339025577292,14.739868384283636],[76.46051656314535,14.742427231315613],[76.4547841150767,14.743883932777807],[76.45428075129378,14.74321465710603],[76.45641529573255,14.740464320804817],[76.46222877183983,14.736433721300571],[76.46189671498495,14.727481469079134],[76.46907491257016,14.727494704407942],[76.46989670307018,14.728741341238132],[76.47344478164281,14.728963693196341],[76.47508702684797,14.728179693695694],[76.47823857557948,14.723334525759126],[76.4767922978535,14.72157665297954],[76.47621596392007,14.718443540590357],[76.47941723889409,14.7149411944192],[76.47789779877813,14.692502941832197],[76.48108044987973,14.681382181993637],[76.48338218875918,14.679903461850559],[76.48846294322516,14.679365734582102],[76.49087615674318,14.700106530115619],[76.49000992838269,14.708339886878473],[76.49334561737437,14.711167823865399],[76.49692495821722,14.708927974142547],[76.49975550296509,14.709161793728581],[76.50481006165906,14.713740471630032],[76.50020684620821,14.719723772206654],[76.51186935284338,14.724256304613615],[76.51450798061565,14.733038390297686],[76.51535466163553,14.742363661952234]]]}},{"type":"Feature","properties":{"type":"village","name":"Hurlihalu","taluk":"Kudligi","district":"Ballari","village_code":"605107"},"geometry":{"type":"Polygon","coordinates":[[[76.5766989873357,14.732677214771547],[76.56856585724726,14.733936678975274],[76.56114367363763,14.737100712982087],[76.5598950665967,14.747661898019944],[76.55215875830186,14.743211192573959],[76.55143556419247,14.739593538594907],[76.54850018066105,14.73939464690684],[76.5486790217594,14.73668629236119],[76.54687574455637,14.733185739648626],[76.54707994509518,14.730860723728796],[76.545454273807,14.728411490064191],[76.54578564884058,14.725616550741101],[76.5439566492777,14.723389786952575],[76.54342384590628,14.720965658409753],[76.54205190915997,14.720025216173381],[76.5412402067406,14.715968419132057],[76.53313357874967,14.71559420430823],[76.53217797789988,14.691947585147869],[76.53289087911271,14.688682950707468],[76.5327900737648,14.686605147866265],[76.53146919276766,14.68561521932972],[76.53162330414453,14.68183708931144],[76.54478521127832,14.682052426823567],[76.55301730427004,14.683539341660135],[76.55586338627906,14.682946608264643],[76.55855737722227,14.681018113291836],[76.56668759407422,14.683592874104065],[76.56653390670218,14.687896605433574],[76.56922629774584,14.692102263107104],[76.57811962983844,14.693538905009364],[76.58424525613388,14.693239502965879],[76.5852091044163,14.702774848205134],[76.58790184220969,14.707895376150345],[76.59222121518356,14.712422535392385],[76.59250025077543,14.715638084670454],[76.59092404881164,14.71959535779996],[76.59132981063894,14.724740246096426],[76.5769197492151,14.725949415695684],[76.5766989873357,14.732677214771547]]]}},{"type":"Feature","properties":{"type":"village","name":"Harakabhavi","taluk":"Kudligi","district":"Ballari","village_code":"605123"},"geometry":{"type":"Polygon","coordinates":[[[76.4437812260833,14.744036742615744],[76.44028631609739,14.747822903324614],[76.43599873629806,14.74796788496555],[76.43520959416873,14.745682049307907],[76.42738837082501,14.747119616203786],[76.4255267372645,14.740662526072722],[76.42330964304102,14.743124806864204],[76.41884055414693,14.738473629698854],[76.41511148211254,14.737467098091521],[76.40982128004815,14.731712767270015],[76.40633893030653,14.731905051047864],[76.40298753696706,14.728068702833777],[76.38602529085415,14.7274060822504],[76.38739478597951,14.696405335932855],[76.38682789603462,14.682885393015225],[76.38860368209502,14.683002295921597],[76.39055140300583,14.688050207881819],[76.39587477626041,14.690463282214077],[76.40188422972835,14.690496125020726],[76.40169530414266,14.706784454653352],[76.40619155090441,14.710667010982867],[76.42089691371496,14.709505120704025],[76.43265885127566,14.706613215716025],[76.43537116156244,14.711055273417248],[76.44573524598091,14.710200652025646],[76.44646576315647,14.707768485749225],[76.45796898232207,14.707992177179184],[76.4558496481577,14.720865170616465],[76.4469475619827,14.722258797221983],[76.44681996887299,14.73408875212063],[76.4437812260833,14.744036742615744]]]}},{"type":"Feature","properties":{"type":"village","name":"Gundumunugu","taluk":"Kudligi","district":"Ballari","village_code":"605102"},"geometry":{"type":"Polygon","coordinates":[[[76.53929829164146,14.758920997243814],[76.5292129849984,14.759233127263146],[76.52377409558483,14.757544329095854],[76.51941881155912,14.754989335227327],[76.51576637839486,14.745016609403422],[76.51450798061565,14.733038390297686],[76.51186935284338,14.724256304613615],[76.50020684620821,14.719723772206654],[76.5049114491153,14.714309387838279],[76.49975550296509,14.709161793728581],[76.49692495821722,14.708927974142547],[76.49334561737437,14.711167823865399],[76.49000992838269,14.708339886878473],[76.49087615674318,14.700106530115619],[76.48846294322516,14.679365734582102],[76.49415801419147,14.6802341466839],[76.49521924344393,14.678515727861766],[76.50173402081879,14.676928679292327],[76.50194358879143,14.67555680843241],[76.50898970977536,14.676322773844426],[76.51038832918056,14.668223223845402],[76.53055687364659,14.679956795316597],[76.53162330414453,14.68183708931144],[76.53146919276766,14.68561521932972],[76.5327900737648,14.686605147866265],[76.53217797789988,14.691947585147869],[76.53313357874967,14.71559420430823],[76.5412402067406,14.715968419132057],[76.54205190915997,14.720025216173381],[76.54342384590628,14.720965658409753],[76.5439566492777,14.723389786952575],[76.54578564884058,14.725616550741101],[76.545454273807,14.728411490064191],[76.54707994509518,14.730860723728796],[76.54687574455637,14.733185739648626],[76.5486790217594,14.73668629236119],[76.54830962193817,14.739134830090967],[76.55161335156698,14.740063507762546],[76.55215875830186,14.743211192573959],[76.54268503009413,14.751134740798033],[76.53929829164146,14.758920997243814]]]}},{"type":"Feature","properties":{"type":"village","name":"Uradihalli","taluk":"Kudligi","district":"Ballari","village_code":"605105"},"geometry":{"type":"Polygon","coordinates":[[[76.66010487101192,14.77194027126864],[76.65279889167081,14.77950192769332],[76.63167788686525,14.785557357630688],[76.6311964051443,14.781669256744111],[76.63304966640635,14.77426788929656],[76.6314698711814,14.756883354019948],[76.62361784011506,14.75113629578465],[76.62241763789488,14.732441683701673],[76.6310841462765,14.731180355127082],[76.63850576125259,14.7379820727568],[76.65155117036873,14.737303092241323],[76.64960577429787,14.738817058208683],[76.64967573688881,14.742070738249058],[76.65112937630856,14.744126694992014],[76.64968105491529,14.748523701033243],[76.65094213865723,14.752426539939217],[76.64875990266003,14.754672653245244],[76.64882506195916,14.756285872756052],[76.65041341273891,14.758030043420685],[76.65543330634439,14.757749249351534],[76.65779802341346,14.764821075014428],[76.66022221703916,14.765656706259236],[76.66010487101192,14.77194027126864]]]}},{"type":"Feature","properties":{"type":"village","name":"Hulikunta","taluk":"Kudligi","district":"Ballari","village_code":"605097"},"geometry":{"type":"Polygon","coordinates":[[[76.54400944506358,14.776301980258175],[76.53491000980043,14.777258808765433],[76.53488436110244,14.780959491731638],[76.52726196277891,14.77822133193837],[76.52393309739011,14.77792163888463],[76.51319495897891,14.78208567886353],[76.50332482399925,14.783134525302673],[76.50441428819941,14.769204944201809],[76.50619225806425,14.765120351811243],[76.50634737196098,14.7566711316469],[76.51035172912094,14.753803001583329],[76.51636280225136,14.74670348675578],[76.51941881155912,14.754989335227327],[76.52377409558483,14.757544329095854],[76.5292129849984,14.759233127263146],[76.53815506866142,14.758768290806344],[76.54360618504433,14.760351422195592],[76.54776584744215,14.772696324194875],[76.54400944506358,14.776301980258175]]]}},{"type":"Feature","properties":{"type":"village","name":"Gandabommanahalli","taluk":"Kudligi","district":"Ballari","village_code":"605104"},"geometry":{"type":"Polygon","coordinates":[[[76.63167788686525,14.785557357630688],[76.61834180268607,14.785978785669085],[76.60451474339006,14.789257363253526],[76.60045617919093,14.783377472130395],[76.58866164087023,14.778129211742122],[76.58175353614824,14.776137054297935],[76.57147489768299,14.776720266273077],[76.5674812223901,14.768357544381132],[76.5679888289161,14.760464419734188],[76.5773051570147,14.749744142211648],[76.58337183406461,14.757127693161639],[76.58708215915733,14.757101290388011],[76.58719767801128,14.760630544190573],[76.58506122465255,14.762171043656135],[76.58622666656278,14.763147352400038],[76.58840012422306,14.761977324650339],[76.59195720391483,14.762972088953848],[76.59342031696754,14.76099304235923],[76.59619730415814,14.761043093280655],[76.59799462103926,14.759357822089076],[76.59958263135752,14.761337278809323],[76.60258722379334,14.760700490332061],[76.60571733333228,14.758671794653939],[76.60837384027364,14.754957501129626],[76.61194481869947,14.75529670438112],[76.61705273642305,14.759458909749862],[76.61979257109013,14.756476565985018],[76.62249057211278,14.760032947263097],[76.62491369764162,14.756291409767208],[76.62627360684462,14.758130131848311],[76.6314365868035,14.75955880988636],[76.63304966640635,14.77426788929656],[76.6311964051443,14.781669256744111],[76.63167788686525,14.785557357630688]]]}},{"type":"Feature","properties":{"type":"village","name":"Amalapura","taluk":"Kudligi","district":"Ballari","village_code":"605117"},"geometry":{"type":"Polygon","coordinates":[[[76.417338249395,14.822929283305768],[76.41581054567676,14.8220936103667],[76.41563837277278,14.820199031615724],[76.41071097869208,14.813011167205378],[76.40261417198214,14.803315964673926],[76.4036068103711,14.802015638943066],[76.40181170963378,14.797892132217445],[76.40497952236352,14.787322560985006],[76.40738491514865,14.786504968084424],[76.40998088372469,14.784126965715037],[76.43258515977796,14.786983371242485],[76.43380895085917,14.794078792694874],[76.43968997668254,14.79682642694639],[76.44194279510826,14.79671430034818],[76.44755682006966,14.79983336536656],[76.45912683975642,14.800201052594213],[76.4549356941028,14.805281505230779],[76.45613426767738,14.806469588206326],[76.44708574802624,14.818910130739178],[76.4458633861646,14.817981677267403],[76.4425028183311,14.817759801980731],[76.4258727359726,14.820308532955972],[76.42302749388837,14.819064630738097],[76.42039287529722,14.820588230031687],[76.41918970414503,14.819715485936351],[76.41957200377374,14.821777243390011],[76.417338249395,14.822929283305768]]]}},{"type":"Feature","properties":{"type":"village","name":"Kalapura","taluk":"Kudligi","district":"Ballari","village_code":"605067"},"geometry":{"type":"Polygon","coordinates":[[[76.30190761628276,14.760459320639102],[76.28037966207705,14.76230940607866],[76.28016386967782,14.761345168041728],[76.27281447026745,14.760325170962064],[76.27294100965331,14.759308565617374],[76.26157499736755,14.75739230968845],[76.25555955932317,14.75511036921305],[76.24532217239407,14.754705401250053],[76.25015260591624,14.759945570126574],[76.24993507976852,14.762294426853513],[76.24768609175916,14.763829668711747],[76.23183279161002,14.762803763362028],[76.23212241474582,14.758966222276415],[76.22923895563446,14.752627422078197],[76.23184227332784,14.74311516124836],[76.23234835631114,14.735530196417592],[76.24455448113541,14.731692973738149],[76.24701864889298,14.728378810215084],[76.25580947961835,14.731330769076141],[76.26533637012461,14.731911125587864],[76.26927770507749,14.734023281179459],[76.27532316392038,14.732619234909102],[76.27854062024761,14.737416568272439],[76.27531984734036,14.739908986300328],[76.27380750481346,14.742210380949993],[76.27374063961358,14.744704240938301],[76.2757276438518,14.746191837355255],[76.28453260956816,14.746387349569204],[76.28446617016974,14.747986041218194],[76.28753499304672,14.75344224533395],[76.2999996368401,14.756006179669287],[76.30190761628276,14.760459320639102]]]}},{"type":"Feature","properties":{"type":"village","name":"Kuravathi","taluk":"Hadagalli","district":"Ballari","village_code":"604599"},"geometry":{"type":"Polygon","coordinates":[[[75.71900163964204,14.796413902396742],[75.71519199501488,14.794945997170043],[75.70728196512053,14.795013758325299],[75.70684912357898,14.797936449348551],[75.70411308519226,14.800080543126917],[75.70261097717139,14.799399164937991],[75.70170872906294,14.796541860644147],[75.69887170656358,14.796282999767023],[75.69903817965705,14.795048946035756],[75.69706887402661,14.794627405331386],[75.69313055112487,14.794596033021868],[75.68415292561761,14.796644172123166],[75.68008085973976,14.79563845007472],[75.68859696678663,14.784772007337601],[75.69178688076731,14.782299259204422],[75.71340487491055,14.77887606640421],[75.71762087155818,14.776746051691207],[75.7224162707843,14.77197670311446],[75.72263635443565,14.765510116375125],[75.73094560193046,14.762123791828904],[75.74482187722595,14.760402460943169],[75.74369986796134,14.762825073353003],[75.74372572417018,14.769898427751018],[75.74826533171236,14.773304215926746],[75.75054072300455,14.78478699109308],[75.7581751120405,14.790434343605252],[75.73798748196793,14.794530419621044],[75.72532336996066,14.7989360889429],[75.72407185507313,14.799099039076621],[75.71934760780742,14.795642570379547],[75.71900163964204,14.796413902396742]]]}},{"type":"Feature","properties":{"type":"village","name":"Dombrahalli","taluk":"Hadagalli","district":"Ballari","village_code":"604595"},"geometry":{"type":"Polygon","coordinates":[[[75.7581751120405,14.790434343605252],[75.75736673159108,14.798758987067991],[75.75397591029542,14.803227058155686],[75.74910307269859,14.804811578967358],[75.74555841041898,14.807409344808848],[75.73895008877862,14.808321763702407],[75.73875177579819,14.811991278271275],[75.73461358133902,14.813551854153317],[75.72921000919084,14.821412834607527],[75.71789535987807,14.824209985866046],[75.71438781329108,14.817781824776375],[75.70984793535594,14.816939188760452],[75.7102513606652,14.813814348876646],[75.7245363110245,14.811340967841518],[75.72557036983288,14.809814287300137],[75.72643601159346,14.805040440635674],[75.72199650511999,14.804295313138324],[75.72189469006571,14.800755914302353],[75.7186557424436,14.79718523601377],[75.71934760780742,14.795642570379547],[75.72407185507313,14.799099039076621],[75.72532336996066,14.7989360889429],[75.73798748196793,14.794530419621044],[75.7581751120405,14.790434343605252]]]}},{"type":"Feature","properties":{"type":"village","name":"Mylar","taluk":"Hadagalli","district":"Ballari","village_code":"604594"},"geometry":{"type":"Polygon","coordinates":[[[75.7245363110245,14.811340967841518],[75.69491055118228,14.816164528938321],[75.68149364917024,14.82207802042428],[75.67358991826265,14.826736917762616],[75.67085290520384,14.817316430235048],[75.66425523309123,14.807895752676693],[75.66360885841337,14.803530574999538],[75.66597706004742,14.799761473331284],[75.67586997899768,14.798756478790308],[75.68008085973976,14.79563845007472],[75.68415292561761,14.796644172123166],[75.69313055112487,14.794596033021868],[75.69706887402661,14.794627405331386],[75.69903817965705,14.795048946035756],[75.69887170656358,14.796282999767023],[75.70170872906294,14.796541860644147],[75.70261097717139,14.799399164937991],[75.70411308519226,14.800080543126917],[75.70684912357898,14.797936449348551],[75.70728196512053,14.795013758325299],[75.71702795382625,14.795497317427882],[75.71900163964204,14.796413902396742],[75.7186557424436,14.79718523601377],[75.72189469006571,14.800755914302353],[75.72199650511999,14.804295313138324],[75.72643601159346,14.805040440635674],[75.72600367131183,14.808645039963599],[75.7245363110245,14.811340967841518]]]}},{"type":"Feature","properties":{"type":"village","name":"Hyarada","taluk":"Hadagalli","district":"Ballari","village_code":"604598"},"geometry":{"type":"Polygon","coordinates":[[[75.81114274473433,14.82931734975111],[75.80332786259822,14.83034706020723],[75.79861740626875,14.831909949165526],[75.7967497171649,14.834674944370068],[75.7897990718243,14.836153099801452],[75.78798994209723,14.835733328055454],[75.7878470075591,14.834140836883732],[75.77434892569319,14.834470374653003],[75.76859107686154,14.83374135086111],[75.76523308270136,14.829702898416738],[75.76274918704185,14.829184817048695],[75.76390019482213,14.824771388636243],[75.76306822102003,14.82306690009413],[75.76111536713572,14.823205550213908],[75.75996942315868,14.81812050172585],[75.75994159874108,14.81647218057238],[75.76313147409417,14.811920190123944],[75.76339047096698,14.810802794804799],[75.7621849076012,14.809768523983909],[75.76632602966987,14.79784161036429],[75.77329670474639,14.791511783068673],[75.77652722706944,14.78571996777885],[75.78449922275209,14.78068939704056],[75.79879829732258,14.768932004009507],[75.81387073421608,14.776456235263266],[75.81633246304764,14.775557576648735],[75.82318228776894,14.776458577894838],[75.82793178488068,14.783477587101405],[75.83373468063053,14.79673722594301],[75.83483410714717,14.803637790193136],[75.83311828902191,14.81312258105379],[75.81803966722767,14.834534047299957],[75.81300076976231,14.829855586193547],[75.81114274473433,14.82931734975111]]]}},{"type":"Feature","properties":{"type":"village","name":"Harivi","taluk":"Hadagalli","district":"Ballari","village_code":"604601"},"geometry":{"type":"Polygon","coordinates":[[[75.7562523418367,14.738800705599376],[75.75756558625561,14.75394521070475],[75.75103625437654,14.748301382073747],[75.74172155133026,14.748045566785967],[75.73588064696243,14.749013252634704],[75.7292447847721,14.746858225789527],[75.72870322192836,14.745367249351874],[75.72365586323137,14.746948376806602],[75.72204174876927,14.745615642755153],[75.71794321223496,14.747939187658647],[75.71186176508516,14.740440026204128],[75.70347325563954,14.733402468682431],[75.70220425504502,14.729453269652604],[75.70373528881807,14.725991308748249],[75.70713750883631,14.722772708767586],[75.71385477186608,14.719625177897704],[75.7178430276229,14.71957853718482],[75.72092656759918,14.720779286918628],[75.72767984768194,14.726009350412543],[75.74254523098732,14.731041201432868],[75.7562523418367,14.738800705599376]]]}},{"type":"Feature","properties":{"type":"village","name":"Harivi Basapura","taluk":"Hadagalli","district":"Ballari","village_code":"604600"},"geometry":{"type":"Polygon","coordinates":[[[75.7486365587069,14.75987491143066],[75.73094560193046,14.762123791828904],[75.72263635443565,14.765510116375125],[75.72160934291065,14.753499235416673],[75.71794321223496,14.747939187658647],[75.72204174876927,14.745615642755153],[75.72365586323137,14.746948376806602],[75.72870322192836,14.745367249351874],[75.7292447847721,14.746858225789527],[75.73588064696243,14.749013252634704],[75.74172155133026,14.748045566785967],[75.75103625437654,14.748301382073747],[75.75756558625561,14.75394521070475],[75.75853188693873,14.761130906916058],[75.7486365587069,14.75987491143066]]]}},{"type":"Feature","properties":{"type":"village","name":" ","taluk":"Kudligi","district":"Ballari","village_code":" "},"geometry":{"type":"Polygon","coordinates":[[[76.45641529573255,14.740464320804817],[76.45071712737514,14.746173289156877],[76.4437812260833,14.744036742615744],[76.44681996887299,14.73408875212063],[76.4469475619827,14.722258797221983],[76.4558496481577,14.720865170616465],[76.46125416713018,14.722461986973837],[76.46401286102837,14.720366729312724],[76.4635192852888,14.718336618755526],[76.46501317462311,14.716321847032862],[76.46815057129564,14.716800196863122],[76.47358522155936,14.712177966252533],[76.47900096498132,14.711696088254275],[76.47905633174557,14.715916448123421],[76.47621596392007,14.718443540590357],[76.4767922978535,14.72157665297954],[76.47823857557948,14.723334525759126],[76.47508702684797,14.728179693695694],[76.470586676582,14.728837009661845],[76.46907491257016,14.727494704407942],[76.46189671498495,14.727481469079134],[76.46222877183983,14.736433721300571],[76.45641529573255,14.740464320804817]]]}},{"type":"Feature","properties":{"type":"village","name":" ","taluk":"Kudligi","district":"Ballari","village_code":" "},"geometry":{"type":"Polygon","coordinates":[[[76.6314365868035,14.75955880988636],[76.62627360684462,14.758130131848311],[76.62461744763397,14.756237161124233],[76.62292703655989,14.759974214598191],[76.6195511228064,14.75642686756808],[76.61705273642305,14.759458909749862],[76.61194481869947,14.75529670438112],[76.60869422711467,14.754916842848845],[76.60571733333228,14.758671794653939],[76.60258722379334,14.760700490332061],[76.59958263135752,14.761337278809323],[76.59799462103926,14.759357822089076],[76.59619730415814,14.761043093280655],[76.59342031696754,14.76099304235923],[76.59195720391483,14.762972088953848],[76.58840012422306,14.761977324650339],[76.58622666656278,14.763147352400038],[76.58506122465255,14.762171043656135],[76.58719767801128,14.760630544190573],[76.58708215915733,14.757101290388011],[76.58337183406461,14.757127693161639],[76.5773051570147,14.749744142211648],[76.5766989873357,14.732677214771547],[76.58219788960017,14.73438500788355],[76.6021363144365,14.73320707078399],[76.61438653755809,14.731328267839455],[76.62241763789488,14.732441683701673],[76.62361784011506,14.75113629578465],[76.6314698711814,14.756883354019948],[76.6314365868035,14.75955880988636]]]}},{"type":"Feature","properties":{"type":"village","name":" ","taluk":"Kudligi","district":"Ballari","village_code":" "},"geometry":{"type":"Polygon","coordinates":[[[76.57147489768299,14.776720266273077],[76.55881121866368,14.786217720006716],[76.554662663036,14.791285861921414],[76.54998472212655,14.789008238886352],[76.54629163211087,14.788857037090336],[76.54598215800391,14.779300687337384],[76.54559765840106,14.77749706129122],[76.54400944506358,14.776301980258175],[76.54771797801729,14.771899919313606],[76.54360618504433,14.760351422195592],[76.53929829164146,14.758920997243814],[76.54268503009413,14.751134740798033],[76.55215875830186,14.743211192573959],[76.5598950665967,14.747661898019944],[76.56114367363763,14.737100712982087],[76.56856585724726,14.733936678975274],[76.5766989873357,14.732677214771547],[76.57722889903025,14.750040935257196],[76.5679888289161,14.760464419734188],[76.56716875779153,14.766858430169096],[76.57147489768299,14.776720266273077]]]}},{"type":"Feature","properties":{"type":"village","name":" ","taluk":"Kudligi","district":"Ballari","village_code":" "},"geometry":{"type":"Polygon","coordinates":[[[76.38884677699068,14.789465857232186],[76.38854131116653,14.803384374588038],[76.38027104696177,14.802876290111145],[76.37974852301213,14.804173466726521],[76.37081163340808,14.803787720628625],[76.36956839829253,14.805155031181696],[76.36553240875645,14.802279908094414],[76.36558663466027,14.800334114582796],[76.36713625637316,14.798335840734175],[76.36753281136711,14.79353276865174],[76.37055971256473,14.791289043409511],[76.38194639778013,14.789185605813715],[76.38884677699068,14.789465857232186]]]}},{"type":"Feature","properties":{"type":"village","name":"Thumbinakeri","taluk":"Hadagalli","district":"Ballari","village_code":"604588"},"geometry":{"type":"Polygon","coordinates":[[[75.8206204066647,14.91995344079313],[75.81154113498641,14.921431545684927],[75.8111110467812,14.918582016003805],[75.8093300460006,14.917631605368518],[75.80881429085662,14.913245357296002],[75.79801246368844,14.911956846113586],[75.7901676919079,14.902705238978607],[75.78923983013574,14.888177796708282],[75.80303742109717,14.874683223169201],[75.80351349765505,14.876306643113361],[75.80931991659746,14.880940358140359],[75.81104509965955,14.892287666316447],[75.81173698927792,14.893598312026555],[75.81267557962947,14.893530848283376],[75.81312097063554,14.895953081282755],[75.81604839509355,14.896057852866154],[75.81606132993534,14.899803984909326],[75.82569901325884,14.89923699469972],[75.82524738075819,14.913976198400377],[75.8206204066647,14.91995344079313]]]}},{"type":"Feature","properties":{"type":"village","name":"Badaladuku","taluk":"Kudligi","district":"Ballari","village_code":"605078"},"geometry":{"type":"Polygon","coordinates":[[[76.38205685462746,14.874738848661092],[76.37495545940577,14.88097934060997],[76.36651992674831,14.883328057645842],[76.36450148686507,14.876456387733086],[76.356138183248,14.878979955634165],[76.3512718548437,14.877226507851507],[76.34517953179078,14.878557904753405],[76.34211518881212,14.880345465037074],[76.34141417859868,14.867951944842755],[76.34447899858274,14.861676874282603],[76.3437765887941,14.858740528948072],[76.34972431183236,14.856006796876894],[76.35042719233822,14.856532744894475],[76.35102214116102,14.854587019713854],[76.3564470896197,14.85141475403678],[76.35877178764117,14.852887475810226],[76.3693507841099,14.85083718479424],[76.37045203240996,14.852812832384242],[76.37860610941418,14.854298603775307],[76.37994567896249,14.861041250617593],[76.3786296731224,14.86506404905147],[76.382460349107,14.869132456429284],[76.38205685462746,14.874738848661092]]]}},{"type":"Feature","properties":{"type":"village","name":"Gajapura","taluk":"Kudligi","district":"Ballari","village_code":"605056"},"geometry":{"type":"Polygon","coordinates":[[[76.33557644079221,14.892840201202104],[76.33089208591166,14.88878099467802],[76.32463186593549,14.891306779666749],[76.32185232483451,14.894627979874564],[76.3210423471805,14.889947410678992],[76.30393582085316,14.891870694952576],[76.3013738301544,14.872753878197074],[76.30696427344125,14.863079389863657],[76.30631119822972,14.848091409849586],[76.32109178416552,14.836946784284356],[76.34300425773702,14.84128095001226],[76.34327416914053,14.843735145146868],[76.34595885533405,14.847872533357583],[76.34572429084031,14.84932745017514],[76.34208350792697,14.852149185940727],[76.34211918362017,14.85411252821168],[76.3439031182985,14.856163752810497],[76.34447899858274,14.861676874282603],[76.34141417859868,14.867951944842755],[76.34211518881212,14.880345465037074],[76.33557644079221,14.892840201202104]]]}},{"type":"Feature","properties":{"type":"village","name":"Advimallanakeri","taluk":"Hadagalli","district":"Ballari","village_code":"604637"},"geometry":{"type":"Polygon","coordinates":[[[76.02660161387828,14.916943513870832],[76.02707987603723,14.925885931051864],[76.01160299783984,14.925244571778745],[76.0035393668117,14.923571856383417],[76.00206345635944,14.9242050691398],[75.99921003421623,14.921601228673977],[75.99084409494216,14.919796855953008],[75.98437643510225,14.913179044676909],[75.98455458359955,14.908201920981895],[75.99732825503719,14.898150262330384],[76.0012191828245,14.901377048730831],[76.00507114259314,14.901957560947132],[76.00573336984081,14.90596160834179],[76.01053867568785,14.905263683135754],[76.01081530020151,14.900686322636528],[76.01269019469224,14.896362789823765],[76.01389808110137,14.896901090063805],[76.01338058502239,14.900181519191092],[76.01413700601748,14.902102406406499],[76.02289243593418,14.910222382310753],[76.02660161387828,14.916943513870832]]]}},{"type":"Feature","properties":{"type":"village","name":"Musuvinakallahalli","taluk":"Hadagalli","district":"Ballari","village_code":"604640"},"geometry":{"type":"Polygon","coordinates":[[[76.12064751119055,14.869305173424353],[76.11995008435682,14.900657966766863],[76.12056353488116,14.900450082639932],[76.12078634941098,14.908181771170007],[76.11561440696047,14.906694851865334],[76.12155751894642,14.922099813709833],[76.11564155764165,14.92181481437021],[76.11427090099461,14.917725225988574],[76.10722101067974,14.918578687955874],[76.08575592506918,14.916980503743838],[76.08256057178949,14.907589764132954],[76.08245897682245,14.904458183416388],[76.06980435821107,14.89069097284198],[76.06627478044172,14.88398861301676],[76.06668903584006,14.881227685368511],[76.07178335127358,14.87351086238645],[76.07275557904093,14.86887482325119],[76.08777117233991,14.872601574097063],[76.09419731114903,14.869710574951226],[76.1103239686392,14.870308906924036],[76.12064751119055,14.869305173424353]]]}},{"type":"Feature","properties":{"type":"village","name":"Agrahara","taluk":"Sandur","district":"Ballari","village_code":"604984"},"geometry":{"type":"Polygon","coordinates":[[[76.513887608572,14.909483686291571],[76.51128601025408,14.91004444628529],[76.50907076027185,14.90882537929197],[76.5067811046313,14.911447411935503],[76.49900590826783,14.906772055717285],[76.49441476976766,14.902844316285707],[76.4930020638805,14.89043418408389],[76.47493417131588,14.875893000800415],[76.4750957333197,14.868446200880632],[76.48187462437127,14.859396527354969],[76.48591784714198,14.861676729282413],[76.49565082375081,14.860953396713288],[76.49618599957292,14.86255277967851],[76.49928699471347,14.863004721307526],[76.49954399822468,14.868445514973022],[76.5065358618638,14.869371174828244],[76.51768939563537,14.873095763918844],[76.51885124518283,14.872515656690103],[76.51816363603682,14.883879848035644],[76.51437497964795,14.898657173982164],[76.513887608572,14.909483686291571]]]}},{"type":"Feature","properties":{"type":"village","name":"Selieppanahalli","taluk":"Sandur","district":"Ballari","village_code":"604992"},"geometry":{"type":"Polygon","coordinates":[[[76.6526843340142,14.896693388088742],[76.65137688911878,14.90256353210659],[76.64152652066859,14.91085566214955],[76.62929071011742,14.912237890609385],[76.61609134233798,14.911136774056722],[76.6104550822767,14.912401191927433],[76.60457788956467,14.912412389038092],[76.60440897215526,14.915995866797399],[76.60207245320295,14.916510927280823],[76.59301580200183,14.916017859606722],[76.59199958373497,14.906745522755871],[76.59328922671644,14.89991830383757],[76.59326604838547,14.89389887706567],[76.5765037492885,14.891822883698651],[76.57035821632634,14.888428603948794],[76.5700276003692,14.883651231297977],[76.56499968211324,14.880343648784452],[76.57000281764714,14.865631598859764],[76.58009979879562,14.860328831811984],[76.58692036269318,14.858789221021183],[76.59269897967584,14.86405008916199],[76.59485691804126,14.881610608897763],[76.61120295220861,14.881250876352654],[76.61975215588551,14.884278921832081],[76.63310142733305,14.883452016004794],[76.6345467061324,14.889574951042396],[76.63715336466032,14.889836959282317],[76.63778553427859,14.892588913806037],[76.64073158260904,14.893899205220723],[76.64666072489399,14.894463678007178],[76.64831520694999,14.8966325586503],[76.6526843340142,14.896693388088742]]]}},{"type":"Feature","properties":{"type":"village","name":"Halasagara","taluk":"Kudligi","district":"Ballari","village_code":"605091"},"geometry":{"type":"Polygon","coordinates":[[[76.71389249577857,14.847664924846185],[76.70567568941802,14.848493905867965],[76.70295583507948,14.851586501414207],[76.69361399662344,14.855372011789107],[76.68939924593911,14.852913866920083],[76.68390883994061,14.85211891689572],[76.68024805963076,14.849660477125258],[76.67319285039108,14.850177239970286],[76.67042307577387,14.847132947314039],[76.66555857723782,14.844370006099345],[76.6558746082193,14.8132435062099],[76.64973415972163,14.802844839092824],[76.66624756080621,14.79412964807365],[76.67451794179199,14.79402820741894],[76.68278908904067,14.808667548296246],[76.70463698721795,14.81791587380906],[76.71818669975482,14.818267921904893],[76.7341911684,14.813574963817535],[76.73514907971673,14.815707459350811],[76.73916667804397,14.815226524629235],[76.7404272398647,14.818610556433049],[76.74173517613859,14.818352553007678],[76.74207444826183,14.819745985308707],[76.74242222293928,14.823691299958032],[76.74060356927353,14.826012686712161],[76.7166183266087,14.833289179568084],[76.71172842641136,14.837344459930012],[76.71253028599014,14.844560733031225],[76.71389249577857,14.847664924846185]]]}},{"type":"Feature","properties":{"type":"village","name":"Gudekota","taluk":"Kudligi","district":"Ballari","village_code":"605092"},"geometry":{"type":"Polygon","coordinates":[[[76.63242766571713,14.883628222889046],[76.61975215588551,14.884278921832081],[76.61120295220861,14.881250876352654],[76.59485691804126,14.881610608897763],[76.59269897967584,14.86405008916199],[76.58692036269318,14.858789221021183],[76.58009979879562,14.860328831811984],[76.57054789470027,14.865325964646361],[76.56783651416978,14.85765404139435],[76.56858320371542,14.857162445379807],[76.56899550797296,14.846534229847798],[76.58767851384351,14.83463492625608],[76.59056175107101,14.819667240123762],[76.59521039881734,14.810999029616678],[76.60188696187656,14.80159148541758],[76.62199544677931,14.799015632010864],[76.62274800142544,14.799425694584377],[76.62389174003843,14.811696980745355],[76.62590874980374,14.81333702882011],[76.6269925339564,14.81333707137457],[76.62861806420908,14.808914701220173],[76.63072527201543,14.806893938887198],[76.63364534016958,14.808914629136604],[76.6364749174319,14.805839397122014],[76.64071960087979,14.807625763603196],[76.64973415972163,14.802844839092824],[76.65683799117438,14.815796410250638],[76.66242661537277,14.834047272025938],[76.66173505813107,14.838005616215783],[76.65947186685877,14.839458103788179],[76.6568951914001,14.83725679437836],[76.65246472377501,14.837116791667555],[76.65301908222169,14.841496576881633],[76.6517190699869,14.843417319745976],[76.64926321074742,14.844729267814119],[76.64319521137745,14.844097328996853],[76.63744171218845,14.869041973329185],[76.63242766571713,14.883628222889046]]]}},{"type":"Feature","properties":{"type":"village","name":"Appainahalli","taluk":"Kudligi","district":"Ballari","village_code":"605090"},"geometry":{"type":"Polygon","coordinates":[[[76.67756204303231,14.89441157614771],[76.67417421222827,14.897035449402244],[76.66627425065161,14.89454707602871],[76.66547990997174,14.895853107787017],[76.66284049976686,14.895175654175706],[76.64831520694999,14.8966325586503],[76.64666072489399,14.894463678007178],[76.64073158260904,14.893899205220723],[76.63778553427859,14.892588913806037],[76.63715336466032,14.889836959282317],[76.6345467061324,14.889574951042396],[76.63340801335636,14.883709562317716],[76.63242766571713,14.883628222889046],[76.63744171218845,14.869041973329185],[76.64319521137745,14.844097328996853],[76.64926321074742,14.844729267814119],[76.6517190699869,14.843417319745976],[76.65301908222169,14.841496576881633],[76.65246472377501,14.837116791667555],[76.6568951914001,14.83725679437836],[76.65846057585128,14.839130365034945],[76.66038684139986,14.839387701108572],[76.66173505813107,14.838005616215783],[76.66242661537277,14.834047272025938],[76.66555857723782,14.844370006099345],[76.67042307577387,14.847132947314039],[76.67319285039108,14.850177239970286],[76.68024805963076,14.849660477125258],[76.68390883994061,14.85211891689572],[76.68939924593911,14.852913866920083],[76.69361399662344,14.855372011789107],[76.70295583507948,14.851586501414207],[76.70567568941802,14.848493905867965],[76.71389249577857,14.847664924846185],[76.71505596229352,14.851993280342649],[76.71409079079268,14.854967020088665],[76.71358382117222,14.8650261663851],[76.69754889784224,14.888235813098088],[76.67796818305037,14.887206192838008],[76.67756204303231,14.89441157614771]]]}},{"type":"Feature","properties":{"type":"village","name":"Kuppinakeri","taluk":"Kudligi","district":"Ballari","village_code":"605077"},"geometry":{"type":"Polygon","coordinates":[[[76.37189170662025,14.923752119649174],[76.36019583565712,14.923087339245399],[76.35802339758472,14.925420680224333],[76.35480770914194,14.925512644766652],[76.34843585013553,14.904556091198463],[76.34376940766172,14.903725381947211],[76.34407303193956,14.902655431764309],[76.3431625022625,14.902729155118365],[76.33557644079221,14.892840201202104],[76.34211518881212,14.880345465037074],[76.34517953179078,14.878557904753405],[76.3512718548437,14.877226507851507],[76.356138183248,14.878979955634165],[76.36450148686507,14.876456387733086],[76.36785357280564,14.887535173011324],[76.37160237543692,14.907939663376439],[76.37185471399685,14.910113349322181],[76.37091728337032,14.911901298807539],[76.37207096543523,14.912953110957973],[76.37217904174705,14.916949896583999],[76.36983539106969,14.921227006162228],[76.37189170662025,14.923752119649174]]]}},{"type":"Feature","properties":{"type":"village","name":" ","taluk":"Hadagalli","district":"Ballari","village_code":" "},"geometry":{"type":"Polygon","coordinates":[[[75.9469679689808,14.92681932360507],[75.93645077301036,14.93247770675216],[75.93791685319847,14.92419588816885],[75.94971863822855,14.902029087373446],[75.95930995231372,14.902527570190232],[75.9624565746842,14.904374560924781],[75.96536501324867,14.903049509601152],[75.96595746026338,14.90849901329755],[75.96287942875641,14.912761963598163],[75.9469679689808,14.92681932360507]]]}},{"type":"Feature","properties":{"type":"village","name":"Rampura","taluk":"Kudligi","district":"Ballari","village_code":"605058"},"geometry":{"type":"Polygon","coordinates":[[[76.29765908894375,14.802862212582768],[76.2941409907454,14.815008953174289],[76.29511312778294,14.817393283938527],[76.29925622075538,14.821111094431442],[76.3046253586821,14.823251455717239],[76.30631119822972,14.848091409849586],[76.29115840074583,14.83949670906642],[76.28434710836031,14.83784625302572],[76.27579090860397,14.829866578306019],[76.27262298627979,14.822415139652293],[76.26752321088597,14.822850913567773],[76.26887858090184,14.814893185874928],[76.26422868539555,14.816889314864298],[76.25956176232307,14.816921925823038],[76.26019550758636,14.811102489335374],[76.26143881097386,14.811120671575338],[76.26198216865153,14.805739319393403],[76.22630172067522,14.806166673865317],[76.22616096814494,14.79845860063366],[76.22835375305854,14.793578515418373],[76.23195478282558,14.793343355169599],[76.23455854877828,14.78780299390533],[76.2415860243302,14.78189334997549],[76.24213389514387,14.780358192313459],[76.25071556034189,14.775767801023424],[76.25891393686604,14.781722137097452],[76.26114484628027,14.787578215398854],[76.27750317658727,14.789163561004841],[76.27966279480222,14.794738978015541],[76.29556817927158,14.80492989112465],[76.29765908894375,14.802862212582768]]]}},{"type":"Feature","properties":{"type":"village","name":"Nagalapura","taluk":"Kudligi","district":"Ballari","village_code":"605079"},"geometry":{"type":"Polygon","coordinates":[[[76.3693507841099,14.85083718479424],[76.35877178764117,14.852887475810226],[76.3564470896197,14.85141475403678],[76.35102214116102,14.854587019713854],[76.35042719233822,14.856532744894475],[76.34972431183236,14.856006796876894],[76.3437765887941,14.858740528948072],[76.3439031182985,14.856163752810497],[76.34211918362017,14.85411252821168],[76.34208350792697,14.852149185940727],[76.34572429084031,14.84932745017514],[76.34595885533405,14.847872533357583],[76.34327416914053,14.843735145146868],[76.34300425773702,14.84128095001226],[76.32109178416552,14.836946784284356],[76.31995017994963,14.826446249370944],[76.31807804059186,14.81904825811688],[76.32755554441876,14.821785212925596],[76.33606071357873,14.82182193600683],[76.34173724960577,14.819386335602916],[76.3439540213341,14.816336522282825],[76.34981962128738,14.812515848240361],[76.35178243928489,14.824331060277675],[76.36212556421111,14.82641802703548],[76.36160239527112,14.834621845079468],[76.36428750097784,14.834586972069019],[76.36470202407413,14.833114479059285],[76.37095508717243,14.832238330173217],[76.37216248130478,14.830713226331262],[76.37371229166386,14.830502924968346],[76.3763251638386,14.836147477991746],[76.3693507841099,14.85083718479424]]]}},{"type":"Feature","properties":{"type":"village","name":"Kotturu (TP)","taluk":"Kudligi","district":"Ballari","village_code":"803117"},"geometry":{"type":"Polygon","coordinates":[[[76.28352004025801,14.854691802708254],[76.27446997011467,14.861016061314569],[76.26884606638012,14.862626187676103],[76.26282337443982,14.868653399577838],[76.25957828413776,14.870264405791582],[76.25996058017323,14.863182714404338],[76.25870263873816,14.856222785890319],[76.25562287797428,14.85257509596144],[76.24904710499163,14.848679882940603],[76.25254461829525,14.846420546029316],[76.25265574438745,14.841091643408445],[76.25371933890408,14.840426086207342],[76.2533238115828,14.838830619864025],[76.25481978231366,14.838498362094022],[76.25487533502914,14.835746282382969],[76.26406570135859,14.835978934783423],[76.26508836683423,14.827144472026806],[76.26752321088597,14.822850913567773],[76.27262298627979,14.822415139652293],[76.27579090860397,14.829866578306019],[76.28434710836031,14.83784625302572],[76.29115840074583,14.83949670906642],[76.28352004025801,14.854691802708254]]]}},{"type":"Feature","properties":{"type":"village","name":"Moraba","taluk":"Kudligi","district":"Ballari","village_code":"605080"},"geometry":{"type":"Polygon","coordinates":[[[76.42066142844807,14.862499308675122],[76.41500308330552,14.867373576765537],[76.41485938789435,14.869862793400477],[76.4100291502049,14.870143966606161],[76.40901955072508,14.868741720064286],[76.39438493563303,14.872634725367769],[76.39200611321738,14.876351182936945],[76.38685127918147,14.876211242897405],[76.38205685462746,14.874738848661092],[76.382460349107,14.869132456429284],[76.3786296731224,14.86506404905147],[76.37994567896249,14.861041250617593],[76.37860610941418,14.854298603775307],[76.37045203240996,14.852812832384242],[76.3693507841099,14.85083718479424],[76.3763251638386,14.836147477991746],[76.3803912433434,14.837625401928161],[76.38237713995886,14.83636233887016],[76.40659018370162,14.836769253255168],[76.41052360988675,14.835468534414112],[76.41789460389822,14.836600438732974],[76.42352802797816,14.837918232280824],[76.4239689390859,14.845812526792038],[76.4203026781545,14.846574779779791],[76.41929091193822,14.848413893850697],[76.41925389326366,14.854153582937547],[76.41659978212918,14.856308760142708],[76.41581748067075,14.859912401242926],[76.4199237058856,14.861063354096174],[76.42066142844807,14.862499308675122]]]}},{"type":"Feature","properties":{"type":"village","name":"Hyalya","taluk":"Kudligi","district":"Ballari","village_code":"605049"},"geometry":{"type":"Polygon","coordinates":[[[76.25957828413776,14.870264405791582],[76.25654597867542,14.878186159933753],[76.25294120922183,14.878043983736365],[76.2410685336411,14.873530879998953],[76.2369672186176,14.870746567323694],[76.22957398860787,14.871367281020671],[76.22068729865852,14.86976930565514],[76.22068624942624,14.867366835736131],[76.21698095579742,14.867501737898694],[76.21739199702367,14.865766397917088],[76.20205529373987,14.862802048637986],[76.1894236549318,14.862104806801844],[76.18932946298102,14.846644528875194],[76.23100292435726,14.846440422879464],[76.23202726069933,14.83669640438424],[76.23826966438845,14.835091804783495],[76.23814989111334,14.832393071622024],[76.25487533502914,14.835746282382969],[76.25481978231366,14.838498362094022],[76.2533238115828,14.838830619864025],[76.25371933890408,14.840426086207342],[76.25265574438745,14.841091643408445],[76.25254461829525,14.846420546029316],[76.24904710499163,14.848679882940603],[76.25562287797428,14.85257509596144],[76.25870263873816,14.856222785890319],[76.25996058017323,14.863182714404338],[76.25957828413776,14.870264405791582]]]}},{"type":"Feature","properties":{"type":"village","name":"Vyasamallapura","taluk":"Hadagalli","district":"Ballari","village_code":"604626"},"geometry":{"type":"Polygon","coordinates":[[[75.87032327056185,14.861578262832538],[75.86658772077595,14.86458672141243],[75.86372961032527,14.868427837657183],[75.86539522430427,14.874182764134954],[75.86951700384827,14.880231314571654],[75.86262303501559,14.880230908258719],[75.85576081803492,14.881853379191087],[75.85425564765725,14.878563595783241],[75.85335558604821,14.866556845343624],[75.85415039834359,14.862919190796928],[75.8601534171792,14.858324097921015],[75.86915267681341,14.854393087206493],[75.87032327056185,14.861578262832538]]]}},{"type":"Feature","properties":{"type":"village","name":"Thamalapura","taluk":"Hadagalli","district":"Ballari","village_code":"604627"},"geometry":{"type":"Polygon","coordinates":[[[75.90368256437047,14.883592512187501],[75.90447842320317,14.902628092698855],[75.89051662380109,14.901958785839767],[75.88250146227237,14.902936864293236],[75.88276340382272,14.896326411039917],[75.87414534877087,14.893867983611585],[75.86857210912002,14.896298347154433],[75.84880739510346,14.89962107727583],[75.84776857881734,14.884437288820092],[75.85394846694922,14.883597500729687],[75.85576081803492,14.881853379191087],[75.86009524138308,14.880566020675376],[75.86951700384827,14.880231314571654],[75.86539522430427,14.874182764134954],[75.86372961032527,14.868427837657183],[75.86658772077595,14.86458672141243],[75.87032327056185,14.861578262832538],[75.87115480508774,14.865369588996488],[75.87320370414734,14.868031221169238],[75.88741624490481,14.86864116785965],[75.88860591797155,14.873128370740535],[75.89313640491868,14.877624400186242],[75.89762019743732,14.878184348872127],[75.89775979024259,14.88083694660265],[75.90152817704538,14.881157443897674],[75.90368256437047,14.883592512187501]]]}},{"type":"Feature","properties":{"type":"village","name":"Katebennuru","taluk":"Hadagalli","district":"Ballari","village_code":"604587"},"geometry":{"type":"Polygon","coordinates":[[[75.76654143040366,14.911851123926654],[75.76010492773108,14.913915059610106],[75.75363867555126,14.917738974856308],[75.75082350457116,14.917038968962515],[75.7487181194465,14.91829983312054],[75.74609745887825,14.9172280092586],[75.74103804568846,14.917100619009268],[75.74123654012857,14.913528523373193],[75.71859537296156,14.913473655292778],[75.72047363343965,14.906990710980425],[75.72304437462756,14.90595058624894],[75.72731616923076,14.900525876319278],[75.72870194811726,14.894923558669662],[75.7332498605843,14.892458824683201],[75.73910666692932,14.887331616159669],[75.74280791095282,14.887356714705806],[75.74439390365491,14.885684054728323],[75.74650941997933,14.88521138356642],[75.74646502972956,14.884311190979714],[75.7491023109272,14.885220085234103],[75.75297580061827,14.883327827578805],[75.76489695198667,14.883264221407261],[75.78119758889284,14.885730063291309],[75.78567942308418,14.884251307827878],[75.78923983013574,14.888177796708282],[75.7901676919079,14.902705238978607],[75.77731237798393,14.901512612809697],[75.7741601088036,14.900261003297844],[75.77286706210553,14.900847136043511],[75.76654143040366,14.911851123926654]]]}},{"type":"Feature","properties":{"type":"village","name":"Harudi","taluk":"Kudligi","district":"Ballari","village_code":"605084"},"geometry":{"type":"Polygon","coordinates":[[[76.51283634433098,14.846461371241931],[76.50772095262424,14.86649559672226],[76.5008340616177,14.865765777987823],[76.50032968004354,14.863423326107592],[76.49618599957292,14.86255277967851],[76.49565082375081,14.860953396713288],[76.48591784714198,14.861676729282413],[76.48187462437127,14.859396527354969],[76.4747278157187,14.848118674205985],[76.46935907574567,14.842084000731962],[76.47137256411506,14.839377352062108],[76.47005548927979,14.8366580061454],[76.47191144189445,14.835834368837244],[76.47024198671929,14.833092253754302],[76.47049945376119,14.83092080422421],[76.47160284094994,14.8288175298435],[76.48161212496713,14.828813336355815],[76.48196391511387,14.827350319142885],[76.48656835766337,14.825885351147697],[76.49206729226721,14.827665560342526],[76.49900667542909,14.824711744290758],[76.50077442695758,14.822973911421677],[76.50720432791111,14.82909235638379],[76.51848531914679,14.831163881593206],[76.52021014198449,14.832455838289414],[76.52080567561052,14.83620050135991],[76.52000779556843,14.839169744076177],[76.51283634433098,14.846461371241931]]]}},{"type":"Feature","properties":{"type":"village","name":"Kotturu (TP)","taluk":"Kudligi","district":"Ballari","village_code":"803117"},"geometry":{"type":"Polygon","coordinates":[[[76.23942143573674,14.828717750171005],[76.23826966438845,14.835091804783495],[76.23202726069933,14.83669640438424],[76.23100292435726,14.846440422879464],[76.19071850185368,14.846514335639762],[76.1915966391799,14.83153413209027],[76.19434323456784,14.820855294583422],[76.20810780615437,14.821542023418242],[76.20807194810315,14.817270779664192],[76.21417357860074,14.807791939692247],[76.20792905039598,14.802188254943399],[76.21039554838337,14.794512667651237],[76.20878306077029,14.793044999699234],[76.20933073844617,14.790408632771067],[76.21028944297528,14.786203859407689],[76.21179759755631,14.784134427649297],[76.21601628555653,14.784900365044901],[76.22383959119504,14.78430395706379],[76.22835375305854,14.793578515418373],[76.22616096814494,14.79845860063366],[76.22630172067522,14.806166673865317],[76.23734896668073,14.806507224057341],[76.24023126606706,14.814502461772632],[76.24013867671073,14.822727715907098],[76.24216190012287,14.821592122902018],[76.24196301042402,14.825830050021047],[76.24027796678374,14.82669851688786],[76.23924858909629,14.82613170459506],[76.23942143573674,14.828717750171005]]]}},{"type":"Feature","properties":{"type":"village","name":"Thimmalapura","taluk":"Kudligi","district":"Ballari","village_code":"605054"},"geometry":{"type":"Polygon","coordinates":[[[76.28116264805175,14.88787425197945],[76.28413189627274,14.895481280808292],[76.28280356105539,14.896808858931553],[76.28369402775887,14.899235025818362],[76.28018397038062,14.900967527691115],[76.27984162062921,14.902885920791238],[76.27164466344321,14.907125065758725],[76.26895113064079,14.90675483381609],[76.26927661901433,14.914185192723622],[76.26160006395726,14.913349908657539],[76.25792380118347,14.9139490803907],[76.25513166300725,14.89322575973339],[76.25609125237692,14.882849785901229],[76.25261403471052,14.882829409727304],[76.25380408686631,14.882041182831204],[76.25272349532621,14.880498035412156],[76.25294120922183,14.878043983736365],[76.25654597867542,14.878186159933753],[76.25927169631781,14.870614846643251],[76.26282337443982,14.868653399577838],[76.26762010227421,14.863467010751991],[76.27446997011467,14.861016061314569],[76.28352004025801,14.854691802708254],[76.27890195589258,14.864523891142888],[76.28039744512643,14.865523727601753],[76.28116264805175,14.88787425197945]]]}},{"type":"Feature","properties":{"type":"village","name":"Ambli","taluk":"Hagaribommanahalli","district":"Ballari","village_code":"604695"},"geometry":{"type":"Polygon","coordinates":[[[76.21243902700853,14.89789107343399],[76.21048382762297,14.912523616185082],[76.2009760379946,14.912761831653196],[76.18307879389295,14.910783840909428],[76.17053662189728,14.910995051902292],[76.17053637306395,14.909660252963985],[76.16250663008155,14.909194446190558],[76.1610974159459,14.894979784025896],[76.1614386787358,14.883667862082069],[76.17986347375941,14.883430895859957],[76.19524412532188,14.89203571761949],[76.20187666015237,14.897162546817755],[76.20895901468329,14.899026453639289],[76.21243902700853,14.89789107343399]]]}},{"type":"Feature","properties":{"type":"village","name":"Ramadurg","taluk":"Kudligi","district":"Ballari","village_code":"605086"},"geometry":{"type":"Polygon","coordinates":[[[76.56858320371542,14.857162445379807],[76.5644792727978,14.860370300389297],[76.55978157164704,14.861891835678605],[76.55962975816067,14.866021265097116],[76.55752204190784,14.865874172678357],[76.55622761899079,14.864731572012515],[76.55574664302137,14.862154137157741],[76.55448905103094,14.863405752571367],[76.5492115870773,14.864890336250633],[76.5442414116295,14.869706293697252],[76.5405183160867,14.879422851011139],[76.53850781281898,14.87609172385808],[76.5303258790578,14.875695234325168],[76.53338937582345,14.871963962248147],[76.53082912605976,14.872365074973782],[76.52353133037086,14.869555745617943],[76.51768939563537,14.873095763918844],[76.49921912699378,14.867862400683185],[76.49928699471347,14.863004721307526],[76.50032968004354,14.863423326107592],[76.5008340616177,14.865765777987823],[76.50772095262424,14.86649559672226],[76.51172018938708,14.849045561289781],[76.52815367095411,14.850031908115598],[76.531654886215,14.848895708220548],[76.53286043700437,14.827826092951886],[76.52722731296177,14.82583278463999],[76.53158916996037,14.816723541763459],[76.53440764943568,14.812883453163137],[76.54810626132414,14.813708437061024],[76.54928614634755,14.813334124693885],[76.55037077671317,14.809586895787843],[76.55805065733344,14.810034437254187],[76.55768734180161,14.81715459758924],[76.56298331284674,14.819732614043959],[76.5655581719119,14.824253726197824],[76.56611012377194,14.830999408978645],[76.56820400237612,14.83427911171812],[76.56772095489163,14.839736272994939],[76.56909136001038,14.847629863776904],[76.56858320371542,14.857162445379807]]]}},{"type":"Feature","properties":{"type":"village","name":"Kudureduvu","taluk":"Kudligi","district":"Ballari","village_code":"605087"},"geometry":{"type":"Polygon","coordinates":[[[76.56499968211324,14.880343648784452],[76.55254293630784,14.879874529840107],[76.54171631204456,14.881511069786189],[76.5405183160867,14.879422851011139],[76.5442414116295,14.869706293697252],[76.5492115870773,14.864890336250633],[76.55448905103094,14.863405752571367],[76.55574664302137,14.862154137157741],[76.55622761899079,14.864731572012515],[76.55752204190784,14.865874172678357],[76.55962975816067,14.866021265097116],[76.55978157164704,14.861891835678605],[76.5644792727978,14.860370300389297],[76.56783651416978,14.85765404139435],[76.57054789470027,14.865325964646361],[76.56499968211324,14.880343648784452]]]}},{"type":"Feature","properties":{"type":"village","name":"Kakkuppi","taluk":"Kudligi","district":"Ballari","village_code":"605081"},"geometry":{"type":"Polygon","coordinates":[[[76.47449943971897,14.875197589772016],[76.47534318773945,14.881144054727827],[76.47072027403107,14.881841841900055],[76.4688604002702,14.878801412109109],[76.46517949769797,14.876340077717945],[76.46406165122642,14.881216278271872],[76.4608517865616,14.883273613354875],[76.4577836320312,14.883863469906927],[76.44349425118097,14.874394760280833],[76.4362525867226,14.862954448216112],[76.42907180827758,14.862640449728993],[76.42857610892065,14.866039730110236],[76.42706734438352,14.8659286439353],[76.4270668736663,14.8643125634063],[76.4204782188425,14.864462522125748],[76.420401165849,14.861527660336407],[76.41581748067075,14.859912401242926],[76.41659978212918,14.856308760142708],[76.41925389326366,14.854153582937547],[76.41929091193822,14.848413893850697],[76.4203026781545,14.846574779779791],[76.4239689390859,14.845812526792038],[76.42352802797816,14.837918232280824],[76.43250288757267,14.837674768265229],[76.43630353916551,14.839939984141358],[76.44352197139399,14.840866864612373],[76.44432586116534,14.846680627752662],[76.44778238883411,14.847106788208801],[76.44770694562162,14.849911640858865],[76.44637106006425,14.852624014314365],[76.46048458042628,14.85499696312529],[76.46766152306506,14.846802774125019],[76.46815836597735,14.847434114573998],[76.47203365589223,14.844571968398089],[76.48187462437127,14.859396527354969],[76.4750957333197,14.868446200880632],[76.47449943971897,14.875197589772016]]]}},{"type":"Feature","properties":{"type":"village","name":"Kudithinamoggi","taluk":"Hagaribommanahalli","district":"Ballari","village_code":"604696"},"geometry":{"type":"Polygon","coordinates":[[[76.18932946298102,14.846644528875194],[76.18949269315632,14.864359514242006],[76.19113800071831,14.866148524924917],[76.19161798494767,14.870988084838134],[76.19044775142368,14.872895295584545],[76.19170492479918,14.881751904141488],[76.19524412532188,14.89203571761949],[76.17986347375941,14.883430895859957],[76.1614386787358,14.883667862082069],[76.15502233066495,14.88216707971284],[76.15409470784469,14.872523684262262],[76.15836575594787,14.869786994148136],[76.15438190912248,14.858690379895657],[76.15617944698916,14.85558577774866],[76.1586417687088,14.855702956817048],[76.15931949099682,14.852214277397668],[76.1580047472897,14.851965929644711],[76.15936053502215,14.8471938471506],[76.17443135494813,14.848470272863931],[76.18932946298102,14.846644528875194]]]}},{"type":"Feature","properties":{"type":"village","name":"Ammanakeri","taluk":"Kudligi","district":"Ballari","village_code":"605076"},"geometry":{"type":"Polygon","coordinates":[[[76.45912353126121,14.88391137321683],[76.46071864366007,14.887317975606464],[76.46062745926886,14.891669592966762],[76.45765653029997,14.899483745397205],[76.45736047073514,14.903003974378224],[76.45293845176533,14.9010654778616],[76.44583236464291,14.899618821921033],[76.43009328168884,14.899845897313632],[76.42156104808598,14.898373349406024],[76.4216326483057,14.896059476262305],[76.41867598099026,14.893746054867844],[76.41903614972364,14.891922946747169],[76.4158634753116,14.89080156964971],[76.4140961118553,14.885297603247556],[76.41465435461727,14.882562920102327],[76.4052281149487,14.887121867382303],[76.40470565657611,14.888506851796256],[76.39792839327187,14.890137700594174],[76.39825271383552,14.88836721916062],[76.39602649542368,14.887201650614587],[76.3950707706064,14.883222545394451],[76.39153780439177,14.881154275885764],[76.39139344782056,14.87817433594102],[76.39438493563303,14.872634725367769],[76.40901955072508,14.868741720064286],[76.4100291502049,14.870143966606161],[76.41485938789435,14.869862793400477],[76.41500308330552,14.867373576765537],[76.42066142844807,14.862499308675122],[76.4204782188425,14.864462522125748],[76.4270668736663,14.8643125634063],[76.42706734438352,14.8659286439353],[76.42857610892065,14.866039730110236],[76.42907180827758,14.862640449728993],[76.43281494703099,14.862472370863536],[76.43699752365511,14.863381485634036],[76.44349425118097,14.874394760280833],[76.4577836320312,14.883863469906927],[76.45912353126121,14.88391137321683]]]}},{"type":"Feature","properties":{"type":"village","name":"Bevoor","taluk":"Kudligi","district":"Ballari","village_code":"605051"},"geometry":{"type":"Polygon","coordinates":[[[76.21243902700853,14.89789107343399],[76.20895901468329,14.899026453639289],[76.2038099523231,14.89785332675263],[76.19956691458877,14.896056180854906],[76.19524412532188,14.89203571761949],[76.19170492479918,14.881751904141488],[76.19044775142368,14.872895295584545],[76.19161798494767,14.870988084838134],[76.19113800071831,14.866148524924917],[76.18949269315632,14.864359514242006],[76.1894236549318,14.862104806801844],[76.20205529373987,14.862802048637986],[76.21739199702367,14.865766397917088],[76.21468351086503,14.870355575148896],[76.21434213488739,14.874593502083034],[76.2132785286927,14.874493819950429],[76.21314358107577,14.880299995339017],[76.2185990902204,14.880598235682868],[76.22296047470519,14.889472430899183],[76.21469309768577,14.89391368397563],[76.21243902700853,14.89789107343399]]]}},{"type":"Feature","properties":{"type":"village","name":"Kandagal","taluk":"Kudligi","district":"Ballari","village_code":"605055"},"geometry":{"type":"Polygon","coordinates":[[[76.31718089940581,14.90491657566181],[76.30919486844516,14.905869642384685],[76.3047320929109,14.909882478271056],[76.29521983326566,14.894137820672595],[76.29105626858623,14.89317210100321],[76.2835573149524,14.894080632335722],[76.28206247160723,14.89124023196786],[76.28060686667366,14.881072556963666],[76.28039744512643,14.865523727601753],[76.27890195589258,14.864523891142888],[76.29115840074583,14.83949670906642],[76.30631119822972,14.848091409849586],[76.30696427344125,14.863079389863657],[76.3013738301544,14.872753878197074],[76.30393582085316,14.891870694952576],[76.3210423471805,14.889947410678992],[76.32185232483451,14.894627979874564],[76.32008559019893,14.895205937147114],[76.31718089940581,14.90491657566181]]]}},{"type":"Feature","properties":{"type":"village","name":" ","taluk":"Hadagalli","district":"Ballari","village_code":" "},"geometry":{"type":"Polygon","coordinates":[[[75.80537873525648,14.841326772661201],[75.79385394215102,14.840729187940275],[75.7853966433142,14.839119601770648],[75.78074363873873,14.840067611883764],[75.78041232389228,14.842539876218483],[75.77708013024535,14.843879315059997],[75.77395076181652,14.841573140654335],[75.77066205291757,14.842046477871754],[75.76578019084536,14.840954678056471],[75.7661415803892,14.83617757038946],[75.76859107686154,14.83374135086111],[75.77434892569319,14.834470374653003],[75.7878470075591,14.834140836883732],[75.78798994209723,14.835733328055454],[75.7897990718243,14.836153099801452],[75.7967497171649,14.834674944370068],[75.79861740626875,14.831909949165526],[75.80332786259822,14.83034706020723],[75.81114274473433,14.82931734975111],[75.80537873525648,14.841326772661201]]]}},{"type":"Feature","properties":{"type":"village","name":"Devarabudenahalli","taluk":"Sandur","district":"Ballari","village_code":"604991"},"geometry":{"type":"Polygon","coordinates":[[[76.58245645617997,14.924948554620734],[76.56348922964169,14.923111077780005],[76.56362353136994,14.916787245410791],[76.56437094765263,14.914304767885156],[76.56690083974964,14.911565128358097],[76.56752892023673,14.90453873109331],[76.57416634010575,14.896904877683987],[76.5765037492885,14.891822883698651],[76.59326604838547,14.89389887706567],[76.59328922671644,14.89991830383757],[76.59199958373497,14.906745522755871],[76.59301580200183,14.916017859606722],[76.58972634480624,14.915835420608987],[76.58469292526752,14.919079037767913],[76.5865001083454,14.922350959017379],[76.58245645617997,14.924948554620734]]]}},{"type":"Feature","properties":{"type":"village","name":"Kyasanakere","taluk":"Kudligi","district":"Ballari","village_code":"605116"},"geometry":{"type":"Polygon","coordinates":[[[76.43250288757267,14.837674768265229],[76.42219135729329,14.837807003129257],[76.41575583288603,14.836173514246394],[76.41669035297109,14.830173666856941],[76.4182364631695,14.826885599077059],[76.417338249395,14.822929283305768],[76.41957200377374,14.821777243390011],[76.41918970414503,14.819715485936351],[76.42039287529722,14.820588230031687],[76.42302749388837,14.819064630738097],[76.4258727359726,14.820308532955972],[76.43872235906922,14.818057996644297],[76.4458633861646,14.817981677267403],[76.44781160743703,14.819801431280819],[76.4508307121563,14.82633899336097],[76.44368982070652,14.828012895410028],[76.4398715621341,14.830317208411099],[76.43849659537032,14.829834650116876],[76.43135591771957,14.832734064262258],[76.43250288757267,14.837674768265229]]]}},{"type":"Feature","properties":{"type":"village","name":"Chowdapura","taluk":"Kudligi","district":"Ballari","village_code":"605115"},"geometry":{"type":"Polygon","coordinates":[[[76.41575583288603,14.836173514246394],[76.41052360988675,14.835468534414112],[76.40659018370162,14.836769253255168],[76.38237713995886,14.83636233887016],[76.37951287874344,14.837551169177104],[76.3763251638386,14.836147477991746],[76.37371229166386,14.830502924968346],[76.37216248130478,14.830713226331262],[76.37095508717243,14.832238330173217],[76.36470202407413,14.833114479059285],[76.36428750097784,14.834586972069019],[76.36160239527112,14.834621845079468],[76.36212556421111,14.82641802703548],[76.35178243928489,14.824331060277675],[76.34980179242396,14.811481552594351],[76.3536409529964,14.799824840912335],[76.36070381678061,14.800596745168464],[76.36553240875645,14.802279908094414],[76.36956839829253,14.805155031181696],[76.37081163340808,14.803787720628625],[76.37974852301213,14.804173466726521],[76.38027104696177,14.802876290111145],[76.38854131116653,14.803384374588038],[76.38884677699068,14.789465857232186],[76.39245599579986,14.789701295277617],[76.39444109560966,14.785428885660522],[76.40497952236352,14.787322560985006],[76.40181170963378,14.797892132217445],[76.4036068103711,14.802015638943066],[76.40261417198214,14.803315964673926],[76.41071097869208,14.813011167205378],[76.41563837277278,14.820199031615724],[76.41581054567676,14.8220936103667],[76.417338249395,14.822929283305768],[76.4182364631695,14.826885599077059],[76.41669035297109,14.830173666856941],[76.41575583288603,14.836173514246394]]]}},{"type":"Feature","properties":{"type":"village","name":"Jermali","taluk":"Kudligi","district":"Ballari","village_code":"605083"},"geometry":{"type":"Polygon","coordinates":[[[76.46935907574567,14.842084000731962],[76.46160575874926,14.841009570667106],[76.46152862939896,14.839226463290306],[76.46294175479935,14.839151653632607],[76.46095391063636,14.834359994735426],[76.456333450227,14.8359590152899],[76.45507259825042,14.834436339599186],[76.45152086802615,14.834325997872678],[76.45087125492171,14.833360328433017],[76.4508307121563,14.82633899336097],[76.44708574802624,14.818910130739178],[76.45613426767738,14.806469588206326],[76.4549356941028,14.805281505230779],[76.45912683975642,14.800201052594213],[76.46626676911052,14.798935354177926],[76.46748554220258,14.791393397581912],[76.47153343800942,14.792543487577722],[76.47504564505611,14.79124177533382],[76.47909137861805,14.787673622565965],[76.48164715207669,14.782619989348934],[76.4856167120958,14.779980553876213],[76.49157446033266,14.782875414784142],[76.50332482399925,14.783134525302673],[76.50471562356988,14.792878757590927],[76.50839389497665,14.801945042571433],[76.50937814220254,14.807309251303924],[76.50405085139502,14.819368761092527],[76.49900667542909,14.824711744290758],[76.49488634666426,14.82686418682737],[76.49206729226721,14.827665560342526],[76.48656835766337,14.825885351147697],[76.48196391511387,14.827350319142885],[76.48161212496713,14.828813336355815],[76.47160284094994,14.8288175298435],[76.47024198671929,14.833092253754302],[76.47191144189445,14.835834368837244],[76.47005548927979,14.8366580061454],[76.47137256411506,14.839377352062108],[76.46935907574567,14.842084000731962]]]}},{"type":"Feature","properties":{"type":"village","name":"Sidegallu","taluk":"Kudligi","district":"Ballari","village_code":"605094"},"geometry":{"type":"Polygon","coordinates":[[[76.60188696187656,14.80159148541758],[76.59521039881734,14.810999029616678],[76.59056175107101,14.819667240123762],[76.58767851384351,14.83463492625608],[76.56899550797296,14.846534229847798],[76.56772095489163,14.839736272994939],[76.56820400237612,14.83427911171812],[76.56611012377194,14.830999408978645],[76.5655581719119,14.824253726197824],[76.56298331284674,14.819732614043959],[76.55768734180161,14.81715459758924],[76.55805065733344,14.810034437254187],[76.55037077671317,14.809586895787843],[76.55023569884051,14.799937064044311],[76.54629163211087,14.788857037090336],[76.54998472212655,14.789008238886352],[76.554662663036,14.791285861921414],[76.55881121866368,14.786217720006716],[76.57147489768299,14.776720266273077],[76.58175353614824,14.776137054297935],[76.58866164087023,14.778129211742122],[76.60045617919093,14.783377472130395],[76.60451474339006,14.789257363253526],[76.60231671321353,14.793954891665395],[76.60188696187656,14.80159148541758]]]}},{"type":"Feature","properties":{"type":"village","name":"Belligatta","taluk":"Kudligi","district":"Ballari","village_code":"605096"},"geometry":{"type":"Polygon","coordinates":[[[76.55037077671317,14.809586895787843],[76.54928614634755,14.813334124693885],[76.54810626132414,14.813708437061024],[76.53440764943568,14.812883453163137],[76.53158916996037,14.816723541763459],[76.52722731296177,14.82583278463999],[76.53286043700437,14.827826092951886],[76.531654886215,14.848895708220548],[76.52815367095411,14.850031908115598],[76.51172018938708,14.849045561289781],[76.51283634433098,14.846461371241931],[76.52000779556843,14.839169744076177],[76.5206076105651,14.834070000890662],[76.52021014198449,14.832455838289414],[76.51848531914679,14.831163881593206],[76.50720432791111,14.82909235638379],[76.50077442695758,14.822973911421677],[76.50405085139502,14.819368761092527],[76.50937814220254,14.807309251303924],[76.50839389497665,14.801945042571433],[76.50471562356988,14.792878757590927],[76.50332482399925,14.783134525302673],[76.51319495897891,14.78208567886353],[76.52393309739011,14.77792163888463],[76.52726196277891,14.77822133193837],[76.53488436110244,14.780959491731638],[76.53491000980043,14.777258808765433],[76.5446592557974,14.776536453659627],[76.54598215800391,14.779300687337384],[76.54629163211087,14.788857037090336],[76.55023569884051,14.799937064044311],[76.55037077671317,14.809586895787843]]]}},{"type":"Feature","properties":{"type":"village","name":"Chiribi","taluk":"Kudligi","district":"Ballari","village_code":"605057"},"geometry":{"type":"Polygon","coordinates":[[[76.32109178416552,14.836946784284356],[76.30631119822972,14.848091409849586],[76.3046253586821,14.823251455717239],[76.29925622075538,14.821111094431442],[76.29511312778294,14.817393283938527],[76.2941409907454,14.815008953174289],[76.29765908894375,14.802862212582768],[76.30218309903768,14.798235849868167],[76.30652537994963,14.798202251196733],[76.31486653919661,14.801535245313799],[76.316163883435,14.801360326382138],[76.32279586759823,14.795279290167732],[76.33704720928776,14.796877465808251],[76.34785821274659,14.792216206777267],[76.34902877415566,14.796949412648006],[76.3536409529964,14.799824840912335],[76.34981962128738,14.812515848240361],[76.3439540213341,14.816336522282825],[76.34173724960577,14.819386335602916],[76.33606071357873,14.82182193600683],[76.32755554441876,14.821785212925596],[76.31807804059186,14.81904825811688],[76.31995017994963,14.826446249370944],[76.32109178416552,14.836946784284356]]]}},{"type":"Feature","properties":{"type":"village","name":"Adavi Sooravvanahalli","taluk":"Kudligi","district":"Ballari","village_code":"605082"},"geometry":{"type":"Polygon","coordinates":[[[76.47203365589223,14.844571968398089],[76.46815836597735,14.847434114573998],[76.46766152306506,14.846802774125019],[76.46048458042628,14.85499696312529],[76.44637106006425,14.852624014314365],[76.44770694562162,14.849911640858865],[76.44778238883411,14.847106788208801],[76.44432586116534,14.846680627752662],[76.44352197139399,14.840866864612373],[76.4349475645835,14.83936451865329],[76.43250288757267,14.837674768265229],[76.43135591771957,14.832734064262258],[76.43849659537032,14.829834650116876],[76.4398715621341,14.830317208411099],[76.44368982070652,14.828012895410028],[76.4508307121563,14.82633899336097],[76.45060334855789,14.831502908408162],[76.45152086802615,14.834325997872678],[76.45507259825042,14.834436339599186],[76.456333450227,14.8359590152899],[76.46095391063636,14.834359994735426],[76.46294175479935,14.839151653632607],[76.46152862939896,14.839226463290306],[76.46160575874926,14.841009570667106],[76.46741103144133,14.841304624614589],[76.47203365589223,14.844571968398089]]]}},{"type":"Feature","properties":{"type":"village","name":"Dasanahalli","taluk":"Hadagalli","district":"Ballari","village_code":"604596"},"geometry":{"type":"Polygon","coordinates":[[[75.81032591473131,14.842720004059645],[75.80897619781355,14.85054186773616],[75.80192267830492,14.86768867103322],[75.79701129130427,14.860539203142114],[75.79583390359736,14.860231417959605],[75.75903422035404,14.861819880905479],[75.75007928000265,14.850430954197828],[75.75236839665405,14.840207397333259],[75.7560351642353,14.831157890589242],[75.7586538476116,14.828040848333591],[75.76400382896487,14.825641012998275],[75.76274918704185,14.829184817048695],[75.76523308270136,14.829702898416738],[75.76859107686154,14.83374135086111],[75.7661415803892,14.83617757038946],[75.76631139880885,14.841220297725522],[75.77066205291757,14.842046477871754],[75.77395076181652,14.841573140654335],[75.77708013024535,14.843879315059997],[75.78041232389228,14.842539876218483],[75.78074363873873,14.840067611883764],[75.78635874078013,14.839134034704447],[75.79385394215102,14.840729187940275],[75.80537873525648,14.841326772661201],[75.81032591473131,14.842720004059645]]]}},{"type":"Feature","properties":{"type":"village","name":"Veerapura","taluk":"Hadagalli","district":"Ballari","village_code":"604591"},"geometry":{"type":"Polygon","coordinates":[[[75.80303742109717,14.874683223169201],[75.78923983013574,14.888177796708282],[75.78567942308418,14.884251307827878],[75.78119758889284,14.885730063291309],[75.75897951205494,14.883149412671614],[75.75903422035404,14.861819880905479],[75.79003191424763,14.860089576372753],[75.79701129130427,14.860539203142114],[75.80192267830492,14.86768867103322],[75.80303742109717,14.874683223169201]]]}},{"type":"Feature","properties":{"type":"village","name":"Budanur","taluk":"Hadagalli","district":"Ballari","village_code":"604592"},"geometry":{"type":"Polygon","coordinates":[[[75.75897951205494,14.883149412671614],[75.75208523779504,14.883411157851238],[75.7491023109272,14.885220085234103],[75.74646502972956,14.884311190979714],[75.74650941997933,14.88521138356642],[75.74439390365491,14.885684054728323],[75.74280791095282,14.887356714705806],[75.73910666692932,14.887331616159669],[75.73627485286191,14.883469422954505],[75.73433240236687,14.882964138134268],[75.73273243906549,14.859178060854518],[75.72997671679425,14.856110674427427],[75.72990704615577,14.850168230375866],[75.72256309143434,14.851535189776515],[75.72493031031148,14.844747495855914],[75.72749977768831,14.842278431425392],[75.72893103198948,14.833575245050817],[75.74612069829467,14.829995151591902],[75.74798850687442,14.82739636531691],[75.75731439214935,14.82903545128105],[75.75236839665405,14.840207397333259],[75.75007928000265,14.850430954197828],[75.75923493632787,14.862308938806356],[75.75897951205494,14.883149412671614]]]}},{"type":"Feature","properties":{"type":"village","name":"Manihalli","taluk":"Hadagalli","district":"Ballari","village_code":"604590"},"geometry":{"type":"Polygon","coordinates":[[[75.85216650497125,14.918227135912506],[75.8206204066647,14.91995344079313],[75.82504616172778,14.914618694576953],[75.82524910911677,14.906405345854646],[75.82616925436062,14.90330457924445],[75.82569901325884,14.89923699469972],[75.83039513517132,14.885622878387062],[75.83202639038733,14.883621254905385],[75.8409513557543,14.889673654740584],[75.84482656931239,14.889882077103803],[75.84738259070606,14.887261461757532],[75.8490082350448,14.90163253096866],[75.85070300833792,14.903057494367408],[75.85216650497125,14.918227135912506]]]}},{"type":"Feature","properties":{"type":"village","name":"Holalu","taluk":"Hadagalli","district":"Ballari","village_code":"604593"},"geometry":{"type":"Polygon","coordinates":[[[75.73271527765029,14.863619725037923],[75.72158827741721,14.864229974191618],[75.72117320185707,14.860818413182697],[75.71881720383614,14.859775532910605],[75.71256107209283,14.852737425696228],[75.70257291375617,14.853870602822171],[75.70098340325141,14.852262417833188],[75.6952087208897,14.852196366916152],[75.69372888659629,14.858898239163308],[75.6910615863968,14.857538914265012],[75.6833047569876,14.846718134178689],[75.67584073344527,14.833438791623928],[75.67358991826265,14.826736917762616],[75.68149364917024,14.82207802042428],[75.69491055118228,14.816164528938321],[75.7102513606652,14.813814348876646],[75.70984793535594,14.816939188760452],[75.71438781329108,14.817781824776375],[75.71789535987807,14.824209985866046],[75.72921000919084,14.821412834607527],[75.73461358133902,14.813551854153317],[75.73875177579819,14.811991278271275],[75.73895008877862,14.808321763702407],[75.74555841041898,14.807409344808848],[75.74910307269859,14.804811578967358],[75.75397591029542,14.803227058155686],[75.75736673159108,14.798758987067991],[75.7581751120405,14.790434343605252],[75.76632602966987,14.79784161036429],[75.7621849076012,14.809768523983909],[75.76339047096698,14.810802794804799],[75.76313147409417,14.811920190123944],[75.75994159874108,14.81647218057238],[75.76111536713572,14.823205550213908],[75.76306822102003,14.82306690009413],[75.76400382896487,14.825641012998275],[75.75731439214935,14.82903545128105],[75.74798850687442,14.82739636531691],[75.74612069829467,14.829995151591902],[75.72893103198948,14.833575245050817],[75.72749977768831,14.842278431425392],[75.72493031031148,14.844747495855914],[75.72256309143434,14.851535189776515],[75.72990704615577,14.850168230375866],[75.72997671679425,14.856110674427427],[75.73273243906549,14.859178060854518],[75.73271527765029,14.863619725037923]]]}},{"type":"Feature","properties":{"type":"village","name":"Motikal Tanda","taluk":"Kudligi","district":"Ballari","village_code":"605048"},"geometry":{"type":"Polygon","coordinates":[[[76.25380408686631,14.882041182831204],[76.24903816136467,14.887933651428344],[76.24615550534718,14.890095642187955],[76.24413017358906,14.888495024028765],[76.24069881222297,14.887996224849394],[76.23201813920593,14.88816718608038],[76.22807261900218,14.88896973683494],[76.22803872915975,14.889904102966225],[76.22296047470519,14.889472430899183],[76.2185990902204,14.880598235682868],[76.21314358107577,14.880299995339017],[76.2132785286927,14.874493819950429],[76.21434213488739,14.874593502083034],[76.21468351086503,14.870355575148896],[76.21698095579742,14.867501737898694],[76.22068624942624,14.867366835736131],[76.22068729865852,14.86976930565514],[76.22957398860787,14.871367281020671],[76.2369672186176,14.870746567323694],[76.2410685336411,14.873530879998953],[76.25294120922183,14.878043983736365],[76.25272349532621,14.880498035412156],[76.25380408686631,14.882041182831204]]]}},{"type":"Feature","properties":{"type":"village","name":" ","taluk":"Sandur","district":"Ballari","village_code":" "},"geometry":{"type":"Polygon","coordinates":[[[76.61822387365221,14.928866448402596],[76.60331309488228,14.92933379404761],[76.60318118626596,14.933145257333901],[76.59340189072441,14.928365959922774],[76.58598203464969,14.93155002232927],[76.58331122922395,14.93021046420977],[76.58245645617997,14.924948554620734],[76.5865001083454,14.922350959017379],[76.58455351032867,14.91922355139818],[76.58972634480624,14.915835420608987],[76.60207245320295,14.916510927280823],[76.60440897215526,14.915995866797399],[76.60457788956467,14.912412389038092],[76.6104550822767,14.912401191927433],[76.61609134233798,14.911136774056722],[76.62929071011742,14.912237890609385],[76.63822676608488,14.911745840059659],[76.64280311202728,14.910433994902307],[76.65089527175225,14.903102282146715],[76.6526843340142,14.896693388088742],[76.66284049976686,14.895175654175706],[76.66578196219784,14.89581689733377],[76.66627425065161,14.89454707602871],[76.67201344416972,14.896859561664913],[76.6747967878393,14.896981084969292],[76.67756204303231,14.89441157614771],[76.67849267341215,14.90413354264681],[76.67736056079556,14.911250992347227],[76.66530241095646,14.91586244810401],[76.65260710225597,14.917816858759652],[76.63367489564074,14.924797822940407],[76.61822387365221,14.928866448402596]]]}},{"type":"Feature","properties":{"type":"village","name":" ","taluk":"Kudligi","district":"Ballari","village_code":" "},"geometry":{"type":"Polygon","coordinates":[[[76.42733437938149,14.9323055811742],[76.42589822926205,14.930762821862604],[76.42457863914396,14.931947007042805],[76.4225614209695,14.931251510589759],[76.41757484677622,14.9324996440606],[76.4126577177443,14.93182714223976],[76.40783844309456,14.933499817684025],[76.39657449559478,14.932772008830016],[76.39012373306537,14.92996850620636],[76.39186838172137,14.919121554909516],[76.39376524810568,14.916133044912348],[76.39645895518123,14.91491535529196],[76.40222637915548,14.916907130752982],[76.40268122762484,14.91347593393991],[76.40139112829925,14.913033301287784],[76.40180812355916,14.909860326845651],[76.40332573740017,14.909712608082598],[76.4035146513078,14.903477562275501],[76.4059429879636,14.905321944933062],[76.41254385628203,14.90120738364767],[76.4166981952635,14.901335859756042],[76.42156104808598,14.898373349406024],[76.4244093642051,14.899354458234324],[76.4219576354193,14.906237355798533],[76.42215030608142,14.914150241427215],[76.4214245158409,14.914744785955957],[76.42188378761475,14.918311017771618],[76.42589608498346,14.921505168858914],[76.42604967264255,14.925145756795228],[76.42448341233396,14.92585196076811],[76.42733437938149,14.9323055811742]]]}},{"type":"Feature","properties":{"type":"village","name":"Ayyanahalli","taluk":"Hadagalli","district":"Ballari","village_code":"604617"},"geometry":{"type":"Polygon","coordinates":[[[75.87113345842164,15.005247475672046],[75.86271303812221,15.01111712457927],[75.85585935603508,15.018436902417845],[75.83693670210458,15.015601040104725],[75.83605371387583,15.013490573232124],[75.83666768721969,15.012040139281662],[75.83565033887221,15.007494090277396],[75.83599061171869,15.003006970313125],[75.8394382559476,14.997412864376704],[75.84268594866901,14.99724572911111],[75.84486998938162,14.998866426763623],[75.8491527380414,14.996045444772246],[75.85156682831513,14.996995518397892],[75.85375142598322,14.994537415017614],[75.8676617267667,14.993728320382303],[75.87358211856244,14.998589464662437],[75.87525194923339,15.001102668243332],[75.87113345842164,15.005247475672046]]]}},{"type":"Feature","properties":{"type":"village","name":"Halathimalapura","taluk":"Hadagalli","district":"Ballari","village_code":"604616"},"geometry":{"type":"Polygon","coordinates":[[[75.91023670592108,15.00367301618881],[75.90522097241369,15.008368624713677],[75.90325030314062,15.012955393175767],[75.89767607085139,15.015735041387732],[75.89655997429799,15.013895975913309],[75.89321722185322,15.014366134714296],[75.89134383114227,15.018600338888158],[75.8877776658897,15.017877493948053],[75.87299728297315,15.010801239415],[75.86860846573622,15.00651278259144],[75.87113345842164,15.005247475672046],[75.87525194923339,15.001102668243332],[75.87358211856244,14.998589464662437],[75.8676617267667,14.993728320382303],[75.86996099887237,14.99160526098869],[75.87201424128638,14.985712532871657],[75.87366667338691,14.983659205370591],[75.87583649915845,14.983002756383634],[75.87679923173327,14.97918944977652],[75.87595147363335,14.972135530348083],[75.87421284997797,14.970026313027404],[75.87371003865893,14.961379924320124],[75.87202900599637,14.959955153269211],[75.87768995355832,14.959242866602429],[75.87915537977288,14.954186401624744],[75.88289104274651,14.957259312856468],[75.88289114964603,14.961226270953563],[75.87955796785226,14.973043404979169],[75.88335148592347,14.977457296839024],[75.88927168368312,14.979440663646445],[75.89223186700461,14.982485503796415],[75.89866956982635,14.984859599109214],[75.89597218594635,14.989968667607483],[75.89602984521115,14.99175659826019],[75.89930661370339,14.99566746214139],[75.90563009394015,14.99946609720122],[75.91023670592108,15.00367301618881]]]}},{"type":"Feature","properties":{"type":"village","name":"Magala","taluk":"Hadagalli","district":"Ballari","village_code":"604605"},"geometry":{"type":"Polygon","coordinates":[[[75.8394382559476,14.997412864376704],[75.83791525401153,14.99593197881312],[75.8352423303584,14.996127014961251],[75.83052832837848,14.99880796302305],[75.82858067663794,15.001096866791304],[75.82673360476818,15.005842937306822],[75.81885964582573,15.016672499667497],[75.81360190618078,15.014348347937593],[75.80851554622743,15.014346860789445],[75.80725597884168,15.012909561118516],[75.80468976426448,15.012402570606154],[75.80416966396952,15.01054067165471],[75.79695545292455,15.006566273290513],[75.79586727331524,15.007410814235886],[75.79386854426593,15.006185575195731],[75.79430202630631,15.003438245766551],[75.7925907967755,15.001244828932208],[75.78465518915004,15.001100999653431],[75.78019358412058,14.99167731463426],[75.78038890211785,14.98100389880135],[75.77956060871352,14.9776958116735],[75.7844453678525,14.974915106753338],[75.7864302260155,14.970138766078206],[75.78819833687008,14.96822584816292],[75.79315453543038,14.9706023466049],[75.79951086975201,14.955169783867769],[75.80519813525682,14.956528290076838],[75.80738358273115,14.951668110080846],[75.81287185972243,14.951921166648788],[75.81540018785252,14.953011340925586],[75.81738305085726,14.952369365738345],[75.82775570071195,14.954969977827163],[75.8373406430468,14.954760619611633],[75.83785724799704,14.958252772662906],[75.85492624810168,14.956634866838598],[75.85725145187467,14.983761308291898],[75.85638883114835,14.988468521072495],[75.87070830735725,14.98719137965039],[75.86996099887237,14.99160526098869],[75.8676617267667,14.993728320382303],[75.85375142598322,14.994537415017614],[75.85156682831513,14.996995518397892],[75.8491527380414,14.996045444772246],[75.84486998938162,14.998866426763623],[75.84268594866901,14.99724572911111],[75.8394382559476,14.997412864376704]]]}},{"type":"Feature","properties":{"type":"village","name":"Thippapura","taluk":"Hadagalli","district":"Ballari","village_code":"604620"},"geometry":{"type":"Polygon","coordinates":[[[75.914721100311,15.018543622748405],[75.90664987762035,15.019683455576699],[75.90486466014781,15.020985097116693],[75.89134383114227,15.018600338888158],[75.89321722185322,15.014366134714296],[75.89655997429799,15.013895975913309],[75.89767607085139,15.015735041387732],[75.90325030314062,15.012955393175767],[75.90522097241369,15.008368624713677],[75.91023670592108,15.00367301618881],[75.91926508893684,15.002844553603703],[75.914721100311,15.018543622748405]]]}},{"type":"Feature","properties":{"type":"village","name":"Hirabannimatti","taluk":"Hadagalli","district":"Ballari","village_code":"604584"},"geometry":{"type":"Polygon","coordinates":[[[75.7152668686955,14.926810300722138],[75.6967159340363,14.926418295805055],[75.69528658236695,14.937071520694925],[75.69372273493323,14.941508809706471],[75.69378925697663,14.942451909977619],[75.6951120370123,14.942794594595759],[75.6947604786309,14.94618119196697],[75.68714153792287,14.943827364990396],[75.68291580174095,14.94011837033349],[75.68218024411831,14.935491315923677],[75.68327496615785,14.92751980283154],[75.69019876444786,14.908986306412906],[75.69272852808577,14.899649645101322],[75.69622516373536,14.892088557974517],[75.7281361747783,14.897513113230268],[75.72731616923076,14.900525876319278],[75.72558032406455,14.90176061617685],[75.72364522178849,14.90533332123836],[75.72047363343965,14.906990710980425],[75.7183953028764,14.914188131951718],[75.71669313375355,14.91652679598899],[75.71619422741107,14.921365312843967],[75.7150930482813,14.923346583726794],[75.7152668686955,14.926810300722138]]]}},{"type":"Feature","properties":{"type":"village","name":"Byalhunsi","taluk":"Hadagalli","district":"Ballari","village_code":"604585"},"geometry":{"type":"Polygon","coordinates":[[[75.7152668686955,14.926810300722138],[75.71747741240395,14.941341785326566],[75.7169710446547,14.942628000845591],[75.7181619978207,14.94406359464977],[75.71648584480678,14.950767840649268],[75.7018813053105,14.948680741950085],[75.6947604786309,14.94618119196697],[75.6951120370123,14.942794594595759],[75.69378925697663,14.942451909977619],[75.69372273493323,14.941508809706471],[75.69528658236695,14.937071520694925],[75.6967159340363,14.926418295805055],[75.7152668686955,14.926810300722138]]]}},{"type":"Feature","properties":{"type":"village","name":"Rangapura","taluk":"Hadagalli","district":"Ballari","village_code":"604606"},"geometry":{"type":"Polygon","coordinates":[[[75.81885964582573,15.016672499667497],[75.81177568420875,15.02657110893729],[75.81021361993088,15.025942528043045],[75.80570449671785,15.022872964648611],[75.79849174184199,15.013706422174112],[75.78648638599209,15.004632702869943],[75.78465516489553,15.001100845202567],[75.7925907967755,15.001244828932208],[75.79430202630631,15.003438245766551],[75.79386854426593,15.006185575195731],[75.79586727331524,15.007410814235886],[75.79695545292455,15.006566273290513],[75.80416966396952,15.01054067165471],[75.80468976426448,15.012402570606154],[75.80725597884168,15.012909561118516],[75.80851554622743,15.014346860789445],[75.81360190618078,15.014348347937593],[75.81885964582573,15.016672499667497]]]}},{"type":"Feature","properties":{"type":"village","name":"Malvi","taluk":"Hagaribommanahalli","district":"Ballari","village_code":"604682"},"geometry":{"type":"Polygon","coordinates":[[[76.21909020637275,15.016813721626715],[76.1932730562985,15.018661776656192],[76.18908627376221,15.010682656004638],[76.18432490810898,15.008573612117024],[76.18220747477974,15.001106218877686],[76.17628722312116,14.996682393406516],[76.17484478928633,14.994013218964955],[76.17137111098214,14.983213062387385],[76.1714043207999,14.978074386639998],[76.17287947576895,14.97413664456811],[76.17665463676732,14.971733401783549],[76.18307298987787,14.970130248356133],[76.18554451214267,14.970663512645707],[76.18753582290434,14.97239820161231],[76.1904528826006,14.970695596996345],[76.20113031106821,14.977666384696388],[76.21098188505752,14.978046794233427],[76.21534448316628,14.985753165043878],[76.21407513672035,14.987605639922963],[76.21711323901124,14.987888070952874],[76.21762881808542,14.989589594761371],[76.21919765476221,15.007306156884184],[76.21909020637275,15.016813721626715]]]}},{"type":"Feature","properties":{"type":"village","name":"Devagondanahalli","taluk":"Hadagalli","district":"Ballari","village_code":"604621"},"geometry":{"type":"Polygon","coordinates":[[[75.91926508893684,15.002844553603703],[75.91023670592108,15.00367301618881],[75.90563009394015,14.99946609720122],[75.89930661370339,14.99566746214139],[75.89602984521115,14.99175659826019],[75.89597218594635,14.989968667607483],[75.90309409689247,14.974522743656967],[75.90691581936863,14.971505194368333],[75.90898481014789,14.971281441242242],[75.91673788370085,14.977377331034607],[75.91932500387135,14.980854986324143],[75.92175342766373,14.981203698794678],[75.9224005668079,14.983675949034668],[75.92390959005982,14.98459757399686],[75.9236643005799,14.979946161601312],[75.92469842227038,14.978074259074157],[75.92300195655127,14.973870221281235],[75.92928160439207,14.975684750083548],[75.93221272362082,14.975516481852459],[75.93425843725441,14.96856679325675],[75.94144193579815,14.966357869144167],[75.94698831492367,14.96688706831141],[75.94793955714768,14.975519134732954],[75.95265351241517,14.978367203849894],[75.95641976122762,14.982444606331928],[75.96004313119747,14.988449714267224],[75.95944324972545,14.997724722302177],[75.9338929343249,14.99865429139049],[75.93196690503322,14.997174126818745],[75.92268376429449,14.997231982736247],[75.92160698430614,15.001099119344364],[75.91926508893684,15.002844553603703]]]}},{"type":"Feature","properties":{"type":"village","name":"Deogiri","taluk":"Sandur","district":"Ballari","village_code":"605010"},"geometry":{"type":"Polygon","coordinates":[[[76.63204820296805,15.015819558383003],[76.62332186678849,15.021536216894885],[76.62153791414386,15.02406656000692],[76.6155835804034,15.023668035956318],[76.61435420898762,15.021653052970246],[76.61107580735823,15.020621944612],[76.61040097584882,15.01870071762945],[76.61377605237247,15.01588944604334],[76.61131748291577,15.011812616921324],[76.60505004677294,15.011952642990899],[76.59834901091044,15.00998378476611],[76.59584193602164,15.010967500759469],[76.59535968983444,15.012185719071223],[76.5895742744017,15.012512769778166],[76.58750225091003,15.006608318421339],[76.58832214506648,15.004874657289518],[76.59261275667996,15.004969090155328],[76.59695113171702,15.008179565850304],[76.59945813474062,15.007992479909221],[76.60162735504764,15.009632753084235],[76.60905172515669,15.009984923143117],[76.61030532413568,15.008345003210785],[76.61257119328586,15.007736004147862],[76.61756083522582,15.010454053693014],[76.6186458392906,15.003800282129165],[76.62471200160586,15.000099269805734],[76.62849769175764,15.000292923370562],[76.62960720096507,15.001117446066354],[76.63098769326612,15.007134952138456],[76.63484600861538,15.004419158018786],[76.63501721583047,15.007864598681033],[76.63363892889339,15.009025040973974],[76.63464194282388,15.010746590579114],[76.63881625225243,15.007742062251365],[76.64003291610021,15.010942663950095],[76.63505314395024,15.01468390000311],[76.63301240788164,15.013570352874224],[76.63204820296805,15.015819558383003]]]}},{"type":"Feature","properties":{"type":"village","name":"Varakanhalli","taluk":"Hadagalli","district":"Ballari","village_code":"604636"},"geometry":{"type":"Polygon","coordinates":[[[76.02833867895666,14.950011718403365],[76.02638898624377,14.954406057055872],[76.02316245423721,14.954888376341271],[76.0234215319584,14.961302571725778],[76.01940045265945,14.954901807786745],[75.99906965718174,14.953923340059081],[75.99689802220321,14.956669866767186],[75.99411081577792,14.956810967765303],[75.99459779608667,14.954017075046057],[75.99204053411961,14.954213959783763],[75.99255478099222,14.94873813795219],[75.98916226727059,14.945108076839382],[75.98838872079291,14.949522429248974],[75.98735429187863,14.949606726768708],[75.98674986672792,14.947595578728736],[75.98307145159072,14.946675391630267],[75.98189170670449,14.94329564312453],[75.98246598978416,14.942569084317183],[75.98013778563812,14.940921841732768],[75.98042407243096,14.938742683251336],[75.97726074768443,14.932821580791876],[75.98437643510225,14.913179044676909],[75.9919649911941,14.920578533394066],[75.997625143747,14.920994694832398],[76.00206345635944,14.9242050691398],[76.0035393668117,14.923571856383417],[76.01160299783984,14.925244571778745],[76.02707987603723,14.925885931051864],[76.02666437557392,14.934027556373318],[76.02875512893922,14.939867945359966],[76.02833867895666,14.950011718403365]]]}},{"type":"Feature","properties":{"type":"village","name":"Sogi","taluk":"Hadagalli","district":"Ballari","village_code":"604634"},"geometry":{"type":"Polygon","coordinates":[[[76.01374414759091,14.998420884707613],[76.00442444092853,14.998624009996101],[76.00519830181658,14.994645866250712],[76.00482599055549,14.985335911734],[75.98521693661134,14.984444326909749],[75.9849289690706,14.983299120387024],[75.98248582907722,14.98268567468309],[75.98624865710504,14.978828654364426],[75.97573063198962,14.979168662726087],[75.97584149936702,14.970438461241164],[75.97445966588124,14.965047416322095],[75.96934199604694,14.959126962385392],[75.96396264427547,14.944741805584584],[75.9617500245604,14.944491178568422],[75.96108812609613,14.941865379420868],[75.9514911957438,14.94181280820434],[75.94785681781845,14.942987301834414],[75.94117255619727,14.93047368416179],[75.9458477159226,14.927685691332599],[75.95409109714417,14.920671078981792],[75.97712414087914,14.89847613616576],[75.98147079119664,14.902270101062616],[75.98455458359955,14.908201920981895],[75.98397522863175,14.915246485822687],[75.97726074768443,14.932821580791876],[75.98042407243096,14.938742683251336],[75.98013778563812,14.940921841732768],[75.98246598978416,14.942569084317183],[75.98189170670449,14.94329564312453],[75.98307145159072,14.946675391630267],[75.98674986672792,14.947595578728736],[75.98735429187863,14.949606726768708],[75.98838872079291,14.949522429248974],[75.98916226727059,14.945108076839382],[75.99255478099222,14.94873813795219],[75.99204053411961,14.954213959783763],[75.99459779608667,14.954017075046057],[75.99465692769027,14.957034227418248],[75.99689802220321,14.956669866767186],[75.99906965718174,14.953923340059081],[76.01940045265945,14.954901807786745],[76.0234215319584,14.961302571725778],[76.01967159205998,14.96950202571696],[76.01671487982875,14.979043881371464],[76.01602206764062,14.991256207954754],[76.01374414759091,14.998420884707613]]]}},{"type":"Feature","properties":{"type":"village","name":"Nandihalli","taluk":"Hadagalli","district":"Ballari","village_code":"604632"},"geometry":{"type":"Polygon","coordinates":[[[76.00442444092853,14.998624009996101],[75.99614535975924,14.9982115446644],[75.99444801099621,14.995223219347869],[75.97993447443145,14.995956570933302],[75.97912701475515,14.990285803599624],[75.97605186594194,14.990231288359437],[75.97573063198962,14.979168662726087],[75.98624865710504,14.978828654364426],[75.98248582907722,14.98268567468309],[75.9849289690706,14.983299120387024],[75.98521693661134,14.984444326909749],[76.00482599055549,14.985335911734],[76.00519830181658,14.994645866250712],[76.00442444092853,14.998624009996101]]]}},{"type":"Feature","properties":{"type":"village","name":"Hansi","taluk":"Hagaribommanahalli","district":"Ballari","village_code":"604688"},"geometry":{"type":"Polygon","coordinates":[[[76.33026352302925,14.96876155666906],[76.29808603663874,14.96783089013566],[76.29427162285572,14.968973297296797],[76.2916367527363,14.961833297789692],[76.29368731906904,14.958513595010851],[76.29273902242085,14.957351163956583],[76.28961778464365,14.957294634666276],[76.28954258487458,14.955532848709481],[76.29231281134442,14.955672291058432],[76.29227523212113,14.954648495235652],[76.29000788973387,14.954453883034049],[76.28822597895991,14.950376433186328],[76.28519927718828,14.951237599136089],[76.2838713533993,14.950517613831757],[76.28642473913592,14.947341196086546],[76.2859777805697,14.938348124881484],[76.29374430459741,14.937417645810969],[76.30035498521367,14.932553266943463],[76.3018599867081,14.934722714878715],[76.30885945009449,14.934259523786425],[76.31335412121126,14.932430730837678],[76.31479929670435,14.933050184360354],[76.31636123072651,14.93181248289199],[76.31910737156691,14.934050009967434],[76.31835385302848,14.936453798203893],[76.32174672607624,14.935812984309873],[76.32367798985106,14.944846610681601],[76.32607152217948,14.944960090676743],[76.32636845041517,14.947260281695332],[76.32879458530026,14.947518371313532],[76.32839274641577,14.95727887658691],[76.33048327789719,14.962932346715931],[76.33026352302925,14.96876155666906]]]}},{"type":"Feature","properties":{"type":"village","name":"Kallahalli","taluk":"Hagaribommanahalli","district":"Ballari","village_code":"604689"},"geometry":{"type":"Polygon","coordinates":[[[76.29427162285572,14.968973297296797],[76.28286763608796,14.968249369086509],[76.27522684026741,14.964814904201074],[76.27544166787601,14.951736169189548],[76.27766243980231,14.9500953743468],[76.27590762581052,14.94812063996977],[76.27372521823509,14.94974991713112],[76.27133004109136,14.943858916973113],[76.26862628276606,14.942630541300996],[76.26891696860888,14.937967947837102],[76.2640923606613,14.924117319109689],[76.26504982910855,14.920313915951128],[76.26912584487873,14.916704794360296],[76.27060013836345,14.916090447319748],[76.2727271989376,14.9189857797073],[76.27702908261121,14.92224122039994],[76.28275347997828,14.92481034485734],[76.28666576071993,14.938006886126988],[76.28570646599768,14.940815338754012],[76.28642473913592,14.947341196086546],[76.2838713533993,14.950517613831757],[76.28519927718828,14.951237599136089],[76.28822597895991,14.950376433186328],[76.29000788973387,14.954453883034049],[76.29227523212113,14.954648495235652],[76.29231281134442,14.955672291058432],[76.28954258487458,14.955532848709481],[76.28961778464365,14.957294634666276],[76.29273902242085,14.957351163956583],[76.29368731906904,14.958513595010851],[76.2916367527363,14.961833297789692],[76.29427162285572,14.968973297296797]]]}},{"type":"Feature","properties":{"type":"village","name":"Alabur","taluk":"Hagaribommanahalli","district":"Ballari","village_code":"604694"},"geometry":{"type":"Polygon","coordinates":[[[76.16825587574769,14.909591451346408],[76.1692849533978,14.915248714972257],[76.16732931473608,14.91731781501621],[76.16683239007712,14.920571367827886],[76.15626313763431,14.922374716729738],[76.14828439560385,14.921658198768744],[76.15003647422559,14.938909415416749],[76.13169255362868,14.933755044772083],[76.13117770668146,14.931485972980449],[76.12252947991415,14.929216851185583],[76.12249581734552,14.933688233318],[76.10842466782051,14.933804180784195],[76.10843299610151,14.930689219219287],[76.09900805090525,14.930032911883092],[76.09971487232029,14.926720735894193],[76.09276733425224,14.925237554797533],[76.09182931343256,14.920262210962075],[76.08510018186125,14.919669086159702],[76.08575592506918,14.916980503743838],[76.10722101067974,14.918578687955874],[76.11427090099461,14.917725225988574],[76.11564155764165,14.92181481437021],[76.12155751894642,14.922099813709833],[76.11561440696047,14.906694851865334],[76.12078634941098,14.908181771170007],[76.12056353488116,14.900450082639932],[76.11995008435682,14.900657966766863],[76.12064751119055,14.869305173424353],[76.12752409672419,14.86933810032895],[76.13062303382442,14.868258152716113],[76.13055781074492,14.860797514835381],[76.15474464164768,14.861238953246247],[76.15836575594787,14.869786994148136],[76.15409470784469,14.872523684262262],[76.15502233066495,14.88216707971284],[76.1614386787358,14.883667862082069],[76.1610974159459,14.894979784025896],[76.16250663008155,14.909194446190558],[76.16825587574769,14.909591451346408]]]}},{"type":"Feature","properties":{"type":"village","name":"Mahajanadahalli","taluk":"Hadagalli","district":"Ballari","village_code":"604638"},"geometry":{"type":"Polygon","coordinates":[[[76.06553503487325,14.947829905237962],[76.04470209282981,14.948123582205312],[76.03627595475358,14.948904504774335],[76.03591501257075,14.950239065165789],[76.02833867895666,14.950011718403365],[76.02875512893922,14.939867945359966],[76.02666437557392,14.934027556373318],[76.02728615078601,14.925085189726593],[76.02660161387828,14.916943513870832],[76.03030945692586,14.920022538566771],[76.03260326817293,14.924533236730936],[76.0366178418726,14.926202323329726],[76.03822965305432,14.928227406026314],[76.04479038105258,14.931971480647059],[76.04550683240743,14.930042221067113],[76.04769560993653,14.930314121106115],[76.04897096880664,14.924824291178348],[76.04800912107237,14.924543724044634],[76.04877210515893,14.921936616105995],[76.04965044640271,14.922221642192797],[76.05131152119458,14.91619409366356],[76.05697155427154,14.916869256332198],[76.06215340064801,14.915881290786828],[76.0651095658052,14.913581984321448],[76.06613760140962,14.910111870131551],[76.06883740265609,14.910492154604027],[76.06974391596549,14.908951500108408],[76.08469704401287,14.913383306262983],[76.08575592506918,14.916980503743838],[76.08503553909338,14.91760846430808],[76.08324755930136,14.932835072640563],[76.07936986998634,14.931366106184237],[76.07806550721065,14.932967454851],[76.07298672903828,14.931397988095572],[76.0720068898455,14.938405106159628],[76.06953597035029,14.938220914665948],[76.06950134029609,14.939038405395674],[76.06725362070792,14.938320455322863],[76.06553503487325,14.947829905237962]]]}},{"type":"Feature","properties":{"type":"village","name":"Angoor","taluk":"Hadagalli","district":"Ballari","village_code":"604604"},"geometry":{"type":"Polygon","coordinates":[[[75.79951086975201,14.955169783867769],[75.79315453543038,14.9706023466049],[75.78819833687008,14.96822584816292],[75.7864302260155,14.970138766078206],[75.7844453678525,14.974915106753338],[75.77956060871352,14.9776958116735],[75.77360093269205,14.97360363711764],[75.76073687097391,14.968427801889257],[75.75596139997407,14.963079579332257],[75.74910180697233,14.95234414893393],[75.76357270410384,14.937289172162654],[75.76520311310685,14.923391636367365],[75.77000126926256,14.923226308763155],[75.77110308260292,14.932138562656858],[75.77394692870521,14.933466839831752],[75.77115519477088,14.943243315280254],[75.77195509871731,14.952797951151991],[75.77763027559332,14.95271666822618],[75.77965696470584,14.950762074285757],[75.79951086975201,14.955169783867769]]]}},{"type":"Feature","properties":{"type":"village","name":"Uttangi","taluk":"Hadagalli","district":"Ballari","village_code":"604635"},"geometry":{"type":"Polygon","coordinates":[[[76.06761936797922,14.981865987379377],[76.06394946527764,14.989660190401526],[76.0599107313884,15.001801113846764],[76.05628326330421,15.005631944652993],[76.05562113217626,15.01148808395756],[76.05781792986426,15.018750497894933],[76.0492300617992,15.020089722803826],[76.03654663780995,15.019560766282895],[76.0360177304319,15.0169260954249],[76.03421384776439,15.016726574346372],[76.03409380140137,15.014774392892042],[76.03286179522686,15.014660937742057],[76.03286270881351,15.01256867192366],[76.0300686311746,15.01239582371622],[76.0298379698608,15.008283576358453],[76.02484022421864,15.008050942873444],[76.0243205281655,15.00604436616819],[76.01320919185608,15.005867255834978],[76.01308577770908,15.001102671714131],[76.01602206764062,14.991256207954754],[76.01671487982875,14.979043881371464],[76.01967159205998,14.96950202571696],[76.0234215319584,14.961302571725778],[76.02316245423721,14.954888376341271],[76.02638898624377,14.954406057055872],[76.02833867895666,14.950011718403365],[76.03591501257075,14.950239065165789],[76.03627595475358,14.948904504774335],[76.04470209282981,14.948123582205312],[76.06344138444115,14.948129642863272],[76.06233810415192,14.96511372160464],[76.06405168996372,14.973990145038508],[76.06761936797922,14.981865987379377]]]}},{"type":"Feature","properties":{"type":"village","name":"Hulikunta 73","taluk":"Sandur","district":"Ballari","village_code":"604966"},"geometry":{"type":"Polygon","coordinates":[[[76.44277682695065,14.983780538981739],[76.43574469992221,14.986411814048179],[76.43138171374129,14.990514705152668],[76.43006508896197,15.002347824887442],[76.42783380495024,15.003310844250612],[76.43004772093425,15.006920925622978],[76.43082519125309,15.011159377053293],[76.4255343900124,15.011409085299213],[76.42296298227456,15.009584003217695],[76.41635652194348,15.009544524364195],[76.41299115261481,15.013155544221927],[76.37717316807692,15.006393570336424],[76.37321805296759,15.001111946574827],[76.37152768231769,14.996923902138258],[76.36961665489127,14.997406845027736],[76.36782042766659,14.995363487966584],[76.36144959184128,14.995901315235368],[76.36595690584737,14.992309161832326],[76.36309819262712,14.986217679326163],[76.36430228095922,14.984952433707011],[76.38977784395173,14.981177496110764],[76.40117407197039,14.977390317626291],[76.40546522257301,14.973077532677964],[76.41152354169746,14.970692772226817],[76.41707737324661,14.97051664972581],[76.42068411180729,14.972654562658667],[76.42475922207566,14.9720927937342],[76.43117732635288,14.967113031205459],[76.4315745119642,14.969076242072902],[76.43756350540323,14.97748885862604],[76.44270308784226,14.977363585986911],[76.44277682695065,14.983780538981739]]]}},{"type":"Feature","properties":{"type":"village","name":"Varalihalli","taluk":"Hagaribommanahalli","district":"Ballari","village_code":"604683"},"geometry":{"type":"Polygon","coordinates":[[[76.2353417233992,15.01163714430233],[76.21938061733108,15.011029596674723],[76.21762881808542,14.989589594761371],[76.21711323901124,14.987888070952874],[76.21407513672035,14.987605639922963],[76.21534448316628,14.985753165043878],[76.21098188505752,14.978046794233427],[76.20113031106821,14.977666384696388],[76.1904528826006,14.970695596996345],[76.18753582290434,14.97239820161231],[76.18463472896563,14.970296759130349],[76.18535275686382,14.959985814183376],[76.18775546278793,14.960252126285999],[76.18922949306629,14.954061970239465],[76.19499542763378,14.953459713052318],[76.20170586526405,14.955142685812026],[76.20490937524652,14.939842337377412],[76.20871772629965,14.936804500210371],[76.21156349300003,14.936226163433718],[76.21690851116136,14.940207945199063],[76.22273020415852,14.937594517630403],[76.22259349314868,14.941705449008762],[76.22698984904748,14.94904455636635],[76.22891604542578,14.957852872797208],[76.23128522891847,14.959787212024308],[76.23506963178446,14.96041943362437],[76.23505287730609,14.961236996005189],[76.2380568561926,14.962570319341628],[76.24091247202175,14.975348847855244],[76.24625668259763,14.987175136089862],[76.24718302262367,14.98627377057609],[76.24783599632558,14.987574715692723],[76.24886747966406,14.99047722206176],[76.24564315032654,15.001104574583433],[76.2353417233992,15.01163714430233]]]}},{"type":"Feature","properties":{"type":"village","name":"Lakkalahalli","taluk":"Sandur","district":"Ballari","village_code":"605043"},"geometry":{"type":"Polygon","coordinates":[[[76.77876311770235,15.004593936340772],[76.76130929190641,15.011101967412115],[76.74657979675406,15.011388712650387],[76.74450657760478,15.009296861636242],[76.7287435770063,15.00998552964123],[76.72752409873675,14.997380920261632],[76.73073972070418,14.994532652925768],[76.73408230336737,14.985480036239162],[76.73683956175772,14.98675294626409],[76.74463525767598,14.98648703763694],[76.75078178507316,14.983202552776051],[76.76059489140535,14.989887524605098],[76.76788086436677,14.990127623978623],[76.76959125666775,14.991791748643902],[76.77240174473026,14.990865155594738],[76.77505305940926,14.993094348824183],[76.77876311770235,15.004593936340772]]]}},{"type":"Feature","properties":{"type":"village","name":"Sivapura","taluk":"Kudligi","district":"Ballari","village_code":"605073"},"geometry":{"type":"Polygon","coordinates":[[[76.37578439510555,14.982835737425138],[76.37425966391257,14.983981268369758],[76.3637211949379,14.985268711970091],[76.35831098423978,14.975046819085538],[76.35003662461563,14.975764418863076],[76.33747287508683,14.969942317728211],[76.33026352302925,14.96876155666906],[76.33048327789719,14.962932346715931],[76.32839274641577,14.95727887658691],[76.32879458530026,14.947518371313532],[76.34209330944505,14.946706567384227],[76.3422098793279,14.929255773701852],[76.35480770914194,14.925512644766652],[76.35802339758472,14.925420680224333],[76.36019583565712,14.923087339245399],[76.37189170662025,14.923752119649174],[76.38350267511095,14.935429009760464],[76.38782838659746,14.934561931139742],[76.38968789025246,14.937291982616772],[76.39651841916147,14.941589695019704],[76.40632499384324,14.944638901203545],[76.40785512211444,14.951019246656998],[76.40181746064823,14.951331724117082],[76.4002929845768,14.951964508738822],[76.4004280256185,14.954119991419937],[76.39411151900327,14.954979119295409],[76.3940095647101,14.958512807849088],[76.39142037212626,14.956416225640888],[76.38617746456497,14.958364035090899],[76.38046040643376,14.958748313155985],[76.37469213804319,14.95733844172151],[76.3737391953083,14.959534602142892],[76.37559847707941,14.972969026258971],[76.37578439510555,14.982835737425138]]]}},{"type":"Feature","properties":{"type":"village","name":"Bennikal","taluk":"Hagaribommanahalli","district":"Ballari","village_code":"604690"},"geometry":{"type":"Polygon","coordinates":[[[76.27721381665782,14.966291504365339],[76.2713107767201,14.96995051783279],[76.2672593020252,14.970317559191287],[76.24783599632558,14.987574715692723],[76.24718302262367,14.98627377057609],[76.24625668259763,14.987175136089862],[76.24091247202175,14.975348847855244],[76.2380568561926,14.962570319341628],[76.23505287730609,14.961236996005189],[76.23506963178446,14.96041943362437],[76.23128522891847,14.959787212024308],[76.22891604542578,14.957852872797208],[76.22698984904748,14.94904455636635],[76.22259349314868,14.941705449008762],[76.22273020415852,14.937594517630403],[76.23672569757031,14.930362088725497],[76.24344222308324,14.923625785299226],[76.2459195287018,14.915969729934325],[76.24978499104748,14.916945098915614],[76.26160006395726,14.913349908657539],[76.26927661901433,14.914185192723622],[76.27060013836345,14.916090447319748],[76.26504982910855,14.920313915951128],[76.2640923606613,14.924117319109689],[76.26891696860888,14.937967947837102],[76.26862628276606,14.942630541300996],[76.27133004109136,14.943858916973113],[76.27372521823509,14.94974991713112],[76.27590762581052,14.94812063996977],[76.27766243980231,14.9500953743468],[76.27544166787601,14.951736169189548],[76.27536480802031,14.953875973945845],[76.27522684026741,14.964814904201074],[76.27721381665782,14.966291504365339]]]}},{"type":"Feature","properties":{"type":"village","name":"Gowripur","taluk":"Sandur","district":"Ballari","village_code":"605019"},"geometry":{"type":"Polygon","coordinates":[[[76.60318118626596,14.933145257333901],[76.59520668518196,14.941201291264958],[76.59278335214226,14.946323762313884],[76.58367934175938,14.943125801077633],[76.58509087624343,14.931315687602103],[76.58699380176428,14.931433144036156],[76.59340189072441,14.928365959922774],[76.60318118626596,14.933145257333901]]]}},{"type":"Feature","properties":{"type":"village","name":"Thippanamaradi","taluk":"Sandur","district":"Ballari","village_code":"604982"},"geometry":{"type":"Polygon","coordinates":[[[76.53038751875765,14.934833645789046],[76.53024757291446,14.951805227230937],[76.52645028910561,14.948423947790852],[76.52227981907659,14.951241835372986],[76.51983555169753,14.950201312052773],[76.51619883455919,14.951412846137652],[76.51582021622649,14.945636084699528],[76.51763047962747,14.938657326900763],[76.51772892510114,14.934535155971469],[76.52146322173722,14.93336580574321],[76.52676276897552,14.933391641907573],[76.52800253210249,14.935277596265138],[76.53038751875765,14.934833645789046]]]}},{"type":"Feature","properties":{"type":"village","name":"Kudligi (TP)","taluk":"Kudligi","district":"Ballari","village_code":"803116"},"geometry":{"type":"Polygon","coordinates":[[[76.40385685732876,14.943523037794034],[76.39651841916147,14.941589695019704],[76.38968789025246,14.937291982616772],[76.38782838659746,14.934561931139742],[76.38473591467232,14.935558175423067],[76.38238326916405,14.934746531981306],[76.36983539106969,14.921227006162228],[76.37217904174705,14.916949896583999],[76.37207096543523,14.912953110957973],[76.37091728337032,14.911901298807539],[76.37185471399685,14.910113349322181],[76.36651992674831,14.883328057645842],[76.37495545940577,14.88097934060997],[76.38205685462746,14.874738848661092],[76.38685127918147,14.876211242897405],[76.39200611321738,14.876351182936945],[76.39153780439177,14.881154275885764],[76.3950707706064,14.883222545394451],[76.39602649542368,14.887201650614587],[76.39825271383552,14.88836721916062],[76.39792839327187,14.890137700594174],[76.40470565657611,14.888506851796256],[76.4052281149487,14.887121867382303],[76.41465435461727,14.882562920102327],[76.4140961118553,14.885297603247556],[76.4158634753116,14.89080156964971],[76.41903614972364,14.891922946747169],[76.41867598099026,14.893746054867844],[76.4216326483057,14.896059476262305],[76.42156104808598,14.898373349406024],[76.4166981952635,14.901335859756042],[76.41254385628203,14.90120738364767],[76.4059429879636,14.905321944933062],[76.4035146513078,14.903477562275501],[76.40332573740017,14.909712608082598],[76.40180812355916,14.909860326845651],[76.40139112829925,14.913033301287784],[76.40268122762484,14.91347593393991],[76.40222637915548,14.916907130752982],[76.39645895518123,14.91491535529196],[76.39376524810568,14.916133044912348],[76.39186838172137,14.919121554909516],[76.39012373306537,14.92996850620636],[76.40175031158077,14.934829036001307],[76.40411664022744,14.939709132247776],[76.40385685732876,14.943523037794034]]]}},{"type":"Feature","properties":{"type":"village","name":" ","taluk":"Hadagalli","district":"Ballari","village_code":" "},"geometry":{"type":"Polygon","coordinates":[[[75.92928160439207,14.975684750083548],[75.92300195655127,14.973870221281235],[75.92469842227038,14.978074259074157],[75.9236643005799,14.979946161601312],[75.92347845980888,14.984569683918576],[75.92175342766373,14.981203698794678],[75.91932500387135,14.980854986324143],[75.91673788370085,14.977377331034607],[75.9095524133551,14.971595627419607],[75.91306476143728,14.966587488811841],[75.92389603627882,14.955718288119858],[75.92622225694473,14.95038197303646],[75.92532901983691,14.939319362407188],[75.91323236011986,14.93907018635371],[75.91448173072882,14.935843309298726],[75.91712520760697,14.936429553384672],[75.91812794755128,14.92212587431001],[75.91735129469936,14.916538656070292],[75.91548368464727,14.915700921965549],[75.91373022441664,14.910421172664718],[75.913556590852,14.902934149749026],[75.91209043161214,14.897095734414341],[75.91424103433496,14.886852927897793],[75.92074736485118,14.888872927997216],[75.92753153440331,14.889626135566461],[75.92824304232917,14.892359915643251],[75.93094754805276,14.892946760061081],[75.93243428679746,14.891839262958792],[75.93434407275215,14.8920648160179],[75.93486017374748,14.893420342294744],[75.93731825092742,14.893501129365324],[75.93721674309694,14.895697232034081],[75.93992134404196,14.896424038642705],[75.94007108780995,14.9000436199258],[75.95019666143561,14.90028019719471],[75.94839733502322,14.9053916081914],[75.94205170233153,14.916149034306686],[75.93679740862402,14.927688187696802],[75.93372739188601,14.94383619621314],[75.93415980582951,14.948864721377827],[75.93005545360202,14.96744335486609],[75.92928160439207,14.975684750083548]]]}},{"type":"Feature","properties":{"type":"village","name":"Dhoopadahalli","taluk":"Kudligi","district":"Ballari","village_code":"605052"},"geometry":{"type":"Polygon","coordinates":[[[76.23672569757031,14.930362088725497],[76.21690851116136,14.940207945199063],[76.21168766173186,14.936373513322884],[76.20471357126065,14.929068998159828],[76.20160625377714,14.920981323764053],[76.2009760379946,14.912761831653196],[76.21048382762297,14.912523616185082],[76.21321848260415,14.895849564960237],[76.21469309768577,14.89391368397563],[76.21904975433719,14.891409344080765],[76.22296047470519,14.889472430899183],[76.22803872915975,14.889904102966225],[76.22807261900218,14.88896973683494],[76.23201813920593,14.88816718608038],[76.24275758286925,14.888228813141557],[76.24615550534718,14.890095642187955],[76.24903816136467,14.887933651428344],[76.25261403471052,14.882829409727304],[76.25609125237692,14.882849785901229],[76.25513166300725,14.89322575973339],[76.25792380118347,14.9139490803907],[76.24978499104748,14.916945098915614],[76.2459195287018,14.915969729934325],[76.24344222308324,14.923625785299226],[76.23672569757031,14.930362088725497]]]}},{"type":"Feature","properties":{"type":"village","name":"Hireheggadahal","taluk":"Kudligi","district":"Ballari","village_code":"605072"},"geometry":{"type":"Polygon","coordinates":[[[76.35480770914194,14.925512644766652],[76.3422098793279,14.929255773701852],[76.34209330944505,14.946706567384227],[76.32636845041517,14.947260281695332],[76.32607152217948,14.944960090676743],[76.32367798985106,14.944846610681601],[76.32174672607624,14.935812984309873],[76.31835385302848,14.936453798203893],[76.31973419171767,14.929563677273894],[76.32337656015744,14.92721564001768],[76.3240623133841,14.924375986857008],[76.3274515222038,14.924359261132112],[76.31997206470658,14.916206247162403],[76.31718089940581,14.90491657566181],[76.32008559019893,14.895205937147114],[76.32185232483451,14.894627979874564],[76.32463186593549,14.891306779666749],[76.33089208591166,14.88878099467802],[76.33557644079221,14.892840201202104],[76.3431625022625,14.902729155118365],[76.34407303193956,14.902655431764309],[76.34376940766172,14.903725381947211],[76.34843585013553,14.904556091198463],[76.35480770914194,14.925512644766652]]]}},{"type":"Feature","properties":{"type":"village","name":"Hirekolachi","taluk":"Hadagalli","district":"Ballari","village_code":"604625"},"geometry":{"type":"Polygon","coordinates":[[[75.88182722275275,14.933597119417893],[75.8607160832456,14.93514007623645],[75.86184803865704,14.926162093913169],[75.85386063776558,14.926999423567116],[75.85058820184797,14.90238697871074],[75.8490082350448,14.90163253096866],[75.84880739510346,14.89962107727583],[75.86857210912002,14.896298347154433],[75.87414534877087,14.893867983611585],[75.88276340382272,14.896326411039917],[75.88267419931839,14.91472614369335],[75.8825880850186,14.916094962892384],[75.88149639389486,14.916569907376967],[75.88182722275275,14.933597119417893]]]}},{"type":"Feature","properties":{"type":"village","name":"Mannera Masalavada","taluk":"Hadagalli","district":"Ballari","village_code":"604624"},"geometry":{"type":"Polygon","coordinates":[[[75.91424103433496,14.886852927897793],[75.91209043161214,14.897095734414341],[75.913556590852,14.902934149749026],[75.91373022441664,14.910421172664718],[75.91548368464727,14.915700921965549],[75.91692019499112,14.915840383230925],[75.917696420245,14.918522054711083],[75.91712520760697,14.936429553384672],[75.91448173072882,14.935843309298726],[75.91323236011986,14.93907018635371],[75.89053329473612,14.936949356050052],[75.88182729102469,14.937201035157724],[75.88149639389486,14.916569907376967],[75.8825880850186,14.916094962892384],[75.88250146227237,14.902936864293236],[75.89051662380109,14.901958785839767],[75.90447842320317,14.902628092698855],[75.90368256437047,14.883592512187501],[75.91424103433496,14.886852927897793]]]}},{"type":"Feature","properties":{"type":"village","name":"Upparagatta","taluk":"Hagaribommanahalli","district":"Ballari","village_code":"604684"},"geometry":{"type":"Polygon","coordinates":[[[76.28884651988682,15.001793905874184],[76.27386611539414,15.004367843812135],[76.26049622401757,15.002793258108332],[76.24903704206385,15.012664391591834],[76.24430977106887,15.01109955878556],[76.2353417233992,15.01163714430233],[76.24564315032654,15.001104574583433],[76.24886747966406,14.99047722206176],[76.24783599632558,14.987574715692723],[76.24903727921908,14.985972896588846],[76.2672593020252,14.970317559191287],[76.2713107767201,14.96995051783279],[76.27721381665782,14.966291504365339],[76.28529645334244,14.96826877560385],[76.28803378081159,14.979623966702924],[76.28884651988682,15.001793905874184]]]}},{"type":"Feature","properties":{"type":"village","name":"Narayanapur","taluk":"Sandur","district":"Ballari","village_code":"605011"},"geometry":{"type":"Polygon","coordinates":[[[76.67262180034814,15.020591956116354],[76.66240616612365,15.022585126885163],[76.65707815127399,15.01965718385957],[76.65454601788038,15.012417928977083],[76.64348189971722,15.014832121707606],[76.6469944642934,15.006696098895986],[76.64412583996065,15.004868840321523],[76.64682526660962,15.001963422886636],[76.65318194318944,15.001114219952555],[76.65751853956226,14.994275841694108],[76.66611905590649,14.985374351134903],[76.67534826089731,14.98958847970498],[76.67219205080777,14.990596252285947],[76.67079480492664,14.992118899968276],[76.66939772343721,14.994508213362012],[76.67074770176474,14.997154615324435],[76.66578975059134,15.001111688867509],[76.65934078289588,15.009153539287922],[76.65688922928156,15.017168020306586],[76.65769840204507,15.018968481961993],[76.66038631408875,15.020341019639588],[76.66483454500028,15.020353131661036],[76.66883580656577,15.018571837227325],[76.67156594302105,15.018531650312877],[76.67262180034814,15.020591956116354]]]}},{"type":"Feature","properties":{"type":"village","name":"Chikkakeriyaginahalli","taluk":"Sandur","district":"Ballari","village_code":"604967"},"geometry":{"type":"Polygon","coordinates":[[[76.43117732635288,14.967113031205459],[76.42475922207566,14.9720927937342],[76.42068411180729,14.972654562658667],[76.41707737324661,14.97051664972581],[76.41152354169746,14.970692772226817],[76.40546522257301,14.973077532677964],[76.40117407197039,14.977390317626291],[76.38977784395173,14.981177496110764],[76.3772631855566,14.9836319139329],[76.37578439510555,14.982835737425138],[76.37559847707941,14.972969026258971],[76.3737391953083,14.959534602142892],[76.37469213804319,14.95733844172151],[76.38046040643376,14.958748313155985],[76.38617746456497,14.958364035090899],[76.39142037212626,14.956416225640888],[76.3940095647101,14.958512807849088],[76.39411151900327,14.954979119295409],[76.4004280256185,14.954119991419937],[76.4002929845768,14.951964508738822],[76.40181746064823,14.951331724117082],[76.40785512211444,14.951019246656998],[76.40632499384324,14.944638901203545],[76.40385685732876,14.943523037794034],[76.40411664022744,14.939709132247776],[76.40175031158077,14.934829036001307],[76.39799490273887,14.933089617420585],[76.40197318360275,14.932596750084253],[76.40783844309456,14.933499817684025],[76.4126577177443,14.93182714223976],[76.41757484677622,14.9324996440606],[76.4225614209695,14.931251510589759],[76.42457863914396,14.931947007042805],[76.42589822926205,14.930762821862604],[76.43013790999214,14.935316858794803],[76.43233152944063,14.935246312959576],[76.43001678744743,14.94109966627288],[76.43037786617421,14.942712292393733],[76.42947645709226,14.943168257913221],[76.43077538416216,14.946463480571808],[76.42583669825835,14.952845314899584],[76.4271724957808,14.95929583884436],[76.43002224830606,14.962660888077373],[76.43117732635288,14.967113031205459]]]}},{"type":"Feature","properties":{"type":"village","name":"Jiginahalli","taluk":"Sandur","district":"Ballari","village_code":"604981"},"geometry":{"type":"Polygon","coordinates":[[[76.5595895459753,14.960492718849233],[76.53340756760628,14.968230597822384],[76.53178235266223,14.966569595657722],[76.53029478836581,14.953957423935647],[76.53056780524527,14.935782293035112],[76.55009215704129,14.935461898778879],[76.55769112011566,14.938965913964019],[76.56086805793207,14.941949205184079],[76.56157796506005,14.94430322634082],[76.55989040793362,14.948401591170473],[76.5595895459753,14.960492718849233]]]}},{"type":"Feature","properties":{"type":"village","name":"Kanakapur .B.C.","taluk":"Sandur","district":"Ballari","village_code":"604977"},"geometry":{"type":"Polygon","coordinates":[[[76.64433645177564,14.973548916296972],[76.63720039326208,14.974542588717572],[76.63418859094777,14.973348145020996],[76.63158646891203,14.970303430111397],[76.63030945444686,14.965806440569407],[76.63317618692761,14.958030351778833],[76.63312780007317,14.951238111199146],[76.61444054427297,14.953183204289115],[76.61677780164045,14.94570661670625],[76.62116245428773,14.936993893741633],[76.62029531503555,14.932684266637784],[76.61822387365221,14.928866448402596],[76.63367489564074,14.924797822940407],[76.65260710225597,14.917816858759652],[76.66530241095646,14.91586244810401],[76.66431377905366,14.922487237282088],[76.66298046088141,14.924751375701591],[76.66261967500544,14.935171797881532],[76.65981365516315,14.941783249583038],[76.67088864563617,14.939522005594855],[76.66856633533672,14.955637886336671],[76.65996716466877,14.965078143332244],[76.65127047019864,14.970770623902798],[76.64433645177564,14.973548916296972]]]}},{"type":"Feature","properties":{"type":"village","name":"Hirekeriyaginahalli","taluk":"Sandur","district":"Ballari","village_code":"604968"},"geometry":{"type":"Polygon","coordinates":[[[76.44942872676373,14.977310175633876],[76.43756350540323,14.97748885862604],[76.4315745119642,14.969076242072902],[76.43002224830606,14.962660888077373],[76.4271724957808,14.95929583884436],[76.42583669825835,14.952845314899584],[76.43077538416216,14.946463480571808],[76.42947645709226,14.943168257913221],[76.43037786617421,14.942712292393733],[76.43001678744743,14.94109966627288],[76.43233152944063,14.935246312959576],[76.4345251363127,14.93517574279808],[76.44258746927528,14.931169960846871],[76.45072926810622,14.929355395764212],[76.45309424119516,14.927655576984046],[76.45659854396567,14.928219277238933],[76.46185814222494,14.924977375146232],[76.4662082106321,14.92518360024583],[76.46992226463159,14.926998703125898],[76.469281814343,14.934215909918388],[76.47335640089358,14.93449473108554],[76.47321329657386,14.936948902974274],[76.48054430477544,14.960084480348703],[76.4853406786736,14.960397907066591],[76.48130626927416,14.969690270885062],[76.48011595930187,14.969199977422885],[76.4797198498723,14.970357120783584],[76.47856564678455,14.970112186271546],[76.47752139569091,14.973513327275612],[76.4581181996773,14.971697908788746],[76.45732528103053,14.972995424337833],[76.45570213310995,14.972224611072033],[76.44942872676373,14.977310175633876]]]}},{"type":"Feature","properties":{"type":"village","name":"Devaramallapur","taluk":"Sandur","district":"Ballari","village_code":"604971"},"geometry":{"type":"Polygon","coordinates":[[[76.5504846067344,14.981774802828184],[76.54295546970701,14.980870385143113],[76.53494573040938,14.977061211203058],[76.52033365764109,14.97562609690335],[76.51364674419318,14.977437957106588],[76.51438748419667,14.966655262872962],[76.51595563456063,14.96253382332144],[76.51942682722638,14.958741159277848],[76.52125796118638,14.95825021243132],[76.53118356893151,14.958723097969353],[76.53178235266223,14.966569595657722],[76.53887459405117,14.973338737049316],[76.54827135101212,14.972358518902377],[76.5504846067344,14.981774802828184]]]}},{"type":"Feature","properties":{"type":"village","name":"Kalingeri","taluk":"Sandur","district":"Ballari","village_code":"604969"},"geometry":{"type":"Polygon","coordinates":[[[76.51364674419318,14.977437957106588],[76.51038076356923,14.980378267151863],[76.50425990373468,14.982155072296559],[76.47813891109196,14.982733554226973],[76.47683882339872,14.979123084633468],[76.47885750223382,14.97712379685399],[76.47752139569091,14.973513327275612],[76.47856564678455,14.970112186271546],[76.4797198498723,14.970357120783584],[76.48011595930187,14.969199977422885],[76.48130626927416,14.969690270885062],[76.4853406786736,14.960397907066591],[76.48054430477544,14.960084480348703],[76.47321329657386,14.936948902974274],[76.47349989687874,14.932846905782744],[76.47490672059743,14.93407332198438],[76.47865579541823,14.932248641677017],[76.48244228507068,14.933263689240869],[76.49430536394921,14.933573513973737],[76.50614488001783,14.929549169670135],[76.51027704498482,14.931902233949797],[76.50990252476646,14.929785344727067],[76.51255315313261,14.928053469005508],[76.51266240803412,14.926381885646357],[76.5173954767559,14.926993179164544],[76.5228370781833,14.931797156932964],[76.52522348776986,14.928378658702988],[76.52710196204703,14.929269566099762],[76.52676276897552,14.933391641907573],[76.52146322173722,14.93336580574321],[76.51772892510114,14.934535155971469],[76.51763047962747,14.938657326900763],[76.51582021622649,14.945636084699528],[76.51619883455919,14.951412846137652],[76.51983555169753,14.950201312052773],[76.52227981907659,14.951241835372986],[76.5267709723907,14.94850540679366],[76.53024757291446,14.951805227230937],[76.53118356893151,14.958723097969353],[76.52125796118638,14.95825021243132],[76.51831808068866,14.959724392192685],[76.51595563456063,14.96253382332144],[76.51438748419667,14.966655262872962],[76.51364674419318,14.977437957106588]]]}},{"type":"Feature","properties":{"type":"village","name":"Gollalingammanahalli","taluk":"Sandur","district":"Ballari","village_code":"604974"},"geometry":{"type":"Polygon","coordinates":[[[76.71142565732967,14.97571077380405],[76.68542455294649,14.978608005172473],[76.68527867373088,14.973923690635452],[76.68778244012445,14.967224508598505],[76.68282000276452,14.969567887896243],[76.67801341232664,14.969229369114098],[76.67436294108298,14.967660880930081],[76.65310830289572,14.988350655057321],[76.64775866919045,14.98338572765254],[76.64433645177564,14.973548916296972],[76.65524549287301,14.968428083067453],[76.66326732978257,14.962337296836655],[76.66741031136388,14.957628870225365],[76.66936057989687,14.952264933172396],[76.67088864563617,14.939522005594855],[76.67898925401639,14.938991576732148],[76.68123373158468,14.937630942380164],[76.68819167304201,14.949026569749797],[76.6912437809665,14.941181943054742],[76.69791774609791,14.943923675205108],[76.7027313937007,14.943050700272684],[76.7071511713739,14.932020079786744],[76.70602106469532,14.94232780420917],[76.71282411503812,14.939487588736478],[76.71670831893556,14.94760642076288],[76.71687575592135,14.969829789941093],[76.71537571402564,14.973011588267209],[76.71302385094998,14.973414671631152],[76.71142565732967,14.97571077380405]]]}},{"type":"Feature","properties":{"type":"village","name":"Tonisigeri","taluk":"Sandur","district":"Ballari","village_code":"604973"},"geometry":{"type":"Polygon","coordinates":[[[76.65310830289572,14.988350655057321],[76.64958406740733,14.991092557069726],[76.64729315861696,14.995030701384467],[76.63528522100896,15.000245598748563],[76.62298141517729,14.991724307940114],[76.61425947625105,14.981277897627638],[76.61580203720578,14.969988651048629],[76.61444054427297,14.953183204289115],[76.63312780007317,14.951238111199146],[76.63317618692761,14.958030351778833],[76.63030945444686,14.965806440569407],[76.63158646891203,14.970303430111397],[76.63418859094777,14.973348145020996],[76.63720039326208,14.974542588717572],[76.64433645177564,14.973548916296972],[76.64775866919045,14.98338572765254],[76.65310830289572,14.988350655057321]]]}},{"type":"Feature","properties":{"type":"village","name":"Nagathi Basapura","taluk":"Hadagalli","district":"Ballari","village_code":"604622"},"geometry":{"type":"Polygon","coordinates":[[[75.94144193579815,14.966357869144167],[75.93425843725441,14.96856679325675],[75.93221272362082,14.975516481852459],[75.92928160439207,14.975684750083548],[75.93005545360202,14.96744335486609],[75.93415980582951,14.948864721377827],[75.93441587868608,14.939673566253262],[75.93645077301036,14.93247770675216],[75.94117255619727,14.93047368416179],[75.94785681781845,14.942987301834414],[75.9478715780369,14.944467887644814],[75.94394127709066,14.96374517405547],[75.94195850571406,14.963969184123334],[75.94144193579815,14.966357869144167]]]}},{"type":"Feature","properties":{"type":"village","name":"Shivalinganahalli","taluk":"Hadagalli","district":"Ballari","village_code":"604623"},"geometry":{"type":"Polygon","coordinates":[[[75.9095524133551,14.971595627419607],[75.90769166014356,14.971141858912537],[75.90309409689247,14.974522743656967],[75.89866956982635,14.984859599109214],[75.89223186700461,14.982485503796415],[75.88927168368312,14.979440663646445],[75.88223069028281,14.976395801028374],[75.87955796785226,14.973043404979169],[75.88289114964603,14.961226270953563],[75.88289104274651,14.957259312856468],[75.87915537977288,14.954186401624744],[75.88182729102469,14.937201035157724],[75.89053329473612,14.936949356050052],[75.92532901983691,14.939319362407188],[75.92613634296926,14.951471545866502],[75.92429784372227,14.953483353629379],[75.92389603627882,14.955718288119858],[75.91306476143728,14.966587488811841],[75.9095524133551,14.971595627419607]]]}},{"type":"Feature","properties":{"type":"village","name":"Hugulura","taluk":"Hadagalli","district":"Ballari","village_code":"604633"},"geometry":{"type":"Polygon","coordinates":[[[75.97609380918088,14.987675114209178],[75.96771666072867,14.988726123722213],[75.96004313119747,14.988449714267224],[75.95641976122762,14.982444606331928],[75.95265351241517,14.978367203849894],[75.94793955714768,14.975519134732954],[75.94698831492367,14.96688706831141],[75.94144193579815,14.966357869144167],[75.94195850571406,14.963969184123334],[75.94394127709066,14.96374517405547],[75.94785681781845,14.942987301834414],[75.9514911957438,14.94181280820434],[75.96108812609613,14.941865379420868],[75.9617500245604,14.944491178568422],[75.96396264427547,14.944741805584584],[75.96934199604694,14.959126962385392],[75.97445966588124,14.965047416322095],[75.97552462224382,14.968734500251422],[75.97609380918088,14.987675114209178]]]}},{"type":"Feature","properties":{"type":"village","name":"Kogali-Samatu Kodihalli","taluk":"Hagaribommanahalli","district":"Ballari","village_code":"604692"},"geometry":{"type":"Polygon","coordinates":[[[76.21156349300003,14.936226163433718],[76.20638452213076,14.938040020382454],[76.20490937524652,14.939842337377412],[76.20170586526405,14.955142685812026],[76.19499542763378,14.953459713052318],[76.18922949306629,14.954061970239465],[76.1804112861826,14.947022383071188],[76.1808227765665,14.945554127285824],[76.17790529196712,14.944520355795316],[76.17711640675596,14.946622733931568],[76.1729283719682,14.94241912271067],[76.16846661602177,14.941786020053016],[76.17206817579483,14.932275378939122],[76.17141560543647,14.930006486818051],[76.17292512276182,14.927503548674956],[76.1711056785786,14.92473430019765],[76.17268362776565,14.92176422081103],[76.17556574479397,14.919594705433706],[76.17360885477905,14.915624261242758],[76.17460357007295,14.913822164761447],[76.17384802942682,14.910952711107996],[76.18307879389295,14.910783840909428],[76.2009760379946,14.912761831653196],[76.20160625377714,14.920981323764053],[76.20316502213623,14.926344669105676],[76.21156349300003,14.936226163433718]]]}},{"type":"Feature","properties":{"type":"village","name":"Kogali","taluk":"Hagaribommanahalli","district":"Ballari","village_code":"604693"},"geometry":{"type":"Polygon","coordinates":[[[76.18922949306629,14.954061970239465],[76.18775546278793,14.960252126285999],[76.18535275686382,14.959985814183376],[76.18511272163,14.960986889015913],[76.17348087000391,14.957992604376338],[76.15946013572929,14.957811391757145],[76.1589445907911,14.953607138769343],[76.15029539563992,14.953040884982086],[76.14277909014805,14.954309464273633],[76.13788208787007,14.952850204631158],[76.13098936500069,14.949237896776676],[76.13222484496039,14.947235840210686],[76.13146982264217,14.945500636102404],[76.1274199442535,14.945167025652227],[76.12611577281898,14.933688294076239],[76.12249581734552,14.933688233318],[76.12252947991415,14.929216851185583],[76.13117770668146,14.931485972980449],[76.13169255362868,14.933755044772083],[76.15003647422559,14.938909415416749],[76.14828439560385,14.921658198768744],[76.15626313763431,14.922374716729738],[76.16683239007712,14.920571367827886],[76.16732931473608,14.91731781501621],[76.1692849533978,14.915248714972257],[76.16825587574769,14.909591451346408],[76.17053637306395,14.909660252963985],[76.17053662189728,14.910995051902292],[76.17384802942682,14.910952711107996],[76.17460357007295,14.913822164761447],[76.17360885477905,14.915624261242758],[76.17556574479397,14.919594705433706],[76.17268362776565,14.92176422081103],[76.1711056785786,14.92473430019765],[76.17292512276182,14.927503548674956],[76.17141560543647,14.930006486818051],[76.17206817579483,14.932275378939122],[76.16846661602177,14.941786020053016],[76.1729283719682,14.94241912271067],[76.17711640675596,14.946622733931568],[76.17790529196712,14.944520355795316],[76.1808227765665,14.945554127285824],[76.1804112861826,14.947022383071188],[76.18922949306629,14.954061970239465]]]}},{"type":"Feature","properties":{"type":"village","name":"Kannehalli","taluk":"Hagaribommanahalli","district":"Ballari","village_code":"604678"},"geometry":{"type":"Polygon","coordinates":[[[76.13788208787007,14.952850204631158],[76.13362659589265,14.964796286245372],[76.12559474276767,14.964312460092158],[76.12573207541168,14.97023541160909],[76.12163025014509,14.9701686332098],[76.11974233277768,14.972037187351921],[76.10783486903925,14.97122731862601],[76.10842466782051,14.933804180784195],[76.12611577281898,14.933688294076239],[76.1274199442535,14.945167025652227],[76.13146982264217,14.945500636102404],[76.13222484496039,14.947235840210686],[76.13098936500069,14.949237896776676],[76.13788208787007,14.952850204631158]]]}},{"type":"Feature","properties":{"type":"village","name":"Nellukudri","taluk":"Hagaribommanahalli","district":"Ballari","village_code":"604679"},"geometry":{"type":"Polygon","coordinates":[[[76.17137111098214,14.983213062387385],[76.15324697759252,14.985551525296874],[76.14008252283661,14.984718388150975],[76.13814311942701,14.986487033298154],[76.13422975621545,14.984585175321572],[76.12468693678257,14.985536217062135],[76.10983399424558,14.98473247462707],[76.11030316455553,14.971394738892851],[76.11974233277768,14.972037187351921],[76.12163025014509,14.9701686332098],[76.12573207541168,14.97023541160909],[76.12559474276767,14.964312460092158],[76.13362659589265,14.964796286245372],[76.13788208787007,14.952850204631158],[76.14277909014805,14.954309464273633],[76.15029539563992,14.953040884982086],[76.1589445907911,14.953607138769343],[76.15946013572929,14.957811391757145],[76.17348087000391,14.957992604376338],[76.18511272163,14.960986889015913],[76.18463472896563,14.970296759130349],[76.17665463676732,14.971733401783549],[76.17287947576895,14.97413664456811],[76.1714043207999,14.978074386639998],[76.17137111098214,14.983213062387385]]]}},{"type":"Feature","properties":{"type":"village","name":"Ittigi","taluk":"Hadagalli","district":"Ballari","village_code":"604639"},"geometry":{"type":"Polygon","coordinates":[[[76.1098047846258,14.98472512810426],[76.08769579111117,14.985946717918273],[76.06761936797922,14.981865987379377],[76.06405168996372,14.973990145038508],[76.06223630975884,14.961009465629955],[76.06344138444115,14.948129642863272],[76.06553503487325,14.947829905237962],[76.06725362070792,14.938320455322863],[76.06950134029609,14.939038405395674],[76.06953597035029,14.938220914665948],[76.0720068898455,14.938405106159628],[76.07298672903828,14.931397988095572],[76.07806550721065,14.932967454851],[76.07936986998634,14.931366106184237],[76.08324755930136,14.932835072640563],[76.08510018186125,14.919669086159702],[76.09182931343256,14.920262210962075],[76.09276733425224,14.925237554797533],[76.09971487232029,14.926720735894193],[76.09900805090525,14.930032911883092],[76.10843299610151,14.930689219219287],[76.10783486903925,14.97122731862601],[76.11030316455553,14.971394738892851],[76.1098047846258,14.98472512810426]]]}},{"type":"Feature","properties":{"type":"village","name":"Sovenahalli","taluk":"Sandur","district":"Ballari","village_code":"604983"},"geometry":{"type":"Polygon","coordinates":[[[76.51443504280444,14.922295605360244],[76.51255315313261,14.928053469005508],[76.50990252476646,14.929785344727067],[76.51027704498482,14.931902233949797],[76.50614488001783,14.929549169670135],[76.50397682572404,14.929688555985384],[76.49553124361346,14.933432674583939],[76.48244228507068,14.933263689240869],[76.47865579541823,14.932248641677017],[76.47490672059743,14.93407332198438],[76.47349989687874,14.932846905782744],[76.47335640089358,14.93449473108554],[76.469281814343,14.934215909918388],[76.46992226463159,14.926998703125898],[76.4680017249446,14.924459923606081],[76.46436694816727,14.923114702619653],[76.46078394938459,14.923251575859647],[76.45297899902228,14.917583224325766],[76.45297197689175,14.91071910307359],[76.45736047073514,14.903003974378224],[76.45765653029997,14.899483745397205],[76.46062745926886,14.891669592966762],[76.46071864366007,14.887317975606464],[76.45912353126121,14.88391137321683],[76.46406165122642,14.881216278271872],[76.46517949769797,14.876340077717945],[76.4688604002702,14.878801412109109],[76.47072027403107,14.881841841900055],[76.47534318773945,14.881144054727827],[76.47449943971897,14.875197589772016],[76.4930020638805,14.89043418408389],[76.49441476976766,14.902844316285707],[76.49900590826783,14.906772055717285],[76.5067811046313,14.911447411935503],[76.50907076027185,14.90882537929197],[76.51128601025408,14.91004444628529],[76.513887608572,14.909483686291571],[76.51882017964365,14.919815033379763],[76.51773558431238,14.921172956857323],[76.51443504280444,14.922295605360244]]]}},{"type":"Feature","properties":{"type":"village","name":"Chornur","taluk":"Sandur","district":"Ballari","village_code":"604986"},"geometry":{"type":"Polygon","coordinates":[[[76.56362353136994,14.916787245410791],[76.56339231759222,14.924949733377963],[76.55751396425681,14.928039654829576],[76.55628467279111,14.930451707587034],[76.55536844779516,14.933074593608628],[76.55606544613256,14.937899772396394],[76.55009215704129,14.935461898778879],[76.54175743422331,14.935084199016366],[76.53171191755743,14.936005328060835],[76.53038751875765,14.934833645789046],[76.52800253210249,14.935277596265138],[76.5267807361795,14.933740005383145],[76.52729404071937,14.93067497729543],[76.5263796231338,14.928472877032013],[76.52474151197555,14.928682944862079],[76.5228370781833,14.931797156932964],[76.5173954767559,14.926993179164544],[76.51266240803412,14.926381885646357],[76.51443504280444,14.922295605360244],[76.51773558431238,14.921172956857323],[76.51882017964365,14.919815033379763],[76.513887608572,14.909483686291571],[76.51437497964795,14.898657173982164],[76.51816363603682,14.883879848035644],[76.51885124518283,14.872515656690103],[76.52353133037086,14.869555745617943],[76.53082912605976,14.872365074973782],[76.53338937582345,14.871963962248147],[76.5303258790578,14.875695234325168],[76.53850781281898,14.87609172385808],[76.54171631204456,14.881511069786189],[76.55254293630784,14.879874529840107],[76.56499968211324,14.880343648784452],[76.5700276003692,14.883651231297977],[76.57035821632634,14.888428603948794],[76.5765037492885,14.891822883698651],[76.57416634010575,14.896904877683987],[76.56752892023673,14.90453873109331],[76.56690083974964,14.911565128358097],[76.56437094765263,14.914304767885156],[76.56362353136994,14.916787245410791]]]}},{"type":"Feature","properties":{"type":"village","name":"Gundinahole","taluk":"Kudligi","district":"Ballari","village_code":"605075"},"geometry":{"type":"Polygon","coordinates":[[[76.4345251363127,14.93517574279808],[76.43013790999214,14.935316858794803],[76.42733437938149,14.9323055811742],[76.42448341233396,14.92585196076811],[76.42604967264255,14.925145756795228],[76.42589608498346,14.921505168858914],[76.42188378761475,14.918311017771618],[76.42146152643056,14.909098010167275],[76.4244093642051,14.899354458234324],[76.44583236464291,14.899618821921033],[76.45293845176533,14.9010654778616],[76.45736047073514,14.903003974378224],[76.45297197689175,14.91071910307359],[76.45297899902228,14.917583224325766],[76.46078394938459,14.923251575859647],[76.46436694816727,14.923114702619653],[76.4680017249446,14.924459923606081],[76.46992226463159,14.926998703125898],[76.4662082106321,14.92518360024583],[76.46185814222494,14.924977375146232],[76.45659854396567,14.928219277238933],[76.45309424119516,14.927655576984046],[76.45072926810622,14.929355395764212],[76.44258746927528,14.931169960846871],[76.4345251363127,14.93517574279808]]]}},{"type":"Feature","properties":{"type":"village","name":"Bommagatta","taluk":"Sandur","district":"Ballari","village_code":"604987"},"geometry":{"type":"Polygon","coordinates":[[[76.58509087624343,14.931315687602103],[76.58367934175938,14.943125801077633],[76.57281691693707,14.940523593385317],[76.57021524136404,14.940733778755057],[76.56780662632198,14.939374698659615],[76.56638596585299,14.936961899825844],[76.5630131270327,14.938014930352214],[76.56086805793207,14.941949205184079],[76.55606544613256,14.937899772396394],[76.55534407111162,14.933988106125778],[76.55751396425681,14.928039654829576],[76.56240443757933,14.925933143626585],[76.56351281221454,14.92473892582613],[76.56348922964169,14.923111077780005],[76.56458525783165,14.922970866922455],[76.58245645617997,14.924948554620734],[76.58331122922395,14.93021046420977],[76.58509087624343,14.931315687602103]]]}},{"type":"Feature","properties":{"type":"village","name":"Makarabbi","taluk":"Hadagalli","district":"Ballari","village_code":"604586"},"geometry":{"type":"Polygon","coordinates":[[[75.73761645260278,14.94410693485498],[75.73381042010138,14.945084862360394],[75.72427103762276,14.950592982810695],[75.71648584480678,14.950767840649268],[75.7181619978207,14.94406359464977],[75.7169710446547,14.942628000845591],[75.71747741240395,14.941341785326566],[75.7150930482813,14.923346583726794],[75.71619422741107,14.921365312843967],[75.71669313375355,14.91652679598899],[75.71859537296156,14.913473655292778],[75.74123654012857,14.913528523373193],[75.74103804568846,14.917100619009268],[75.7394851568029,14.916995833363366],[75.7383271421634,14.937746122179092],[75.73659205876852,14.940929258324456],[75.73761645260278,14.94410693485498]]]}},{"type":"Feature","properties":{"type":"village","name":"Kotihal","taluk":"Hadagalli","district":"Ballari","village_code":"604603"},"geometry":{"type":"Polygon","coordinates":[[[75.76520311310685,14.923391636367365],[75.76357270410384,14.937289172162654],[75.74910180697233,14.95234414893393],[75.74334365540848,14.946169348276541],[75.73761645260278,14.94410693485498],[75.73659205876852,14.940929258324456],[75.7383271421634,14.937746122179092],[75.73922522119062,14.930861542256922],[75.7394851568029,14.916995833363366],[75.74609745887825,14.9172280092586],[75.74783447724424,14.918298655194901],[75.75082350457116,14.917038968962515],[75.75363867555126,14.917738974856308],[75.76010492773108,14.913915059610106],[75.76654143040366,14.911851123926654],[75.7660792238338,14.916823461016715],[75.76771548536087,14.91970175884615],[75.76520311310685,14.923391636367365]]]}},{"type":"Feature","properties":{"type":"village","name":"Beerabbi","taluk":"Hadagalli","district":"Ballari","village_code":"604602"},"geometry":{"type":"Polygon","coordinates":[[[75.79801246368844,14.911956846113586],[75.79717272664568,14.930059270109691],[75.81234256696715,14.93179624989168],[75.8131139898275,14.946658711037784],[75.81044149197577,14.947328350881241],[75.80466634698168,14.946265042950568],[75.80236862357152,14.943526552929505],[75.79556001625039,14.940004097077669],[75.79124955186916,14.941622796608431],[75.78877710972954,14.9448066147581],[75.78733853775208,14.949415574693981],[75.78854937602523,14.953112383994691],[75.77965696470584,14.950762074285757],[75.77763027559332,14.95271666822618],[75.77195509871731,14.952797951151991],[75.77115519477088,14.943243315280254],[75.77386107132362,14.93278241935959],[75.77110308260292,14.932138562656858],[75.77000126926256,14.923226308763155],[75.76520311310685,14.923391636367365],[75.76771548536087,14.91970175884615],[75.7660792238338,14.916823461016715],[75.76654143040366,14.911851123926654],[75.77160209764158,14.902802051148765],[75.7741601088036,14.900261003297844],[75.77731237798393,14.901512612809697],[75.7901676919079,14.902705238978607],[75.79801246368844,14.911956846113586]]]}},{"type":"Feature","properties":{"type":"village","name":"Hirehadagalli","taluk":"Hadagalli","district":"Ballari","village_code":"604589"},"geometry":{"type":"Polygon","coordinates":[[[75.8373406430468,14.954760619611633],[75.82775570071195,14.954969977827163],[75.81738305085726,14.952369365738345],[75.81468181140801,14.952955343380003],[75.8083606030106,14.95141697475117],[75.80738358273115,14.951668110080846],[75.80519813525682,14.956528290076838],[75.78854937602523,14.953112383994691],[75.78733853775208,14.949415574693981],[75.78877710972954,14.9448066147581],[75.79124955186916,14.941622796608431],[75.79556001625039,14.940004097077669],[75.80236862357152,14.943526552929505],[75.80466634698168,14.946265042950568],[75.81044149197577,14.947328350881241],[75.8131139898275,14.946658711037784],[75.81234256696715,14.93179624989168],[75.79717272664568,14.930059270109691],[75.79801246368844,14.911956846113586],[75.80881429085662,14.913245357296002],[75.8093300460006,14.917631605368518],[75.8111110467812,14.918582016003805],[75.81154113498641,14.921431545684927],[75.83329068470809,14.918727099398904],[75.85216650497125,14.918227135912506],[75.85386063776558,14.926999423567116],[75.86184803865704,14.926162093913169],[75.8607160832456,14.93514007623645],[75.85755520191663,14.93921852983265],[75.85206720879299,14.939916326593627],[75.84879023728155,14.950503823666455],[75.84287058030769,14.953575946660067],[75.8373406430468,14.954760619611633]]]}},{"type":"Feature","properties":{"type":"village","name":"Hagaranur","taluk":"Hadagalli","district":"Ballari","village_code":"604618"},"geometry":{"type":"Polygon","coordinates":[[[75.87119690822679,14.987498668117432],[75.86179194964734,14.987602983721192],[75.85664745522035,14.988831705644468],[75.85725145187467,14.983761308291898],[75.85492624810168,14.956634866838598],[75.83785724799704,14.958252772662906],[75.8373406430468,14.954760619611633],[75.84287058030769,14.953575946660067],[75.84879023728155,14.950503823666455],[75.85206720879299,14.939916326593627],[75.85755520191663,14.93921852983265],[75.8607160832456,14.93514007623645],[75.88182722275275,14.933597119417893],[75.87932782935793,14.953515888384562],[75.87768995355832,14.959242866602429],[75.87202900599637,14.959955153269211],[75.87371003865893,14.961379924320124],[75.87421284997797,14.970026313027404],[75.87595147363335,14.972135530348083],[75.87679923173327,14.97918944977652],[75.87583649915845,14.983002756383634],[75.87366667338691,14.983659205370591],[75.87119690822679,14.987498668117432]]]}},{"type":"Feature","properties":{"type":"village","name":" ","taluk":"Kudligi","district":"Ballari","village_code":" "},"geometry":{"type":"Polygon","coordinates":[[[76.31859159935497,14.93355052305329],[76.31636123072651,14.93181248289199],[76.31479929670435,14.933050184360354],[76.31335412121126,14.932430730837678],[76.30885945009449,14.934259523786425],[76.3018599867081,14.934722714878715],[76.30035498521367,14.932553266943463],[76.29374430459741,14.937417645810969],[76.28666576071993,14.938006886126988],[76.28275347997828,14.92481034485734],[76.27484556381978,14.92067218311214],[76.26927661901433,14.914185192723622],[76.26895113064079,14.90675483381609],[76.27164466344321,14.907125065758725],[76.27984162062921,14.902885920791238],[76.28018397038062,14.900967527691115],[76.28369402775887,14.899235025818362],[76.28280356105539,14.896808858931553],[76.28413189627274,14.895481280808292],[76.2835573149524,14.894080632335722],[76.29105626858623,14.89317210100321],[76.29521983326566,14.894137820672595],[76.3047320929109,14.909882478271056],[76.30919486844516,14.905869642384685],[76.31718089940581,14.90491657566181],[76.31997206470658,14.916206247162403],[76.3274515222038,14.924359261132112],[76.3240623133841,14.924375986857008],[76.32337656015744,14.92721564001768],[76.31973419171767,14.929563677273894],[76.31859159935497,14.93355052305329]]]}},{"type":"Feature","properties":{"type":"village","name":" ","taluk":"Sandur","district":"Ballari","village_code":" "},"geometry":{"type":"Polygon","coordinates":[[[76.7071511713739,14.932020079786744],[76.7027313937007,14.943050700272684],[76.69791774609791,14.943923675205108],[76.6912437809665,14.941181943054742],[76.68819167304201,14.949026569749797],[76.68123373158468,14.937630942380164],[76.69709722761233,14.927644636726777],[76.70340504662047,14.931375162727207],[76.70680689832948,14.930985347384254],[76.7071511713739,14.932020079786744]]]}},{"type":"Feature","properties":{"type":"village","name":" ","taluk":"Sandur","district":"Ballari","village_code":" "},"geometry":{"type":"Polygon","coordinates":[[[76.58651727694709,14.943998782648155],[76.588220870798,14.948736144354614],[76.5879314363084,14.950422482589671],[76.58161931257344,14.952388691242597],[76.57781207812616,14.956088531168598],[76.56408171528399,14.949948603223616],[76.5598901546087,14.949291564950459],[76.56133655091229,14.945989529973096],[76.5613502466271,14.940567447261623],[76.5630131270327,14.938014930352214],[76.56544654905133,14.93691474782788],[76.57021524136404,14.940733778755057],[76.57281691693707,14.940523593385317],[76.58651727694709,14.943998782648155]]]}},{"type":"Feature","properties":{"type":"village","name":" ","taluk":"Sandur","district":"Ballari","village_code":" "},"geometry":{"type":"Polygon","coordinates":[[[76.61444054427297,14.953183204289115],[76.61483898303408,14.957762471266735],[76.59257977233932,14.948602239997358],[76.59284517240349,14.9459556019253],[76.59520668518196,14.941201291264958],[76.60343324185656,14.932753336883444],[76.60331309488228,14.92933379404761],[76.61822387365221,14.928866448402596],[76.62029531503555,14.932684266637784],[76.62116245428773,14.936993893741633],[76.61677780164045,14.94570661670625],[76.61444054427297,14.953183204289115]]]}},{"type":"Feature","properties":{"type":"village","name":" ","taluk":"Sandur","district":"Ballari","village_code":" "},"geometry":{"type":"Polygon","coordinates":[[[76.6142113319417,14.98048156223902],[76.61227608503692,14.980593063047996],[76.61043858830976,14.977781391999384],[76.60242488295015,14.976960660183256],[76.59127936125257,14.9679974339386],[76.58549556009238,14.966473554227234],[76.5786880361395,14.962547724666948],[76.56553046876688,14.960259089182987],[76.5595895459753,14.960492718849233],[76.5598901546087,14.949291564950459],[76.56408171528399,14.949948603223616],[76.57781207812616,14.956088531168598],[76.58161931257344,14.952388691242597],[76.5879314363084,14.950422482589671],[76.588220870798,14.948736144354614],[76.58651727694709,14.943998782648155],[76.59278335214226,14.946323762313884],[76.59257977233932,14.948602239997358],[76.61483898303408,14.957762471266735],[76.61580203720578,14.969988651048629],[76.6142113319417,14.98048156223902]]]}},{"type":"Feature","properties":{"type":"village","name":"Karthikeshwar","taluk":"Sandur","district":"Ballari","village_code":"605009"},"geometry":{"type":"Polygon","coordinates":[[[76.63040878296445,15.003355276175672],[76.6304570341733,15.005463898670426],[76.63098769326612,15.007134952138456],[76.63045699015585,15.005463896935051],[76.63040878296445,15.003355276175672]]]}},{"type":"Feature","properties":{"type":"village","name":"Karthikeshwar","taluk":"Sandur","district":"Ballari","village_code":"605009"},"geometry":{"type":"Polygon","coordinates":[[[76.62816802442143,15.020807934965694],[76.62816801633659,15.020807876835052],[76.62890021336172,15.02155423559471],[76.62816802442143,15.020807934965694]]]}},{"type":"Feature","properties":{"type":"village","name":"Chandur","taluk":"Bellary","district":"Ballari","village_code":"604955"},"geometry":{"type":"Polygon","coordinates":[[[77.04958530063874,15.033104631040104],[77.04698864574982,15.038797393241866],[77.04742671458803,15.047875739807031],[77.00477339784928,15.046388047200065],[77.00534005872377,15.039194457582433],[77.00410157030615,15.03386159359774],[77.03597173315652,15.031305532724947],[77.04034634263891,15.033132900853996],[77.04958530063874,15.033104631040104]]]}},{"type":"Feature","properties":{"type":"village","name":"Kuntanahal","taluk":"Bellary","district":"Ballari","village_code":"604947"},"geometry":{"type":"Polygon","coordinates":[[[77.12871004633449,15.076734548695786],[77.1096557541806,15.080307184397615],[77.09131777863423,15.081778054938852],[77.08545756138608,15.08322753556956],[77.07310478120176,15.084259712279572],[77.05279050664046,15.083182892170564],[77.05578810389518,15.075407075581591],[77.05106985378232,15.069377445975451],[77.04998237485893,15.064481333291802],[77.05632206429671,15.06391596568444],[77.0611951156926,15.065444753146663],[77.06545521512909,15.064361508919216],[77.07036111432166,15.065162645056013],[77.07795999564937,15.064468548905788],[77.08275436271123,15.065658031330459],[77.08816759983354,15.06454740993978],[77.09685498326577,15.060513521977708],[77.11066193377411,15.05746029283704],[77.11089918063729,15.055987189608718],[77.12149664556995,15.0556219930643],[77.12742147594149,15.06959393141779],[77.12871004633449,15.076734548695786]]]}},{"type":"Feature","properties":{"type":"village","name":"Yalpi","taluk":"Bellary","district":"Ballari","village_code":"604946"},"geometry":{"type":"Polygon","coordinates":[[[77.13054704000508,15.093615676393497],[77.12985894127723,15.10467771485606],[77.12110062866682,15.105400534892576],[77.12059356023163,15.108301594854003],[77.11542600874628,15.107628107081617],[77.1174741990351,15.113731903706901],[77.11601641568699,15.11371037614002],[77.10936031086005,15.112883022295614],[77.10122963407066,15.10911180085443],[77.10133756844868,15.104445617668917],[77.08074694156323,15.102345557411558],[77.0803193497762,15.100795519414595],[77.04633821068687,15.100017635387925],[77.04620908864459,15.097175233787896],[77.0481024363279,15.083429850627924],[77.07310478120176,15.084259712279572],[77.1096557541806,15.080307184397615],[77.12871004633449,15.076734548695786],[77.13054704000508,15.093615676393497]]]}},{"type":"Feature","properties":{"type":"village","name":"Madur","taluk":"Hagaribommanahalli","district":"Ballari","village_code":"604685"},"geometry":{"type":"Polygon","coordinates":[[[76.25994758424602,15.028843868746538],[76.2565490760665,15.028137106333315],[76.2541910577345,15.029369519317195],[76.25038758992322,15.029453250954981],[76.25152136172815,15.02282476787076],[76.24100968590514,15.021471878636827],[76.24140215895446,15.016306729968742],[76.2353417233992,15.01163714430233],[76.24430977106887,15.01109955878556],[76.24903704206385,15.012664391591834],[76.26049622401757,15.002793258108332],[76.27386611539414,15.004367843812135],[76.27812956464834,15.00381386669135],[76.27892784444076,15.02744306224998],[76.27670625864083,15.02556676730189],[76.27367912837282,15.026094066575517],[76.27222006672203,15.024254260016868],[76.26598847785063,15.026695959725751],[76.26245014779545,15.026730353891022],[76.25994758424602,15.028843868746538]]]}},{"type":"Feature","properties":{"type":"village","name":"Bobbukunta","taluk":"Bellary","district":"Ballari","village_code":"604951"},"geometry":{"type":"Polygon","coordinates":[[[76.97480822395,15.103234252091836],[76.96741198907564,15.105508949663452],[76.96681921956575,15.104550137972007],[76.96385807864019,15.105102789032232],[76.96373435637105,15.104287650243318],[76.95383924103994,15.106400940613288],[76.95289899329667,15.09961634368342],[76.94751848988498,15.097028680837086],[76.94736954921089,15.094607236322515],[76.9488501066481,15.094510857006641],[76.94813152808265,15.085640305217899],[76.94664930876216,15.08051005041801],[76.94756128562514,15.07741690806723],[76.94889350336115,15.076841114933268],[76.94909012661054,15.07451544026044],[76.95168072775274,15.07401112298766],[76.952389279323,15.066929738975633],[76.9545605828232,15.067518490600495],[76.95610093032909,15.065399581214388],[76.96438844937381,15.064100007291417],[76.96352296481838,15.061653204213851],[76.96860234665861,15.061353881630621],[76.97480822395,15.103234252091836]]]}},{"type":"Feature","properties":{"type":"village","name":"Bellary[R]","taluk":"Bellary","district":"Ballari","village_code":"604923"},"geometry":{"type":"Polygon","coordinates":[[[76.83278613790434,15.091619823212872],[76.82309788302359,15.093090794138813],[76.82128288999266,15.09733799925828],[76.81794240489562,15.10134526614303],[76.81420236712657,15.10309297121904],[76.8040018201073,15.104725610372789],[76.80316401534068,15.106315961750804],[76.80090716886926,15.103776583303777],[76.79638832588483,15.103123425971278],[76.79908257284791,15.099893398275023],[76.80017597077071,15.095822508066558],[76.81164138882917,15.08641078611188],[76.82379144261007,15.080042350810592],[76.83604200170157,15.079263180808544],[76.85461886982472,15.065153315728407],[76.86145536175059,15.062004209281023],[76.8623352939107,15.063024672566762],[76.86195811288248,15.070123633821046],[76.86485535843852,15.071230903040853],[76.8591951986991,15.077809820209842],[76.85450250116448,15.08019523520409],[76.85918986719788,15.086558114862099],[76.86830557723906,15.083860983364607],[76.86779851329545,15.087751584995596],[76.8757793313325,15.084267848145087],[76.8759327438201,15.085890097943283],[76.87420731102635,15.088587789151061],[76.86934244328269,15.092469205096739],[76.8665564657527,15.09269507667835],[76.86509617340998,15.091858973684433],[76.85934275596766,15.094533656278745],[76.85662189821093,15.094415979848078],[76.85506091999623,15.09307419783533],[76.85638517057401,15.089354926163432],[76.8580875247498,15.087850414167429],[76.8558970476082,15.08682890771825],[76.8543020043796,15.084614556289601],[76.84934910982294,15.083163443188887],[76.84824224795065,15.083357675317577],[76.84651622586208,15.08764571984076],[76.8435998821231,15.08961092381899],[76.83736296624204,15.08982683009658],[76.83278613790434,15.091619823212872]]]}},{"type":"Feature","properties":{"type":"village","name":"Honnahalli","taluk":"Bellary","district":"Ballari","village_code":"604930"},"geometry":{"type":"Polygon","coordinates":[[[76.8957371615756,15.103538739372578],[76.88452658478347,15.107072279715842],[76.88456443529797,15.113317840872591],[76.88189519473747,15.116166753428297],[76.88020334995218,15.116203297746278],[76.87076669701283,15.1126603827394],[76.86839813605265,15.113135101991324],[76.8629845036716,15.10988418869535],[76.84126530532842,15.106515256660623],[76.83278613790434,15.091619823212872],[76.83736296624204,15.08982683009658],[76.8435998821231,15.08961092381899],[76.84651622586208,15.08764571984076],[76.84824224795065,15.083357675317577],[76.84934910982294,15.083163443188887],[76.8543020043796,15.084614556289601],[76.8558970476082,15.08682890771825],[76.8580875247498,15.087850414167429],[76.85638517057401,15.089354926163432],[76.85506091999623,15.09307419783533],[76.85918645180317,15.095594655389345],[76.86725010798418,15.09709270398754],[76.882794915885,15.096800675939567],[76.88961024709604,15.093999979899166],[76.89247936101061,15.099607028009759],[76.8957371615756,15.103538739372578]]]}},{"type":"Feature","properties":{"type":"village","name":"Burranayakanahalli","taluk":"Bellary","district":"Ballari","village_code":"604952"},"geometry":{"type":"Polygon","coordinates":[[[76.96198052783116,15.058184085360985],[76.96438844937381,15.064100007291417],[76.95610093032909,15.065399581214388],[76.9545605828232,15.067518490600495],[76.94632812870873,15.065457519257807],[76.94640199537793,15.061385149096678],[76.94965308103616,15.060799773139724],[76.94638058493143,15.053623776034406],[76.9437600725852,15.041736958884362],[76.94453112533965,15.040307276761995],[76.94830226278387,15.039634361422365],[76.95113256408827,15.035557540746515],[76.95658432276663,15.051502068639719],[76.95927356611355,15.056340577431902],[76.96198052783116,15.058184085360985]]]}},{"type":"Feature","properties":{"type":"village","name":"Andralu","taluk":"Bellary","district":"Ballari","village_code":"604927"},"geometry":{"type":"Polygon","coordinates":[[[76.95383924103994,15.106400940613288],[76.949570735169,15.108895811846297],[76.9492029181793,15.115680877915322],[76.9460188728924,15.114363245053521],[76.94621314165742,15.12027200884205],[76.94333366118445,15.119920357678426],[76.9314005694093,15.112557971240294],[76.93547680616504,15.09988512597455],[76.93601811298893,15.094322763568808],[76.94736954921089,15.094607236322515],[76.9480122659489,15.097843685307003],[76.95289899329667,15.09961634368342],[76.95383924103994,15.106400940613288]]]}},{"type":"Feature","properties":{"type":"village","name":"Thumati","taluk":"Sandur","district":"Ballari","village_code":"605033"},"geometry":{"type":"Polygon","coordinates":[[[76.78071073081536,15.110116672802784],[76.76483028088332,15.11928528995155],[76.7629390487325,15.113237553105115],[76.75469833730398,15.10958892688586],[76.75571311287648,15.104219041342686],[76.7598603794217,15.10187171861031],[76.76095143723319,15.092090375150722],[76.77104930681553,15.081666103917653],[76.77216124955902,15.07835803388325],[76.77378994906806,15.078143022377825],[76.7747756686327,15.080804713392945],[76.77615756589886,15.080733427120721],[76.78217207688189,15.077357878632604],[76.78532326988054,15.08233451922276],[76.78605111726306,15.08784339298184],[76.78988394381447,15.08684634323934],[76.79237662859069,15.087597301797533],[76.79394236518148,15.091877350715382],[76.80038147027342,15.096215627298863],[76.79908257284791,15.099893398275023],[76.79638832588483,15.103123425971278],[76.79512608601115,15.107971529185235],[76.78982249455747,15.110603896632556],[76.78591862743674,15.113833271346865],[76.78071073081536,15.110116672802784]]]}},{"type":"Feature","properties":{"type":"village","name":"Haregondanahalli","taluk":"Hagaribommanahalli","district":"Ballari","village_code":"604681"},"geometry":{"type":"Polygon","coordinates":[[[76.21909020637275,15.016813721626715],[76.21884367182786,15.027270318915097],[76.21020523310389,15.028394269887105],[76.20602296639856,15.034685938122829],[76.17020130236126,15.033845822071665],[76.1690843658831,15.029132896208514],[76.17052557261927,15.028310198605746],[76.17034810684162,15.024550658803465],[76.17488913821356,15.017518452218086],[76.1808256341074,15.014620673738863],[76.18432490810898,15.008573612117024],[76.18908627376221,15.010682656004638],[76.1932730562985,15.018661776656192],[76.21909020637275,15.016813721626715]]]}},{"type":"Feature","properties":{"type":"village","name":"Nidugurthi","taluk":"Sandur","district":"Ballari","village_code":"604964"},"geometry":{"type":"Polygon","coordinates":[[[76.45583400040378,15.039685386936672],[76.44883632556311,15.038850231264378],[76.43571526392698,15.04130760430793],[76.43533641382895,15.033499212582715],[76.43376426955527,15.031316996910496],[76.42947285574627,15.032126901799694],[76.4275706533692,15.03034691589525],[76.426616567079,15.026334465373852],[76.42311986585241,15.025341054423254],[76.42006462101095,15.022738737059457],[76.40890570722912,15.021570192831845],[76.41299115261481,15.013155544221927],[76.4157288582747,15.009657627355518],[76.42296298227456,15.009584003217695],[76.4255343900124,15.011409085299213],[76.43082519125309,15.011159377053293],[76.43004772093425,15.006920925622978],[76.42783380495024,15.003310844250612],[76.43006508896197,15.002347824887442],[76.43138171374129,14.990514705152668],[76.43574469992221,14.986411814048179],[76.44205546720111,14.983815747948455],[76.44277682695065,14.983780538981739],[76.44667694719831,14.999240256959487],[76.44745839795216,15.006102906021242],[76.44629784018211,15.01128633485469],[76.44742343372468,15.012745588421772],[76.44657430030404,15.017964984341418],[76.44872759437943,15.019889389113322],[76.45583400040378,15.039685386936672]]]}},{"type":"Feature","properties":{"type":"village","name":"Somalapur","taluk":"Sandur","district":"Ballari","village_code":"604962"},"geometry":{"type":"Polygon","coordinates":[[[76.51497161281186,15.025023704958809],[76.5057246517212,15.031858992603954],[76.50261485219255,15.031693303643786],[76.49754624923737,15.03394841027969],[76.49556174321398,15.037974181146009],[76.48983119328555,15.04275610170199],[76.47808901776277,15.04025815998967],[76.47372479639832,15.03449852404182],[76.47595599776506,15.023046952227809],[76.49090852394117,15.022710157865799],[76.48953766786813,15.015236795624709],[76.50756649270106,15.014358445621054],[76.51765339924364,15.014840410326958],[76.51777941042013,15.016733035646617],[76.51560265055289,15.01849432917557],[76.5148249601468,15.020839143306574],[76.51601421370029,15.022859684962896],[76.51497161281186,15.025023704958809]]]}},{"type":"Feature","properties":{"type":"village","name":"55 Mallapura","taluk":"Sandur","district":"Ballari","village_code":"605038"},"geometry":{"type":"Polygon","coordinates":[[[76.70248123535197,15.0477066392216],[76.69934230795019,15.04797416241754],[76.69446578007417,15.046751510659512],[76.69129471095155,15.041658478930199],[76.69171613670248,15.024481097595107],[76.69312061402164,15.019018997914213],[76.7016093844361,15.01610635715627],[76.70323258356065,15.01770546387716],[76.70483844430188,15.022729800639246],[76.70260379070955,15.027479891632119],[76.70396086662609,15.03809080608199],[76.70248123535197,15.0477066392216]]]}},{"type":"Feature","properties":{"type":"village","name":"Ulavathi","taluk":"Hagaribommanahalli","district":"Ballari","village_code":"604680"},"geometry":{"type":"Polygon","coordinates":[[[76.18432490810898,15.008573612117024],[76.1808256341074,15.014620673738863],[76.17488913821356,15.017518452218086],[76.17034810684162,15.024550658803465],[76.17052557261927,15.028310198605746],[76.1690843658831,15.029132896208514],[76.1687912950132,15.028125314894845],[76.14591946114247,15.02318014716514],[76.14535624710373,15.015859731057853],[76.14129144500325,15.001106618020353],[76.13422975621545,14.984585175321572],[76.13814311942701,14.986487033298154],[76.14008252283661,14.984718388150975],[76.15324697759252,14.985551525296874],[76.17137111098214,14.983213062387385],[76.17484478928633,14.994013218964955],[76.17628722312116,14.996682393406516],[76.18220747477974,15.001106218877686],[76.18432490810898,15.008573612117024]]]}},{"type":"Feature","properties":{"type":"village","name":"Hosakeri","taluk":"Hagaribommanahalli","district":"Ballari","village_code":"604687"},"geometry":{"type":"Polygon","coordinates":[[[76.35105893525675,15.007937373958658],[76.34085265788424,15.01634545966737],[76.33670924331494,15.020877100000368],[76.33518831828383,15.024071571311788],[76.33465740856101,15.028341736401927],[76.32581597663398,15.02908787361271],[76.32538643640109,15.027006772836684],[76.3238431433194,15.025768212267817],[76.31870096834248,15.024885742815426],[76.31346661274267,15.00542635485866],[76.29892326289027,15.008196322345476],[76.29871918631896,15.006890260150456],[76.29623649979185,15.007115324416729],[76.29546076861138,15.005221710642926],[76.288260149975,15.001110383844575],[76.28803378081159,14.979623966702924],[76.28529645334244,14.96826877560385],[76.29167191010157,14.969101410914591],[76.29808603663874,14.96783089013566],[76.33026352302925,14.96876155666906],[76.33747287508683,14.969942317728211],[76.35003662461563,14.975764418863076],[76.35831098423978,14.975046819085538],[76.3637211949379,14.985268711970091],[76.36309819262712,14.986217679326163],[76.36595690584737,14.992309161832326],[76.3612288173855,14.996136275286496],[76.35975944487187,14.999394203234573],[76.35401156464496,15.003116170408829],[76.35105893525675,15.007937373958658]]]}},{"type":"Feature","properties":{"type":"village","name":"Rayapura","taluk":"Bellary","district":"Ballari","village_code":"604957"},"geometry":{"type":"Polygon","coordinates":[[[77.08476993517208,15.030737141207972],[77.06699403100741,15.032237799600018],[77.04843038878025,15.035756706741724],[77.04958530063874,15.033104631040104],[77.05045314506842,15.024501139304572],[77.04414001611863,15.009871525318648],[77.04812501727916,15.00804279715677],[77.06904241173909,15.004791153761278],[77.07205977193006,15.004615706613757],[77.07252437879839,15.005826836594967],[77.082473337351,15.006109268727117],[77.08476993517208,15.030737141207972]]]}},{"type":"Feature","properties":{"type":"village","name":"Ramasagar","taluk":"Sandur","district":"Ballari","village_code":"605042"},"geometry":{"type":"Polygon","coordinates":[[[76.76879864344816,15.030238048124165],[76.7565243203241,15.032413545926008],[76.7530967480519,15.029726383431532],[76.75021040085691,15.02984468384479],[76.74979922668001,15.026380062033303],[76.75115639781798,15.025673512699457],[76.75011069414859,15.021093600001047],[76.7524189440172,15.018050061812598],[76.75091552894762,15.015747585756124],[76.74246621972692,15.011361130614358],[76.7367383216252,15.01266705876181],[76.73208567727417,15.0160447824335],[76.72817265811736,15.009873798603186],[76.74450657760478,15.009296861636242],[76.74657979675406,15.011388712650387],[76.76130929190641,15.011101967412115],[76.77876311770235,15.004593936340772],[76.7767758448679,15.010941533387125],[76.77660043533393,15.016863397347938],[76.7749224111293,15.018133292060696],[76.772036128613,15.018347774129667],[76.77129249783091,15.02575583159718],[76.76879864344816,15.030238048124165]]]}},{"type":"Feature","properties":{"type":"village","name":"Ibrampura","taluk":"Bellary","district":"Ballari","village_code":"604950"},"geometry":{"type":"Polygon","coordinates":[[[76.98364220614839,15.101851782187113],[76.97480822395,15.103234252091836],[76.96860234665861,15.061353881630621],[76.97690354165526,15.060917376221443],[76.97709273763388,15.063583470759902],[76.98077640342392,15.063691434101257],[76.99894014892429,15.06393694313069],[77.0010394838955,15.062296632966817],[77.00335219839108,15.06781074189945],[77.00195127570551,15.06974854428672],[76.99624079593714,15.070012374939715],[76.99696088816384,15.078067715735823],[76.9906211349457,15.081283681129984],[76.98978330233132,15.083321962355752],[76.98504669514564,15.085649813189946],[76.9854686877335,15.090468654053256],[76.9828779707086,15.091021342624483],[76.98364220614839,15.101851782187113]]]}},{"type":"Feature","properties":{"type":"village","name":"Kachinabandi","taluk":"Hagaribommanahalli","district":"Ballari","village_code":"604674"},"geometry":{"type":"Polygon","coordinates":[[[76.2622098448637,15.085262045096151],[76.25863199612255,15.087849395900404],[76.24903641144653,15.085627292253767],[76.23260764783137,15.085787199088994],[76.2340358325892,15.077395168645713],[76.22998919532209,15.066583584920524],[76.22970083431925,15.056899970903915],[76.2490366575849,15.05817402184845],[76.25208923712489,15.061862893200159],[76.25730088511094,15.06441881834829],[76.25861745329641,15.063497744387606],[76.27312580568366,15.064896690097594],[76.27885437842016,15.063205395217256],[76.27936679811948,15.064565148290246],[76.27644513006582,15.077257027897634],[76.27637171255431,15.085056412395474],[76.2622098448637,15.085262045096151]]]}},{"type":"Feature","properties":{"type":"village","name":"Byasigaderi","taluk":"Hagaribommanahalli","district":"Ballari","village_code":"604667"},"geometry":{"type":"Polygon","coordinates":[[[76.1789301708916,15.077134082035938],[76.16549621256732,15.086806845736543],[76.13701437818769,15.08680971320451],[76.13865068013894,15.07356061410171],[76.13529691973866,15.056687542747937],[76.13792340138997,15.04130551267361],[76.14159218119744,15.041526724362228],[76.14227088624237,15.039054885758926],[76.14440041898018,15.038788126958275],[76.14616742760192,15.038833228188828],[76.14720907358121,15.039980879392088],[76.16143313792712,15.041081870778703],[76.16453791677166,15.033864827892613],[76.17020130236126,15.033845822071665],[76.17074651595836,15.039882841750714],[76.1770206481433,15.045963901033364],[76.17917958274036,15.051385974141699],[76.18105822410415,15.05142165342547],[76.1808413375569,15.057820302223618],[76.18268286143146,15.058167874092565],[76.18187629737551,15.068073239981507],[76.1789301708916,15.077134082035938]]]}},{"type":"Feature","properties":{"type":"village","name":"Shankarabanda","taluk":"Bellary","district":"Ballari","village_code":"604949"},"geometry":{"type":"Polygon","coordinates":[[[76.98882909387022,15.107903083654191],[76.98416365301797,15.10813299675498],[76.9828779707086,15.091021342624483],[76.9854686877335,15.090468654053256],[76.98529330155573,15.085242122726656],[76.98978330233132,15.083321962355752],[76.9906211349457,15.081283681129984],[76.99696088816384,15.078067715735823],[76.99624079593714,15.070012374939715],[77.00290922924303,15.069902738078651],[77.0044517857062,15.072361782648098],[77.00421092941224,15.078859642414232],[76.99904387289858,15.079087271033186],[77.00024419279806,15.086150708031441],[77.0063923048234,15.086800359673086],[77.00846954393356,15.089752206721107],[77.01197974504224,15.092112760098406],[77.00729635135903,15.091852767923438],[77.0068147995695,15.096484284664292],[77.00308432167168,15.097051622077943],[77.0023092049389,15.102301976990068],[76.9959815277731,15.10263681201891],[76.99603183612398,15.104387044126858],[76.98907269541573,15.104414470148969],[76.98882909387022,15.107903083654191]]]}},{"type":"Feature","properties":{"type":"village","name":"Haravanahalli","taluk":"Hospet","district":"Ballari","village_code":"604708"},"geometry":{"type":"Polygon","coordinates":[[[76.36085801798902,15.092010484399125],[76.35600227982363,15.09427391512062],[76.34884443536778,15.093098254885811],[76.34227424002474,15.082414899339119],[76.34702759899386,15.080748156924278],[76.3522977282032,15.07304430784322],[76.35261901515617,15.069049778129061],[76.36389657033587,15.066633208277782],[76.39245374911336,15.056073990339996],[76.39239886204948,15.06471272638178],[76.38601864062612,15.066443708353175],[76.38330764637121,15.074338147386657],[76.37804326188805,15.076394266376818],[76.37760142910884,15.077618852206918],[76.36782548877491,15.085427042732189],[76.36517915705078,15.085702570197558],[76.3643603965682,15.088825000183531],[76.36085801798902,15.092010484399125]]]}},{"type":"Feature","properties":{"type":"village","name":"Hanumagondanahalli","taluk":"Hagaribommanahalli","district":"Ballari","village_code":"604646"},"geometry":{"type":"Polygon","coordinates":[[[76.08049590280511,15.04877026879308],[76.06901629585674,15.061506008284358],[76.06160400718991,15.06027480902639],[76.05477879001918,15.056133523610118],[76.04079098438963,15.056318357877718],[76.0371910487706,15.035327118028974],[76.0495208482533,15.039005517109404],[76.05700689040154,15.039550307583742],[76.058066643722,15.040779750106692],[76.06418596204753,15.04053747114071],[76.06494349515697,15.041816513686818],[76.07000248793518,15.042111639691738],[76.07045328500264,15.043146531604503],[76.08049590280511,15.04877026879308]]]}},{"type":"Feature","properties":{"type":"village","name":"Rampur","taluk":"Sandur","district":"Ballari","village_code":"605036"},"geometry":{"type":"Polygon","coordinates":[[[76.73174722082119,15.072147073012935],[76.72426984022891,15.072604431364313],[76.72339551265782,15.07132151158447],[76.718959076626,15.071970505925115],[76.71710658791508,15.073195706192339],[76.71578183967064,15.072625315141241],[76.71242500523547,15.080252276684933],[76.70799703043531,15.075404290362808],[76.70614334786337,15.074650865217784],[76.7021044774302,15.073887147374428],[76.70106888699426,15.075743376389172],[76.69838676998249,15.076277338874796],[76.69856584464279,15.06486533293328],[76.69677644191933,15.06083810960714],[76.69689762914271,15.058784669132097],[76.6974255043565,15.057520924806788],[76.69909258438602,15.060363560663767],[76.70047415197052,15.060047181101991],[76.70181469798754,15.058783159739633],[76.70268716424935,15.055386963158396],[76.7093101850227,15.053844601050704],[76.71999723624366,15.05336673312655],[76.72430393129393,15.051963109614567],[76.72846763880551,15.048920718000192],[76.73665014389525,15.051148087228865],[76.73383403058239,15.060062852666134],[76.73334986020383,15.067012944939178],[76.73174722082119,15.072147073012935]]]}},{"type":"Feature","properties":{"type":"village","name":"Ubbalagundi","taluk":"Sandur","district":"Ballari","village_code":"605030"},"geometry":{"type":"Polygon","coordinates":[[[76.67098733096005,15.07624797319346],[76.6638329827473,15.082159183586187],[76.66055354895363,15.082253386197738],[76.65954070296237,15.081738121940283],[76.65915441571211,15.078504916305468],[76.65761102381569,15.077333702702838],[76.65611595858667,15.07681840830922],[76.6527403933795,15.078505687412108],[76.64656800618027,15.07505469697239],[76.64779926495645,15.07307222626167],[76.64909807883862,15.050340299289243],[76.65198066838082,15.047236304035792],[76.657546805951,15.034518660242703],[76.65415496776247,15.031580127301543],[76.65805472598905,15.029080222355919],[76.66096558730983,15.028887605627515],[76.66082468476091,15.031167264049055],[76.66374341173031,15.031795695079404],[76.66438559397075,15.03072728982459],[76.66579864840422,15.03067217238893],[76.66639240695928,15.032072852711194],[76.66784402067802,15.03189735336385],[76.67505456300334,15.042052505908037],[76.67645382380566,15.046245978164038],[76.67532065387198,15.046281385040272],[76.67446522326122,15.048120748295577],[76.67687678208246,15.050592014191603],[76.68467635333286,15.05070728412988],[76.68106149310368,15.057127787831707],[76.67390233081935,15.064368887399564],[76.67098733096005,15.07624797319346]]]}},{"type":"Feature","properties":{"type":"village","name":"Tolamamidi","taluk":"Bellary","district":"Ballari","village_code":"604948"},"geometry":{"type":"Polygon","coordinates":[[[77.04695535688032,15.09150897715427],[77.02221656872763,15.092041038749036],[77.0211007389739,15.091213509386991],[77.01197974504224,15.092112760098406],[77.00846954393356,15.089752206721107],[77.0063923048234,15.086800359673086],[77.00024419279806,15.086150708031441],[76.99904387289858,15.079087271033186],[77.00421092941224,15.078859642414232],[77.0045066170745,15.073943422026106],[77.05142607621669,15.069924493011989],[77.05527695980358,15.074119027259815],[77.05577855480371,15.076125535042678],[77.05279050664046,15.083182892170564],[77.0481024363279,15.083429850627924],[77.04695535688032,15.09150897715427]]]}},{"type":"Feature","properties":{"type":"village","name":"Malapur","taluk":"Sandur","district":"Ballari","village_code":"605031"},"geometry":{"type":"Polygon","coordinates":[[[76.69386542069843,15.081768994358205],[76.69281128723837,15.082638929772086],[76.6793805520693,15.084188675231758],[76.67692055159637,15.082666357734642],[76.67417218293406,15.085033212253585],[76.67074794071661,15.08468242472414],[76.66729889331921,15.080067525654382],[76.67098733096005,15.07624797319346],[76.67390233081935,15.064368887399564],[76.68106149310368,15.057127787831707],[76.68662811127257,15.046841059972675],[76.69193262619434,15.048456210816726],[76.69446578007417,15.046751510659512],[76.69934230795019,15.04797416241754],[76.70248123535197,15.0477066392216],[76.70268716424935,15.055386963158396],[76.70181469798754,15.058783159739633],[76.69909258438602,15.060363560663767],[76.6974255043565,15.057520924806788],[76.69689762914271,15.058784669132097],[76.69677644191933,15.06083810960714],[76.69856584464279,15.06486533293328],[76.69883197234233,15.074602379160153],[76.69794014469122,15.077264649667846],[76.69306432019603,15.08066209311883],[76.69386542069843,15.081768994358205]]]}},{"type":"Feature","properties":{"type":"village","name":"Hoovina Hadagalli (TMC)","taluk":"Hadagalli","district":"Ballari","village_code":"803108"},"geometry":{"type":"Polygon","coordinates":[[[75.95946537702756,15.025631036652923],[75.95744842205947,15.028144134693141],[75.95281791489198,15.029609780817815],[75.95209782895348,15.031349785310589],[75.94856848564442,15.030876379250037],[75.93859100737815,15.033500172114945],[75.93824277276333,15.035194793030735],[75.91093448579275,15.034888544823923],[75.91028578268167,15.019610665212722],[75.914721100311,15.018543622748405],[75.91926508893684,15.002844553603703],[75.92160698430614,15.001099119344364],[75.92268376429449,14.997231982736247],[75.93196690503322,14.997174126818745],[75.9338929343249,14.99865429139049],[75.95944324972545,14.997724722302177],[75.9595445617232,15.001104202339507],[75.95618779735665,15.001718791791678],[75.95554009407047,15.010571393001486],[75.9555875439821,15.012848800201155],[75.95955790799337,15.012463323841496],[75.95918874622568,15.019666371152294],[75.96107193486144,15.02018528639965],[75.95946537702756,15.025631036652923]]]}},{"type":"Feature","properties":{"type":"village","name":"Thimlapur","taluk":"Sandur","district":"Ballari","village_code":"605039"},"geometry":{"type":"Polygon","coordinates":[[[76.73062151139592,15.04939361034381],[76.72846763880551,15.048920718000192],[76.72430393129393,15.051963109614567],[76.71999723624366,15.05336673312655],[76.7093101850227,15.053844601050704],[76.70268716424935,15.055386963158396],[76.703731099136,15.03340358207208],[76.7115376826355,15.032754699277966],[76.71728607759707,15.036028609624536],[76.72030278022126,15.033849366956265],[76.73013178314072,15.032846511025356],[76.7329814826654,15.03155741238224],[76.73084121685656,15.041752683847474],[76.73062151139592,15.04939361034381]]]}},{"type":"Feature","properties":{"type":"village","name":"Rupanagudi","taluk":"Bellary","district":"Ballari","village_code":"604956"},"geometry":{"type":"Polygon","coordinates":[[[77.12149664556995,15.0556219930643],[77.11089918063729,15.055987189608718],[77.11066193377411,15.05746029283704],[77.09685498326577,15.060513521977708],[77.08816759983354,15.06454740993978],[77.08275436271123,15.065658031330459],[77.07795999564937,15.064468548905788],[77.07036111432166,15.065162645056013],[77.06545521512909,15.064361508919216],[77.0611951156926,15.065444753146663],[77.05632206429671,15.06391596568444],[77.04998237485893,15.064481333291802],[77.05031603969819,15.057425018806825],[77.04753357458094,15.049136555392604],[77.04710514915732,15.038250633239437],[77.04843038878025,15.035756706741724],[77.06699403100741,15.032237799600018],[77.08476993517208,15.030737141207972],[77.09087515084597,15.029359990612932],[77.09367788375263,15.036165790700812],[77.11295122380037,15.034084721656061],[77.1152941082148,15.046425669691809],[77.11952559900442,15.045720940882948],[77.12149664556995,15.0556219930643]]]}},{"type":"Feature","properties":{"type":"village","name":"Dasmapura","taluk":"Hagaribommanahalli","district":"Ballari","village_code":"604686"},"geometry":{"type":"Polygon","coordinates":[[[76.32581597663398,15.02908787361271],[76.31964304415735,15.031560251096616],[76.31377771459695,15.038806817418791],[76.31112608281263,15.042949761692594],[76.31054823521792,15.047143067085283],[76.31124971435193,15.049334927948118],[76.29805104905506,15.041562854680688],[76.29428751764637,15.03411451739106],[76.29075443734571,15.032305623130709],[76.28513807586627,15.031273146007067],[76.27892784444076,15.02744306224998],[76.27812956464834,15.00381386669135],[76.28884651988682,15.001793905874184],[76.29546076861138,15.005221710642926],[76.29623649979185,15.007115324416729],[76.29871918631896,15.006890260150456],[76.29892326289027,15.008196322345476],[76.31346661274267,15.00542635485866],[76.31870096834248,15.024885742815426],[76.3238431433194,15.025768212267817],[76.32538643640109,15.027006772836684],[76.32581597663398,15.02908787361271]]]}},{"type":"Feature","properties":{"type":"village","name":"Thimmalapura","taluk":"Hospet","district":"Ballari","village_code":"604716"},"geometry":{"type":"Polygon","coordinates":[[[76.35850327581286,15.052285621350498],[76.35442519481587,15.051209823584943],[76.35322071391998,15.051968805584796],[76.3535459247141,15.054951235795563],[76.35145745576455,15.05976807508795],[76.34731412294194,15.05964099693594],[76.34867739992892,15.053495662772567],[76.3510680845979,15.049117231690635],[76.35034754231525,15.047282530379524],[76.35155729722018,15.040531542363928],[76.35149345844451,15.029501121758903],[76.35051750805857,15.025854366792748],[76.34673328126239,15.021832189984618],[76.34745440565332,15.018660004955395],[76.34586346503066,15.012853436075208],[76.35105893525675,15.007937373958658],[76.35401156464496,15.003116170408829],[76.35975944487187,14.999394203234573],[76.36144959184128,14.995901315235368],[76.36782042766659,14.995363487966584],[76.36961665489127,14.997406845027736],[76.37152768231769,14.996923902138258],[76.37321805296759,15.001111946574827],[76.37795890559131,15.008160438004067],[76.37913049467306,15.011481750912255],[76.37861913768074,15.015530560617625],[76.38004654090426,15.019439375756228],[76.3786842987765,15.022489548746343],[76.38151121702558,15.023632757203055],[76.38987098936525,15.023641532210002],[76.39278148776667,15.02242126573075],[76.39863065124523,15.023767451871572],[76.40439199991316,15.028272089669981],[76.4049881030711,15.035664799947577],[76.40333324731594,15.038977283643298],[76.40109667132887,15.038977499662602],[76.39816366473971,15.049077259599043],[76.39512277138324,15.051662316019874],[76.388087166078,15.051147526825154],[76.37977277393153,15.048359683936853],[76.37553196491744,15.048138223423493],[76.35850327581286,15.052285621350498]]]}},{"type":"Feature","properties":{"type":"village","name":"Swamy Halli","taluk":"Sandur","district":"Ballari","village_code":"604972"},"geometry":{"type":"Polygon","coordinates":[[[76.56282325102941,15.002116155027936],[76.56321046084949,15.005085976940551],[76.56662911374924,15.007339256996293],[76.58140459186431,15.002846739325854],[76.58452606679676,15.003034787704628],[76.58304228171272,15.009992936900625],[76.58169201592433,15.011796705808706],[76.57450705671995,15.018179638370588],[76.5709391047183,15.019233067838014],[76.57130025890355,15.020849714404353],[76.56529648099155,15.023242007877473],[76.56368446858723,15.027388987682462],[76.5663239371826,15.034710740070194],[76.560352986406,15.030616674070753],[76.5590036836116,15.028132786594428],[76.5618487648974,15.026751353216726],[76.55770456520054,15.019908816975276],[76.5563086703856,15.012926469082096],[76.54907834895434,15.009151921085655],[76.54907946466193,15.005965623198884],[76.54623588356266,15.003762264266092],[76.55171211414597,15.001688559422448],[76.56140004922645,15.00026701717616],[76.56282325102941,15.002116155027936]]]}},{"type":"Feature","properties":{"type":"village","name":"Lingadevanahalli","taluk":"Bellary","district":"Ballari","village_code":"604945"},"geometry":{"type":"Polygon","coordinates":[[[77.10133756844868,15.104445617668917],[77.10132720907681,15.11290480838579],[77.10026190057465,15.114328024694466],[77.0806742409073,15.116032901213602],[77.06155668759445,15.115820217342822],[77.0594836040908,15.110984535595586],[77.05793893119683,15.112353250429043],[77.04905026225887,15.111943566251249],[77.0476284043356,15.107736116568175],[77.04751028485889,15.100008990153828],[77.0803193497762,15.100795519414595],[77.08074694156323,15.102345557411558],[77.10133756844868,15.104445617668917]]]}},{"type":"Feature","properties":{"type":"village","name":"Guledahalu","taluk":"Hagaribommanahalli","district":"Ballari","village_code":"604673"},"geometry":{"type":"Polygon","coordinates":[[[76.30062844855586,15.098814111859314],[76.29477857540822,15.100129559394663],[76.29127287126583,15.097150373202373],[76.28220985100936,15.092686706089372],[76.28075099776773,15.089138815580736],[76.27637171255431,15.085056412395474],[76.27644513006582,15.077257027897634],[76.27936679811948,15.064565148290246],[76.27885437842016,15.063205395217256],[76.28317627476171,15.062637245775084],[76.29090883798013,15.065012679209794],[76.29411847537114,15.062736468294371],[76.29600665055506,15.074874583758868],[76.29655547717617,15.087161322941613],[76.30062844855586,15.098814111859314]]]}},{"type":"Feature","properties":{"type":"village","name":"Donimalai Township (CT)","taluk":"Sandur","district":"Ballari","village_code":"605045"},"geometry":{"type":"Polygon","coordinates":[[[76.58438569155886,15.105460796742346],[76.57753664118533,15.105881108879114],[76.5744977375972,15.107145591764777],[76.57280987324692,15.106114294659923],[76.56842085658401,15.105878860902846],[76.56847020463583,15.101521138412725],[76.56749319962776,15.100044284874901],[76.56615919963421,15.090317026015802],[76.56508521071146,15.089465237328472],[76.56628843666088,15.08340184423037],[76.56807193116472,15.083250384624774],[76.56919784810081,15.0818499150617],[76.57028587679314,15.082600306663693],[76.57589145309927,15.076853734638568],[76.57853250362784,15.079045993083538],[76.58627706025362,15.072798073756541],[76.59047508879894,15.06631675042229],[76.58936739418837,15.06274794466862],[76.5898822770682,15.061839582964401],[76.59241521894558,15.06225486511876],[76.59588346423892,15.05874531302115],[76.59720933358085,15.060151203624649],[76.60070518859442,15.060188889612935],[76.60103043711777,15.061959943975541],[76.59952670314622,15.062808698310743],[76.59688466357252,15.067685123229532],[76.59694544897455,15.069007930935578],[76.59867242597228,15.069936152024603],[76.59357807819943,15.075090336726218],[76.58979127413664,15.08222038705548],[76.59278605786793,15.084240770803865],[76.59264641116374,15.084968233107844],[76.58944209090089,15.084524866741445],[76.58880477303774,15.085252247408816],[76.58919518984335,15.08684292326833],[76.59163216919052,15.087462441057014],[76.59090171759196,15.089089081250451],[76.58674418599799,15.086756692796449],[76.58539040600019,15.088744654582857],[76.5868829182172,15.091230294047376],[76.58979897988517,15.09178660782147],[76.58903605418911,15.092735399650783],[76.581756883271,15.094324625709149],[76.57988211184944,15.096443559102795],[76.57879341660716,15.10070932062484],[76.58009335338348,15.10334637474583],[76.58438569155886,15.105460796742346]]]}},{"type":"Feature","properties":{"type":"village","name":"Sandur (TMC)","taluk":"Sandur","district":"Ballari","village_code":"803115"},"geometry":{"type":"Polygon","coordinates":[[[76.5462842398744,15.092583877310425],[76.53538826567117,15.098212313278637],[76.51983355384435,15.099025434628473],[76.51893953160895,15.102492483963552],[76.51717894414486,15.102866511400151],[76.5160686983189,15.104599636251015],[76.51642896496864,15.10745820234142],[76.50779581103352,15.106821157223127],[76.50700592509914,15.102240977914656],[76.51176480870724,15.092256958169276],[76.51461557004058,15.092805192695126],[76.52573377756363,15.087754016174369],[76.52953801972271,15.088225678203306],[76.53524095903256,15.086027467207241],[76.53449851312836,15.082086729418075],[76.53007980534865,15.083106082430367],[76.53227086998847,15.081841823339687],[76.5326440615985,15.079270742657386],[76.53520326482493,15.076099681428278],[76.53461319565078,15.0748612726172],[76.53301333475731,15.074869654316883],[76.53297736800995,15.07215835891641],[76.53541412098167,15.069785296964568],[76.5410389338113,15.071007653410511],[76.5452550400534,15.08031052294013],[76.550429663975,15.084639854624712],[76.5531439541487,15.085452316684568],[76.55388605509982,15.087864405364396],[76.5576702738112,15.089843825630208],[76.55936710155137,15.089413141302195],[76.56398620101305,15.092965036018278],[76.56709042380044,15.096359846002235],[76.56749319962776,15.100044284874901],[76.56589108575959,15.098636268566613],[76.56484563002516,15.095079662858227],[76.56201645610643,15.092984112886837],[76.55905360478859,15.093306598005126],[76.55798413439167,15.091049103429453],[76.55343343085909,15.090711056598634],[76.55058621517617,15.093010176075682],[76.5462842398744,15.092583877310425]]]}},{"type":"Feature","properties":{"type":"village","name":"Garga","taluk":"Hospet","district":"Ballari","village_code":"604711"},"geometry":{"type":"Polygon","coordinates":[[[76.44984412212415,15.116021615906366],[76.44303464523382,15.117121745387356],[76.44175355780715,15.110904245210627],[76.43888317367475,15.109296314147423],[76.4345429508031,15.1074447822305],[76.42570560621063,15.107844454693867],[76.42146806526755,15.106873758934547],[76.4206261192675,15.10648082508404],[76.42096531323732,15.105206466017991],[76.41809508720841,15.102839095585496],[76.41787614531577,15.10123504180563],[76.41459712025559,15.101506689317382],[76.409856393396,15.09447169311258],[76.41138898125445,15.080526525402211],[76.40984192513001,15.06184157897719],[76.41347735498258,15.055329469127473],[76.42199911692417,15.045960511636071],[76.42748585510134,15.044825129043895],[76.43760757675109,15.040764869188546],[76.45166339472912,15.038655017240533],[76.45910860036288,15.040911848681954],[76.46117378857352,15.04249718742989],[76.46523610323898,15.049667066884926],[76.47995901284193,15.070496971374826],[76.47273516287399,15.077309958731224],[76.46997041612744,15.08270192508856],[76.46714332001193,15.084081325977577],[76.45957478916442,15.09169829688974],[76.45704787408427,15.100040870320147],[76.44984412212415,15.116021615906366]]]}},{"type":"Feature","properties":{"type":"village","name":"Bannikal","taluk":"Hagaribommanahalli","district":"Ballari","village_code":"604645"},"geometry":{"type":"Polygon","coordinates":[[[76.07984933768442,15.093036081407783],[76.06464522034666,15.093194985242496],[76.04763719968011,15.091187803319656],[76.04329530773867,15.097747428015486],[76.03532460742669,15.094825206948258],[76.03071668300711,15.092080365282083],[76.02265190393199,15.091950184906574],[76.01927144560149,15.090434795787276],[76.01389485794613,15.090531583733513],[76.01618529961257,15.068187403160277],[76.03175470158928,15.068989863333758],[76.04050134598243,15.071279905111982],[76.04150213298934,15.068880882587235],[76.04175815913352,15.05626450923743],[76.05477879001918,15.056133523610118],[76.06160400718991,15.06027480902639],[76.06901629585674,15.061506008284358],[76.07614360837267,15.068154891933109],[76.07917256491564,15.082710519852101],[76.07984933768442,15.093036081407783]]]}},{"type":"Feature","properties":{"type":"village","name":"Anekal","taluk":"Hagaribommanahalli","district":"Ballari","village_code":"604677"},"geometry":{"type":"Polygon","coordinates":[[[76.29411847537114,15.062736468294371],[76.29090883798013,15.065012679209794],[76.28317627476171,15.062637245775084],[76.27312580568366,15.064896690097594],[76.25861745329641,15.063497744387606],[76.26134557662716,15.04035390714772],[76.26026019526994,15.03536462188127],[76.26094044811211,15.032807358342293],[76.25994758424602,15.028843868746538],[76.26070127166771,15.028003723618859],[76.26245014779545,15.026730353891022],[76.26598847785063,15.026695959725751],[76.27222006672203,15.024254260016868],[76.27367912837282,15.026094066575517],[76.27670625864083,15.02556676730189],[76.2830972535594,15.030350451294568],[76.29428751764637,15.03411451739106],[76.29805104905506,15.041562854680688],[76.31124971435193,15.049334927948118],[76.30599512869193,15.04950955237904],[76.29411847537114,15.062736468294371]]]}},{"type":"Feature","properties":{"type":"village","name":"Telugubalu","taluk":"Hospet","district":"Ballari","village_code":"604712"},"geometry":{"type":"Polygon","coordinates":[[[76.39245374911336,15.056073990339996],[76.36079107733067,15.067492266414403],[76.36160410656173,15.063515049969144],[76.35547472171513,15.065918582067201],[76.3541308537282,15.065294808317804],[76.35582862020783,15.060776186935696],[76.3543870873832,15.059931014924624],[76.35618750524867,15.051842639721984],[76.35850327581286,15.052285621350498],[76.37177937858219,15.048644257187895],[76.37977277393153,15.048359683936853],[76.388087166078,15.051147526825154],[76.39512277138324,15.051662316019874],[76.39254681188183,15.053677894263446],[76.39245374911336,15.056073990339996]]]}},{"type":"Feature","properties":{"type":"village","name":"Nowli","taluk":"Hadagalli","district":"Ballari","village_code":"604608"},"geometry":{"type":"Polygon","coordinates":[[[75.91093448579275,15.034888544823923],[75.89934946334242,15.055405075288668],[75.88652870581086,15.054145206789801],[75.88173428395177,15.050100985035195],[75.87865119223483,15.041443098098064],[75.87497305827027,15.036061222921035],[75.87247619183641,15.035247781166586],[75.86413494455451,15.024962751409525],[75.85585935603508,15.018436902417845],[75.86271303812221,15.01111712457927],[75.86860846573622,15.00651278259144],[75.87299728297315,15.010801239415],[75.8877776658897,15.017877493948053],[75.90486466014781,15.020985097116693],[75.90664987762035,15.019683455576699],[75.91028578268167,15.019610665212722],[75.91093448579275,15.034888544823923]]]}},{"type":"Feature","properties":{"type":"village","name":" ","taluk":"Sandur","district":"Ballari","village_code":" "},"geometry":{"type":"Polygon","coordinates":[[[76.77363256333196,15.059151150174552],[76.76555640978873,15.062698998752309],[76.75679870174449,15.0603449067923],[76.75386561790022,15.055128725253171],[76.76188972844577,15.044643791340395],[76.76439459258063,15.043182533253928],[76.76561525303309,15.044321968132873],[76.77600052511583,15.04707206362751],[76.7784779582952,15.049162429631616],[76.77648033058045,15.055126265942176],[76.77363256333196,15.059151150174552]]]}},{"type":"Feature","properties":{"type":"village","name":"T.Basapura","taluk":"Hospet","district":"Ballari","village_code":"604714"},"geometry":{"type":"Polygon","coordinates":[[[76.33312283901904,15.076005646967857],[76.32959749321299,15.07700360106313],[76.32337986685603,15.075700724699534],[76.3170224949802,15.075803067228845],[76.31585470217883,15.060917887154348],[76.31691177672312,15.055473044125518],[76.3211708350122,15.057638663289925],[76.32269065960709,15.060684624035094],[76.32535512113031,15.061232029118363],[76.328185061312,15.049935757013822],[76.33206758086826,15.051093361108425],[76.33503973873248,15.047433755326148],[76.33611388935199,15.047388761751657],[76.33748955500504,15.051618565592687],[76.33716797969288,15.055436948262123],[76.3356471283236,15.056503047983878],[76.33742253170169,15.06214739202743],[76.33533843664925,15.065893064645968],[76.33374325238518,15.066638307060373],[76.33493765508187,15.070547298163774],[76.33312283901904,15.076005646967857]]]}},{"type":"Feature","properties":{"type":"village","name":" ","taluk":"Sandur","district":"Ballari","village_code":" "},"geometry":{"type":"Polygon","coordinates":[[[76.56628843666088,15.08340184423037],[76.56508521071146,15.089465237328472],[76.56615919963421,15.090317026015802],[76.56709042380044,15.096359846002235],[76.5609329468383,15.090402751119681],[76.55388605509982,15.087864405364396],[76.5531439541487,15.085452316684568],[76.550429663975,15.084639854624712],[76.5452550400534,15.08031052294013],[76.5410389338113,15.071007653410511],[76.53681528890735,15.07028219133166],[76.5365176590874,15.064687373630127],[76.53737083672345,15.063967578716838],[76.53788660803708,15.064880626805422],[76.54237833717129,15.066360013800592],[76.54382310303264,15.070373247000392],[76.55013059864724,15.066385351606641],[76.55196966832443,15.066193693278775],[76.55223317294335,15.067990489832948],[76.55048491575485,15.070240617617955],[76.55176428380607,15.072373398156564],[76.55247603068378,15.070912670346793],[76.56170143669924,15.069493947895225],[76.56274654388729,15.068490631701938],[76.55924126913965,15.07945661937551],[76.5623887368248,15.083289522831098],[76.56628843666088,15.08340184423037]]]}},{"type":"Feature","properties":{"type":"village","name":"Holagundi","taluk":"Hadagalli","district":"Ballari","village_code":"604630"},"geometry":{"type":"Polygon","coordinates":[[[76.04175815913352,15.05626450923743],[76.04150213298934,15.068880882587235],[76.04050134598243,15.071279905111982],[76.03175470158928,15.068989863333758],[76.01618529961257,15.068187403160277],[76.01226120602495,15.06660840484123],[76.00865144373502,15.068350745111388],[76.00494976223196,15.068317167840036],[75.99587543937258,15.065786839032928],[75.97885825858506,15.063413613217788],[75.9789951501563,15.038551338184119],[75.97632042987254,15.036243497946543],[75.97015452940796,15.035667663766557],[75.97067117657899,15.026349780230467],[75.96658422921016,15.026495998360952],[75.96583987797919,15.025484057042547],[75.96303139405809,15.025051306052823],[75.95946537702756,15.025631036652923],[75.96107193486144,15.02018528639965],[75.95918874622568,15.019666371152294],[75.95955790799337,15.012463323841496],[75.9555875439821,15.012848800201155],[75.95618779735665,15.001718791791678],[75.9595445617232,15.001104202339507],[75.96004313119747,14.988449714267224],[75.96771666072867,14.988726123722213],[75.97609380918088,14.987675114209178],[75.97605186594194,14.990231288359437],[75.97849453970967,14.989922965123293],[75.97973098356171,14.99120749468224],[75.97993447443145,14.995956570933302],[75.9930683927559,14.995084298215446],[75.99444801099621,14.995223219347869],[75.99614535975924,14.9982115446644],[75.999069330195,14.998810451617528],[76.01374414759091,14.998420884707613],[76.01320919185608,15.005867255834978],[76.0243205281655,15.00604436616819],[76.02484022421864,15.008050942873444],[76.0298379698608,15.008283576358453],[76.0300686311746,15.01239582371622],[76.03286270881351,15.01256867192366],[76.03286179522686,15.014660937742057],[76.03409380140137,15.014774392892042],[76.03421384776439,15.016726574346372],[76.0360177304319,15.0169260954249],[76.03651950240015,15.029090983047338],[76.0392683031521,15.049711313057514],[76.03988046908563,15.053859730891869],[76.04081986073443,15.053715553637563],[76.04079098438963,15.056318357877718],[76.04175815913352,15.05626450923743]]]}},{"type":"Feature","properties":{"type":"village","name":"Vittalapur","taluk":"Sandur","district":"Ballari","village_code":"605034"},"geometry":{"type":"Polygon","coordinates":[[[76.77789661266075,15.079898717791696],[76.7747756686327,15.080804713392945],[76.77378994906806,15.078143022377825],[76.77216124955902,15.07835803388325],[76.77104930681553,15.081666103917653],[76.76095143723319,15.092090375150722],[76.75636214566926,15.091104924259131],[76.7538953395597,15.089521263266843],[76.74897223134123,15.089230855415561],[76.74719930372008,15.088408407298708],[76.74398643239402,15.084461308179716],[76.74032870366118,15.084502626711373],[76.73174722082119,15.072147073012935],[76.73334986020383,15.067012944939178],[76.73383403058239,15.060062852666134],[76.73665014389525,15.051148087228865],[76.74659360296167,15.054144126769941],[76.75386561790022,15.055128725253171],[76.75679870174449,15.0603449067923],[76.76271929476289,15.062098197881369],[76.76753056722006,15.062244421854304],[76.77363256333196,15.059151150174552],[76.77526788162801,15.072283380768473],[76.77991674137674,15.076067684908862],[76.77672063081727,15.078429550809274],[76.77789661266075,15.079898717791696]]]}},{"type":"Feature","properties":{"type":"village","name":"Chilakanahatti","taluk":"Hospet","district":"Ballari","village_code":"604713"},"geometry":{"type":"Polygon","coordinates":[[[76.36079107733067,15.067492266414403],[76.35261901515617,15.069049778129061],[76.3522977282032,15.07304430784322],[76.34702759899386,15.080748156924278],[76.34227424002474,15.082414899339119],[76.33582507469994,15.074975864986902],[76.33312283901904,15.076005646967857],[76.33493765508187,15.070547298163774],[76.33374325238518,15.066638307060373],[76.33533843664925,15.065893064645968],[76.33742253170169,15.06214739202743],[76.34044992068449,15.062120741260065],[76.34731412294194,15.05964099693594],[76.35145745576455,15.05976807508795],[76.3535459247141,15.054951235795563],[76.35357884976588,15.051431150781537],[76.35618750524867,15.051842639721984],[76.3543870873832,15.059931014924624],[76.35582862020783,15.060776186935696],[76.3541308537282,15.065294808317804],[76.35547472171513,15.065918582067201],[76.36160410656173,15.063515049969144],[76.36079107733067,15.067492266414403]]]}},{"type":"Feature","properties":{"type":"village","name":"Dasarahalli","taluk":"Hadagalli","district":"Ballari","village_code":"604615"},"geometry":{"type":"Polygon","coordinates":[[[75.97885825858506,15.063413613217788],[75.9743241011217,15.063270942250197],[75.9689738844098,15.05814440383796],[75.95562838408986,15.072930167220676],[75.94910274338827,15.070478645408471],[75.94475278906718,15.065238184402649],[75.93831608786691,15.06329687722853],[75.93918374904027,15.056866506333241],[75.93772209395328,15.051706464618654],[75.92867723314029,15.050271687731144],[75.93006371900094,15.03502957688086],[75.93824277276333,15.035194793030735],[75.93859100737815,15.033500172114945],[75.94856848564442,15.030876379250037],[75.95209782895348,15.031349785310589],[75.95281791489198,15.029609780817815],[75.95744842205947,15.028144134693141],[75.95946537702756,15.025631036652923],[75.96303139405809,15.025051306052823],[75.96583987797919,15.025484057042547],[75.96658422921016,15.026495998360952],[75.97067117657899,15.026349780230467],[75.97015452940796,15.035667663766557],[75.97632042987254,15.036243497946543],[75.9789951501563,15.038551338184119],[75.97885825858506,15.063413613217788]]]}},{"type":"Feature","properties":{"type":"village","name":"Kotanakal","taluk":"Hadagalli","district":"Ballari","village_code":"604609"},"geometry":{"type":"Polygon","coordinates":[[[75.93006371900094,15.03502957688086],[75.92554808120545,15.072179307793059],[75.90943841355228,15.071694077639957],[75.90671605201577,15.059782958148887],[75.90352091972163,15.056710554268633],[75.89934946334242,15.055405075288668],[75.91093448579275,15.034888544823923],[75.93006371900094,15.03502957688086]]]}},{"type":"Feature","properties":{"type":"village","name":"Gaddikeri","taluk":"Hagaribommanahalli","district":"Ballari","village_code":"604647"},"geometry":{"type":"Polygon","coordinates":[[[76.13701437818769,15.08680971320451],[76.13351730775351,15.098161031196083],[76.12453611234132,15.091342174113732],[76.11588078259506,15.08838209982109],[76.08753348620057,15.089264410303404],[76.08329214628216,15.087740780430995],[76.07935286487802,15.087563724962667],[76.07917256491564,15.082710519852101],[76.07614360837267,15.068154891933109],[76.06901629585674,15.061506008284358],[76.07796569090785,15.05153066392794],[76.10156943164792,15.052831556803401],[76.10650758574907,15.05543941711178],[76.1221833940695,15.052702011703857],[76.13565940522717,15.052855594115117],[76.13561332614469,15.06052852296108],[76.13865068013894,15.07356061410171],[76.13701437818769,15.08680971320451]]]}},{"type":"Feature","properties":{"type":"village","name":"Marutala","taluk":"Sandur","district":"Ballari","village_code":"605027"},"geometry":{"type":"Polygon","coordinates":[[[76.69378606891611,15.111140446115432],[76.68503137561798,15.10980739468133],[76.67510514174711,15.11375777095364],[76.67329936363433,15.112199724000597],[76.67177836673798,15.104773032344163],[76.67540635584503,15.103823024589877],[76.67591048229764,15.09409992934799],[76.67417218293406,15.085033212253585],[76.67692055159637,15.082666357734642],[76.6793805520693,15.084188675231758],[76.69281128723837,15.082638929772086],[76.69386542069843,15.081768994358205],[76.70838294129149,15.096352106962085],[76.70356007697389,15.096541158718368],[76.69946157727047,15.0996585430469],[76.69627966368573,15.103642398041915],[76.69825784107795,15.105609883257152],[76.69541234926207,15.10619643328242],[76.6966188962831,15.108374979328545],[76.69378606891611,15.111140446115432]]]}},{"type":"Feature","properties":{"type":"village","name":"Krishnanagar","taluk":"Sandur","district":"Ballari","village_code":"605001"},"geometry":{"type":"Polygon","coordinates":[[[76.57429237823168,15.107020091741484],[76.57124603120312,15.110915181286675],[76.56606452079653,15.110588484634574],[76.56466411643889,15.111699691936364],[76.56380380438284,15.11105775523138],[76.55641134782257,15.115140516267656],[76.55696922407189,15.11623421632088],[76.55159194471378,15.116715985964383],[76.55134132013939,15.115089129003117],[76.55327197665306,15.114240233076197],[76.55333751863452,15.112825933206372],[76.55009157762792,15.110682883646676],[76.54569041394574,15.113216394067083],[76.54599292431259,15.10612952832442],[76.54527047760155,15.1032710015818],[76.5462842398744,15.092583877310425],[76.55058621517617,15.093010176075682],[76.55511305406493,15.090439555737476],[76.55798413439167,15.091049103429453],[76.55905360478859,15.093306598005126],[76.56201645610643,15.092984112886837],[76.56484563002516,15.095079662858227],[76.56589108575959,15.098636268566613],[76.56847020463583,15.101521138412725],[76.56842085658401,15.105878860902846],[76.57280987324692,15.106114294659923],[76.57429237823168,15.107020091741484]]]}},{"type":"Feature","properties":{"type":"village","name":"Kadlabalu","taluk":"Hagaribommanahalli","district":"Ballari","village_code":"604668"},"geometry":{"type":"Polygon","coordinates":[[[76.22823283712633,15.108762626305964],[76.20936753164361,15.109868240679354],[76.20319482913565,15.108980101936957],[76.19813351421244,15.107070351774773],[76.18411882739626,15.105772806176825],[76.18235992696827,15.103143326716348],[76.17121979156916,15.10083209326569],[76.17674356998045,15.093329826732873],[76.18358477716323,15.091814435311031],[76.1789301708916,15.077134082035938],[76.18187629737551,15.068073239981507],[76.18232097422096,15.061403343125152],[76.19925205957328,15.059220670578569],[76.20242640305511,15.054402651271273],[76.20552708558196,15.051631567624069],[76.2091356037052,15.05180656840083],[76.2137522283083,15.04945055164097],[76.22085855887417,15.051874372694227],[76.22970083431925,15.056899970903915],[76.22998919532209,15.066583584920524],[76.2340358325892,15.077395168645713],[76.23156606473417,15.095606970420395],[76.2284770423397,15.103945504023203],[76.22823283712633,15.108762626305964]]]}},{"type":"Feature","properties":{"type":"village","name":" ","taluk":"Hospet","district":"Ballari","village_code":" "},"geometry":{"type":"Polygon","coordinates":[[[76.38362484958286,15.098884157893602],[76.37361096439476,15.098698894872806],[76.3725272062933,15.100592253856126],[76.37249457858384,15.104406105225618],[76.36849909228734,15.105888125999392],[76.36710830439478,15.10915960690993],[76.36585701408605,15.109615930747667],[76.3655594471482,15.107392695818147],[76.36679675607782,15.106154637633415],[76.36563867586133,15.103452319671648],[76.36640642371381,15.096470842176924],[76.36143462680697,15.094034900067903],[76.36085801798902,15.092010484399125],[76.3643603965682,15.088825000183531],[76.36517915705078,15.085702570197558],[76.36782548877491,15.085427042732189],[76.37760142910884,15.077618852206918],[76.37804326188805,15.076394266376818],[76.38330764637121,15.074338147386657],[76.38601864062612,15.066443708353175],[76.39698911391247,15.063170777062835],[76.39229263716547,15.075110462151166],[76.3922929758303,15.078327879166766],[76.38740592508904,15.094744796832895],[76.38362484958286,15.098884157893602]]]}},{"type":"Feature","properties":{"type":"village","name":" ","taluk":"Sandur","district":"Ballari","village_code":" "},"geometry":{"type":"Polygon","coordinates":[[[76.59219664805717,15.112326910360663],[76.58925364591384,15.116965310253361],[76.58864466810127,15.112775129905387],[76.58454612438042,15.112749038789174],[76.58310940832231,15.11718689594478],[76.57994195402041,15.120881038999604],[76.58359565470751,15.109865063911416],[76.58047394441651,15.106097967361903],[76.58438569155886,15.105460796742346],[76.59191032892498,15.10639733275896],[76.59504854935263,15.105683650263634],[76.59405868136798,15.108540050940238],[76.59521923105324,15.11108261332102],[76.59219664805717,15.112326910360663]]]}},{"type":"Feature","properties":{"type":"village","name":" ","taluk":"Sandur","district":"Ballari","village_code":" "},"geometry":{"type":"Polygon","coordinates":[[[76.62816797770901,15.020807888981755],[76.63008979120704,15.02355452566624],[76.63223752830409,15.021329707979712],[76.63270390215855,15.02436478536682],[76.63541690594477,15.023787938731637],[76.63827108896102,15.02018971388475],[76.6414645135578,15.020546562111937],[76.63911911026733,15.023705342307554],[76.63697135340736,15.024968892314496],[76.62705691172121,15.028427987058144],[76.62513851810947,15.034004107271814],[76.62192860044408,15.035504563098353],[76.62131901177712,15.037478951726762],[76.61782458508483,15.038465969580942],[76.6177001980624,15.03634827992384],[76.62064866016601,15.035978421298035],[76.62345230755766,15.032464000568877],[76.62459001308521,15.030450190308088],[76.62320859911263,15.029620859886448],[76.62357423139956,15.028752162857906],[76.6282245697753,15.024433520651513],[76.62816797770901,15.020807888981755]]]}},{"type":"Feature","properties":{"type":"village","name":"Sonna","taluk":"Hagaribommanahalli","district":"Ballari","village_code":"604650"},"geometry":{"type":"Polygon","coordinates":[[[76.14535624710373,15.015859731057853],[76.14537591931014,15.027242520296321],[76.12958588660808,15.02600500742148],[76.12641496121594,15.028612354290932],[76.12636843926398,15.033555938629666],[76.13008371676888,15.038856502769399],[76.12601046601317,15.038016013614756],[76.12605226821661,15.039692501670501],[76.13031156994913,15.040709254643259],[76.13049300178874,15.0436238776386],[76.12881905144391,15.04662435187147],[76.108680694863,15.037567803084018],[76.10218701891415,15.018615293365333],[76.10223925415131,15.008339512581937],[76.10089908093515,15.001105000624852],[76.10031047960814,14.985507820331556],[76.1098047846258,14.98472512810426],[76.12468693678257,14.985536217062135],[76.13422975621545,14.984585175321572],[76.14129144500325,15.001106618020353],[76.14535624710373,15.015859731057853]]]}},{"type":"Feature","properties":{"type":"village","name":"Narasingapur","taluk":"Sandur","district":"Ballari","village_code":"605006"},"geometry":{"type":"Polygon","coordinates":[[[76.60070518859442,15.060188889612935],[76.59720933358085,15.060151203624649],[76.58855508181294,15.051434274637781],[76.58980885506506,15.0512236332817],[76.59332986111002,15.044945142248645],[76.59942996536992,15.040892779291056],[76.6002977918333,15.041783194228506],[76.60005632198998,15.044922662116642],[76.60264776395529,15.046984771685413],[76.60327436042553,15.049819753617752],[76.60252675010675,15.051588556297371],[76.6071438130877,15.051038407689338],[76.61088078939827,15.051975898221253],[76.60070518859442,15.060188889612935]]]}},{"type":"Feature","properties":{"type":"village","name":"Bandri","taluk":"Sandur","district":"Ballari","village_code":"604963"},"geometry":{"type":"Polygon","coordinates":[[[76.4731812770239,15.055981145019645],[76.47194026613694,15.059364387820027],[76.46117378857352,15.04249718742989],[76.45583400040378,15.039685386936672],[76.44872759437943,15.019889389113322],[76.44657430030404,15.017964984341418],[76.44742343372468,15.012745588421772],[76.44629784018211,15.01128633485469],[76.44735686496885,15.008430094057482],[76.44731840898984,15.004440018972652],[76.4464238935794,14.997417307952498],[76.44292165064581,14.985568444101375],[76.44270308784226,14.977363585986911],[76.44942872676373,14.977310175633876],[76.45570213310995,14.972224611072033],[76.45732528103053,14.972995424337833],[76.4581181996773,14.971697908788746],[76.47752139569091,14.973513327275612],[76.47885750223382,14.97712379685399],[76.47683882339872,14.979123084633468],[76.48268906126233,14.994651491729035],[76.481572879369,14.998648651266336],[76.48197139897852,15.001109903137959],[76.48765022481119,15.00670167199654],[76.4867595263424,15.010457216326452],[76.48861575114658,15.012593776649336],[76.49071710014064,15.021083539943687],[76.49090852394117,15.022710157865799],[76.47595599776506,15.023046952227809],[76.47372479639832,15.03449852404182],[76.47808901776277,15.04025815998967],[76.47194135220013,15.049348076727291],[76.4731812770239,15.055981145019645]]]}},{"type":"Feature","properties":{"type":"village","name":"Kammarchedu","taluk":"Bellary","district":"Ballari","village_code":"604954"},"geometry":{"type":"Polygon","coordinates":[[[77.05142607621669,15.069924493011989],[77.0045066170745,15.073943422026106],[77.0041596401011,15.07086142765111],[77.00195127570551,15.06974854428672],[77.00335219839108,15.06781074189945],[77.0010394838955,15.062296632966817],[77.00362510837105,15.054123548269994],[77.00477339784928,15.046388047200065],[77.04742671458803,15.047875739807031],[77.05031603969819,15.057425018806825],[77.05004316026094,15.066259091927312],[77.05142607621669,15.069924493011989]]]}},{"type":"Feature","properties":{"type":"village","name":"Moregeri","taluk":"Hagaribommanahalli","district":"Ballari","village_code":"604649"},"geometry":{"type":"Polygon","coordinates":[[[76.108680694863,15.037567803084018],[76.10492379930932,15.035624380274896],[76.10007677120888,15.052655165411611],[76.07796569090785,15.05153066392794],[76.08049590280511,15.04877026879308],[76.07045328500264,15.043146531604503],[76.07000248793518,15.042111639691738],[76.06494349515697,15.041816513686818],[76.06418596204753,15.04053747114071],[76.058066643722,15.040779750106692],[76.05700689040154,15.039550307583742],[76.0495208482533,15.039005517109404],[76.0371910487706,15.035327118028974],[76.03654663780995,15.019560766282895],[76.0492300617992,15.020089722803826],[76.05781792986426,15.018750497894933],[76.05562113217626,15.01148808395756],[76.05628326330421,15.005631944652993],[76.0599107313884,15.001801113846764],[76.06394946527764,14.989660190401526],[76.06761936797922,14.981865987379377],[76.08769579111117,14.985946717918273],[76.10031047960814,14.985507820331556],[76.10089908093515,15.001105000624852],[76.10223925415131,15.008339512581937],[76.10218701891415,15.018615293365333],[76.108680694863,15.037567803084018]]]}},{"type":"Feature","properties":{"type":"village","name":"Rajapur","taluk":"Sandur","district":"Ballari","village_code":"605037"},"geometry":{"type":"Polygon","coordinates":[[[76.68467635333286,15.05070728412988],[76.67726259502227,15.050873084969965],[76.67446522326122,15.048120748295577],[76.67532065387198,15.046281385040272],[76.67645382380566,15.046245978164038],[76.67505456300334,15.042052505908037],[76.66784402067802,15.03189735336385],[76.66910507477553,15.029710226391938],[76.67031090763592,15.021193769341538],[76.67262180034814,15.020591956116354],[76.67530007167217,15.021341607378345],[76.67721595718766,15.022674249934191],[76.67795567670498,15.024626169163033],[76.68811035125431,15.025039417272193],[76.68898879131274,15.02390954282058],[76.68630073823357,15.02188580872561],[76.68598377307546,15.018813094772867],[76.69312061402164,15.019018997914213],[76.69171613670248,15.024481097595107],[76.69129471095155,15.041658478930199],[76.69446578007417,15.046751510659512],[76.69193262619434,15.048456210816726],[76.68662811127257,15.046841059972675],[76.68467635333286,15.05070728412988]]]}},{"type":"Feature","properties":{"type":"village","name":"Metriki","taluk":"Sandur","district":"Ballari","village_code":"605040"},"geometry":{"type":"Polygon","coordinates":[[[76.7784779582952,15.049162429631616],[76.77600052511583,15.04707206362751],[76.76561525303309,15.044321968132873],[76.76439459258063,15.043182533253928],[76.76188972844577,15.044643791340395],[76.75386561790022,15.055128725253171],[76.74659360296167,15.054144126769941],[76.73062151139592,15.04939361034381],[76.73084121685656,15.041752683847474],[76.7329814826654,15.03155741238224],[76.73612029418443,15.023164476360261],[76.73208567727417,15.0160447824335],[76.7367383216252,15.01266705876181],[76.74246621972692,15.011361130614358],[76.75159360696844,15.01617956171144],[76.7524189440172,15.018050061812598],[76.75011069414859,15.021093600001047],[76.75115639781798,15.025673512699457],[76.74979922668001,15.026380062033303],[76.75021040085691,15.02984468384479],[76.7530967480519,15.029726383431532],[76.7565243203241,15.032413545926008],[76.76359263867873,15.031721929351315],[76.76475008109138,15.03565443432802],[76.77069461421209,15.037599331703701],[76.77079256920562,15.039109882174696],[76.7782183343983,15.039281048266787],[76.77895765775861,15.040959624955134],[76.78048726410863,15.041032244939302],[76.7784779582952,15.049162429631616]]]}},{"type":"Feature","properties":{"type":"village","name":"Ranjitpur","taluk":"Sandur","district":"Ballari","village_code":"605007"},"geometry":{"type":"Polygon","coordinates":[[[76.61782458508483,15.038465969580942],[76.6112011304252,15.04399393121007],[76.61231191703698,15.05108916415181],[76.61171833095847,15.051940546943353],[76.61065172439072,15.052631887132769],[76.61088078939827,15.051975898221253],[76.6071438130877,15.051038407689338],[76.60252675010675,15.051588556297371],[76.60327436042553,15.049819753617752],[76.60249110944785,15.046516183820623],[76.60410654802665,15.045438567232699],[76.60360043000907,15.04422018477435],[76.60466136281748,15.042838027088727],[76.60769901595073,15.04304920939673],[76.60809918307045,15.042025537711659],[76.60565479082555,15.041742623896587],[76.60549238889692,15.040439489277892],[76.60571607928412,15.038386139382666],[76.60703669797321,15.037280642748476],[76.60624486538963,15.032443288104831],[76.6074032133041,15.028139244079126],[76.60856103121253,15.029442413066677],[76.60963793516838,15.028040694321758],[76.61026759938534,15.028475135389325],[76.60908898907131,15.033331995369533],[76.60953586858581,15.034595666228075],[76.61140491594236,15.034674829819988],[76.60986071107064,15.0364911051249],[76.61030757980535,15.038426035399425],[76.61242048472725,15.038623683975429],[76.61339583503856,15.03550414233093],[76.61758092425056,15.035188484980416],[76.61782458508483,15.038465969580942]]]}},{"type":"Feature","properties":{"type":"village","name":"Yeswanthanagar","taluk":"Sandur","district":"Ballari","village_code":"604993"},"geometry":{"type":"Polygon","coordinates":[[[76.50991555033809,15.028753623878027],[76.51325991705544,15.035702484193163],[76.50717571207774,15.04248341967685],[76.50464975280504,15.049505639932788],[76.50564229417593,15.049852469772512],[76.50760346466319,15.04772072674921],[76.50701625302997,15.050286657338255],[76.50875172809027,15.051166138127174],[76.50857978066342,15.051912180728769],[76.50555670628894,15.052037191047848],[76.50551910460777,15.05450888863598],[76.50410290517246,15.05388798320635],[76.50116721531553,15.054465547378564],[76.5034385040018,15.051922130027815],[76.50218655882126,15.050513895775515],[76.49765383956064,15.053651423741155],[76.49212380438341,15.060351082244049],[76.48984064356233,15.060433548232973],[76.48911860468641,15.058093189297526],[76.48367155228185,15.064254874842918],[76.4815172610765,15.06187449626982],[76.47822047811978,15.062409131133277],[76.47269334270425,15.057829741173864],[76.4731812770239,15.055981145019645],[76.47194135220013,15.049348076727291],[76.47808901776277,15.04025815998967],[76.48983119328555,15.04275610170199],[76.49556174321398,15.037974181146009],[76.49754624923737,15.03394841027969],[76.50261485219255,15.031693303643786],[76.5057246517212,15.031858992603954],[76.50991555033809,15.028753623878027]]]}},{"type":"Feature","properties":{"type":"village","name":"Adivikyadigihalli","taluk":"Hagaribommanahalli","district":"Ballari","village_code":"604648"},"geometry":{"type":"Polygon","coordinates":[[[76.13565940522717,15.052855594115117],[76.1221833940695,15.052702011703857],[76.10650758574907,15.05543941711178],[76.10007677120888,15.052655165411611],[76.10492379930932,15.035624380274896],[76.12881905144391,15.04662435187147],[76.13049300178874,15.0436238776386],[76.13031156994913,15.040709254643259],[76.12605226821661,15.039692501670501],[76.12601046601317,15.038016013614756],[76.13008371676888,15.038856502769399],[76.12636843926398,15.033555938629666],[76.12641496121594,15.028612354290932],[76.12958588660808,15.02600500742148],[76.14537591931014,15.027242520296321],[76.14591946114247,15.02318014716514],[76.1687912950132,15.028125314894845],[76.17020130236126,15.033845822071665],[76.16453791677166,15.033864827892613],[76.16143313792712,15.041081870778703],[76.14720907358121,15.039980879392088],[76.14616742760192,15.038833228188828],[76.14440041898018,15.038788126958275],[76.14227088624237,15.039054885758926],[76.14159218119744,15.041526724362228],[76.13792340138997,15.04130551267361],[76.13565940522717,15.052855594115117]]]}},{"type":"Feature","properties":{"type":"village","name":"Mallapura 72","taluk":"Sandur","district":"Ballari","village_code":"604965"},"geometry":{"type":"Polygon","coordinates":[[[76.39698911391247,15.063170777062835],[76.39239886204948,15.06471272638178],[76.39254681188183,15.053677894263446],[76.39816366473971,15.049077259599043],[76.40109667132887,15.038977499662602],[76.40333324731594,15.038977283643298],[76.40392831381801,15.037815863322324],[76.4049881030711,15.035664799947577],[76.40486174334828,15.02939277324066],[76.39863065124523,15.023767451871572],[76.39382295587951,15.022498034017023],[76.38987098936525,15.023641532210002],[76.38151121702558,15.023632757203055],[76.3786842987765,15.022489548746343],[76.38004654090426,15.019439375756228],[76.37861913768074,15.015530560617625],[76.37913049467306,15.011481750912255],[76.37717316807692,15.006393570336424],[76.41299115261481,15.013155544221927],[76.40890570722912,15.021570192831845],[76.42006462101095,15.022738737059457],[76.42311986585241,15.025341054423254],[76.426616567079,15.026334465373852],[76.4275706533692,15.03034691589525],[76.42947285574627,15.032126901799694],[76.43350381022518,15.031235783718435],[76.43533641382895,15.033499212582715],[76.43571526392698,15.04130760430793],[76.42748585510134,15.044825129043895],[76.42199911692417,15.045960511636071],[76.41347735498258,15.055329469127473],[76.40984192513001,15.06184157897719],[76.39698911391247,15.063170777062835]]]}},{"type":"Feature","properties":{"type":"village","name":"Hagaribommanahalli","taluk":"Hagaribommanahalli","district":"Ballari","village_code":"604675"},"geometry":{"type":"Polygon","coordinates":[[[76.20552708558196,15.051631567624069],[76.20242640305511,15.054402651271273],[76.19925205957328,15.059220670578569],[76.18232097422096,15.061403343125152],[76.18268286143146,15.058167874092565],[76.1808413375569,15.057820302223618],[76.18105822410415,15.05142165342547],[76.17917958274036,15.051385974141699],[76.1770206481433,15.045963901033364],[76.17074651595836,15.039882841750714],[76.17020130236126,15.033845822071665],[76.20602296639856,15.034685938122829],[76.20523451327706,15.040090633157416],[76.20552708558196,15.051631567624069]]]}},{"type":"Feature","properties":{"type":"village","name":"Chintrapalli","taluk":"Hagaribommanahalli","district":"Ballari","village_code":"604676"},"geometry":{"type":"Polygon","coordinates":[[[76.25861745329641,15.063497744387606],[76.25730088511094,15.06441881834829],[76.25421835933261,15.063142905055114],[76.2490366575849,15.05817402184845],[76.22970083431925,15.056899970903915],[76.22085855887417,15.051874372694227],[76.2137522283083,15.04945055164097],[76.2091356037052,15.05180656840083],[76.20552708558196,15.051631567624069],[76.20523451327706,15.040090633157416],[76.20602296639856,15.034685938122829],[76.21020523310389,15.028394269887105],[76.21884367182786,15.027270318915097],[76.21938061733108,15.011029596674723],[76.2353417233992,15.01163714430233],[76.24140215895446,15.016306729968742],[76.24100968590514,15.021471878636827],[76.25152136172815,15.02282476787076],[76.25038758992322,15.029453250954981],[76.2541910577345,15.029369519317195],[76.2565490760665,15.028137106333315],[76.25994758424602,15.028843868746538],[76.26134557662716,15.04035390714772],[76.25861745329641,15.063497744387606]]]}},{"type":"Feature","properties":{"type":"village","name":"Avinamadugu","taluk":"Sandur","district":"Ballari","village_code":"605032"},"geometry":{"type":"Polygon","coordinates":[[[76.73198869335947,15.10246457634788],[76.72650322180684,15.10570501126063],[76.726075835734,15.104540257915367],[76.72432815167063,15.104580493645312],[76.72505836341902,15.101638333895867],[76.72325045719732,15.103396300009695],[76.7212990927197,15.102429698327791],[76.72018070007245,15.100988890679877],[76.72158240968221,15.09978388003323],[76.72093456266563,15.097015694589766],[76.71755909357822,15.098188935040826],[76.70985955871785,15.09818171818567],[76.70963184208154,15.09694538427661],[76.70477354641251,15.09315629900293],[76.69879662183929,15.086149145924438],[76.69493478958569,15.083544112250792],[76.69306432019603,15.08066209311883],[76.69838676998249,15.076277338874796],[76.70106888699426,15.075743376389172],[76.7021044774302,15.073887147374428],[76.70799703043531,15.075404290362808],[76.71242500523547,15.080252276684933],[76.71578183967064,15.072625315141241],[76.71710658791508,15.073195706192339],[76.718959076626,15.071970505925115],[76.72339551265782,15.07132151158447],[76.72426984022891,15.072604431364313],[76.73064989905724,15.07193035162952],[76.73174722082119,15.072147073012935],[76.74032870366118,15.084502626711373],[76.74398643239402,15.084461308179716],[76.74719930372008,15.088408407298708],[76.74897223134123,15.089230855415561],[76.7538953395597,15.089521263266843],[76.75636214566926,15.091104924259131],[76.76095143723319,15.092090375150722],[76.76045444699722,15.098395620950292],[76.74765594971835,15.100048087979397],[76.74590788117607,15.099338234091718],[76.74517723284646,15.10103654158442],[76.73808548822586,15.102481376597664],[76.73198869335947,15.10246457634788]]]}},{"type":"Feature","properties":{"type":"village","name":"Pinjara Heggadal","taluk":"Hagaribommanahalli","district":"Ballari","village_code":"604669"},"geometry":{"type":"Polygon","coordinates":[[[76.26032550099445,15.086729405872843],[76.26559847965991,15.097952390147938],[76.2670925082331,15.104993406171209],[76.25385924791632,15.105686945043598],[76.25414479719231,15.113515509195514],[76.22823283712633,15.108762626305964],[76.2284770423397,15.103945504023203],[76.23156606473417,15.095606970420395],[76.23260764783137,15.085787199088994],[76.24903641144653,15.085627292253767],[76.25863199612255,15.087849395900404],[76.26032550099445,15.086729405872843]]]}},{"type":"Feature","properties":{"type":"village","name":"Dowlatpur","taluk":"Sandur","district":"Ballari","village_code":"605000"},"geometry":{"type":"Polygon","coordinates":[[[76.54569041394574,15.113216394067083],[76.54674989597497,15.11611783715908],[76.54542366820525,15.117540733584436],[76.54540432568056,15.119551552342232],[76.54226439665727,15.119848645724492],[76.53451127908684,15.117355770432592],[76.527114720819,15.11877147101613],[76.52670113286891,15.117822346331504],[76.52541194623164,15.119380737030934],[76.52581144410648,15.120596429751705],[76.52341063901748,15.121734051008273],[76.52220189471727,15.120364339571706],[76.52429629075107,15.117861923920135],[76.52326120786324,15.113261346830221],[76.52196403340645,15.112126456192936],[76.52299274634058,15.110563518080056],[76.5219093044461,15.10982194034461],[76.51809959693684,15.110312639948646],[76.51688023095669,15.111717332688574],[76.51693946137496,15.114143984954527],[76.51402741068472,15.114562757020359],[76.5133936447602,15.11635065785954],[76.50994689166005,15.117769142877789],[76.51094130512,15.113331504307737],[76.50622361016597,15.115114128847292],[76.50393067926787,15.118205520247912],[76.50062812014387,15.115626563863703],[76.49254274090268,15.11215405466476],[76.50700592509914,15.102240977914656],[76.50779581103352,15.106821157223127],[76.51642896496864,15.10745820234142],[76.5160686983189,15.104599636251015],[76.51717894414486,15.102866511400151],[76.51893953160895,15.102492483963552],[76.51983355384435,15.099025434628473],[76.53538826567117,15.098212313278637],[76.5462842398744,15.092583877310425],[76.54527047760155,15.1032710015818],[76.54599292431259,15.10612952832442],[76.54569041394574,15.113216394067083]]]}},{"type":"Feature","properties":{"type":"village","name":"Gollarahalli","taluk":"Hospet","district":"Ballari","village_code":"604707"},"geometry":{"type":"Polygon","coordinates":[[[76.37963449805648,15.117108417813938],[76.3705778890762,15.118933886044246],[76.36336805911489,15.118422914219524],[76.35992643539498,15.111079638641378],[76.36142915786353,15.106018701980892],[76.36117888183547,15.09379092625405],[76.36640642371381,15.096470842176924],[76.36563867586133,15.103452319671648],[76.36679675607782,15.106154637633415],[76.3655594471482,15.107392695818147],[76.36585701408605,15.109615930747667],[76.36710830439478,15.10915960690993],[76.36849909228734,15.105888125999392],[76.37249457858384,15.104406105225618],[76.3725272062933,15.100592253856126],[76.37361096439476,15.098698894872806],[76.381262079163,15.099363157734103],[76.37963449805648,15.117108417813938]]]}},{"type":"Feature","properties":{"type":"village","name":"Koilaragatti","taluk":"Hadagalli","district":"Ballari","village_code":"604614"},"geometry":{"type":"Polygon","coordinates":[[[75.95416088007205,15.103947276749068],[75.93675861308182,15.09777982717141],[75.93641382260778,15.111819707301667],[75.92590475908563,15.105861905679747],[75.92520432020072,15.093946118246734],[75.92294318876539,15.090562083653841],[75.92224346134618,15.081095471032866],[75.91754571977127,15.078692349783037],[75.9182420192193,15.07192766698518],[75.92554808120545,15.072179307793059],[75.92867723314029,15.050271687731144],[75.93772209395328,15.051706464618654],[75.93918374904027,15.056866506333241],[75.93831608786691,15.06329687722853],[75.94475278906718,15.065238184402649],[75.94910274338827,15.070478645408471],[75.95562838408986,15.072930167220676],[75.95416088007205,15.103947276749068]]]}},{"type":"Feature","properties":{"type":"village","name":"Hiremallinakeri","taluk":"Hadagalli","district":"Ballari","village_code":"604629"},"geometry":{"type":"Polygon","coordinates":[[[75.99167426223218,15.11399935078321],[75.96922117623448,15.113245848300773],[75.96373768456877,15.114770800691735],[75.95895047977469,15.11291080192341],[75.95850992978967,15.10420340859149],[75.95416088007205,15.103947276749068],[75.95562838408986,15.072930167220676],[75.9689738844098,15.05814440383796],[75.9743241011217,15.063270942250197],[75.99587543937258,15.065786839032928],[76.00494976223196,15.068317167840036],[76.00865144373502,15.068350745111388],[76.01226120602495,15.06660840484123],[76.01618529961257,15.068187403160277],[76.01431522278672,15.087192454777254],[76.00399990431178,15.086685475306263],[75.99906839504878,15.099421081318974],[75.99140637563131,15.108852682878961],[75.99167426223218,15.11399935078321]]]}},{"type":"Feature","properties":{"type":"village","name":" ","taluk":"Bellary","district":"Ballari","village_code":" "},"geometry":{"type":"Polygon","coordinates":[[[76.93625151326606,15.090540552870223],[76.93547680616504,15.09988512597455],[76.9314005694093,15.112557971240294],[76.92829299770254,15.11076023759048],[76.92477023095967,15.103345745096812],[76.92505301072964,15.099256228114902],[76.92703345726626,15.095410361762163],[76.92101047157686,15.095764043162323],[76.92105910187477,15.085173310783855],[76.9273424480796,15.087401940783336],[76.93101998107119,15.090350048186485],[76.93625151326606,15.090540552870223]]]}},{"type":"Feature","properties":{"type":"village","name":" ","taluk":"Hadagalli","district":"Ballari","village_code":" "},"geometry":{"type":"Polygon","coordinates":[[[75.87247619183641,15.035247781166586],[75.85958221621928,15.036408414716215],[75.8562946059599,15.037985134852798],[75.8502491048962,15.044125546316543],[75.84617093406767,15.044933806321596],[75.83854545542103,15.04165203573535],[75.83718816301048,15.039392408219747],[75.83565516821518,15.03163341131152],[75.83328902192649,15.028691228592821],[75.82906274495876,15.027479330298606],[75.8134586680121,15.027308219806937],[75.81177568420875,15.02657110893729],[75.82673360476818,15.005842937306822],[75.82871716756051,15.000874849633266],[75.83222432517704,14.997271799670076],[75.83791525401153,14.99593197881312],[75.8394382559476,14.997412864376704],[75.83599061171869,15.003006970313125],[75.83565033887221,15.007494090277396],[75.83693670210458,15.015601040104725],[75.85585935603508,15.018436902417845],[75.86413494455451,15.024962751409525],[75.87247619183641,15.035247781166586]]]}},{"type":"Feature","properties":{"type":"village","name":" ","taluk":"Hospet","district":"Ballari","village_code":" "},"geometry":{"type":"Polygon","coordinates":[[[76.34731412294194,15.05964099693594],[76.34044992068449,15.062120741260065],[76.33742253170169,15.06214739202743],[76.3356471283236,15.056503047983878],[76.33716797969288,15.055436948262123],[76.33748955500504,15.051618565592687],[76.3366253460573,15.04761926772827],[76.33503973873248,15.047433755326148],[76.33206758086826,15.051093361108425],[76.328185061312,15.049935757013822],[76.32535512113031,15.061232029118363],[76.32269065960709,15.060684624035094],[76.3211708350122,15.057638663289925],[76.31691177672312,15.055473044125518],[76.31605309061774,15.049697766116468],[76.31417036641098,15.048056896921182],[76.31124971435193,15.049334927948118],[76.31054823521792,15.047143067085283],[76.31112608281263,15.042949761692594],[76.31823857222807,15.032761893192125],[76.3211126241818,15.03037674425279],[76.32416774595404,15.02930197942173],[76.33465740856101,15.028341736401927],[76.33518831828383,15.024071571311788],[76.33670924331494,15.020877100000368],[76.34085265788424,15.01634545966737],[76.34586346503066,15.012853436075208],[76.34745440565332,15.018660004955395],[76.34673328126239,15.021832189984618],[76.35051750805857,15.025854366792748],[76.35149345844451,15.029501121758903],[76.35155729722018,15.040531542363928],[76.35034754231525,15.047282530379524],[76.3510680845979,15.049117231690635],[76.34867739992892,15.053495662772567],[76.34731412294194,15.05964099693594]]]}},{"type":"Feature","properties":{"type":"village","name":" ","taluk":"Sandur","district":"Ballari","village_code":" "},"geometry":{"type":"Polygon","coordinates":[[[76.561434911046,15.068991789018007],[76.55247603068378,15.070912670346793],[76.55176428380607,15.072373398156564],[76.55048491575485,15.070240617617955],[76.55245704209531,15.066983564100209],[76.55196966832443,15.066193693278775],[76.55013059864724,15.066385351606641],[76.54812700971227,15.064188595122008],[76.5468912674445,15.060762915682789],[76.54930077990353,15.058924595839834],[76.54799572632336,15.054482188333548],[76.54862403498254,15.053022842859873],[76.54725675240772,15.053284452646556],[76.54828489940323,15.052105410797562],[76.54575900391094,15.041982364819857],[76.54640070016279,15.04183804506207],[76.55013224975072,15.048337375931863],[76.5495862582126,15.053926865699589],[76.55079510761571,15.054523802426367],[76.54987850981892,15.055919816026275],[76.55041275408807,15.057433738639915],[76.55184481058478,15.05789968359993],[76.55251387401178,15.059739073197925],[76.55508528893614,15.060386068660177],[76.5565928263746,15.057715946320869],[76.55617953756351,15.055736620081298],[76.55717474333754,15.0555742313553],[76.55837856487,15.057350480354183],[76.5619365491653,15.05560283997661],[76.56056993044545,15.053935007929777],[76.5623837538699,15.052900700176565],[76.56227825662127,15.047988775639073],[76.55987054258944,15.044711930174572],[76.56182879175537,15.042737775083697],[76.56765103002994,15.040615589742947],[76.56627644594849,15.034320506409204],[76.56814287830922,15.02720842900437],[76.56773910535195,15.024641633370429],[76.569087381372,15.024623921196092],[76.56948226819448,15.025997702226684],[76.57680512508317,15.026582427620719],[76.57930235623306,15.024644379342961],[76.58165464960176,15.026375619927446],[76.58425848292812,15.025928786117142],[76.58437919584104,15.027248321905914],[76.58083117655721,15.029009894808341],[76.58083933236169,15.034193014002502],[76.58003039316013,15.0339578216574],[76.57913268513715,15.035512082255424],[76.5768405618245,15.03423724690275],[76.57197653670059,15.036093360790064],[76.57333697590957,15.04393832791743],[76.5753219840912,15.046338258635052],[76.57484245710434,15.04852978771167],[76.57600487528535,15.04899548582156],[76.5750001473693,15.05035091663763],[76.57571614866818,15.050766798079747],[76.57446051770003,15.051376515820985],[76.57588322542959,15.052149567111936],[76.57400929393283,15.052140070655417],[76.57181974924248,15.04934695157283],[76.57062772977622,15.055496763641365],[76.57148710758435,15.05900802787087],[76.5660323988386,15.059087950103038],[76.56529171273402,15.063724018008259],[76.56314739013338,15.065178501875952],[76.5633658074099,15.065987369878995],[76.56095669020955,15.066551496756782],[76.561434911046,15.068991789018007]]]}},{"type":"Feature","properties":{"type":"village","name":" ","taluk":"Sandur","district":"Ballari","village_code":" "},"geometry":{"type":"Polygon","coordinates":[[[76.53541412098167,15.069785296964568],[76.52452921042948,15.077988434692362],[76.52019946371068,15.077923063068601],[76.52327594382717,15.072886149664477],[76.52324132185781,15.067427400747862],[76.52272609402489,15.065470529118723],[76.52121986722845,15.064525445402927],[76.52206822989454,15.060725530804369],[76.51917136702083,15.059552713427868],[76.515552974616,15.060486635056701],[76.51341887484328,15.056080237916293],[76.5187424861514,15.057046637388199],[76.52298284690613,15.059058388604925],[76.52377896175871,15.058139514779581],[76.52602143788054,15.062553378837926],[76.53139877922244,15.060628304239502],[76.52975688525852,15.05535245563794],[76.53280142308009,15.059848625077796],[76.53406115126428,15.059750386650677],[76.5360939192763,15.05761893091248],[76.53843224114738,15.058662434331389],[76.5388312386606,15.063380730861045],[76.5365176590874,15.064687373630127],[76.53681528890735,15.07028219133166],[76.53541412098167,15.069785296964568]]]}},{"type":"Feature","properties":{"type":"village","name":"Gundlahalli","taluk":"Sandur","district":"Ballari","village_code":"605041"},"geometry":{"type":"Polygon","coordinates":[[[76.77876311770235,15.004593936340772],[76.78365846438528,15.004812937897144],[76.78714400584109,15.007959410266864],[76.79015610998934,15.02074422811677],[76.78574565233721,15.02770589115752],[76.78577420528852,15.037181729370428],[76.78361553299955,15.040014080278597],[76.78345624014011,15.042643934965394],[76.78037334964576,15.042714930355283],[76.78048726410863,15.041032244939302],[76.77895765775861,15.040959624955134],[76.7782183343983,15.039281048266787],[76.77079256920562,15.039109882174696],[76.77069461421209,15.037599331703701],[76.76475008109138,15.03565443432802],[76.76359263867873,15.031721929351315],[76.76879864344816,15.030238048124165],[76.77129249783091,15.02575583159718],[76.772036128613,15.018347774129667],[76.7749224111293,15.018133292060696],[76.77660043533393,15.016863397347938],[76.7767758448679,15.010941533387125],[76.77876311770235,15.004593936340772]]]}},{"type":"Feature","properties":{"type":"village","name":"Burranayakanahalli","taluk":"Bellary","district":"Ballari","village_code":"604952"},"geometry":{"type":"Polygon","coordinates":[[[76.92898803681427,15.043963910430802],[76.91325743665143,15.04395339339739],[76.91195513910259,15.041933639691926],[76.9109275391811,15.04192475699539],[76.90581385696835,15.050136104127768],[76.90259622636793,15.051279659747431],[76.88308917792094,15.050002125318104],[76.88128481195977,15.043829509592701],[76.872857059611,15.043804143077656],[76.87786655342045,15.035487688155229],[76.8771876471529,15.030236679945581],[76.89500158239339,15.037100311932978],[76.90724421475085,15.032548510941115],[76.91839038682872,15.035551975339557],[76.92224889082416,15.03131249417688],[76.93588620976251,15.02943856011569],[76.94377272266102,15.030905063195023],[76.94962657804034,15.030401754920927],[76.95647623477667,15.02526082976008],[76.96227744438875,15.034437574066514],[76.95415106783463,15.037779795700333],[76.95113256408827,15.035557540746515],[76.94830226278387,15.039634361422365],[76.94453112533965,15.040307276761995],[76.9437600725852,15.041736958884362],[76.94035441291773,15.03513145398533],[76.92745608496304,15.035125583185009],[76.9267263511184,15.035889444349987],[76.92898803681427,15.043963910430802]]]}},{"type":"Feature","properties":{"type":"village","name":"Mincheri","taluk":"Bellary","district":"Ballari","village_code":"604932"},"geometry":{"type":"Polygon","coordinates":[[[76.91116658626807,15.075345114646497],[76.91129840056131,15.076771594213218],[76.90588563235957,15.078450315182339],[76.90176798865913,15.065046549330235],[76.89875102821846,15.060481314056975],[76.89657086463458,15.058837929860223],[76.89425750604696,15.050526201271401],[76.90259622636793,15.051279659747431],[76.90581385696835,15.050136104127768],[76.9109275391811,15.04192475699539],[76.91195513910259,15.041933639691926],[76.91325743665143,15.04395339339739],[76.92111454319917,15.043673366672765],[76.91982508616896,15.047201988650913],[76.92123482671738,15.048553104608999],[76.92672626488012,15.0656451949688],[76.92035559793808,15.06798402141163],[76.92003593424089,15.066851781823159],[76.91755516561686,15.066980053596707],[76.91712339037558,15.069902130016112],[76.91509426503202,15.073189537185106],[76.91537648065999,15.07479658527964],[76.91116658626807,15.075345114646497]]]}},{"type":"Feature","properties":{"type":"village","name":"Sanjeevarayanakote","taluk":"Bellary","district":"Ballari","village_code":"604933"},"geometry":{"type":"Polygon","coordinates":[[[76.952389279323,15.066929738975633],[76.95168072775274,15.07401112298766],[76.94909012661054,15.07451544026044],[76.94889350336115,15.076841114933268],[76.94756128562514,15.07741690806723],[76.94674773537119,15.07974280168667],[76.9488501066481,15.094510857006641],[76.93601811298893,15.094322763568808],[76.93625151326606,15.090540552870223],[76.93101998107119,15.090350048186485],[76.92551626743008,15.086539197877123],[76.91516125060612,15.08355604200236],[76.91255672378037,15.076531642643237],[76.91116658626807,15.075345114646497],[76.91537648065999,15.07479658527964],[76.91509426503202,15.073189537185106],[76.91712339037558,15.069902130016112],[76.91755516561686,15.066980053596707],[76.92003593424089,15.066851781823159],[76.92035559793808,15.06798402141163],[76.92672626488012,15.0656451949688],[76.92123482671738,15.048553104608999],[76.91982508616896,15.047201988650913],[76.92111454319917,15.043673366672765],[76.92898803681427,15.043963910430802],[76.9267263511184,15.035889444349987],[76.92745608496304,15.035125583185009],[76.94035441291773,15.03513145398533],[76.9437600725852,15.041736958884362],[76.94638058493143,15.053623776034406],[76.94965308103616,15.060799773139724],[76.94640199537793,15.061385149096678],[76.94632812870873,15.065457519257807],[76.952389279323,15.066929738975633]]]}},{"type":"Feature","properties":{"type":"village","name":"Halakundi","taluk":"Bellary","district":"Ballari","village_code":"604931"},"geometry":{"type":"Polygon","coordinates":[[[76.8927070165615,15.091806095911325],[76.882794915885,15.096800675939567],[76.87365975821625,15.097147672397584],[76.86469376229869,15.096836881003862],[76.85662189821093,15.094415979848078],[76.85934275596766,15.094533656278745],[76.86509617340998,15.091858973684433],[76.8665564657527,15.09269507667835],[76.86934244328269,15.092469205096739],[76.8725050610551,15.09048107172728],[76.8759327438201,15.085890097943283],[76.8757793313325,15.084267848145087],[76.86779851329545,15.087751584995596],[76.86830557723906,15.083860983364607],[76.85918986719788,15.086558114862099],[76.85450250116448,15.08019523520409],[76.8591951986991,15.077809820209842],[76.86485535843852,15.071230903040853],[76.86195811288248,15.070123633821046],[76.8623352939107,15.063024672566762],[76.8608927927022,15.05981697830487],[76.86413421518293,15.058054790745581],[76.86591055999543,15.05971340669978],[76.8652132176033,15.055253155074686],[76.86921806434508,15.05344985677374],[76.87310032428825,15.043886860981841],[76.88128481195977,15.043829509592701],[76.88308917792094,15.050002125318104],[76.89425750604696,15.050526201271401],[76.89657086463458,15.058837929860223],[76.89875102821846,15.060481314056975],[76.90176798865913,15.065046549330235],[76.90588563235957,15.078450315182339],[76.90070088083144,15.08024933366649],[76.90040609867096,15.09150576108166],[76.89753157600003,15.09423921529103],[76.8927070165615,15.091806095911325]]]}},{"type":"Feature","properties":{"type":"village","name":" ","taluk":"Sandur","district":"Ballari","village_code":" "},"geometry":{"type":"Polygon","coordinates":[[[76.67417218293406,15.085033212253585],[76.67593410619297,15.092061577153691],[76.67540635584503,15.103823024589877],[76.67192297304085,15.104210783954525],[76.66953987644105,15.10231882408633],[76.66923811976069,15.10097172778274],[76.66689873697926,15.099695242852338],[76.66451157190953,15.101054550955729],[76.66335384203602,15.100316730089169],[76.66065306701574,15.101020006612464],[76.64681062137555,15.098397474381867],[76.64467794543258,15.096847879383743],[76.64722873413972,15.088088171584488],[76.64642386340807,15.085476418833151],[76.64656800618027,15.07505469697239],[76.6527403933795,15.078505687412108],[76.65611595858667,15.07681840830922],[76.65761102381569,15.077333702702838],[76.65915441571211,15.078504916305468],[76.65954070296237,15.081738121940283],[76.66055354895363,15.082253386197738],[76.6638329827473,15.082159183586187],[76.66729889331921,15.080067525654382],[76.67074794071661,15.08468242472414],[76.67417218293406,15.085033212253585]]]}},{"type":"Feature","properties":{"type":"village","name":"Burranayakanahalli","taluk":"Bellary","district":"Ballari","village_code":"604952"},"geometry":{"type":"Polygon","coordinates":[[[77.0010394838955,15.062296632966817],[76.99894014892429,15.06393694313069],[76.98077640342392,15.063691434101257],[76.97709273763388,15.063583470759902],[76.97690354165526,15.060917376221443],[76.96352296481838,15.061653204213851],[76.96198052783116,15.058184085360985],[76.95927356611355,15.056340577431902],[76.95658432276663,15.051502068639719],[76.95113256408827,15.035557540746515],[76.95415106783463,15.037779795700333],[76.96227744438875,15.034437574066514],[76.95647623477667,15.02526082976008],[76.96594218267575,15.018068302920545],[76.97347826907016,15.016298417979998],[76.98524555879332,15.01521768836609],[76.98605653178069,15.02651515926904],[77.00305705690452,15.030941840792465],[77.00410157030615,15.03386159359774],[77.0052817517736,15.04367248960148],[77.00362510837105,15.054123548269994],[77.0010394838955,15.062296632966817]]]}},{"type":"Feature","properties":{"type":"village","name":"Karthikeshwar","taluk":"Sandur","district":"Ballari","village_code":"605009"},"geometry":{"type":"Polygon","coordinates":[[[76.56807193116472,15.083250384624774],[76.5623887368248,15.083289522831098],[76.55924126913965,15.07945661937551],[76.56274654388729,15.068490631701938],[76.561434911046,15.068991789018007],[76.56095669020955,15.066551496756782],[76.5633658074099,15.065987369878995],[76.56314739013338,15.065178501875952],[76.56529171273402,15.063724018008259],[76.5660323988386,15.059087950103038],[76.57124989036558,15.059423703304276],[76.57062772977622,15.055496763641365],[76.57181974924248,15.04934695157283],[76.57400929393283,15.052140070655417],[76.57588322542959,15.052149567111936],[76.57446051770003,15.051376515820985],[76.57571614866818,15.050766798079747],[76.5750001473693,15.05035091663763],[76.57600487528535,15.04899548582156],[76.57484245710434,15.04852978771167],[76.5753219840912,15.046338258635052],[76.57333697590957,15.04393832791743],[76.57197653670059,15.036093360790064],[76.5768405618245,15.03423724690275],[76.57913268513715,15.035512082255424],[76.58003039316013,15.0339578216574],[76.58083933236169,15.034193014002502],[76.58083117655721,15.029009894808341],[76.58437919584104,15.027248321905914],[76.58425848292812,15.025928786117142],[76.58165464960176,15.026375619927446],[76.57930235623306,15.024644379342961],[76.57680512508317,15.026582427620719],[76.56948226819448,15.025997702226684],[76.569087381372,15.024623921196092],[76.56773910535195,15.024641633370429],[76.56814287830922,15.02720842900437],[76.56669126459046,15.030470570681667],[76.5663239371826,15.034710740070194],[76.56402290707389,15.029751189425784],[76.56405236912026,15.025466445580003],[76.56529648099155,15.023242007877473],[76.57130025890355,15.020849714404353],[76.5709391047183,15.019233067838014],[76.57517002867098,15.017711210217376],[76.58260820498766,15.010812874763246],[76.58452606679676,15.003034787704628],[76.58140459186431,15.002846739325854],[76.56662911374924,15.007339256996293],[76.56515982927053,15.006926826699877],[76.56321046084949,15.005085976940551],[76.56282325102941,15.002116155027936],[76.56422302027818,15.001550314089423],[76.5615515761503,14.996241200157806],[76.5504846067344,14.981774802828184],[76.54827135101212,14.972358518902377],[76.53887459405117,14.973338737049316],[76.53340756760628,14.968230597822384],[76.5595895459753,14.960492718849233],[76.56553046876688,14.960259089182987],[76.58200152865882,14.963778491792707],[76.58549556009238,14.966473554227234],[76.59127936125257,14.9679974339386],[76.60242488295015,14.976960660183256],[76.61043858830976,14.977781391999384],[76.61227608503692,14.980593063047996],[76.6142113319417,14.98048156223902],[76.6158978281578,14.983666960650666],[76.62298141517729,14.991724307940114],[76.63528522100896,15.000245598748563],[76.63040878296445,15.003355276175672],[76.62929474984128,15.000712562327308],[76.62471200160586,15.000099269805734],[76.6186458392906,15.003800282129165],[76.61756083522582,15.010454053693014],[76.61257119328586,15.007736004147862],[76.61030532413568,15.008345003210785],[76.60905172515669,15.009984923143117],[76.60162735504764,15.009632753084235],[76.59945813474062,15.007992479909221],[76.59695113171702,15.008179565850304],[76.59261275667996,15.004969090155328],[76.58832214506648,15.004874657289518],[76.58750225091003,15.006608318421339],[76.5895742744017,15.012512769778166],[76.59535968983444,15.012185719071223],[76.59584193602164,15.010967500759469],[76.59834901091044,15.00998378476611],[76.60505004677294,15.011952642990899],[76.61131748291577,15.011812616921324],[76.61377605237247,15.01588944604334],[76.61040097584882,15.01870071762945],[76.61107580735823,15.020621944612],[76.61435420898762,15.021653052970246],[76.6155835804034,15.023668035956318],[76.62153791414386,15.02406656000692],[76.62332186678849,15.021536216894885],[76.62640748636468,15.019943126339212],[76.62816797770901,15.020807888981755],[76.6282245697753,15.024433520651513],[76.62357423139956,15.028752162857906],[76.62320859911263,15.029620859886448],[76.62459001308521,15.030450190308088],[76.62064866016601,15.035978421298035],[76.61339583503856,15.03550414233093],[76.61311120024754,15.037873466183994],[76.61156717863213,15.038939536645332],[76.60969816181832,15.037675746640922],[76.61140491594236,15.034674829819988],[76.60953586858581,15.034595666228075],[76.60908898907131,15.033331995369533],[76.61006451365579,15.027882775159751],[76.60856103121253,15.029442413066677],[76.6074032133041,15.028139244079126],[76.60624486538963,15.032443288104831],[76.60703669797321,15.037280642748476],[76.60571607928412,15.038386139382666],[76.60549238889692,15.040439489277892],[76.60565479082555,15.041742623896587],[76.60809918307045,15.042025537711659],[76.60769901595073,15.04304920939673],[76.60466136281748,15.042838027088727],[76.60360043000907,15.04422018477435],[76.60410654802665,15.045438567232699],[76.60249110944785,15.046516183820623],[76.60005632198998,15.044922662116642],[76.6002977918333,15.041783194228506],[76.59942996536992,15.040892779291056],[76.59332986111002,15.044945142248645],[76.58980885506506,15.0512236332817],[76.58855508181294,15.051434274637781],[76.59588346423892,15.05874531302115],[76.59241521894558,15.06225486511876],[76.5898822770682,15.061839582964401],[76.58936739418837,15.06274794466862],[76.59047508879894,15.06631675042229],[76.58627706025362,15.072798073756541],[76.57853250362784,15.079045993083538],[76.57589145309927,15.076853734638568],[76.57028587679314,15.082600306663693],[76.56919784810081,15.0818499150617],[76.56807193116472,15.083250384624774]]]}},{"type":"Feature","properties":{"type":"village","name":"Tegginabudihal","taluk":"Bellary","district":"Ballari","village_code":"604938"},"geometry":{"type":"Polygon","coordinates":[[[77.04334373507777,15.157910799678534],[77.03831911543556,15.158125803162207],[77.0260435849758,15.163344231923059],[77.01979471700984,15.16438059484656],[77.00911511282258,15.167917930634706],[77.00738444285074,15.167862800242155],[77.00640835861583,15.166014077011521],[77.00819532510825,15.165454724894706],[77.01176615531207,15.161163759218292],[77.01642475279851,15.158247091084052],[77.01716086378336,15.156173276894478],[77.02011665973295,15.153097461745466],[77.02552433628368,15.14955281382529],[77.02509731043527,15.147433270021308],[77.02712147707845,15.146399456607844],[77.02691358356552,15.143398906878147],[77.04619667572395,15.142850847343567],[77.04334373507777,15.157910799678534]]]}},{"type":"Feature","properties":{"type":"village","name":"Belagal","taluk":"Bellary","district":"Ballari","village_code":"604921"},"geometry":{"type":"Polygon","coordinates":[[[76.86397026096549,15.158325462064397],[76.85238625630635,15.162386039176958],[76.84404725930425,15.163206698593292],[76.8390547337722,15.165744235856577],[76.82718041427452,15.167919576240187],[76.82317851760013,15.155062372202568],[76.81688351755113,15.142368794597683],[76.80940014968749,15.114480752589495],[76.80703293709851,15.11038947367361],[76.80485243305318,15.110279175112256],[76.8026691397389,15.10595634235248],[76.8040018201073,15.104725610372789],[76.81145797171278,15.103878452652221],[76.81690034479303,15.102063434105377],[76.82128288999266,15.09733799925828],[76.82309788302359,15.093090794138813],[76.83278613790434,15.091619823212872],[76.8370454063992,15.100165638133227],[76.84052318730929,15.104282789998818],[76.84194547013571,15.110055226733667],[76.84517773429211,15.114587037985284],[76.84786762622265,15.115714249972795],[76.85092732760626,15.120365830315306],[76.85048898388358,15.122679384103499],[76.85176601182349,15.124201961910465],[76.86454531120641,15.129671756403697],[76.86827520789421,15.13399013761993],[76.8735203702269,15.133734640091815],[76.87453773564235,15.146331377265966],[76.87182259027252,15.147530073577911],[76.87574719589986,15.153523937992214],[76.86355076569409,15.155927922244755],[76.86397026096549,15.158325462064397]]]}},{"type":"Feature","properties":{"type":"village","name":" ","taluk":"Bellary","district":"Ballari","village_code":" "},"geometry":{"type":"Polygon","coordinates":[[[77.14077925623138,15.158613228727894],[77.16285474438256,15.157386326320731],[77.16338153532978,15.163608577383524],[77.1645307824121,15.163721362586926],[77.16488984172612,15.16823098907547],[77.16738364400659,15.16817639891789],[77.16744472585263,15.171271693119222],[77.1691569165808,15.171375305638623],[77.16590805874446,15.189378557800113],[77.16196896957982,15.201136932681868],[77.15933509838699,15.201024386784914],[77.15484186816794,15.214847707686037],[77.15168203517291,15.214726070011533],[77.1508209487691,15.213632641899373],[77.14602603014167,15.195888040138444],[77.14192018760912,15.174257071224654],[77.14410679211358,15.171925287975768],[77.14077925623138,15.158613228727894]]]}},{"type":"Feature","properties":{"type":"village","name":" ","taluk":"Sandur","district":"Ballari","village_code":" "},"geometry":{"type":"Polygon","coordinates":[[[76.6443430606812,15.202674200911831],[76.64415010615141,15.203775368979137],[76.63003584827254,15.207758851938133],[76.62203730018672,15.212562463627622],[76.61823541341033,15.208739515630656],[76.61517844560016,15.201699172344101],[76.60548602523144,15.19970142792363],[76.60365736433344,15.195512065286048],[76.59686320821027,15.195091183002692],[76.59742419622373,15.189555038351923],[76.5979068313815,15.188805443409784],[76.60157389181352,15.18852470624083],[76.60340765065075,15.186322662014247],[76.60919785769721,15.184120878309441],[76.61117605215743,15.18444901939312],[76.6133956598671,15.182270299009128],[76.61585633317819,15.182668793338921],[76.61727975866165,15.181450519912264],[76.61851004276573,15.184590094266506],[76.62261117273631,15.187307904863847],[76.63010787429371,15.187539767298599],[76.63039742556431,15.191241524692396],[76.6323758023825,15.193771851374335],[76.63435420615019,15.195224348022442],[76.6375387589852,15.194615144395605],[76.63831098314277,15.19737964280813],[76.6421230747808,15.198597750593267],[76.64260582043133,15.201268596776085],[76.6443430606812,15.202674200911831]]]}},{"type":"Feature","properties":{"type":"village","name":"Danayakanakere","taluk":"Hospet","district":"Ballari","village_code":"604705"},"geometry":{"type":"Polygon","coordinates":[[[76.38004916488322,15.155047899877829],[76.3653336178723,15.159584400175946],[76.36417075682185,15.154740189978476],[76.36429207879254,15.147166723575161],[76.35971459827796,15.144888986316241],[76.35034104300419,15.145340509201228],[76.35002933838037,15.140446058125065],[76.34517436557957,15.128529442931052],[76.3437292565618,15.118136033879926],[76.34418093757148,15.114638615296784],[76.35172331756279,15.093907471173534],[76.35720225117676,15.094152095345557],[76.36085801798902,15.092010484399125],[76.36142915786353,15.106018701980892],[76.35992643539498,15.111079638641378],[76.36336805911489,15.118422914219524],[76.3705778890762,15.118933886044246],[76.37963449805648,15.117108417813938],[76.38363047303652,15.127768072077581],[76.3879616768227,15.134243343806393],[76.38635729111516,15.144998084989972],[76.38004916488322,15.155047899877829]]]}},{"type":"Feature","properties":{"type":"village","name":"Nagalapur","taluk":"Sandur","district":"Ballari","village_code":"605017"},"geometry":{"type":"Polygon","coordinates":[[[76.61059849022696,15.16383165933235],[76.5939055617312,15.16514168401782],[76.5912044489444,15.161298996199843],[76.5870559786567,15.158018226880413],[76.57335547132294,15.155391299757602],[76.57806034462293,15.149956854212109],[76.58577845035515,15.153238467372171],[76.58983136504948,15.150099739189999],[76.59489682390112,15.149631942399818],[76.59764632084743,15.151787848888114],[76.59991394081409,15.15028865284604],[76.60830780511711,15.1524918963055],[76.61303562408438,15.151367617382949],[76.61296318124491,15.153054567215326],[76.61103335836783,15.154272712994455],[76.61055083909272,15.156006410271765],[76.61465138515835,15.158771283981574],[76.61474774025235,15.160879867402361],[76.61397576492811,15.162379282306839],[76.61059849022696,15.16383165933235]]]}},{"type":"Feature","properties":{"type":"village","name":"Marabbihal","taluk":"Hagaribommanahalli","district":"Ballari","village_code":"604663"},"geometry":{"type":"Polygon","coordinates":[[[76.28871818926027,15.158298969906918],[76.27317090200926,15.158199845820734],[76.26660830461685,15.157099652224138],[76.25198751459708,15.157339451968598],[76.25173470711655,15.153806004076209],[76.24306204617352,15.15242934918746],[76.24205792731524,15.128168634997534],[76.24476527890167,15.119906991256123],[76.24399787690054,15.111656169806835],[76.25433853505302,15.113572459340265],[76.26761016780547,15.120592424087237],[76.27927691987868,15.119459130200635],[76.28815670627507,15.130881685846031],[76.28625657361643,15.136149788195215],[76.28764175063172,15.138775797374706],[76.28774212119504,15.154817354423393],[76.28871818926027,15.158298969906918]]]}},{"type":"Feature","properties":{"type":"village","name":"Kodalu","taluk":"Sandur","district":"Ballari","village_code":"605021"},"geometry":{"type":"Polygon","coordinates":[[[76.68494195641627,15.154205180709942],[76.6809331831384,15.151350137741725],[76.66047987542225,15.160467824185009],[76.65705452558204,15.16035114591745],[76.64649786033299,15.155500101680772],[76.64239705465424,15.154563317040516],[76.64075613985399,15.145145005396511],[76.64357793231603,15.141935059694944],[76.64763003762828,15.141114733990893],[76.64866705369057,15.139943128821729],[76.65194680099627,15.13551482459508],[76.65074011114311,15.12930620868028],[76.65619034088884,15.125135288945415],[76.66270090516498,15.116981096431184],[76.67222697101784,15.116089184647528],[76.67292598786963,15.114378679325537],[76.68503137561798,15.10980739468133],[76.69378606891611,15.111140446115432],[76.69940878956945,15.121248314863209],[76.69300731400642,15.127072373259427],[76.69303433263522,15.136139301737899],[76.69125116332152,15.141551855845231],[76.69166283336845,15.146952150311927],[76.68494195641627,15.154205180709942]]]}},{"type":"Feature","properties":{"type":"village","name":"Sovinahalli","taluk":"Hadagalli","district":"Ballari","village_code":"604611"},"geometry":{"type":"Polygon","coordinates":[[[75.95168902183734,15.137689508922078],[75.94717649400937,15.137519200768047],[75.93655720989682,15.141973132650365],[75.92810905141803,15.141943487305095],[75.92424297282805,15.141284620429568],[75.91591463793009,15.135425380283861],[75.91036460715293,15.13435075613881],[75.9165120526283,15.121674732969492],[75.91824913926627,15.108064028314638],[75.92590475908563,15.105861905679747],[75.93641382260778,15.111819707301667],[75.93675861308182,15.09777982717141],[75.95416088007205,15.103947276749068],[75.95850992978967,15.10420340859149],[75.95895047977469,15.11291080192341],[75.96373768456877,15.114770800691735],[75.96488784703435,15.12901339334443],[75.96421974660134,15.141800047062342],[75.95168902183734,15.137689508922078]]]}},{"type":"Feature","properties":{"type":"village","name":"Nandibanda","taluk":"Hospet","district":"Ballari","village_code":"604703"},"geometry":{"type":"Polygon","coordinates":[[[76.35034104300419,15.145340509201228],[76.33284295631586,15.149625341199554],[76.3254581578934,15.156840229632687],[76.32417459111652,15.154820016342185],[76.32429597237604,15.153134539017698],[76.30992110964,15.150550461037772],[76.31350102270963,15.142512601248987],[76.31372558356439,15.138224429865488],[76.3202791861258,15.124312895826332],[76.31861485314441,15.120982180349005],[76.31900150870393,15.118632528113814],[76.32096921892646,15.118407101265056],[76.3234756676895,15.121186756679386],[76.33766302687293,15.121465391785017],[76.34523988240818,15.125985322374243],[76.3455555908232,15.130016168681557],[76.35002933838037,15.140446058125065],[76.35034104300419,15.145340509201228]]]}},{"type":"Feature","properties":{"type":"village","name":"Kalvi  West","taluk":"Hadagalli","district":"Ballari","village_code":"604613"},"geometry":{"type":"Polygon","coordinates":[[[76.00931002202599,15.148419025401113],[76.0023684442799,15.149188001900312],[75.9977120943783,15.146960282906079],[75.99190019032278,15.127397211285698],[75.99140637563131,15.108852682878961],[75.99906839504878,15.099421081318974],[76.00399990431178,15.086685475306263],[76.01431522278672,15.087192454777254],[76.01389485794613,15.090531583733513],[76.01927144560149,15.090434795787276],[76.02265190393199,15.091950184906574],[76.02574912075848,15.092023952321364],[76.0248510147818,15.14274659478644],[76.00931002202599,15.148419025401113]]]}},{"type":"Feature","properties":{"type":"village","name":"Godehal","taluk":"Bellary","district":"Ballari","village_code":"604937"},"geometry":{"type":"Polygon","coordinates":[[[77.04619667572395,15.142850847343567],[77.02691358356552,15.143398906878147],[77.02531852237061,15.132114846735957],[77.02380298273961,15.130198208812976],[77.02251360206623,15.122226493894303],[77.0298024747894,15.122794639234666],[77.0506236560891,15.121487793580659],[77.04898394682797,15.127971595167775],[77.04714142672178,15.12913683380973],[77.04589376740341,15.13187923632352],[77.04619667572395,15.142850847343567]]]}},{"type":"Feature","properties":{"type":"village","name":"Sanganakal","taluk":"Bellary","district":"Ballari","village_code":"604913"},"geometry":{"type":"Polygon","coordinates":[[[76.9868362209383,15.166152892583408],[76.98465911881293,15.174043028306597],[76.98214166299273,15.178463501716166],[76.98176741855715,15.182152545609176],[76.97819603768603,15.185003020681005],[76.97090079680584,15.186978376781427],[76.96356727242315,15.187565701815101],[76.94540394284276,15.193196448118464],[76.94049578798051,15.193124865900423],[76.93971339669054,15.186505146978247],[76.94205452400028,15.1864223052118],[76.94235431965834,15.183107744404388],[76.94311587003372,15.182870095349159],[76.94277577864692,15.177802556022288],[76.94611284834922,15.176176301154882],[76.94678920519797,15.174422988821679],[76.94622366901424,15.169967211090038],[76.94314589083218,15.169368873711417],[76.94286068920421,15.165269176729193],[76.94704461599622,15.164752536198515],[76.9470562878067,15.162702679758294],[76.9868362209383,15.166152892583408]]]}},{"type":"Feature","properties":{"type":"village","name":"Meenahalli","taluk":"Bellary","district":"Ballari","village_code":"604939"},"geometry":{"type":"Polygon","coordinates":[[[77.09629892520658,15.152197123069461],[77.09565579973511,15.155565651426548],[77.08224138875137,15.163453046228332],[77.07351683033775,15.167956261621315],[77.05616508729405,15.174444829269444],[77.05229768907898,15.177154797671426],[77.05062866329853,15.173390122328934],[77.05123979437283,15.16874508421097],[77.04716090399374,15.164536731376584],[77.04334373507777,15.157910799678534],[77.05789403789048,15.150984055159771],[77.08066787724185,15.146308549745205],[77.08349173942229,15.14607416907808],[77.08399384017395,15.147732673289598],[77.09513622944614,15.145190476858374],[77.0953773148105,15.150622094098559],[77.09629892520658,15.152197123069461]]]}},{"type":"Feature","properties":{"type":"village","name":"Hakandi","taluk":"Hadagalli","district":"Ballari","village_code":"604612"},"geometry":{"type":"Polygon","coordinates":[[[75.98546037556177,15.15130890940224],[75.97851986501419,15.152803270298563],[75.97581182801319,15.15189617663399],[75.97220992957526,15.14979204637281],[75.96644293589407,15.143138243113066],[75.96421974660134,15.141800047062342],[75.96488784703435,15.12901339334443],[75.96373768456877,15.114770800691735],[75.96922117623448,15.113245848300773],[75.99167426223218,15.11399935078321],[75.99190019032278,15.127397211285698],[75.9977120943783,15.146960282906079],[75.9938229856794,15.147156618322985],[75.98546037556177,15.15130890940224]]]}},{"type":"Feature","properties":{"type":"village","name":"Muraripur","taluk":"Sandur","district":"Ballari","village_code":"605002"},"geometry":{"type":"Polygon","coordinates":[[[76.60036281009691,15.122672187159747],[76.595270721587,15.128624281422786],[76.59185577423777,15.130578390290504],[76.59159128596362,15.132078932990218],[76.5856348088429,15.138474804976198],[76.58461869837389,15.137625615956917],[76.58301281966634,15.13800048412484],[76.58185358691134,15.141356637296015],[76.58118325506315,15.141556162007234],[76.58085780441888,15.138541718805161],[76.5815816138742,15.137229880978403],[76.5800864031181,15.136573581808102],[76.57762603703081,15.137088426778455],[76.57188425366975,15.142522572318523],[76.57164268321513,15.14397510213885],[76.563342674893,15.15287589020361],[76.56266673935409,15.154703085241264],[76.56165351427377,15.155218278901856],[76.557918970601,15.151122974243002],[76.56414248810958,15.150187626071707],[76.56578349633463,15.147329759361677],[76.56738496431413,15.146381943606112],[76.5666768008161,15.144565363063341],[76.55770356178238,15.14606222810101],[76.55690662407302,15.148896852870214],[76.55285698822948,15.149288339809617],[76.55356766431537,15.147493930062403],[76.55681067681414,15.14603993035574],[76.5620600163129,15.140438258259922],[76.56505140531068,15.13987875267473],[76.56749459920297,15.136738956647061],[76.57116983520238,15.136034960895776],[76.5731710992974,15.13750515041079],[76.5782108097381,15.133879710855519],[76.57981676120916,15.132371109324009],[76.57733039338599,15.129881910700028],[76.57664106755945,15.127288148639751],[76.58044452818422,15.127026374993308],[76.58000030858128,15.128750823154974],[76.58114881365516,15.130019137025355],[76.58588993487517,15.132581356331347],[76.59251716066235,15.125514176978921],[76.59217126166726,15.127587234380101],[76.59725310938293,15.123046903138052],[76.60036281009691,15.122672187159747]]]}},{"type":"Feature","properties":{"type":"village","name":"Amarapura","taluk":"Bellary","district":"Ballari","village_code":"604936"},"geometry":{"type":"Polygon","coordinates":[[[77.02531852237061,15.132114846735957],[77.02712147707845,15.146399456607844],[77.02509731043527,15.147433270021308],[77.02552433628368,15.14955281382529],[77.02011665973295,15.153097461745466],[77.01716086378336,15.156173276894478],[77.01642475279851,15.158247091084052],[77.01176615531207,15.161163759218292],[77.00725991838605,15.165847400230659],[77.00527521114005,15.129538210157115],[77.01417196581382,15.124630965264137],[77.0170977373717,15.124939687576994],[77.02251360206623,15.122226493894303],[77.02380298273961,15.130198208812976],[77.02531852237061,15.132114846735957]]]}},{"type":"Feature","properties":{"type":"village","name":"Bevinahalli","taluk":"Bellary","district":"Ballari","village_code":"604924"},"geometry":{"type":"Polygon","coordinates":[[[76.99414384689132,15.12642114170737],[76.9961549762848,15.15316413597308],[76.99578663108569,15.16684231921902],[76.98357588892083,15.16600927627399],[76.9856647189931,15.147691332388986],[76.98709538938934,15.145940424200006],[76.9854773268316,15.119232908122422],[76.9925127677451,15.12249009373536],[76.99414384689132,15.12642114170737]]]}},{"type":"Feature","properties":{"type":"village","name":"Kakkabevinahalli","taluk":"Bellary","district":"Ballari","village_code":"604935"},"geometry":{"type":"Polygon","coordinates":[[[77.00725991838605,15.165847400230659],[76.99875784392219,15.167352119898728],[76.99578663108569,15.16684231921902],[76.9961549762848,15.15316413597308],[76.9943975679585,15.130089575126188],[77.00527521114005,15.129538210157115],[77.00725991838605,15.165847400230659]]]}},{"type":"Feature","properties":{"type":"village","name":"Siddapur","taluk":"Sandur","district":"Ballari","village_code":"604997"},"geometry":{"type":"Polygon","coordinates":[[[76.48336709167249,15.15564753763978],[76.47231864641608,15.164142550165062],[76.46828106237044,15.166014950109352],[76.46695933156703,15.165098183273818],[76.46439657909693,15.167042236066589],[76.46360064390744,15.16626985897041],[76.46458143082282,15.164104978877843],[76.4604304371675,15.16179749009628],[76.45978784709193,15.160369758918572],[76.45654166443852,15.163525006128298],[76.45437249892868,15.160593102665814],[76.46563513398986,15.147181878851223],[76.46855664124507,15.147153662358871],[76.47329622724426,15.144901379993618],[76.47428318019578,15.146541228018899],[76.47870711437382,15.146046755382347],[76.4795313150537,15.147618917942541],[76.47815597998068,15.15102664142559],[76.4801993966221,15.153258072072724],[76.4827627437769,15.15322068180591],[76.48336709167249,15.15564753763978]]]}},{"type":"Feature","properties":{"type":"village","name":"Bannigola","taluk":"Hagaribommanahalli","district":"Ballari","village_code":"604652"},"geometry":{"type":"Polygon","coordinates":[[[76.11466753773527,15.164017079571147],[76.13126808977545,15.174003907723893],[76.1306447901223,15.179679392595787],[76.12901628375107,15.1806916508405],[76.12313001176645,15.20325359627993],[76.11823935339098,15.20236783904342],[76.11173416014188,15.198653009930112],[76.10847723633263,15.193537591830033],[76.1058024998792,15.184676095925198],[76.10456611980757,15.171788474641815],[76.10346380880053,15.168408350850676],[76.10450142942904,15.167495645992389],[76.10464128364404,15.164630807219623],[76.10685589312746,15.164292101735],[76.1075168079365,15.162204488860324],[76.11466753773527,15.164017079571147]]]}},{"type":"Feature","properties":{"type":"village","name":"Seeganahalli","taluk":"Hagaribommanahalli","district":"Ballari","village_code":"604653"},"geometry":{"type":"Polygon","coordinates":[[[76.13272065570841,15.201861912921277],[76.12313001176645,15.20325359627993],[76.12901628375107,15.1806916508405],[76.1306447901223,15.179679392595787],[76.13133790414439,15.174442167597743],[76.1267316236418,15.171035109304386],[76.13438498689318,15.16270698895802],[76.13677175490753,15.162910242623376],[76.13696235495294,15.16044751523988],[76.14382013784936,15.161219871989468],[76.1493904858233,15.172895863326055],[76.15129370060168,15.175019445254929],[76.15171275390192,15.177436937129915],[76.14325391086116,15.177396990075],[76.14325453429196,15.185440345698769],[76.14523214305059,15.185932718342949],[76.14532088492257,15.189687840153741],[76.14307335398063,15.189552415882618],[76.14284554661447,15.191387062287445],[76.14431155763226,15.194468736047098],[76.14263674939635,15.199037290087354],[76.13272065570841,15.201861912921277]]]}},{"type":"Feature","properties":{"type":"village","name":"Jaisingapur","taluk":"Sandur","district":"Ballari","village_code":"604995"},"geometry":{"type":"Polygon","coordinates":[[[76.44363897695976,15.174292815683307],[76.4452145923237,15.183497031805759],[76.44081876822754,15.18758775590468],[76.43876229367518,15.188126023569605],[76.43713924007771,15.191325690962],[76.43206376501064,15.195294447981661],[76.43305569103556,15.198344357082146],[76.42399521840122,15.207998180662903],[76.41971616002067,15.205120752428057],[76.41834865107039,15.203709405960177],[76.4269359352305,15.195417627828139],[76.43013541626893,15.187893177803323],[76.43314989196952,15.185226401677314],[76.43674847203081,15.17512613462227],[76.43827933422561,15.175604684631182],[76.44129391682573,15.174248301572053],[76.44363897695976,15.174292815683307]]]}},{"type":"Feature","properties":{"type":"village","name":"Hampasagara","taluk":"Hagaribommanahalli","district":"Ballari","village_code":"604641"},"geometry":{"type":"Polygon","coordinates":[[[76.06110671062844,15.105584470337089],[76.05597704469184,15.145917325231332],[76.05558283160582,15.156274149940659],[76.04336082097403,15.144769751003997],[76.0248510147818,15.14274659478644],[76.02574912075848,15.092023952321364],[76.03071668300711,15.092080365282083],[76.04619706014249,15.099370778711593],[76.04978184477596,15.10278367765926],[76.05366572617821,15.102450619936793],[76.06110671062844,15.105584470337089]]]}},{"type":"Feature","properties":{"type":"village","name":" ","taluk":"Hagaribommanahalli","district":"Ballari","village_code":" "},"geometry":{"type":"Polygon","coordinates":[[[76.28324598672269,15.191227543791483],[76.280144466966,15.196793262274225],[76.2743670303696,15.212249223030323],[76.26825046807537,15.206634113903252],[76.25718929638636,15.206303073862589],[76.25497950187285,15.197101744011873],[76.24903547001209,15.190765310082524],[76.22969035906472,15.18847717819104],[76.22968891996364,15.18558065786214],[76.22684146532886,15.176110639889941],[76.22902158309864,15.171920806430105],[76.23626102063339,15.171623793926894],[76.2361276271019,15.165469284077355],[76.24257210232263,15.158263271298923],[76.24306204617352,15.15242934918746],[76.25173470711655,15.153806004076209],[76.25198751459708,15.157339451968598],[76.26660830461685,15.157099652224138],[76.27317090200926,15.158199845820734],[76.28871818926027,15.158298969906918],[76.28938452899531,15.165929584188452],[76.28350734257147,15.178841787084863],[76.28324598672269,15.191227543791483]]]}},{"type":"Feature","properties":{"type":"village","name":" ","taluk":"Hagaribommanahalli","district":"Ballari","village_code":" "},"geometry":{"type":"Polygon","coordinates":[[[76.30065007729293,15.200669345991598],[76.30415374585286,15.20137092632171],[76.30719433557877,15.19542521673976],[76.31525927724893,15.192431682005543],[76.3187205120898,15.195021888334841],[76.32036546212234,15.203838337797178],[76.31470764429085,15.214565058289306],[76.29950215881894,15.209543693745431],[76.30065007729293,15.200669345991598]]]}},{"type":"Feature","properties":{"type":"village","name":" ","taluk":"Sandur","district":"Ballari","village_code":" "},"geometry":{"type":"Polygon","coordinates":[[[76.73270880355246,15.165200000595528],[76.72650330894342,15.167326633752195],[76.71775007091603,15.174239447820614],[76.71195383437737,15.181416997830356],[76.7050892898618,15.179209147897891],[76.69460786660264,15.16748907309438],[76.6956838821247,15.165001181403142],[76.70981291279841,15.165955543901193],[76.72261144241659,15.163958597930069],[76.73270880355246,15.165200000595528]]]}},{"type":"Feature","properties":{"type":"village","name":" ","taluk":"Hagaribommanahalli","district":"Ballari","village_code":" "},"geometry":{"type":"Polygon","coordinates":[[[76.2424618988002,15.143875602816614],[76.24257210232263,15.158263271298923],[76.2361276271019,15.165469284077355],[76.2360285087901,15.17181362558637],[76.22902158309864,15.171920806430105],[76.2282300828917,15.170764419689142],[76.20371808431393,15.166440423166685],[76.20021322009636,15.162184967358234],[76.19875519599975,15.156835178971773],[76.20232267997916,15.141366347413966],[76.20479278919397,15.14109439457292],[76.21932682800848,15.143483999210062],[76.2424618988002,15.143875602816614]]]}},{"type":"Feature","properties":{"type":"village","name":" ","taluk":"Sandur","district":"Ballari","village_code":" "},"geometry":{"type":"Polygon","coordinates":[[[76.45437249892868,15.160593102665814],[76.45804995376685,15.165923917287042],[76.4598879032449,15.166366162301992],[76.45756686226494,15.167776847227055],[76.45604503532527,15.166860003931788],[76.4538733859737,15.169915468650412],[76.45121239104917,15.170643791806933],[76.449738002343,15.172216811058155],[76.45063771091415,15.177241402310388],[76.4517965052913,15.177710970809828],[76.45286314060516,15.181000213334377],[76.45215159764504,15.18194486986808],[76.44992736900153,15.18159312524799],[76.4446592574083,15.17861692894109],[76.44363897695976,15.174292815683307],[76.44458131328605,15.16777646660467],[76.44493933774086,15.167121137873725],[76.4489500657528,15.167382026125523],[76.45097257410598,15.163531391002154],[76.45437249892868,15.160593102665814]]]}},{"type":"Feature","properties":{"type":"village","name":" ","taluk":"Bellary","district":"Ballari","village_code":" "},"geometry":{"type":"Polygon","coordinates":[[[76.94074054925103,15.194056129839304],[76.92464369606539,15.195977484876506],[76.91911517993927,15.197110773652273],[76.918965036421,15.198352590858965],[76.9113299386143,15.198390359773446],[76.91102965517102,15.201659327839264],[76.90802064302397,15.201477079638604],[76.90732461307047,15.200198886263715],[76.90345083502022,15.201130650370569],[76.90305570475428,15.199651552251556],[76.89631327721844,15.201535177262004],[76.88778294085746,15.185054741218682],[76.8795154749048,15.172249467597208],[76.8827649462905,15.171272187313235],[76.88555471830423,15.178033143165436],[76.89328144516824,15.17551535697375],[76.89345426575754,15.176570270916923],[76.89592298438032,15.177145516619207],[76.89567594767719,15.175539130695268],[76.90471134024713,15.176449363712257],[76.90478551324179,15.177384396295366],[76.91310458111931,15.175968701033774],[76.91342578991882,15.177191413824408],[76.91485760566705,15.177263081207972],[76.915647496093,15.17714310207167],[76.9156225929967,15.175608651974065],[76.91927597388356,15.174648990659216],[76.91932436343298,15.169734099070247],[76.92576729534801,15.169876693241577],[76.92650743617526,15.168030434358272],[76.93327106215516,15.16750150706469],[76.93482636391555,15.167668896100201],[76.93504883169567,15.168891534673444],[76.93855412440965,15.168531019235948],[76.9388499558024,15.16733217316359],[76.94178764620746,15.167906770342519],[76.94392973020639,15.170004461407686],[76.94622366901424,15.169967211090038],[76.94678920519797,15.174422988821679],[76.94611284834922,15.176176301154882],[76.94277577864692,15.177802556022288],[76.94311587003372,15.182870095349159],[76.94235431965834,15.183107744404388],[76.94205452400028,15.1864223052118],[76.93971339669054,15.186505146978247],[76.94074054925103,15.194056129839304]]]}},{"type":"Feature","properties":{"type":"village","name":"Bisalahalli","taluk":"Bellary","district":"Ballari","village_code":"604925"},"geometry":{"type":"Polygon","coordinates":[[[76.99095760702018,15.121867551006371],[76.9854773268316,15.119232908122422],[76.98709538938934,15.145940424200006],[76.9856647189931,15.147691332388986],[76.98357588892083,15.16600927627399],[76.95676685863575,15.163574730799365],[76.97661491744603,15.159598890398431],[76.97999054373864,15.147034436993355],[76.9815950947362,15.147345382862817],[76.98171566302037,15.141615274173583],[76.98081647726873,15.140105168630523],[76.96863357030126,15.130896706141463],[76.96950980319907,15.120043086250325],[76.97498724740632,15.116828132715389],[76.97303153957432,15.103642607924632],[76.98364220614839,15.101851782187113],[76.98416365301797,15.10813299675498],[76.98882909387022,15.107903083654191],[76.98927558171928,15.11469971574473],[76.99100335372604,15.11508247902845],[76.99095760702018,15.121867551006371]]]}},{"type":"Feature","properties":{"type":"village","name":"Gowripur","taluk":"Sandur","district":"Ballari","village_code":"604988"},"geometry":{"type":"Polygon","coordinates":[[[76.61474912455621,15.143009740739508],[76.60792273328741,15.142347133800712],[76.602567996253,15.142908917733351],[76.59880541436358,15.141971274396878],[76.59644137462423,15.144032693570724],[76.59518715490937,15.143891969693952],[76.5934507716523,15.141642500276282],[76.58602179588077,15.141922355412309],[76.59277646565732,15.13517601960837],[76.60010881863685,15.134427364363528],[76.60227943402757,15.135224130228735],[76.61096244985087,15.133678697801294],[76.61474912455621,15.143009740739508]]]}},{"type":"Feature","properties":{"type":"village","name":"Paramadevanahalli","taluk":"Bellary","district":"Ballari","village_code":"604942"},"geometry":{"type":"Polygon","coordinates":[[[77.09513622944614,15.145190476858374],[77.08775287731126,15.147267886192944],[77.08399384017395,15.147732673289598],[77.08349173942229,15.14607416907808],[77.065114889282,15.149074789271783],[77.05789403789048,15.150984055159771],[77.04326942194588,15.157698417106902],[77.04619667572395,15.142850847343567],[77.04615218396458,15.134938921092106],[77.06997987290835,15.136161440102878],[77.09630997538288,15.134838206106668],[77.09513622944614,15.145190476858374]]]}},{"type":"Feature","properties":{"type":"village","name":"Kombli","taluk":"Hadagalli","district":"Ballari","village_code":"604610"},"geometry":{"type":"Polygon","coordinates":[[[75.92590475908563,15.105861905679747],[75.91824913926627,15.108064028314638],[75.9165120526283,15.121674732969492],[75.91036460715293,15.13435075613881],[75.90684771090044,15.13389030408539],[75.90231642085945,15.131694714930774],[75.90096150089957,15.121559387039607],[75.88831774830987,15.112604154766839],[75.88489873338905,15.107615549045565],[75.88571248935718,15.102920572868122],[75.88857736502024,15.096915083019708],[75.89140034685173,15.093602670856354],[75.90281307422721,15.085838549210024],[75.90630997667641,15.081965530634697],[75.90883926510556,15.076750598949529],[75.90943841355228,15.071694077639957],[75.9182420192193,15.07192766698518],[75.91754571977127,15.078692349783037],[75.92224346134618,15.081095471032866],[75.92294318876539,15.090562083653841],[75.92520432020072,15.093946118246734],[75.92590475908563,15.105861905679747]]]}},{"type":"Feature","properties":{"type":"village","name":"Chikkantapur","taluk":"Sandur","district":"Ballari","village_code":"605024"},"geometry":{"type":"Polygon","coordinates":[[[76.74569307782195,15.146752641958734],[76.73473300522994,15.146809349052583],[76.72489241314499,15.14826636532192],[76.7232987811697,15.144565307567916],[76.72209265006867,15.144331544092514],[76.70207298698791,15.144971513123428],[76.70221821492497,15.14621323879294],[76.69525933472815,15.146133393574356],[76.68494195641627,15.154205180709942],[76.69166283336845,15.146952150311927],[76.69125116332152,15.141551855845231],[76.69303433263522,15.136139301737899],[76.69300731400642,15.127072373259427],[76.69940878956945,15.121248314863209],[76.70761024641668,15.12504110015705],[76.717498467178,15.124592250934075],[76.71865577933495,15.123748336965175],[76.72070606718995,15.12440352942211],[76.72984543256747,15.121517806883931],[76.7348884964191,15.126341865709744],[76.73812092227224,15.127418087073021],[76.73828816791689,15.124348751918562],[76.74299152396237,15.125072691254623],[76.74801069711899,15.129545053059115],[76.75087373303236,15.129647983597964],[76.75293362118283,15.131683002942752],[76.74949272689497,15.13869105867836],[76.74984853071436,15.1427083762932],[76.74569307782195,15.146752641958734]]]}},{"type":"Feature","properties":{"type":"village","name":"Ankasamudra","taluk":"Hagaribommanahalli","district":"Ballari","village_code":"604661"},"geometry":{"type":"Polygon","coordinates":[[[76.24399787690054,15.111656169806835],[76.24476527890167,15.119906991256123],[76.24205792731524,15.128168634997534],[76.2424618988002,15.143875602816614],[76.21932682800848,15.143483999210062],[76.20232267997916,15.141366347413966],[76.20537067721291,15.118943259840625],[76.20936753164361,15.109868240679354],[76.23183771258114,15.108828788056986],[76.2349178012301,15.110598693099504],[76.24399787690054,15.111656169806835]]]}},{"type":"Feature","properties":{"type":"village","name":"Enigi","taluk":"Hagaribommanahalli","district":"Ballari","village_code":"604642"},"geometry":{"type":"Polygon","coordinates":[[[76.10236170710097,15.120775969990223],[76.09845405268302,15.123120723918401],[76.09643019775527,15.125953764366031],[76.09608533361934,15.130626085711592],[76.09428444413835,15.135022558267659],[76.09455330630962,15.141150107716562],[76.09095564791984,15.151479359937376],[76.08954418530102,15.16183160835029],[76.08342203279079,15.159521416425113],[76.07162358320532,15.158935850720198],[76.05558283160582,15.156274149940659],[76.05597704469184,15.145917325231332],[76.06110671062844,15.105584470337089],[76.06626923963306,15.106869265604802],[76.06654273082297,15.110208742572176],[76.0683837588275,15.113544027631967],[76.06711109220831,15.123873623299392],[76.07291170264409,15.12387507412703],[76.08414939508307,15.12741124670394],[76.08736846388626,15.127100020950246],[76.08872841800499,15.117579247138126],[76.0973104416308,15.118208749791634],[76.10236170710097,15.120775969990223]]]}},{"type":"Feature","properties":{"type":"village","name":"Mariyammanahalli","taluk":"Hospet","district":"Ballari","village_code":"604702"},"geometry":{"type":"Polygon","coordinates":[[[76.33176491778778,15.165757025411704],[76.32692102480769,15.168354306093914],[76.3270158913933,15.160333501411664],[76.3254581578934,15.156840229632687],[76.33284295631586,15.149625341199554],[76.33740246513487,15.147913657669324],[76.35251303910545,15.144992192077977],[76.36087293810758,15.145078828100262],[76.36429207879254,15.147166723575161],[76.36417075682185,15.154740189978476],[76.3653336178723,15.159584400175946],[76.36473791805793,15.162340736149192],[76.3517522531964,15.167102333854633],[76.34792466382311,15.164861309895395],[76.33176491778778,15.165757025411704]]]}},{"type":"Feature","properties":{"type":"village","name":"Nagalapura","taluk":"Hospet","district":"Ballari","village_code":"604706"},"geometry":{"type":"Polygon","coordinates":[[[76.44984412212415,15.116021615906366],[76.4401521580996,15.137185792640333],[76.43559911804897,15.14175096935378],[76.43115384259472,15.149917432626351],[76.42164702224855,15.160515968940793],[76.41620554209369,15.17095975242163],[76.40960274419406,15.166893871665527],[76.39034035730457,15.15769554019278],[76.38004916488322,15.155047899877829],[76.38635729111516,15.144998084989972],[76.3879616768227,15.134243343806393],[76.38363047303652,15.127768072077581],[76.37963449805648,15.117108417813938],[76.38088070300236,15.101920815958058],[76.381262079163,15.099363157734103],[76.38362484958286,15.098884157893602],[76.38740592508904,15.094744796832895],[76.39138756924535,15.099692640084841],[76.40084988615402,15.115367518887194],[76.40259888894421,15.115914136181226],[76.40331543192724,15.117613092402774],[76.40939950305595,15.117065560224324],[76.41127425740949,15.11828086209042],[76.42620617892796,15.119977247132699],[76.430798003741,15.122795931371085],[76.43732474218386,15.124402961406698],[76.44303464523382,15.117121745387356],[76.44984412212415,15.116021615906366]]]}},{"type":"Feature","properties":{"type":"village","name":"Bannihatti","taluk":"Sandur","district":"Ballari","village_code":"605020"},"geometry":{"type":"Polygon","coordinates":[[[76.64357793231603,15.141935059694944],[76.6337615677943,15.154352832606412],[76.63523312501069,15.157492186138088],[76.6307946938206,15.158218569994965],[76.6282378307055,15.160936358282434],[76.62297911010027,15.168363214714171],[76.62189345565523,15.17204152461873],[76.61299173060296,15.175930348092013],[76.61272081667958,15.171985066184643],[76.61011572571182,15.168470547302157],[76.61059849022696,15.16383165933235],[76.61397576492811,15.162379282306839],[76.61465138515835,15.158771283981574],[76.61055083909272,15.156006410271765],[76.61580970432675,15.148275223629415],[76.61556869442083,15.144948314330806],[76.6129698162016,15.139662429947343],[76.61564709219233,15.13926431414461],[76.61673265321257,15.135468896666866],[76.6199647116548,15.133852456872917],[76.62565679662106,15.135539413601132],[76.6337607620055,15.132517036046986],[76.63506322574268,15.133149615261875],[76.64012819411418,15.132633973332355],[76.6412376260665,15.132376194388142],[76.64159930396954,15.130853305887634],[76.65074011114311,15.12930620868028],[76.65194680099627,15.13551482459508],[76.64763003762828,15.141114733990893],[76.64357793231603,15.141935059694944]]]}},{"type":"Feature","properties":{"type":"village","name":"Varadapura","taluk":"Hagaribommanahalli","district":"Ballari","village_code":"604666"},"geometry":{"type":"Polygon","coordinates":[[[76.32692102480769,15.168354306093914],[76.31952537114336,15.174741076587175],[76.31852930568158,15.173660562353128],[76.31695345406071,15.173885207290022],[76.31711532328839,15.175370523704203],[76.31280516972427,15.175526823778386],[76.31317651619472,15.173434027988284],[76.3123425930485,15.17253359210547],[76.31371024572921,15.170778578814817],[76.3176034857801,15.169744392252646],[76.31468489176133,15.165737687180936],[76.31130189569016,15.165781699340803],[76.30879996185973,15.163755537754941],[76.30755062808171,15.157723802100678],[76.30073846702534,15.157586491418847],[76.29860623035852,15.159296190034123],[76.29615007467498,15.159295249278172],[76.29614963629712,15.160420505718427],[76.28922468996018,15.161025365224562],[76.28774212119504,15.154817354423393],[76.28764175063172,15.138775797374706],[76.28625657361643,15.136149788195215],[76.28738856316382,15.132368041289045],[76.28815670627507,15.130881685846031],[76.29079451208885,15.130295350641799],[76.29737975511121,15.122290514646211],[76.30471731382785,15.116441208135447],[76.30821934206404,15.118177575673597],[76.31900150870393,15.118632528113814],[76.31861485314441,15.120982180349005],[76.3202791861258,15.124312895826332],[76.31372558356439,15.138224429865488],[76.31350102270963,15.142512601248987],[76.30992110964,15.150550461037772],[76.32429597237604,15.153134539017698],[76.32417459111652,15.154820016342185],[76.3270158913933,15.160333501411664],[76.32692102480769,15.168354306093914]]]}},{"type":"Feature","properties":{"type":"village","name":"Thambrahalli","taluk":"Hagaribommanahalli","district":"Ballari","village_code":"604657"},"geometry":{"type":"Polygon","coordinates":[[[76.20021322009636,15.162184967358234],[76.19186219016105,15.162761296138266],[76.1856430429563,15.167340450634054],[76.18015920364255,15.17358671411547],[76.17013897634854,15.182160885787177],[76.16830526242705,15.179834011890696],[76.15171275390192,15.177436937129915],[76.15129370060168,15.175019445254929],[76.14852493389422,15.171246516966939],[76.14290347986544,15.158739085768312],[76.14326982271979,15.14452312234409],[76.15128069838626,15.144165445069602],[76.15281107818576,15.142827730695297],[76.15766312517367,15.142316479173434],[76.17132166501396,15.142580924613846],[76.1721650168774,15.14887992103138],[76.17353335766765,15.151193198089713],[76.17722288226997,15.152471316064313],[76.19667903307128,15.1533925840276],[76.19895441538029,15.154453781089243],[76.19902107935752,15.158900145283209],[76.20021322009636,15.162184967358234]]]}},{"type":"Feature","properties":{"type":"village","name":"Talur","taluk":"Sandur","district":"Ballari","village_code":"605013"},"geometry":{"type":"Polygon","coordinates":[[[76.61727975866165,15.181450519912264],[76.61585633317819,15.182668793338921],[76.6133956598671,15.182270299009128],[76.61117605215743,15.18444901939312],[76.60919785769721,15.184120878309441],[76.60340765065075,15.186322662014247],[76.60157389181352,15.18852470624083],[76.5979068313815,15.188805443409784],[76.59686320821027,15.195091183002692],[76.57623631723513,15.193496563310193],[76.57655615520555,15.187395765003412],[76.57889658632091,15.186271766252373],[76.57865623488014,15.181960821991163],[76.57354231820712,15.173979509592549],[76.57485489966933,15.17158942235379],[76.56883626811411,15.164317194613238],[76.56699796290323,15.160497110577],[76.57335547132294,15.155391299757602],[76.5870559786567,15.158018226880413],[76.5912044489444,15.161298996199843],[76.5939055617312,15.16514168401782],[76.61059849022696,15.16383165933235],[76.61045342039343,15.16950142203454],[76.61272081667958,15.171985066184643],[76.61299173060296,15.175930348092013],[76.61696633466238,15.177936186246797],[76.61727975866165,15.181450519912264]]]}},{"type":"Feature","properties":{"type":"village","name":"Byalachinte","taluk":"Bellary","district":"Ballari","village_code":"604916"},"geometry":{"type":"Polygon","coordinates":[[[77.11122016485798,15.202473563620247],[77.07308875166386,15.205651522907946],[77.07243837139814,15.201173223060088],[77.06744951009415,15.195324025160623],[77.10988438620019,15.194487152720544],[77.11122016485798,15.202473563620247]]]}},{"type":"Feature","properties":{"type":"village","name":"Danapura","taluk":"Hospet","district":"Ballari","village_code":"604727"},"geometry":{"type":"Polygon","coordinates":[[[76.39586141471885,15.193393279804035],[76.38843492368743,15.191830211934091],[76.37689504337673,15.191672349596614],[76.37214883589562,15.193696630909374],[76.36938953383799,15.191703798103545],[76.35376929260609,15.188367794194251],[76.35093700782153,15.175995195311566],[76.3517522531964,15.167102333854633],[76.36473791805793,15.162340736149192],[76.3653336178723,15.159584400175946],[76.38004916488322,15.155047899877829],[76.39034035730457,15.15769554019278],[76.41516314242789,15.16975794106933],[76.41620554209369,15.17095975242163],[76.41473573120223,15.173133503663676],[76.40935299637539,15.176320010257683],[76.40388661402255,15.18111508037804],[76.39586141471885,15.193393279804035]]]}},{"type":"Feature","properties":{"type":"village","name":"Sirivaram","taluk":"Bellary","district":"Ballari","village_code":"604912"},"geometry":{"type":"Polygon","coordinates":[[[77.02227985414109,15.191670457970012],[77.02527989122014,15.20408926278924],[77.01160400491173,15.203047873575127],[77.01226632019429,15.208999347761486],[77.00225821386843,15.206097486763749],[76.99070996664918,15.204968591897698],[76.9878507270162,15.20272203783908],[76.98515137762234,15.202081758267193],[76.98243426584033,15.199427857107944],[76.97463267427885,15.197405114057618],[76.96257273319907,15.196982274620282],[76.94151109086407,15.198322305850663],[76.94049578798051,15.193124865900423],[76.94540394284276,15.193196448118464],[76.96356727242315,15.187565701815101],[76.97090079680584,15.186978376781427],[76.97819603768603,15.185003020681005],[76.98176741855715,15.182152545609176],[76.98214166299273,15.178463501716166],[76.98465911881293,15.174043028306597],[76.9868362209383,15.166152892583408],[76.99084104881543,15.165913484326936],[76.99875784392219,15.167352119898728],[76.99893934583042,15.172953730391987],[77.00884604763208,15.183435149282277],[77.01024125793077,15.193241459312667],[77.02227985414109,15.191670457970012]]]}},{"type":"Feature","properties":{"type":"village","name":"Vaddu (CT)","taluk":"Sandur","district":"Ballari","village_code":"605046"},"geometry":{"type":"Polygon","coordinates":[[[76.64906692795954,15.157221915315143],[76.64525810798578,15.183837418738525],[76.64608016438713,15.20211176620076],[76.6443430606812,15.202674200911831],[76.64260582043133,15.201268596776085],[76.6421230747808,15.198597750593267],[76.63831098314277,15.19737964280813],[76.6375387589852,15.194615144395605],[76.63435420615019,15.195224348022442],[76.6323758023825,15.193771851374335],[76.63039742556431,15.191241524692396],[76.63010787429371,15.187539767298599],[76.62434824589951,15.187799953251112],[76.61851004276573,15.184590094266506],[76.61754504104653,15.183090519672827],[76.61696633466238,15.177936186246797],[76.61299173060296,15.175930348092013],[76.62189345565523,15.17204152461873],[76.62297911010027,15.168363214714171],[76.6282378307055,15.160936358282434],[76.6307946938206,15.158218569994965],[76.63523312501069,15.157492186138088],[76.6337615677943,15.154352832606412],[76.64075613985399,15.145145005396511],[76.64239705465424,15.154563317040516],[76.64649786033299,15.155500101680772],[76.64906692795954,15.157221915315143]]]}},{"type":"Feature","properties":{"type":"village","name":"Chellagurki","taluk":"Bellary","district":"Ballari","village_code":"604944"},"geometry":{"type":"Polygon","coordinates":[[[77.157249007278,15.131475889864042],[77.13332976024385,15.132047812941993],[77.13326923355663,15.130701169925254],[77.13071998815516,15.130366895165713],[77.1236632284233,15.130909041669941],[77.12205390557494,15.121595841972818],[77.1193373417653,15.120922466650608],[77.11542600874628,15.107628107081617],[77.12059356023163,15.108301594854003],[77.12110062866682,15.105400534892576],[77.12985894127723,15.10467771485606],[77.13014262924396,15.10079606581081],[77.1369798883311,15.102363930933299],[77.13696138034129,15.104275359132304],[77.14210568522373,15.10459592776157],[77.15054394786135,15.112209341791498],[77.15305181775916,15.118557972967498],[77.154028668257,15.118453874964516],[77.15546195993723,15.122818914921067],[77.15635039465154,15.122958808138518],[77.157249007278,15.131475889864042]]]}},{"type":"Feature","properties":{"type":"village","name":" ","taluk":"Sandur","district":"Ballari","village_code":" "},"geometry":{"type":"Polygon","coordinates":[[[76.76483028088332,15.11928528995155],[76.75493680318098,15.128165503597295],[76.75293362118283,15.131683002942752],[76.75087373303236,15.129647983597964],[76.74801069711899,15.129545053059115],[76.74299152396237,15.125072691254623],[76.73669589329603,15.123482699894673],[76.73481331731128,15.120859561589535],[76.72833166710919,15.104519583687198],[76.73198869335947,15.10246457634788],[76.73808548822586,15.102481376597664],[76.74517723284646,15.10103654158442],[76.74590788117607,15.099338234091718],[76.74765594971835,15.100048087979397],[76.76045444699722,15.098395620950292],[76.75911946514503,15.102806318196942],[76.75571311287648,15.104219041342686],[76.75469833730398,15.10958892688586],[76.7629390487325,15.113237553105115],[76.76483028088332,15.11928528995155]]]}},{"type":"Feature","properties":{"type":"village","name":" ","taluk":"Hagaribommanahalli","district":"Ballari","village_code":" "},"geometry":{"type":"Polygon","coordinates":[[[76.08872841800499,15.117579247138126],[76.08736846388626,15.127100020950246],[76.08414939508307,15.12741124670394],[76.07291170264409,15.12387507412703],[76.06711109220831,15.123873623299392],[76.0683837588275,15.113544027631967],[76.06654273082297,15.110208742572176],[76.06577171310285,15.106295231322845],[76.06110671062844,15.105584470337089],[76.05366572617821,15.102450619936793],[76.04978184477596,15.10278367765926],[76.04329530773867,15.097747428015486],[76.04763719968011,15.091187803319656],[76.06464522034666,15.093194985242496],[76.07984933768442,15.093036081407783],[76.07962011008178,15.09914545108884],[76.08048499905418,15.100203049902664],[76.07799020323701,15.107929545688993],[76.08025522437757,15.10896490576933],[76.0862774015832,15.115988190128714],[76.08872841800499,15.117579247138126]]]}},{"type":"Feature","properties":{"type":"village","name":" ","taluk":"Sandur","district":"Ballari","village_code":" "},"geometry":{"type":"Polygon","coordinates":[[[76.50393067926787,15.118205520247912],[76.49775964942303,15.124952957423192],[76.49715745568747,15.12953536321154],[76.49885249937348,15.132512251892829],[76.49853349414138,15.136037113165742],[76.50148504375463,15.135072985962122],[76.50469220269378,15.136175918054693],[76.50507636542841,15.139268699262713],[76.49900389244831,15.142658065744381],[76.49460699037384,15.143793358263212],[76.49400152227908,15.142587095940007],[76.49483286097224,15.140056213662277],[76.49245524319736,15.13936152118712],[76.49479347972851,15.136170076926213],[76.49354403276277,15.131295045791749],[76.48954372610643,15.131848319163426],[76.48429504417447,15.128954299340842],[76.48482465403505,15.127688811325905],[76.48330265731381,15.125967882263154],[76.48837112821661,15.122273604095122],[76.49149843141859,15.116429344406354],[76.49105543711767,15.11436897837794],[76.49254274090268,15.11215405466476],[76.50062812014387,15.115626563863703],[76.50393067926787,15.118205520247912]]]}},{"type":"Feature","properties":{"type":"village","name":" ","taluk":"Hagaribommanahalli","district":"Ballari","village_code":" "},"geometry":{"type":"Polygon","coordinates":[[[76.15128069838626,15.144165445069602],[76.13150462337629,15.144880552753543],[76.12694078018603,15.128572333757793],[76.11876309904937,15.125856369061198],[76.1284709596612,15.106565972131278],[76.14562535002351,15.110903358009503],[76.15147706292083,15.113487539720484],[76.16382237990176,15.115632311896954],[76.16617665405568,15.118795109754958],[76.1648477960188,15.12694714691743],[76.16659789565198,15.13272640533848],[76.17025075012609,15.138012668356712],[76.17132166501396,15.142580924613846],[76.15766312517367,15.142316479173434],[76.15281107818576,15.142827730695297],[76.15128069838626,15.144165445069602]]]}},{"type":"Feature","properties":{"type":"village","name":" ","taluk":"Sandur","district":"Ballari","village_code":" "},"geometry":{"type":"Polygon","coordinates":[[[76.48954372610643,15.131848319163426],[76.49022683469288,15.139105093628162],[76.4893957556128,15.14229572972035],[76.49034730595899,15.146913386300623],[76.48978156136609,15.150248489957336],[76.48336709167249,15.15564753763978],[76.4827627437769,15.15322068180591],[76.4801993966221,15.153258072072724],[76.47796966579747,15.150588417120366],[76.48079504074092,15.144170598352854],[76.47988541926063,15.139037670966465],[76.4820380081585,15.136470064104968],[76.48429504417447,15.128954299340842],[76.48954372610643,15.131848319163426]]]}},{"type":"Feature","properties":{"type":"village","name":"Bachigondanahalli","taluk":"Hagaribommanahalli","district":"Ballari","village_code":"604659"},"geometry":{"type":"Polygon","coordinates":[[[76.20232267997916,15.141366347413966],[76.19895441538029,15.154453781089243],[76.19552055220615,15.153185017024095],[76.19045895790687,15.153547959570552],[76.17495705534061,15.151961144814463],[76.1721650168774,15.14887992103138],[76.17070220835357,15.139182912393046],[76.16659789565198,15.13272640533848],[76.1648477960188,15.12694714691743],[76.17841720771158,15.128386023956095],[76.19066807223027,15.10659356005174],[76.19813351421244,15.107070351774773],[76.20319482913565,15.108980101936957],[76.20936753164361,15.109868240679354],[76.20537067721291,15.118943259840625],[76.20232267997916,15.141366347413966]]]}},{"type":"Feature","properties":{"type":"village","name":"Yerabanahalli","taluk":"Sandur","district":"Ballari","village_code":"605023"},"geometry":{"type":"Polygon","coordinates":[[[76.73270880355246,15.165200000595528],[76.72261144241659,15.163958597930069],[76.70981291279841,15.165955543901193],[76.6956838821247,15.165001181403142],[76.69460786660264,15.16748907309438],[76.68654811809313,15.159710259239565],[76.68494195641627,15.154205180709942],[76.69525933472815,15.146133393574356],[76.70221821492497,15.14621323879294],[76.70207298698791,15.144971513123428],[76.72209265006867,15.144331544092514],[76.7232987811697,15.144565307567916],[76.72489241314499,15.14826636532192],[76.73473300522994,15.146809349052583],[76.74373904804288,15.146685887671268],[76.74268075268814,15.15951057996834],[76.73994159714739,15.161581539195303],[76.73668980810828,15.16212086416038],[76.73270880355246,15.165200000595528]]]}},{"type":"Feature","properties":{"type":"village","name":" ","taluk":"Bellary","district":"Ballari","village_code":" "},"geometry":{"type":"Polygon","coordinates":[[[76.8735203702269,15.133734640091815],[76.86827520789421,15.13399013761993],[76.86454531120641,15.129671756403697],[76.85176601182349,15.124201961910465],[76.85048898388358,15.122679384103499],[76.85092732760626,15.120365830315306],[76.84786762622265,15.115714249972795],[76.84517773429211,15.114587037985284],[76.84194547013571,15.110055226733667],[76.84126530532842,15.106515256660623],[76.8629845036716,15.10988418869535],[76.86839813605265,15.113135101991324],[76.87076669701283,15.1126603827394],[76.88189519473747,15.116166753428297],[76.88456443529797,15.113317840872591],[76.88452658478347,15.107072279715842],[76.89121831140467,15.104624900116812],[76.88779032860235,15.108018839421382],[76.88964139078861,15.110727954893212],[76.88899985623351,15.112574077760403],[76.89006111782534,15.113533035320582],[76.89267710535749,15.113508906002671],[76.89484939880113,15.119454611120853],[76.8894199560711,15.12132501194368],[76.88986429964154,15.122883377768767],[76.88436073332412,15.12600037076685],[76.88342283557367,15.124993437299793],[76.87624082284343,15.127678712081835],[76.87732679439375,15.129932387312744],[76.87313100085689,15.131155067023357],[76.8735203702269,15.133734640091815]]]}},{"type":"Feature","properties":{"type":"village","name":"Asundi","taluk":"Bellary","district":"Ballari","village_code":"604934"},"geometry":{"type":"Polygon","coordinates":[[[77.00527521114005,15.129538210157115],[76.9943975679585,15.130089575126188],[76.99414384689132,15.12642114170737],[76.9925127677451,15.12249009373536],[76.99095760702018,15.121867551006371],[76.99100335372604,15.11508247902845],[76.98927558171928,15.11469971574473],[76.98873122421665,15.112158682306212],[76.98907269541573,15.104414470148969],[76.99603183612398,15.104387044126858],[76.9959815277731,15.10263681201891],[77.0023092049389,15.102301976990068],[77.00308432167168,15.097051622077943],[77.0068147995695,15.096484284664292],[77.00729635135903,15.091852767923438],[77.04695535688032,15.09150897715427],[77.04633821068687,15.100017635387925],[77.04751028485889,15.100008990153828],[77.0476284043356,15.107736116568175],[77.0488321333416,15.110411682373641],[77.04878385697991,15.115246709405808],[77.0506236560891,15.121487793580659],[77.0298024747894,15.122794639234666],[77.02251360206623,15.122226493894303],[77.0170977373717,15.124939687576994],[77.01417196581382,15.124630965264137],[77.00527521114005,15.129538210157115]]]}},{"type":"Feature","properties":{"type":"village","name":"Antapur","taluk":"Sandur","district":"Ballari","village_code":"605026"},"geometry":{"type":"Polygon","coordinates":[[[76.73828816791689,15.124348751918562],[76.73812092227224,15.127418087073021],[76.7348884964191,15.126341865709744],[76.72984543256747,15.121517806883931],[76.72070606718995,15.12440352942211],[76.71865577933495,15.123748336965175],[76.717498467178,15.124592250934075],[76.70761024641668,15.12504110015705],[76.69972241838458,15.121693386660748],[76.695656593103,15.115708488065989],[76.69378606891611,15.111140446115432],[76.6966188962831,15.108374979328545],[76.69541234926207,15.10619643328242],[76.69825784107795,15.105609883257152],[76.69627966368573,15.103642398041915],[76.69946157727047,15.0996585430469],[76.70356007697389,15.096541158718368],[76.70838294129149,15.096352106962085],[76.70985955871785,15.09818171818567],[76.71388012507877,15.098294260681747],[76.72093456266563,15.097015694589766],[76.72158240968221,15.09978388003323],[76.72018070007245,15.100988890679877],[76.72325045719732,15.103396300009695],[76.72505836341902,15.101638333895867],[76.72432815167063,15.104580493645312],[76.726075835734,15.104540257915367],[76.72650322180684,15.10570501126063],[76.72833166710919,15.104519583687198],[76.73481331731128,15.120859561589535],[76.73828816791689,15.124348751918562]]]}},{"type":"Feature","properties":{"type":"village","name":"Yalpi Kaggalu","taluk":"Bellary","district":"Ballari","village_code":"604943"},"geometry":{"type":"Polygon","coordinates":[[[77.09630997538288,15.134838206106668],[77.06997987290835,15.136161440102878],[77.04615218396458,15.134938921092106],[77.04603818685672,15.13135961532505],[77.04714142672178,15.12913683380973],[77.04898394682797,15.127971595167775],[77.0506463762793,15.122992504252505],[77.04878385697991,15.115246709405808],[77.04905026225887,15.111943566251249],[77.05793893119683,15.112353250429043],[77.0594836040908,15.110984535595586],[77.06155668759445,15.115820217342822],[77.08520484283878,15.11580335917706],[77.10108989124676,15.114070605076941],[77.10122963407066,15.10911180085443],[77.11149059458943,15.113506717079764],[77.1174741990351,15.113731903706901],[77.1193373417653,15.120922466650608],[77.09873458403025,15.127518111836402],[77.09630997538288,15.134838206106668]]]}},{"type":"Feature","properties":{"type":"village","name":"Lingadahalli","taluk":"Sandur","district":"Ballari","village_code":"605028"},"geometry":{"type":"Polygon","coordinates":[[[76.67510514174711,15.11375777095364],[76.67292598786963,15.114378679325537],[76.67222697101784,15.116089184647528],[76.66270090516498,15.116981096431184],[76.65619034088884,15.125135288945415],[76.65074011114311,15.12930620868028],[76.64593886568112,15.111313250601937],[76.64512795827078,15.10428366074926],[76.64281151397014,15.102227775163671],[76.64467794543258,15.096847879383743],[76.64681062137555,15.098397474381867],[76.66065306701574,15.101020006612464],[76.66335384203602,15.100316730089169],[76.66451157190953,15.101054550955729],[76.66754991135568,15.099941202070063],[76.67192297304085,15.104210783954525],[76.67329936363433,15.112199724000597],[76.67510514174711,15.11375777095364]]]}},{"type":"Feature","properties":{"type":"village","name":"Byalakundi","taluk":"Hospet","district":"Ballari","village_code":"604710"},"geometry":{"type":"Polygon","coordinates":[[[76.44303464523382,15.117121745387356],[76.43732474218386,15.124402961406698],[76.430798003741,15.122795931371085],[76.42620617892796,15.119977247132699],[76.41127425740949,15.11828086209042],[76.40939950305595,15.117065560224324],[76.40331543192724,15.117613092402774],[76.40259888894421,15.115914136181226],[76.40084988615402,15.115367518887194],[76.39138756924535,15.099692640084841],[76.38740592508904,15.094744796832895],[76.3922929758303,15.078327879166766],[76.39229263716547,15.075110462151166],[76.39698911391247,15.063170777062835],[76.40984192513001,15.06184157897719],[76.41138898125445,15.080526525402211],[76.409856393396,15.09447169311258],[76.41459712025559,15.101506689317382],[76.41787614531577,15.10123504180563],[76.41809508720841,15.102839095585496],[76.42096531323732,15.105206466017991],[76.4206261192675,15.10648082508404],[76.42146806526755,15.106873758934547],[76.42570560621063,15.107844454693867],[76.4345429508031,15.1074447822305],[76.43888317367475,15.109296314147423],[76.44175355780715,15.110904245210627],[76.44303464523382,15.117121745387356]]]}},{"type":"Feature","properties":{"type":"village","name":"Halagapura","taluk":"Hagaribommanahalli","district":"Ballari","village_code":"604672"},"geometry":{"type":"Polygon","coordinates":[[[76.35172331756279,15.093907471173534],[76.34418093757148,15.114638615296784],[76.3437292565618,15.118136033879926],[76.34523988240818,15.125985322374243],[76.33766302687293,15.121465391785017],[76.3234756676895,15.121186756679386],[76.32096921892646,15.118407101265056],[76.31900150870393,15.118632528113814],[76.31660075931052,15.103787689734633],[76.31378943132319,15.094672543837259],[76.30062844855586,15.098814111859314],[76.29655547717617,15.087161322941613],[76.29600665055506,15.074874583758868],[76.29411847537114,15.062736468294371],[76.30599512869193,15.04950955237904],[76.31463526523177,15.048305611202531],[76.31702880384846,15.052684980238539],[76.31585470217883,15.060917887154348],[76.3170224949802,15.075803067228845],[76.32337986685603,15.075700724699534],[76.32959749321299,15.07700360106313],[76.33582507469994,15.074975864986902],[76.34457598070081,15.085356982720201],[76.34884443536778,15.093098254885811],[76.35172331756279,15.093907471173534]]]}},{"type":"Feature","properties":{"type":"village","name":"Hampapatna","taluk":"Hagaribommanahalli","district":"Ballari","village_code":"604670"},"geometry":{"type":"Polygon","coordinates":[[[76.31900150870393,15.118632528113814],[76.30821934206404,15.118177575673597],[76.30471731382785,15.116441208135447],[76.29737975511121,15.122290514646211],[76.29079451208885,15.130295350641799],[76.28815670627507,15.130881685846031],[76.27927691987868,15.119459130200635],[76.26603817265215,15.12013073411037],[76.25414479719231,15.113515509195514],[76.25385924791632,15.105686945043598],[76.2670925082331,15.104993406171209],[76.26559847965991,15.097952390147938],[76.26032550099445,15.086729405872843],[76.2622098448637,15.085262045096151],[76.27637171255431,15.085056412395474],[76.28075099776773,15.089138815580736],[76.28220985100936,15.092686706089372],[76.29127287126583,15.097150373202373],[76.29477857540822,15.100129559394663],[76.30959364856608,15.096587300629393],[76.31378943132319,15.094672543837259],[76.31660075931052,15.103787689734633],[76.31900150870393,15.118632528113814]]]}},{"type":"Feature","properties":{"type":"village","name":"Bannikal","taluk":"Hagaribommanahalli","district":"Ballari","village_code":"604645"},"geometry":{"type":"Polygon","coordinates":[[[76.13351730775351,15.098161031196083],[76.11876309904937,15.125856369061198],[76.10236170710097,15.120775969990223],[76.0973104416308,15.118208749791634],[76.08872841800499,15.117579247138126],[76.0862774015832,15.115988190128714],[76.08025522437757,15.10896490576933],[76.07799020323701,15.107929545688993],[76.08048499905418,15.100203049902664],[76.07962011008178,15.09914545108884],[76.07935286487802,15.087563724962667],[76.08329214628216,15.087740780430995],[76.08753348620057,15.089264410303404],[76.11588078259506,15.08838209982109],[76.11950385701918,15.089177539847562],[76.12453611234132,15.091342174113732],[76.13351730775351,15.098161031196083]]]}},{"type":"Feature","properties":{"type":"village","name":"Hiresobati","taluk":"Hagaribommanahalli","district":"Ballari","village_code":"604658"},"geometry":{"type":"Polygon","coordinates":[[[76.19066807223027,15.10659356005174],[76.17841720771158,15.128386023956095],[76.1648477960188,15.12694714691743],[76.1648238622047,15.123399955719883],[76.16629774515935,15.11976656702218],[76.16382237990176,15.115632311896954],[76.15147706292083,15.113487539720484],[76.14562535002351,15.110903358009503],[76.1284709596612,15.106565972131278],[76.13351730775351,15.098161031196083],[76.13701437818769,15.08680971320451],[76.16549621256732,15.086806845736543],[76.1789301708916,15.077134082035938],[76.18358477716323,15.091814435311031],[76.17674356998045,15.093329826732873],[76.17121979156916,15.10083209326569],[76.18235992696827,15.103143326716348],[76.18354665266259,15.10561476428589],[76.19066807223027,15.10659356005174]]]}},{"type":"Feature","properties":{"type":"village","name":"Taranagar","taluk":"Sandur","district":"Ballari","village_code":"605003"},"geometry":{"type":"Polygon","coordinates":[[[76.65074011114311,15.12930620868028],[76.64159930396954,15.130853305887634],[76.6412376260665,15.132376194388142],[76.64012819411418,15.132633973332355],[76.63506322574268,15.133149615261875],[76.6337607620055,15.132517036046986],[76.62565679662106,15.135539413601132],[76.6199647116548,15.133852456872917],[76.61673265321257,15.135468896666866],[76.61564709219233,15.13926431414461],[76.6129698162016,15.139662429947343],[76.61096244985087,15.133678697801294],[76.60710335206898,15.134802946658596],[76.60227943402757,15.135224130228735],[76.60010881863685,15.134427364363528],[76.59769682143775,15.135129847936083],[76.604065121319,15.126977384049605],[76.60365525329253,15.123936171913806],[76.6020294508503,15.122277524741458],[76.59725310938293,15.123046903138052],[76.5935752682692,15.117537865664271],[76.59036313715497,15.115981506360182],[76.59352327378058,15.11127275076906],[76.60056088771877,15.111644565118297],[76.60287940712773,15.10931020159481],[76.60471691463465,15.111480292058836],[76.60539517681013,15.114364304820931],[76.60791152141434,15.114199705183108],[76.60534459626976,15.118422340984756],[76.6056235069958,15.119963290139035],[76.60797245863164,15.121106741593673],[76.60757701036209,15.12254370706058],[76.6100981079525,15.123208116415478],[76.61414508478276,15.122282042026658],[76.61615943373819,15.119534800273767],[76.61548049243636,15.11543175158077],[76.61778782961666,15.109200459254176],[76.62075396427687,15.105766552255004],[76.62171866236557,15.105813460567012],[76.61727780482589,15.116898130310226],[76.62097079872186,15.116520467888531],[76.62212840372958,15.116895358643875],[76.62246598791842,15.118441727765955],[76.63241440658354,15.117621671877771],[76.63743062697783,15.113322307181235],[76.63784069982017,15.115384049272407],[76.6349226852148,15.117797389300572],[76.63364460175443,15.121475749754019],[76.63446461179352,15.122951753425877],[76.63989138473057,15.126301888194428],[76.6413383370913,15.125200665113145],[76.6413864077388,15.12170975611903],[76.64576983777897,15.109228109274968],[76.65074011114311,15.12930620868028]]]}},{"type":"Feature","properties":{"type":"village","name":"Joladarasi","taluk":"Bellary","district":"Ballari","village_code":"604941"},"geometry":{"type":"Polygon","coordinates":[[[77.13716368184157,15.147822628328386],[77.09587957186902,15.152095230120626],[77.09508516561212,15.144051805733568],[77.09567229999023,15.137657792235279],[77.09873458403025,15.127518111836402],[77.11744408301522,15.121310975255254],[77.1217887291913,15.120972261165727],[77.1236632284233,15.130909041669941],[77.13071998815516,15.130366895165713],[77.13326923355663,15.130701169925254],[77.13332976024385,15.132047812941993],[77.157249007278,15.131475889864042],[77.15643141280869,15.136167197985136],[77.15730194679435,15.140496035353216],[77.15329194012955,15.141011619989177],[77.15316612029424,15.139398515018835],[77.14977020285599,15.13979193242599],[77.14895613427417,15.139954703345632],[77.1490260941702,15.141445888333822],[77.13797292826695,15.143493679748307],[77.13793120062371,15.145197177915078],[77.13686115261008,15.145441298099026],[77.13716368184157,15.147822628328386]]]}},{"type":"Feature","properties":{"type":"village","name":"Gangalapur","taluk":"Sandur","district":"Ballari","village_code":"605035"},"geometry":{"type":"Polygon","coordinates":[[[76.61303562408438,15.151367617382949],[76.60830780511711,15.1524918963055],[76.59991394081409,15.15028865284604],[76.59764632084743,15.151787848888114],[76.59489682390112,15.149631942399818],[76.58983136504948,15.150099739189999],[76.58577845035515,15.153238467372171],[76.57806034462293,15.149956854212109],[76.58602179588077,15.141922355412309],[76.5934507716523,15.141642500276282],[76.59518715490937,15.143891969693952],[76.59644137462423,15.144032693570724],[76.59880541436358,15.141971274396878],[76.602567996253,15.142908917733351],[76.60792273328741,15.142347133800712],[76.61474912455621,15.143009740739508],[76.61580970432675,15.148275223629415],[76.61303562408438,15.151367617382949]]]}},{"type":"Feature","properties":{"type":"village","name":"Basarakodu","taluk":"Hagaribommanahalli","district":"Ballari","village_code":"604651"},"geometry":{"type":"Polygon","coordinates":[[[76.14382013784936,15.161219871989468],[76.13696235495294,15.16044751523988],[76.13677175490753,15.162910242623376],[76.13438498689318,15.16270698895802],[76.1267316236418,15.171035109304386],[76.11466753773527,15.164017079571147],[76.1075168079365,15.162204488860324],[76.10685589312746,15.164292101735],[76.10464128364404,15.164630807219623],[76.10450142942904,15.167495645992389],[76.10346380880053,15.168408350850676],[76.09672270178818,15.164155321609334],[76.08954418530102,15.16183160835029],[76.09095564791984,15.151479359937376],[76.09455330630962,15.141150107716562],[76.09428444413835,15.135022558267659],[76.09723053468963,15.12457561286687],[76.10236170710097,15.120775969990223],[76.12694078018603,15.128572333757793],[76.13150462337629,15.144880552753543],[76.14326982271979,15.14452312234409],[76.14290347986544,15.158739085768312],[76.14382013784936,15.161219871989468]]]}},{"type":"Feature","properties":{"type":"village","name":"Chaganur","taluk":"Bellary","district":"Ballari","village_code":"604914"},"geometry":{"type":"Polygon","coordinates":[[[77.05816293419774,15.183225374163609],[77.05664539401859,15.185362309880924],[77.05890522110018,15.190098631750475],[77.0497608116823,15.193019199922313],[77.03946295376156,15.19407731460333],[77.03705794725198,15.192237231721716],[77.02376889526784,15.191639520942912],[77.01024125793077,15.193241459312667],[77.00884604763208,15.183435149282277],[76.99893934583042,15.172953730391987],[76.99875784392219,15.167352119898728],[77.00640835861583,15.166014077011521],[77.00738444285074,15.167862800242155],[77.00911511282258,15.167917930634706],[77.01979471700984,15.16438059484656],[77.0260435849758,15.163344231923059],[77.03831911543556,15.158125803162207],[77.04334373507777,15.157910799678534],[77.04716090399374,15.164536731376584],[77.05123979437283,15.16874508421097],[77.05070752909224,15.173918904833604],[77.0526276798087,15.178022507930054],[77.05816293419774,15.183225374163609]]]}},{"type":"Feature","properties":{"type":"village","name":"Sidiginamola","taluk":"Bellary","district":"Ballari","village_code":"604940"},"geometry":{"type":"Polygon","coordinates":[[[77.10988438620019,15.194487152720544],[77.06744951009415,15.195324025160623],[77.06125199162648,15.185020241788719],[77.05596719382686,15.181905246176278],[77.05229768907898,15.177154797671426],[77.05616508729405,15.174444829269444],[77.07351683033775,15.167956261621315],[77.08224138875137,15.163453046228332],[77.09565579973511,15.155565651426548],[77.09629892520658,15.152197123069461],[77.13474454393427,15.148319830786091],[77.14034637426568,15.156552762296329],[77.14410679211358,15.171925287975768],[77.14192018760912,15.174257071224654],[77.14249276838136,15.177153562220786],[77.12038236630836,15.183001156168562],[77.10855444659173,15.184500680246773],[77.10988438620019,15.194487152720544]]]}},{"type":"Feature","properties":{"type":"village","name":"Ayyanahalli","taluk":"Hospet","district":"Ballari","village_code":"604700"},"geometry":{"type":"Polygon","coordinates":[[[76.33701972892493,15.180037288095715],[76.33225045540223,15.180284918297902],[76.33234848495592,15.178861498649917],[76.3301896060544,15.17860799907876],[76.33176491778778,15.165757025411704],[76.34792466382311,15.164861309895395],[76.3517522531964,15.167102333854633],[76.35097913970667,15.173740275799181],[76.34115200797795,15.177001475156366],[76.33701972892493,15.180037288095715]]]}},{"type":"Feature","properties":{"type":"village","name":"Joga","taluk":"Sandur","district":"Ballari","village_code":"605012"},"geometry":{"type":"Polygon","coordinates":[[[76.57738170695164,15.186999296971623],[76.57680119315717,15.185606939398582],[76.56273006788666,15.186791751705211],[76.56451574709328,15.190732561045014],[76.56214234690867,15.191793770837718],[76.55608553785217,15.186762574725115],[76.54489802081339,15.191046996155386],[76.54158036819597,15.190892158805463],[76.53899956408023,15.186774583625576],[76.53333575089255,15.189244036675012],[76.52860171558353,15.183218467109223],[76.52522846174159,15.182792244110631],[76.52302387296517,15.18089328505031],[76.52420158855716,15.179764165154213],[76.52734641339873,15.180908848851407],[76.52877142979857,15.178401601244955],[76.53333599613264,15.178010380622593],[76.53441197123051,15.175421662249862],[76.53570547696766,15.17531368294996],[76.53642160672564,15.176294565074238],[76.53858163636905,15.173435070987097],[76.54147132709352,15.172699668850212],[76.54219199424202,15.173969709070207],[76.5506698815668,15.172355058137063],[76.54980984978515,15.170334894257675],[76.55191321190377,15.169440868879065],[76.5512995556652,15.167913337158378],[76.55200755566987,15.16573101018471],[76.55359717576908,15.170119311888433],[76.55821727056413,15.17007559888397],[76.5602185337608,15.168205439742472],[76.56883626811411,15.164317194613238],[76.57485489966933,15.17158942235379],[76.57354231820712,15.173979509592549],[76.57865623488014,15.181960821991163],[76.57889658632091,15.186271766252373],[76.57738170695164,15.186999296971623]]]}},{"type":"Feature","properties":{"type":"village","name":"Ankammanahal","taluk":"Sandur","district":"Ballari","village_code":"604970"},"geometry":{"type":"Polygon","coordinates":[[[76.44363897695976,15.174292815683307],[76.44129391682573,15.174248301572053],[76.43827933422561,15.175604684631182],[76.43674847203081,15.17512613462227],[76.43314989196952,15.185226401677314],[76.43013541626893,15.187893177803323],[76.4269359352305,15.195417627828139],[76.41834865107039,15.203709405960177],[76.40916032122168,15.19378496085745],[76.39586141471885,15.193393279804035],[76.40388661402255,15.18111508037804],[76.40935299637539,15.176320010257683],[76.41473573120223,15.173133503663676],[76.42164702224855,15.160515968940793],[76.43115384259472,15.149917432626351],[76.43559911804897,15.14175096935378],[76.4401521580996,15.137185792640333],[76.45604878938484,15.102454201839564],[76.45957478916442,15.09169829688974],[76.46714332001193,15.084081325977577],[76.46997041612744,15.08270192508856],[76.47273516287399,15.077309958731224],[76.47995901284193,15.070496971374826],[76.47194026613694,15.059364387820027],[76.47269334270425,15.057829741173864],[76.47822047811978,15.062409131133277],[76.4815172610765,15.06187449626982],[76.48367155228185,15.064254874842918],[76.48911860468641,15.058093189297526],[76.48984064356233,15.060433548232973],[76.49212380438341,15.060351082244049],[76.49765383956064,15.053651423741155],[76.50218655882126,15.050513895775515],[76.5034385040018,15.051922130027815],[76.50116721531553,15.054465547378564],[76.50410290517246,15.05388798320635],[76.50551910460777,15.05450888863598],[76.50555670628894,15.052037191047848],[76.50857978066342,15.051912180728769],[76.50870423865278,15.05102459364311],[76.50701625302997,15.050286657338255],[76.50760346466319,15.04772072674921],[76.50564229417593,15.049852469772512],[76.50464975280504,15.049505639932788],[76.50775059163875,15.041241098827978],[76.51036535925874,15.039567262887168],[76.51325991705544,15.035702484193163],[76.50991555033809,15.028753623878027],[76.51497161281186,15.025023704958809],[76.51601421370029,15.022859684962896],[76.5148249601468,15.020839143306574],[76.51560265055289,15.01849432917557],[76.51777941042013,15.016733035646617],[76.51765339924364,15.014840410326958],[76.50756649270106,15.014358445621054],[76.48953766786813,15.015236795624709],[76.4867595263424,15.010457216326452],[76.48734304589978,15.006060177058096],[76.48197139897852,15.001109903137959],[76.481572879369,14.998648651266336],[76.48268906126233,14.994651491729035],[76.4821105938301,14.99181193399298],[76.47813891109196,14.982733554226973],[76.50425990373468,14.982155072296559],[76.51038076356923,14.980378267151863],[76.51364674419318,14.977437957106588],[76.52033365764109,14.97562609690335],[76.53494573040938,14.977061211203058],[76.54295546970701,14.980870385143113],[76.5504846067344,14.981774802828184],[76.5615515761503,14.996241200157806],[76.56422302027818,15.001550314089423],[76.5628644333953,15.002144278832436],[76.56140004922645,15.00026701717616],[76.55171211414597,15.001688559422448],[76.54623588356266,15.003762264266092],[76.54907946466193,15.005965623198884],[76.54907834895434,15.009151921085655],[76.5563086703856,15.012926469082096],[76.55770456520054,15.019908816975276],[76.5618487648974,15.026751353216726],[76.5590036836116,15.028132786594428],[76.560352986406,15.030616674070753],[76.5663239371826,15.034710740070194],[76.56749371885398,15.037714462051365],[76.56765103002994,15.040615589742947],[76.56182879175537,15.042737775083697],[76.55987054258944,15.044711930174572],[76.56227825662127,15.047988775639073],[76.5623837538699,15.052900700176565],[76.56056993044545,15.053935007929777],[76.5619365491653,15.05560283997661],[76.55837856487,15.057350480354183],[76.55717474333754,15.0555742313553],[76.55617953756351,15.055736620081298],[76.5565928263746,15.057715946320869],[76.55508528893614,15.060386068660177],[76.55251387401178,15.059739073197925],[76.54987850981892,15.055919816026275],[76.55079510761571,15.054523802426367],[76.5495862582126,15.053926865699589],[76.55013224975072,15.048337375931863],[76.54640070016279,15.04183804506207],[76.54575900391094,15.041982364819857],[76.54828489940323,15.052105410797562],[76.54725675240772,15.053284452646556],[76.54862403498254,15.053022842859873],[76.54799572632336,15.054482188333548],[76.54930077990353,15.058924595839834],[76.5468912674445,15.060762915682789],[76.54812700971227,15.064188595122008],[76.55013059864724,15.066385351606641],[76.54382310303264,15.070373247000392],[76.54237833717129,15.066360013800592],[76.53788660803708,15.064880626805422],[76.53737083672345,15.063967578716838],[76.5388312386606,15.063380730861045],[76.53893990157232,15.059372646950077],[76.53688636900252,15.057559967119133],[76.53280142308009,15.059848625077796],[76.52975688525852,15.05535245563794],[76.53139877922244,15.060628304239502],[76.52602143788054,15.062553378837926],[76.52377896175871,15.058139514779581],[76.52298284690613,15.059058388604925],[76.5187424861514,15.057046637388199],[76.51341887484328,15.056080237916293],[76.515552974616,15.060486635056701],[76.51917136702083,15.059552713427868],[76.52206822989454,15.060725530804369],[76.52121986722845,15.064525445402927],[76.52272609402489,15.065470529118723],[76.52324132185781,15.067427400747862],[76.52327594382717,15.072886149664477],[76.52019946371068,15.077923063068601],[76.52452921042948,15.077988434692362],[76.53297736800995,15.07215835891641],[76.53301333475731,15.074869654316883],[76.53461319565078,15.0748612726172],[76.53520326482493,15.076099681428278],[76.5326440615985,15.079270742657386],[76.53227086998847,15.081841823339687],[76.53007980534865,15.083106082430367],[76.53449851312836,15.082086729418075],[76.53524095903256,15.086027467207241],[76.52953801972271,15.088225678203306],[76.52573377756363,15.087754016174369],[76.51461557004058,15.092805192695126],[76.51176480870724,15.092256958169276],[76.50700592509914,15.102240977914656],[76.49254274090268,15.11215405466476],[76.49105543711767,15.11436897837794],[76.49149843141859,15.116429344406354],[76.48837112821661,15.122273604095122],[76.48340020357386,15.125723841097415],[76.48482465403505,15.127688811325905],[76.4820380081585,15.136470064104968],[76.47988541926063,15.139037670966465],[76.48098491584587,15.142376566643708],[76.4795313150537,15.147618917942541],[76.47870711437382,15.146046755382347],[76.47428318019578,15.146541228018899],[76.47329622724426,15.144901379993618],[76.46855664124507,15.147153662358871],[76.46563513398986,15.147181878851223],[76.45097257410598,15.163531391002154],[76.4489500657528,15.167382026125523],[76.44493933774086,15.167121137873725],[76.44363897695976,15.174292815683307]]]}},{"type":"Feature","properties":{"type":"village","name":"Venkatapura","taluk":"Hospet","district":"Ballari","village_code":"604699"},"geometry":{"type":"Polygon","coordinates":[[[76.35376929260609,15.188367794194251],[76.34813675336673,15.20600828470594],[76.33574478597477,15.205088975644907],[76.33399145330492,15.19969774537362],[76.33687810143554,15.19129799531633],[76.33701972892493,15.180037288095715],[76.34115200797795,15.177001475156366],[76.35097913970667,15.173740275799181],[76.35376929260609,15.188367794194251]]]}},{"type":"Feature","properties":{"type":"village","name":"Donimalai Township (CT)","taluk":"Sandur","district":"Ballari","village_code":"605045"},"geometry":{"type":"Polygon","coordinates":[[[76.64576983777897,15.109228109274968],[76.6413864077388,15.12170975611903],[76.64073550285694,15.125997239334575],[76.63887838602571,15.125950449955377],[76.63364460175443,15.121475749754019],[76.6349226852148,15.117797389300572],[76.63784069982017,15.115384049272407],[76.63743062697783,15.113322307181235],[76.63241440658354,15.117621671877771],[76.62246598791842,15.118441727765955],[76.62212840372958,15.116895358643875],[76.62097079872186,15.116520467888531],[76.61727780482589,15.116898130310226],[76.62171866236557,15.105813460567012],[76.62075396427687,15.105766552255004],[76.61778782961666,15.109200459254176],[76.61548049243636,15.11543175158077],[76.61629434632084,15.118793749950862],[76.61522433962972,15.121581735925488],[76.60865607296958,15.123090552143662],[76.60757701036209,15.12254370706058],[76.60797245863164,15.121106741593673],[76.6056235069958,15.119963290139035],[76.60534459626976,15.118422340984756],[76.60791152141434,15.114199705183108],[76.60539517681013,15.114364304820931],[76.60375577297617,15.109969497421647],[76.60287940712773,15.10931020159481],[76.60056088771877,15.111644565118297],[76.59521923105324,15.11108261332102],[76.59405868136798,15.108540050940238],[76.59504854935263,15.105683650263634],[76.5903376133228,15.106337563786072],[76.58184587217967,15.104774929951313],[76.58009335338348,15.10334637474583],[76.57876047718233,15.099565820827921],[76.58067314493243,15.094984173626342],[76.58903605418911,15.092735399650783],[76.58979897988517,15.09178660782147],[76.5868829182172,15.091230294047376],[76.58539040600019,15.088744654582857],[76.58674418599799,15.086756692796449],[76.59090171759196,15.089089081250451],[76.59163216919052,15.087462441057014],[76.58866980925114,15.085952662087648],[76.58944209090089,15.084524866741445],[76.59264641116374,15.084968233107844],[76.59278605786793,15.084240770803865],[76.58979127413664,15.08222038705548],[76.59069390313076,15.079753209397053],[76.59467119494953,15.073671634325706],[76.59867242597228,15.069936152024603],[76.59694544897455,15.069007930935578],[76.59688466357252,15.067685123229532],[76.59952670314622,15.062808698310743],[76.60103043711777,15.061959943975541],[76.60070518859442,15.060188889612935],[76.61231191703698,15.05108916415181],[76.6112011304252,15.04399393121007],[76.61213578974909,15.04261195163687],[76.61660558292238,15.0389793050291],[76.62131901177712,15.037478951726762],[76.62192860044408,15.035504563098353],[76.62513851810947,15.034004107271814],[76.62705691172121,15.028427987058144],[76.63697135340736,15.024968892314496],[76.63911911026733,15.023705342307554],[76.6414645135578,15.020546562111937],[76.63827108896102,15.02018971388475],[76.63541690594477,15.023787938731637],[76.63270390215855,15.02436478536682],[76.63223752830409,15.021329707979712],[76.63008979120704,15.02355452566624],[76.62816801633659,15.020807876835052],[76.62640748636468,15.019943126339212],[76.63204820296805,15.015819558383003],[76.63301240788164,15.013570352874224],[76.63505314395024,15.01468390000311],[76.64003291610021,15.010942663950095],[76.63881625225243,15.007742062251365],[76.63464194282388,15.010746590579114],[76.63363892889339,15.009025040973974],[76.63501721583047,15.007864598681033],[76.63484600861538,15.004419158018786],[76.63098769326612,15.007134952138456],[76.63040878296445,15.003355276175672],[76.6482229140377,14.994352804917837],[76.64958406740733,14.991092557069726],[76.67436294108298,14.967660880930081],[76.67801341232664,14.969229369114098],[76.68282000276452,14.969567887896243],[76.68778244012445,14.967224508598505],[76.68527867373088,14.973923690635452],[76.68542455294649,14.978608005172473],[76.69144765182361,14.978311073213312],[76.68865403322381,14.978759252705158],[76.67764518121355,15.009533432106538],[76.67275963155713,15.012937102174956],[76.67351371693246,15.017021952830046],[76.67156463237906,15.018581146902639],[76.66883580656577,15.018571837227325],[76.66483454500028,15.020353131661036],[76.65884665559072,15.019957429136076],[76.65688922928156,15.017168020306586],[76.65934078289588,15.009153539287922],[76.66578975059134,15.001111688867509],[76.67074770176474,14.997154615324435],[76.66939772343721,14.994508213362012],[76.67079480492664,14.992118899968276],[76.67219205080777,14.990596252285947],[76.67534826089731,14.98958847970498],[76.66611905590649,14.985374351134903],[76.65751853956226,14.994275841694108],[76.65318194318944,15.001114219952555],[76.64682526660962,15.001963422886636],[76.64412583996065,15.004868840321523],[76.6469944642934,15.006696098895986],[76.64348189971722,15.014832121707606],[76.65454601788038,15.012417928977083],[76.65707815127399,15.01965718385957],[76.66240616612365,15.022585126885163],[76.67031090763592,15.021193769341538],[76.66910507477553,15.029710226391938],[76.66784402067802,15.03189735336385],[76.66639240695928,15.032072852711194],[76.66579864840422,15.03067217238893],[76.66438559397075,15.03072728982459],[76.66374341173031,15.031795695079404],[76.66082468476091,15.031167264049055],[76.66096558730983,15.028887605627515],[76.65805472598905,15.029080222355919],[76.65415496776247,15.031580127301543],[76.657546805951,15.034518660242703],[76.65198066838082,15.047236304035792],[76.64909807883862,15.050340299289243],[76.64779926495645,15.07307222626167],[76.64662748273689,15.074699086706714],[76.64625569699027,15.077785476925266],[76.64719153670045,15.088503881271716],[76.64281151397014,15.102227775163671],[76.64512795827078,15.10428366074926],[76.64576983777897,15.109228109274968]]]}},{"type":"Feature","properties":{"type":"village","name":"Janikunte","taluk":"Bellary","district":"Ballari","village_code":"604920"},"geometry":{"type":"Polygon","coordinates":[[[76.82718041427452,15.167919576240187],[76.8183048697229,15.16991254768488],[76.81221280358814,15.169454294599133],[76.8098440279306,15.168303058327332],[76.80621517913585,15.168119349877557],[76.80553866777682,15.166877289811497],[76.80281246863741,15.166237217113826],[76.79781536888395,15.154219242097833],[76.79614261419675,15.146206319256748],[76.79407448130863,15.14642466780124],[76.7921226389273,15.13754872012951],[76.78881658715343,15.130845303617997],[76.78598166671182,15.121768082927144],[76.78344581878447,15.117110265878708],[76.77832553395443,15.11116330691127],[76.78071073081536,15.110116672802784],[76.78591862743674,15.113833271346865],[76.78982249455747,15.110603896632556],[76.79512608601115,15.107971529185235],[76.79638832588483,15.103123425971278],[76.80179043557574,15.104343053033192],[76.80485243305318,15.110279175112256],[76.80703293709851,15.11038947367361],[76.8078408710853,15.111394051643739],[76.81175728677218,15.121320557944546],[76.81688351755113,15.142368794597683],[76.82317851760013,15.155062372202568],[76.8269550072068,15.16696996003291],[76.82718041427452,15.167919576240187]]]}},{"type":"Feature","properties":{"type":"village","name":"Haraginadone","taluk":"Bellary","district":"Ballari","village_code":"604919"},"geometry":{"type":"Polygon","coordinates":[[[76.80281246863741,15.166237217113826],[76.79901433681893,15.166272512074752],[76.79107739160203,15.171711566088335],[76.78760785812456,15.172595896584973],[76.7855047996365,15.16836504672527],[76.78102942433205,15.167491036033471],[76.77827642485447,15.164665605638204],[76.77609454369178,15.164199176298094],[76.77496495893442,15.162255669608903],[76.77115492533672,15.161503785025104],[76.77008851819497,15.162324805087879],[76.76536235572107,15.161966359359385],[76.76447549485513,15.158689861120008],[76.76101130096373,15.155240367582525],[76.75917191867279,15.149884663384217],[76.7543130022679,15.146630344203412],[76.75012342417449,15.142012686651901],[76.74949272689497,15.13869105867836],[76.75370794739817,15.129570070276726],[76.76597573887179,15.118392720095713],[76.77832553395443,15.11116330691127],[76.78344581878447,15.117110265878708],[76.78598166671182,15.121768082927144],[76.78881658715343,15.130845303617997],[76.7921226389273,15.13754872012951],[76.79407448130863,15.14642466780124],[76.79614261419675,15.146206319256748],[76.79781536888395,15.154219242097833],[76.80281246863741,15.166237217113826]]]}},{"type":"Feature","properties":{"type":"village","name":"Bellary (M Corp.)","taluk":"Bellary","district":"Ballari","village_code":"803114"},"geometry":{"type":"Polygon","coordinates":[[[76.8827649462905,15.171272187313235],[76.86925211588422,15.177625667701854],[76.86865944788396,15.183307760297954],[76.86688185261659,15.185105795058933],[76.86362355169001,15.178008979583918],[76.86211778662758,15.176018968112096],[76.86026629055506,15.175970870237192],[76.85925446774489,15.171871082855578],[76.85656371522829,15.172038678244904],[76.85347886640665,15.164054638735452],[76.8595021359637,15.161801495848394],[76.85930568608913,15.159756965724744],[76.86397026096549,15.158325462064397],[76.86355076569409,15.155927922244755],[76.87574719589986,15.153523937992214],[76.87182259027252,15.147530073577911],[76.87453773564235,15.146331377265966],[76.87313100085689,15.131155067023357],[76.87732679439375,15.129932387312744],[76.87624082284343,15.127678712081835],[76.88342283557367,15.124993437299793],[76.88436073332412,15.12600037076685],[76.88986429964154,15.122883377768767],[76.8894199560711,15.12132501194368],[76.89413374964182,15.120221869010459],[76.89509612558548,15.118663409910962],[76.89267710535749,15.113508906002671],[76.89006111782534,15.113533035320582],[76.88899985623351,15.112574077760403],[76.88964139078861,15.110727954893212],[76.88779032860235,15.108018839421382],[76.89121831140467,15.104624900116812],[76.8957371615756,15.103538739372578],[76.89247936101061,15.099607028009759],[76.88961024709604,15.093999979899166],[76.8927070165615,15.091806095911325],[76.89753157600003,15.09423921529103],[76.89858026926274,15.093831515286942],[76.90040609867096,15.09150576108166],[76.90070088083144,15.08024933366649],[76.91129840056131,15.076771594213218],[76.91116658626807,15.075345114646497],[76.91255672378037,15.076531642643237],[76.91516125060612,15.08355604200236],[76.92105910187477,15.085173310783855],[76.92101047157686,15.095764043162323],[76.92703345726626,15.095410361762163],[76.92505301072964,15.099256228114902],[76.92464444256537,15.102442024237227],[76.9285489043708,15.111094566676224],[76.94333366118445,15.119920357678426],[76.94738075120247,15.120556330610082],[76.94985603830662,15.122453424755781],[76.9579706622019,15.124709503049118],[76.96110589393454,15.128174804142063],[76.96764702608323,15.130047578664975],[76.980425518779,15.139716736972492],[76.98171566302037,15.141615274173583],[76.9815950947362,15.147345382862817],[76.97999054373864,15.147034436993355],[76.97661491744603,15.159598890398431],[76.95676685863575,15.163574730799365],[76.9470562878067,15.162702679758294],[76.94704461599622,15.164752536198515],[76.94286068920421,15.165269176729193],[76.94314589083218,15.169368873711417],[76.94178764620746,15.167906770342519],[76.9388499558024,15.16733217316359],[76.93855412440965,15.168531019235948],[76.93727053786985,15.168699190372985],[76.93504883169567,15.168891534673444],[76.93482636391555,15.167668896100201],[76.93327106215516,15.16750150706469],[76.92650743617526,15.168030434358272],[76.92576729534801,15.169876693241577],[76.91932436343298,15.169734099070247],[76.91927597388356,15.174648990659216],[76.9156225929967,15.175608651974065],[76.915647496093,15.17714310207167],[76.91485760566705,15.177263081207972],[76.91342578991882,15.177191413824408],[76.91310458111931,15.175968701033774],[76.90478551324179,15.177384396295366],[76.90471134024713,15.176449363712257],[76.89567594767719,15.175539130695268],[76.89592298438032,15.177145516619207],[76.89345426575754,15.176570270916923],[76.89328144516824,15.17551535697375],[76.88555471830423,15.178033143165436],[76.8827649462905,15.171272187313235]]]}},{"type":"Feature","properties":{"type":"village","name":" ","taluk":"Bellary","district":"Ballari","village_code":" "},"geometry":{"type":"Polygon","coordinates":[[[76.97303153957432,15.103642607924632],[76.97498724740632,15.116828132715389],[76.96950980319907,15.120043086250325],[76.96863357030126,15.130896706141463],[76.9654695502587,15.128977492947937],[76.96090117237289,15.12805739178051],[76.9579706622019,15.124709503049118],[76.94985603830662,15.122453424755781],[76.94621314165742,15.12027200884205],[76.9460188728924,15.114363245053521],[76.9492029181793,15.115680877915322],[76.94925041929488,15.110382380383639],[76.95016277434861,15.107984556391218],[76.96373435637105,15.104287650243318],[76.96385807864019,15.105102789032232],[76.96681921956575,15.104550137972007],[76.96741198907564,15.105508949663452],[76.97303153957432,15.103642607924632]]]}},{"type":"Feature","properties":{"type":"village","name":"Karekal","taluk":"Bellary","district":"Ballari","village_code":"604917"},"geometry":{"type":"Polygon","coordinates":[[[77.14602603014167,15.195888040138444],[77.15199776514748,15.21759789573965],[77.14727563071935,15.220709292177965],[77.14768085265916,15.223935636318265],[77.14542385616907,15.225128720787879],[77.1441857980445,15.22399462661091],[77.13580894603632,15.226191192795286],[77.1355854901094,15.225404895861736],[77.12514504529852,15.22696557206009],[77.12437897370235,15.22010455691534],[77.11798476910324,15.21989649641318],[77.1165984350579,15.207424724180127],[77.11174969566682,15.204939103625152],[77.10855444659173,15.184500680246773],[77.12038236630836,15.183001156168562],[77.14249276838136,15.177153562220786],[77.14602603014167,15.195888040138444]]]}},{"type":"Feature","properties":{"type":"village","name":" ","taluk":"Sandur","district":"Ballari","village_code":" "},"geometry":{"type":"Polygon","coordinates":[[[76.46067112817144,15.21696662774148],[76.44826566988056,15.220644553186672],[76.44322243984061,15.225286759162163],[76.4377548196093,15.227719328766145],[76.43188286677031,15.2329399227554],[76.42830247489857,15.227052943276634],[76.42768278108296,15.223998373745557],[76.4290871559942,15.219583247651752],[76.4313435586979,15.217133589204657],[76.42399521840122,15.207998180662903],[76.43305569103556,15.198344357082146],[76.43206376501064,15.195294447981661],[76.43713924007771,15.191325690962],[76.43876229367518,15.188126023569605],[76.44081876822754,15.18758775590468],[76.4452145923237,15.183497031805759],[76.4446592574083,15.17861692894109],[76.44992736900153,15.18159312524799],[76.45252368971717,15.181583308606596],[76.449738002343,15.172216811058155],[76.45121239104917,15.170643791806933],[76.4538733859737,15.169915468650412],[76.45604503532527,15.166860003931788],[76.45756686226494,15.167776847227055],[76.4597437703542,15.16662374638213],[76.45804995376685,15.165923917287042],[76.45654166443852,15.163525006128298],[76.45944827762632,15.160478388338607],[76.46458143082282,15.164104978877843],[76.46397778990138,15.166893320237623],[76.46695933156703,15.165098183273818],[76.46828106237044,15.166014950109352],[76.47231864641608,15.164142550165062],[76.47820160990555,15.158898355675927],[76.48925639996281,15.151383030750578],[76.49034730595899,15.146913386300623],[76.4893957556128,15.14229572972035],[76.49022683469288,15.139105093628162],[76.48954372610643,15.131848319163426],[76.49354403276277,15.131295045791749],[76.49479347972851,15.136170076926213],[76.49245524319736,15.13936152118712],[76.49483286097224,15.140056213662277],[76.49400152227908,15.142587095940007],[76.49460699037384,15.143793358263212],[76.49900389244831,15.142658065744381],[76.50507636542841,15.139268699262713],[76.50469220269378,15.136175918054693],[76.50148504375463,15.135072985962122],[76.49853349414138,15.136037113165742],[76.49885249937348,15.132512251892829],[76.4970775056272,15.127931239867346],[76.49775964942303,15.124952957423192],[76.50248231834877,15.120453876093734],[76.50622361016597,15.115114128847292],[76.51094130512,15.113331504307737],[76.50994689166005,15.117769142877789],[76.51091301268012,15.117490692838228],[76.5133936447602,15.11635065785954],[76.51402741068472,15.114562757020359],[76.51693946137496,15.114143984954527],[76.51688023095669,15.111717332688574],[76.51809959693684,15.110312639948646],[76.5219093044461,15.10982194034461],[76.52299274634058,15.110563518080056],[76.52196403340645,15.112126456192936],[76.52326120786324,15.113261346830221],[76.52429629075107,15.117861923920135],[76.52220189471727,15.120364339571706],[76.52341063901748,15.121734051008273],[76.52581144410648,15.120596429751705],[76.52541194623164,15.119380737030934],[76.52670113286891,15.117822346331504],[76.527114720819,15.11877147101613],[76.53451127908684,15.117355770432592],[76.54407388391387,15.119731882633968],[76.54540432568056,15.119551552342232],[76.54542366820525,15.117540733584436],[76.54674989597497,15.11611783715908],[76.54569041394574,15.113216394067083],[76.54892872466229,15.110931024286238],[76.55009157762792,15.110682883646676],[76.55333751863452,15.112825933206372],[76.55327197665306,15.114240233076197],[76.55134132013939,15.115089129003117],[76.55159194471378,15.116715985964383],[76.55384789017499,15.116825228361922],[76.55696922407189,15.11623421632088],[76.55641134782257,15.115140516267656],[76.56380380438284,15.11105775523138],[76.56466411643889,15.111699691936364],[76.56606452079653,15.110588484634574],[76.57124603120312,15.110915181286675],[76.57429237823168,15.107020091741484],[76.57753664118533,15.105881108879114],[76.58077772410286,15.106245002327823],[76.58298659514824,15.10834211259924],[76.5835489342279,15.111003799039224],[76.57994195402041,15.120881038999604],[76.58310940832231,15.11718689594478],[76.58454612438042,15.112749038789174],[76.58807039490307,15.112521416754653],[76.58939881276542,15.11398985535452],[76.58925364591384,15.116965310253361],[76.59036313715497,15.115981506360182],[76.5935752682692,15.117537865664271],[76.59709044424793,15.123560300659125],[76.59217126166726,15.127587234380101],[76.59251716066235,15.125514176978921],[76.58536148294297,15.132679992927565],[76.58000030858128,15.128750823154974],[76.58044452818422,15.127026374993308],[76.57664106755945,15.127288148639751],[76.57733039338599,15.129881910700028],[76.57981676120916,15.132371109324009],[76.5782108097381,15.133879710855519],[76.5731710992974,15.13750515041079],[76.57116983520238,15.136034960895776],[76.56749459920297,15.136738956647061],[76.56505140531068,15.13987875267473],[76.5620600163129,15.140438258259922],[76.55681067681414,15.14603993035574],[76.55356766431537,15.147493930062403],[76.55285698822948,15.149288339809617],[76.55690662407302,15.148896852870214],[76.55770356178238,15.14606222810101],[76.5666768008161,15.144565363063341],[76.56738496431413,15.146381943606112],[76.56578349633463,15.147329759361677],[76.56414248810958,15.150187626071707],[76.557918970601,15.151122974243002],[76.56165351427377,15.155218278901856],[76.57164268321513,15.14397510213885],[76.57289764134514,15.141351387692872],[76.57357287440149,15.141679556142781],[76.57762603703081,15.137088426778455],[76.5800864031181,15.136573581808102],[76.5815816138742,15.137229880978403],[76.58085780441888,15.138541718805161],[76.58118325506315,15.141556162007234],[76.58185358691134,15.141356637296015],[76.58301281966634,15.13800048412484],[76.58461869837389,15.137625615956917],[76.5856348088429,15.138474804976198],[76.59159128596362,15.132078932990218],[76.59185577423777,15.130578390290504],[76.595270721587,15.128624281422786],[76.60036281009691,15.122672187159747],[76.6020294508503,15.122277524741458],[76.60365525329253,15.123936171913806],[76.604065121319,15.126977384049605],[76.59769682143775,15.135129847936083],[76.59277646565732,15.13517601960837],[76.59046064927907,15.137049984407167],[76.57335547132294,15.155391299757602],[76.56699796290323,15.160497110577],[76.56883626811411,15.164317194613238],[76.5602185337608,15.168205439742472],[76.55821727056413,15.17007559888397],[76.55359717576908,15.170119311888433],[76.55200755566987,15.16573101018471],[76.5512995556652,15.167913337158378],[76.55191321190377,15.169440868879065],[76.54980984978515,15.170334894257675],[76.5506698815668,15.172355058137063],[76.54219199424202,15.173969709070207],[76.54147132709352,15.172699668850212],[76.53858163636905,15.173435070987097],[76.53642160672564,15.176294565074238],[76.53570547696766,15.17531368294996],[76.53441197123051,15.175421662249862],[76.53333599613264,15.178010380622593],[76.52877142979857,15.178401601244955],[76.52734641339873,15.180908848851407],[76.52420158855716,15.179764165154213],[76.52302387296517,15.18089328505031],[76.52522846174159,15.182792244110631],[76.52860171558353,15.183218467109223],[76.53333575089255,15.189244036675012],[76.53899956408023,15.186774583625576],[76.54158036819597,15.190892158805463],[76.54489802081339,15.191046996155386],[76.55608553785217,15.186762574725115],[76.56214234690867,15.191793770837718],[76.56451574709328,15.190732561045014],[76.56273006788666,15.186791751705211],[76.577289746416,15.185674889054079],[76.57623631723513,15.193496563310193],[76.57002876189085,15.194285855722123],[76.56456000529072,15.198667498339134],[76.55907796889572,15.199854316107967],[76.55542441732895,15.202198424747477],[76.55000220513863,15.191794401090581],[76.5389809240381,15.198279271396894],[76.53491361294301,15.19900058236596],[76.5329700063162,15.195728245901696],[76.52441529057673,15.19023871541548],[76.51811010542902,15.1815416483464],[76.50949975702403,15.185925004249606],[76.49974484804748,15.181735290069602],[76.4953932192667,15.185293048430214],[76.48769330711393,15.195771299947863],[76.48654750057914,15.202436983061371],[76.4804178677975,15.2096607340423],[76.46837563161364,15.212286785748045],[76.46067112817144,15.21696662774148]]]}},{"type":"Feature","properties":{"type":"village","name":"Toranagal","taluk":"Sandur","district":"Ballari","village_code":"605016"},"geometry":{"type":"Polygon","coordinates":[[[76.68886153417299,15.217098705821032],[76.68171935813234,15.216749140070702],[76.6706191941701,15.211901697576433],[76.66918063836232,15.197575328884493],[76.65940663659273,15.179302450803307],[76.65851309765098,15.173539076062555],[76.65705452558204,15.16035114591745],[76.66047987542225,15.160467824185009],[76.6809331831384,15.151350137741725],[76.68494195641627,15.154205180709942],[76.68654811809313,15.159710259239565],[76.69911404693481,15.172036480389995],[76.7050892898618,15.179209147897891],[76.71195383437737,15.181416997830356],[76.71353037500609,15.186518444172853],[76.7062425137859,15.195472744091434],[76.69912871732171,15.198376152219629],[76.69751613628382,15.204824880632069],[76.68886153417299,15.217098705821032]]]}},{"type":"Feature","properties":{"type":"village","name":"Malapanagudi","taluk":"Hospet","district":"Ballari","village_code":"604736"},"geometry":{"type":"Polygon","coordinates":[[[76.44874593797752,15.277368447959184],[76.44833396699498,15.284128515800454],[76.44864626810013,15.285316819220997],[76.45123003306303,15.285663935614526],[76.45102651075226,15.289459748133],[76.44909015802135,15.290255631619415],[76.44860025279802,15.300409320732557],[76.44713421123747,15.30187383941786],[76.43650925067062,15.298433603762788],[76.43351051255549,15.296400930137928],[76.43287791444084,15.281159479091983],[76.4342212137942,15.273653631252953],[76.437791348702,15.273178259129153],[76.4386336037225,15.272220053764329],[76.4420139147293,15.274645664881051],[76.44874593797752,15.277368447959184]]]}},{"type":"Feature","properties":{"type":"village","name":"Hosur","taluk":"Hospet","district":"Ballari","village_code":"604717"},"geometry":{"type":"Polygon","coordinates":[[[76.3718118005774,15.29482616159237],[76.35734229942788,15.300948083783187],[76.34901432295769,15.301865840176658],[76.3466628479542,15.297729517433162],[76.34262414191274,15.283531176146074],[76.34580840459193,15.282917123425735],[76.36404723667366,15.283519964789534],[76.3652900783271,15.286041530916364],[76.36813432597633,15.286592958018081],[76.36687728734812,15.290524145127375],[76.36822725938742,15.292937193344011],[76.3718118005774,15.29482616159237]]]}},{"type":"Feature","properties":{"type":"village","name":" ","taluk":"Hagaribommanahalli","district":"Ballari","village_code":" "},"geometry":{"type":"Polygon","coordinates":[[[76.29469456765779,15.19857950072251],[76.2902561957565,15.207881875404052],[76.28107185532598,15.216679406976315],[76.2743670303696,15.212249223030323],[76.280144466966,15.196793262274225],[76.28324598672269,15.191227543791483],[76.28768931283277,15.192381615625909],[76.29469456765779,15.19857950072251]]]}},{"type":"Feature","properties":{"type":"village","name":" ","taluk":"Bellary","district":"Ballari","village_code":" "},"geometry":{"type":"Polygon","coordinates":[[[77.01282642067224,15.214562195152556],[77.01529217395628,15.233632410869935],[77.01273199426116,15.23443543735815],[76.99464695824766,15.233491295147198],[76.99402717909213,15.23051137720183],[76.99513440208715,15.223606010331489],[76.99419313026446,15.218236109360655],[76.99698048491176,15.21339167518963],[76.99858505567227,15.212863384284024],[77.005101397014,15.214530985832548],[77.01282642067224,15.214562195152556]]]}},{"type":"Feature","properties":{"type":"village","name":" ","taluk":"Hagaribommanahalli","district":"Ballari","village_code":" "},"geometry":{"type":"Polygon","coordinates":[[[76.29950215881894,15.209543693745431],[76.29414357160523,15.215497429811663],[76.2911879867597,15.21679321267121],[76.2851057041767,15.21903486919953],[76.28107185532598,15.216679406976315],[76.2902561957565,15.207881875404052],[76.29469456765779,15.19857950072251],[76.30065007729293,15.200669345991598],[76.29950215881894,15.209543693745431]]]}},{"type":"Feature","properties":{"type":"village","name":"Upparahalli","taluk":"Hospet","district":"Ballari","village_code":"604762"},"geometry":{"type":"Polygon","coordinates":[[[76.61726624620314,15.293039504268366],[76.61560939618805,15.294108952111447],[76.61573237195718,15.295660479731527],[76.61750105503862,15.296964246807832],[76.61707526706867,15.30127009166978],[76.60421153233726,15.29706426390273],[76.59946314644158,15.29779811972306],[76.59568919008402,15.297191695774659],[76.58931864710948,15.299078918695239],[76.58900558423299,15.298029643729123],[76.5821391469671,15.294943492330571],[76.58112978104923,15.28250328428672],[76.57899369869469,15.276048679872112],[76.57765099941595,15.274671222100539],[76.57757222525035,15.267624960093952],[76.57562500559948,15.263337018672726],[76.58137327839016,15.252955814052612],[76.58336834410972,15.254397575261606],[76.58574203355185,15.254655102893313],[76.58993081214469,15.257731483630414],[76.59520308742925,15.25803984487224],[76.59993096388872,15.263080799896711],[76.60645787840137,15.263320361211933],[76.61196114378313,15.274962142799062],[76.61239574063276,15.282949535758721],[76.6156681549908,15.285612135821866],[76.61726624620314,15.293039504268366]]]}},{"type":"Feature","properties":{"type":"village","name":" ","taluk":"Hospet","district":"Ballari","village_code":" "},"geometry":{"type":"Polygon","coordinates":[[[76.33340410063619,15.231718393079326],[76.33175547469753,15.233610328662127],[76.31933876680434,15.232107250940846],[76.31751945916506,15.230574899690245],[76.31685537420138,15.225414310008476],[76.31863355337367,15.224185706123865],[76.32361759970776,15.224919041759058],[76.32517577338214,15.224147291740328],[76.33642525620922,15.224189756631498],[76.33340410063619,15.231718393079326]]]}},{"type":"Feature","properties":{"type":"village","name":" ","taluk":"Hospet","district":"Ballari","village_code":" "},"geometry":{"type":"Polygon","coordinates":[[[76.3497367858384,15.211796969394097],[76.34865593019362,15.221552707999333],[76.3435440464081,15.234724057095201],[76.33425007378362,15.233262949408058],[76.33340410063619,15.231718393079326],[76.3373752300121,15.220823490090822],[76.33755852316096,15.211153447655438],[76.33574478597477,15.205088975644907],[76.34813675336673,15.20600828470594],[76.3490112031087,15.208701552661246],[76.34831765070878,15.210757422165338],[76.3497367858384,15.211796969394097]]]}},{"type":"Feature","properties":{"type":"village","name":" ","taluk":"Hagaribommanahalli","district":"Ballari","village_code":" "},"geometry":{"type":"Polygon","coordinates":[[[76.31685537420138,15.225414310008476],[76.31459827979492,15.225336908737932],[76.31305566583956,15.232823985773216],[76.31076058976454,15.234779935346308],[76.31289634333571,15.236240032280033],[76.31114663716465,15.237839781067068],[76.31325468040421,15.242116331568324],[76.31232731629876,15.242903762977573],[76.30743896210203,15.234507980632198],[76.30553879171414,15.23302198782898],[76.30011554017301,15.231399838269871],[76.2958528481986,15.22563707871021],[76.2851057041767,15.21903486919953],[76.29414357160523,15.215497429811663],[76.29950215881894,15.209543693745431],[76.30174040207915,15.209905965578235],[76.31470764429085,15.214565058289306],[76.32636891843747,15.22140862925314],[76.32517577338214,15.224147291740328],[76.32361759970776,15.224919041759058],[76.31863355337367,15.224185706123865],[76.31685537420138,15.225414310008476]]]}},{"type":"Feature","properties":{"type":"village","name":" ","taluk":"Hospet","district":"Ballari","village_code":" "},"geometry":{"type":"Polygon","coordinates":[[[76.41513130164263,15.249156482073825],[76.41158899294909,15.247453512121933],[76.40575704837788,15.24706570533482],[76.40147996359602,15.249461131753687],[76.39963870292782,15.25251655092636],[76.38595123194547,15.249435048854336],[76.3694252508537,15.248891105912405],[76.36527973242998,15.249761088763838],[76.36325797506836,15.248865294215578],[76.36670224163183,15.247360769808745],[76.37911993497691,15.236398718431554],[76.3810374275784,15.236037213307638],[76.38524038787465,15.243104377347409],[76.39927723702715,15.238399449966911],[76.4059278827921,15.237129041203007],[76.41724807381183,15.232766315421628],[76.41707615962267,15.245441754746956],[76.41513130164263,15.249156482073825]]]}},{"type":"Feature","properties":{"type":"village","name":" ","taluk":"Hospet","district":"Ballari","village_code":" "},"geometry":{"type":"Polygon","coordinates":[[[76.3497367858384,15.211796969394097],[76.35210101691894,15.210495809966918],[76.36046315991264,15.21387662057472],[76.36024906802423,15.214821109067097],[76.35846205122616,15.214405174189599],[76.35806640442894,15.215494128073928],[76.3561572679562,15.227409897658331],[76.35654318959216,15.231910566362862],[76.35336328733534,15.243442006325159],[76.35120367361193,15.243721952678985],[76.3504819212986,15.245854602636259],[76.34584101523339,15.25004743408975],[76.3422857528334,15.24509890275911],[76.3435440464081,15.234724057095201],[76.34865593019362,15.221552707999333],[76.3497367858384,15.211796969394097]]]}},{"type":"Feature","properties":{"type":"village","name":" ","taluk":"Hospet","district":"Ballari","village_code":" "},"geometry":{"type":"Polygon","coordinates":[[[76.42425307890522,15.24514224312527],[76.42292189063853,15.24519664694662],[76.42306267460984,15.251089196611177],[76.4220491530855,15.255608615727414],[76.42082499908489,15.25560886012555],[76.42027032083799,15.25147435087563],[76.41513130164263,15.249156482073825],[76.41707615962267,15.245441754746956],[76.41738976418328,15.230751357013713],[76.4290871559942,15.219583247651752],[76.42768278108296,15.223998373745557],[76.42880607224348,15.227957527073984],[76.4240452617491,15.231970166351212],[76.42538306520956,15.240849216261616],[76.42425307890522,15.24514224312527]]]}},{"type":"Feature","properties":{"type":"village","name":"Kakubal","taluk":"Hospet","district":"Ballari","village_code":"604742"},"geometry":{"type":"Polygon","coordinates":[[[76.5333321684112,15.223637729713884],[76.52609272458824,15.225016821326511],[76.51619944182029,15.225246424183505],[76.51470556416407,15.221192450706303],[76.50412146436622,15.217358864835418],[76.50087113329285,15.205093219831296],[76.49797617664416,15.198578670237216],[76.49853077763596,15.189251057967427],[76.50056367500537,15.182020452577074],[76.50949975702403,15.185925004249606],[76.51811010542902,15.1815416483464],[76.52441529057673,15.19023871541548],[76.5329700063162,15.195728245901696],[76.53491361294301,15.19900058236596],[76.5389809240381,15.198279271396894],[76.55000220513863,15.191794401090581],[76.55544747618397,15.2023077018818],[76.55184478094039,15.218884838070608],[76.5462737313822,15.220143604805005],[76.54427104615242,15.224232341131051],[76.5333321684112,15.223637729713884]]]}},{"type":"Feature","properties":{"type":"village","name":"Kithanur","taluk":"Hagaribommanahalli","district":"Ballari","village_code":"604656"},"geometry":{"type":"Polygon","coordinates":[[[76.22411297458714,15.212117083832164],[76.21041282478292,15.212258083855252],[76.20909831284114,15.218453733319384],[76.20211238257451,15.216567297588467],[76.19562342817082,15.211399916171757],[76.18794878922024,15.208555263316704],[76.18174547482238,15.190021050192426],[76.17374171471126,15.188264934710878],[76.17013897634854,15.182160885787177],[76.18015920364255,15.17358671411547],[76.1856430429563,15.167340450634054],[76.19186219016105,15.162761296138266],[76.20021322009636,15.162184967358234],[76.20371808431393,15.166440423166685],[76.20563990410017,15.167212472771697],[76.2282300828917,15.170764419689142],[76.22889178821816,15.172887901661325],[76.2267767462042,15.17701445303253],[76.2292273502993,15.183646886114518],[76.22969035906472,15.18847717819104],[76.22040082771105,15.194482059614112],[76.21887549374847,15.196615495224508],[76.21780279211153,15.201726588355024],[76.22411297458714,15.212117083832164]]]}},{"type":"Feature","properties":{"type":"village","name":"Rameswara Bandi","taluk":"Hagaribommanahalli","district":"Ballari","village_code":"604654"},"geometry":{"type":"Polygon","coordinates":[[[76.16830526242705,15.179834011890696],[76.17817321899219,15.195579845305963],[76.17800819577953,15.205634096303452],[76.17477486891617,15.209308497319755],[76.17439384399684,15.211721599328184],[76.16539064255512,15.219766589707964],[76.16150423329366,15.2167893518549],[76.15778983613775,15.211521018324744],[76.15762176224642,15.208308236686266],[76.16026395094045,15.201809972848205],[76.15914659674566,15.19810927299543],[76.15426957030463,15.19545282688669],[76.14263674939635,15.199037290087354],[76.14431155763226,15.194468736047098],[76.14284554661447,15.191387062287445],[76.14307335398063,15.189552415882618],[76.14532088492257,15.189687840153741],[76.14523214305059,15.185932718342949],[76.14325453429196,15.185440345698769],[76.14325391086116,15.177396990075],[76.15171275390192,15.177436937129915],[76.16830526242705,15.179834011890696]]]}},{"type":"Feature","properties":{"type":"village","name":"Narayanadevarakeri","taluk":"Hagaribommanahalli","district":"Ballari","village_code":"604664"},"geometry":{"type":"Polygon","coordinates":[[[76.33399145330492,15.19969774537362],[76.33755852316096,15.211153447655438],[76.3373752300121,15.220823490090822],[76.33642525620922,15.224189756631498],[76.32517577338214,15.224147291740328],[76.32636891843747,15.22140862925314],[76.31470764429085,15.214565058289306],[76.32036546212234,15.203838337797178],[76.31918553667472,15.196251117383287],[76.31808790589032,15.194321329780756],[76.31525927724893,15.192431682005543],[76.30854404531001,15.194603277247912],[76.3065612119497,15.19620223523496],[76.30415374585286,15.20137092632171],[76.2951596748877,15.19915357595239],[76.28768931283277,15.192381615625909],[76.28324598672269,15.191227543791483],[76.28350734257147,15.178841787084863],[76.28938452899531,15.165929584188452],[76.28922468996018,15.161025365224562],[76.29614963629712,15.160420505718427],[76.29615007467498,15.159295249278172],[76.29860623035852,15.159296190034123],[76.30073846702534,15.157586491418847],[76.30755062808171,15.157723802100678],[76.30879996185973,15.163755537754941],[76.31130189569016,15.165781699340803],[76.31468489176133,15.165737687180936],[76.3176034857801,15.169744392252646],[76.31371024572921,15.170778578814817],[76.3123425930485,15.17253359210547],[76.31317651619472,15.173434027988284],[76.31280516972427,15.175526823778386],[76.31711532328839,15.175370523704203],[76.31695345406071,15.173885207290022],[76.31852930568158,15.173660562353128],[76.31952537114336,15.174741076587175],[76.32692102480769,15.168354306093914],[76.33176491778778,15.165757025411704],[76.3301896060544,15.17860799907876],[76.33234848495592,15.178861498649917],[76.33225045540223,15.180284918297902],[76.33701972892493,15.180037288095715],[76.33723808870924,15.181930703688202],[76.33687810143554,15.19129799531633],[76.33399145330492,15.19969774537362]]]}},{"type":"Feature","properties":{"type":"village","name":"Tambrahalli","taluk":"Bellary","district":"Ballari","village_code":"604910"},"geometry":{"type":"Polygon","coordinates":[[[77.12524457863202,15.2419119408386],[77.08520862025456,15.24203432984629],[77.06196353997653,15.23983078463973],[77.06198513457763,15.237912199224303],[77.06502078895939,15.234162527908632],[77.06472438264488,15.22892071104984],[77.06713806328682,15.218627712184242],[77.07948445734779,15.218205944229291],[77.07971216230601,15.219670112248657],[77.08651125916322,15.219996819790683],[77.11643973059493,15.218604058604846],[77.1178870422818,15.218708114224176],[77.11798476910324,15.21989649641318],[77.12437897370235,15.22010455691534],[77.12641174440932,15.240464757575603],[77.12524457863202,15.2419119408386]]]}},{"type":"Feature","properties":{"type":"village","name":"Bommanahal","taluk":"Bellary","district":"Ballari","village_code":"604906"},"geometry":{"type":"Polygon","coordinates":[[[77.14207089886266,15.257429452832914],[77.15589717213281,15.256962779847774],[77.15887802658727,15.258773318981824],[77.16165593455108,15.259146905908597],[77.16769624514905,15.258521418344765],[77.16695576206372,15.268609857119882],[77.15928503707285,15.267867264242485],[77.15920408000112,15.269264816421906],[77.15836830273213,15.268962783149057],[77.15297955727772,15.272985900004535],[77.15287829738226,15.274088200939376],[77.14716056192134,15.272947127972191],[77.14440684019826,15.270895389949699],[77.13796219609425,15.271574763610602],[77.1376737686161,15.264606918894561],[77.1388467761377,15.264557146133786],[77.14207089886266,15.257429452832914]]]}},{"type":"Feature","properties":{"type":"village","name":"Gadiganur","taluk":"Hospet","district":"Ballari","village_code":"604745"},"geometry":{"type":"Polygon","coordinates":[[[76.60645787840137,15.263320361211933],[76.59993096388872,15.263080799896711],[76.59520308742925,15.25803984487224],[76.58993081214469,15.257731483630414],[76.58574203355185,15.254655102893313],[76.58336834410972,15.254397575261606],[76.58325082560593,15.247714549701842],[76.58552063386861,15.24054578831414],[76.58395308268099,15.235601972920053],[76.58545194868198,15.221123408190792],[76.58422166996776,15.219530001331641],[76.57980916595345,15.205542131346732],[76.5786526065847,15.198349249842373],[76.57623631723513,15.193496563310193],[76.59686320821027,15.195091183002692],[76.60271621378332,15.221945998380479],[76.5990703940162,15.240219929992122],[76.59949250428335,15.24191857988721],[76.60470408938733,15.244617167652347],[76.6041406103456,15.247667221345745],[76.60561952566248,15.25109553809919],[76.60427900300164,15.253331323198141],[76.60608483770827,15.257270058034893],[76.60645787840137,15.263320361211933]]]}},{"type":"Feature","properties":{"type":"village","name":"Dharmasagara","taluk":"Hospet","district":"Ballari","village_code":"604743"},"geometry":{"type":"Polygon","coordinates":[[[76.58137327839016,15.252955814052612],[76.57562500559948,15.263337018672726],[76.5713694031293,15.2625188984167],[76.56409010734536,15.253345247975878],[76.55419877392158,15.25202019641606],[76.5515887619827,15.249990238203855],[76.54457297710591,15.247576408385944],[76.5451737272488,15.239023336765104],[76.54377464341461,15.237757639866858],[76.54427104615242,15.224232341131051],[76.5462737313822,15.220143604805005],[76.55184478094039,15.218884838070608],[76.55586653128087,15.201954546981781],[76.56184537555382,15.208829282587432],[76.56502748586959,15.218436008723058],[76.56946514001696,15.22626239626757],[76.57206888800336,15.234837899839501],[76.58097031930653,15.248053760787183],[76.58137327839016,15.252955814052612]]]}},{"type":"Feature","properties":{"type":"village","name":"Sankalapuram","taluk":"Hospet","district":"Ballari","village_code":"604768"},"geometry":{"type":"Polygon","coordinates":[[[76.43351051255549,15.296400930137928],[76.43149479277092,15.296627319998365],[76.42977196059994,15.2956652419859],[76.42359377836875,15.284071527638304],[76.42595890776455,15.274812310166864],[76.4255204661255,15.271197461171223],[76.42722353086869,15.268522028275385],[76.42605454330801,15.265811042941806],[76.42708235702854,15.262399244297628],[76.4268810230138,15.25746938557878],[76.43360504317116,15.267598752058372],[76.4386336037225,15.272220053764329],[76.437791348702,15.273178259129153],[76.4342212137942,15.273653631252953],[76.4334163277912,15.27534831310026],[76.43351051255549,15.296400930137928]]]}},{"type":"Feature","properties":{"type":"village","name":"Siddammanahalli","taluk":"Bellary","district":"Ballari","village_code":"604872"},"geometry":{"type":"Polygon","coordinates":[[[76.77726901367066,15.289474414854464],[76.74360731010647,15.290398060099315],[76.7468453010228,15.279544638900353],[76.7450493486826,15.250698609288662],[76.75542013183812,15.249252369665896],[76.75560902777944,15.247827997135571],[76.775699308323,15.245263201059783],[76.77615356390427,15.25188894713317],[76.7828368050393,15.251667560850203],[76.78448597984861,15.251099902692994],[76.78685349427145,15.245112814215068],[76.78805766974016,15.244236750376702],[76.80220254579716,15.24402287039078],[76.80227757039475,15.244753346959797],[76.81002736599525,15.244025383843518],[76.81759211583375,15.275994706065154],[76.80048194504133,15.278359247361843],[76.79633998304783,15.280424034671457],[76.79682375367612,15.281736438130412],[76.77726901367066,15.289474414854464]]]}},{"type":"Feature","properties":{"type":"village","name":"Yelubemchi","taluk":"Bellary","district":"Ballari","village_code":"604873"},"geometry":{"type":"Polygon","coordinates":[[[76.74360731010647,15.290398060099315],[76.71633408887304,15.290471018166611],[76.71752690783988,15.27160051185484],[76.71223464683688,15.272497218140295],[76.70990996588338,15.255941572394017],[76.70989474572752,15.252796573594594],[76.71127887440888,15.251098637342125],[76.71082311235284,15.246501050855937],[76.71444085707239,15.243408761917925],[76.71584256398724,15.24050733011425],[76.71849969885096,15.239408160378051],[76.72268376128854,15.239284474084512],[76.72498176587135,15.2368976346296],[76.72813210636882,15.235766510060637],[76.72887533111239,15.236504800356993],[76.73349158471126,15.236668650334796],[76.73339840516178,15.240173015976273],[76.73586802928637,15.240319407293748],[76.73564082289313,15.241795001676373],[76.74151087669362,15.241773612832489],[76.74166353190144,15.243046199321217],[76.74578605794542,15.243191631789214],[76.74648947115224,15.244168763271484],[76.74523696991454,15.246456494792913],[76.74461642359773,15.251590092106225],[76.7468453010228,15.279544638900353],[76.74360731010647,15.290398060099315]]]}},{"type":"Feature","properties":{"type":"village","name":"Korlagundi","taluk":"Bellary","district":"Ballari","village_code":"604889"},"geometry":{"type":"Polygon","coordinates":[[[76.98168184863643,15.299241545754308],[76.97481844408298,15.298593365865335],[76.9585616683189,15.290520891360307],[76.9573107921335,15.290717171845065],[76.95521141224654,15.288387282720942],[76.9535365033993,15.28789815582097],[76.95343463534438,15.285254236148287],[76.94429440488926,15.285041635361216],[76.9446357629006,15.279851448150307],[76.94047909009599,15.278736333278944],[76.94049806790471,15.27491720541272],[76.9389039706021,15.274271299613998],[76.93896003984885,15.271057887217761],[76.94021241442412,15.267657082741916],[76.94090606384214,15.259739498176389],[76.9427214997425,15.259053509239196],[76.9431845112029,15.25570432357657],[76.94469737924425,15.255253382732963],[76.94496739575067,15.252319901038142],[76.96278563392141,15.252938970300882],[76.98711709987313,15.25133852172701],[76.9973521709454,15.249381496348688],[77.00303141000315,15.275875321334533],[76.99807902389294,15.285768473619527],[76.99771955225219,15.29229052420345],[76.98168184863643,15.299241545754308]]]}},{"type":"Feature","properties":{"type":"village","name":"Hospet (CMC)","taluk":"Hospet","district":"Ballari","village_code":"803109"},"geometry":{"type":"Polygon","coordinates":[[[76.38124825768402,15.291324260085085],[76.36744986722198,15.291558913286448],[76.36687728734812,15.290524145127375],[76.36813432597633,15.286592958018081],[76.3652900783271,15.286041530916364],[76.36410775437773,15.28401704116963],[76.36565812438722,15.280018072835846],[76.36456896471594,15.276642544215635],[76.35759627561657,15.2713280640387],[76.3570501160935,15.26353762913319],[76.34896699970852,15.263884785028418],[76.34571341673379,15.263093532412991],[76.34246486881622,15.260521896838654],[76.35252915667827,15.252570385168355],[76.35451824231299,15.249711031679464],[76.35632286429399,15.249239796647625],[76.35669975336975,15.25029720071601],[76.36325797506836,15.248865294215578],[76.36527973242998,15.249761088763838],[76.3694252508537,15.248891105912405],[76.38595123194547,15.249435048854336],[76.39963870292782,15.25251655092636],[76.40147996359602,15.249461131753687],[76.40711612035103,15.246794379262889],[76.41320419167772,15.248027091829842],[76.42027032083799,15.25147435087563],[76.42082499908489,15.25560886012555],[76.4220491530855,15.255608615727414],[76.42306267460984,15.251089196611177],[76.42292189063853,15.24519664694662],[76.42442522306314,15.245169275597238],[76.42450643884966,15.254053734283936],[76.4268810230138,15.25746938557878],[76.42708235702854,15.262399244297628],[76.42605454330801,15.265811042941806],[76.42722353086869,15.268522028275385],[76.4255204661255,15.271197461171223],[76.42595890776455,15.274812310166864],[76.42359377836875,15.284071527638304],[76.40018530711696,15.283627842658976],[76.3969314690207,15.28468550418844],[76.39518561482555,15.283343581251142],[76.38124825768402,15.291324260085085]]]}},{"type":"Feature","properties":{"type":"village","name":" ","taluk":"Hospet","district":"Ballari","village_code":" "},"geometry":{"type":"Polygon","coordinates":[[[76.33974868499394,15.25405595988346],[76.33647490789163,15.257393914875323],[76.32907389577657,15.258513087256917],[76.32383307320507,15.257337021717841],[76.31783900518298,15.253575907577188],[76.31952869221496,15.251088524068487],[76.32128226114173,15.239721806928207],[76.32273476329429,15.238023058683181],[76.32178090876941,15.236974476069635],[76.32194953242971,15.232645668398675],[76.33175547469753,15.233610328662127],[76.33340410063619,15.231718393079326],[76.33484108708717,15.233493467225825],[76.3435440464081,15.234724057095201],[76.3422857528334,15.24509890275911],[76.33796816301538,15.251087219717034],[76.33974868499394,15.25405595988346]]]}},{"type":"Feature","properties":{"type":"village","name":"Jalihal","taluk":"Bellary","district":"Ballari","village_code":"604907"},"geometry":{"type":"Polygon","coordinates":[[[77.1388467761377,15.264557146133786],[77.10585418361117,15.26083129221651],[77.10644830418728,15.277233057581885],[77.08853056592072,15.27521198464711],[77.05277188276801,15.273097629209003],[77.06140486781986,15.248246336889013],[77.07357120626023,15.249275295250154],[77.07697336968462,15.251100926240477],[77.10584922670746,15.260009497169488],[77.10559462978289,15.251104854028135],[77.10928543089123,15.24215277696048],[77.12524457863202,15.2419119408386],[77.12828843103907,15.239869494313574],[77.13253764738589,15.23972033869506],[77.13285419662401,15.24171762029923],[77.13624252509472,15.240985424011049],[77.14030142526377,15.247510292685323],[77.1406884383528,15.251102223658435],[77.14380230455474,15.257239522373451],[77.14207089886266,15.257429452832914],[77.1388467761377,15.264557146133786]]]}},{"type":"Feature","properties":{"type":"village","name":" ","taluk":"Hospet","district":"Ballari","village_code":" "},"geometry":{"type":"Polygon","coordinates":[[[76.34246486881622,15.260521896838654],[76.33980554835144,15.263749305355699],[76.33866637767163,15.261989813988514],[76.33895627838687,15.260010860397196],[76.34261500514799,15.252718143260937],[76.34108845396823,15.252401520878163],[76.33974868499394,15.25405595988346],[76.33796816301538,15.251087219717034],[76.3422857528334,15.24509890275911],[76.34584101523339,15.25004743408975],[76.35451824231299,15.249711031679464],[76.35252915667827,15.252570385168355],[76.34246486881622,15.260521896838654]]]}},{"type":"Feature","properties":{"type":"village","name":" ","taluk":"Bellary","district":"Ballari","village_code":" "},"geometry":{"type":"Polygon","coordinates":[[[76.83341005559839,15.276174720668045],[76.81759211583375,15.275994706065154],[76.8090130737164,15.239578305726496],[76.80884417786656,15.238427778201729],[76.81044303534185,15.238117867070976],[76.80901568601723,15.231278405178529],[76.83090802205501,15.234461587990937],[76.83583449087092,15.242356177667919],[76.83688774128707,15.242721600741351],[76.85613981911034,15.237120360839238],[76.8570416396207,15.238757296899234],[76.86082009024963,15.249611496420371],[76.86034967936625,15.252467496372352],[76.86208548859987,15.257054080143893],[76.86197358007503,15.260126813585055],[76.86440308004914,15.263741927764391],[76.86477970771514,15.266420004967628],[76.84237898182046,15.272548143316305],[76.83341005559839,15.276174720668045]]]}},{"type":"Feature","properties":{"type":"village","name":" ","taluk":"Hospet","district":"Ballari","village_code":" "},"geometry":{"type":"Polygon","coordinates":[[[76.33245691340734,15.262449612946048],[76.32293743669712,15.265054698153179],[76.31970717668213,15.264430354797302],[76.31485739434703,15.262906174033866],[76.30287401937386,15.255726748394364],[76.3006594368399,15.25296961578797],[76.30037947239002,15.251090721098999],[76.30141608421044,15.24547717165424],[76.30096095995827,15.242607635724088],[76.29287485128506,15.234990695782574],[76.29154015509717,15.23225640328994],[76.29136670658546,15.223066509659887],[76.2958528481986,15.22563707871021],[76.30011554017301,15.231399838269871],[76.30553879171414,15.23302198782898],[76.30743896210203,15.234507980632198],[76.31165520039643,15.242543473767471],[76.31105180920663,15.24479380387077],[76.31211804477017,15.244839064050232],[76.31733147770868,15.25420385993117],[76.321523881902,15.259256899655744],[76.32317171283165,15.258800863621845],[76.33245691340734,15.262449612946048]]]}},{"type":"Feature","properties":{"type":"village","name":" ","taluk":"Hospet","district":"Ballari","village_code":" "},"geometry":{"type":"Polygon","coordinates":[[[76.45735189631577,15.274342505862704],[76.45750709375582,15.27852675799618],[76.44874593797752,15.277368447959184],[76.44005846920538,15.273579778217174],[76.4399789961505,15.27251344504408],[76.43360504317116,15.267598752058372],[76.42533529010778,15.255571782671403],[76.42450643884966,15.254053734283936],[76.42425276988479,15.24381821630151],[76.42538306520956,15.240849216261616],[76.4240452617491,15.231970166351212],[76.42880607224348,15.227957527073984],[76.43942111810456,15.24384622659097],[76.43963543457178,15.260050864583562],[76.44050632698521,15.26159603258302],[76.44949809197504,15.2719321701376],[76.4529387562942,15.27365267714222],[76.45735189631577,15.274342505862704]]]}},{"type":"Feature","properties":{"type":"village","name":"Mavinahalli","taluk":"Hospet","district":"Ballari","village_code":"604769"},"geometry":{"type":"Polygon","coordinates":[[[76.71746975342826,15.279191942111947],[76.71633408887304,15.290471018166611],[76.70955063707478,15.290442095590816],[76.70975964809195,15.288719098161016],[76.7051802361995,15.284451622312693],[76.70447964729593,15.282725924007929],[76.69498363098768,15.282526908144698],[76.6939051936076,15.281682638230993],[76.68754957344659,15.282226063807602],[76.68556214700024,15.277801418930892],[76.68603928716338,15.275507131762899],[76.68943105528331,15.275179665575518],[76.69087682366452,15.27300730386878],[76.69889939809094,15.275978607683866],[76.69943230476864,15.278605301740592],[76.71746975342826,15.279191942111947]]]}},{"type":"Feature","properties":{"type":"village","name":"Sankalapuram","taluk":"Hospet","district":"Ballari","village_code":"604768"},"geometry":{"type":"Polygon","coordinates":[[[76.70955063707478,15.290442095590816],[76.69352037600116,15.290803947245209],[76.68480998401958,15.294102167408205],[76.68348508755312,15.291348269413543],[76.68527126173144,15.286275451745523],[76.68495823658417,15.28305302226279],[76.6939051936076,15.281682638230993],[76.69498363098768,15.282526908144698],[76.70447964729593,15.282725924007929],[76.7051802361995,15.284451622312693],[76.70975964809195,15.288719098161016],[76.70955063707478,15.290442095590816]]]}},{"type":"Feature","properties":{"type":"village","name":"Devalapura","taluk":"Hospet","district":"Ballari","village_code":"604763"},"geometry":{"type":"Polygon","coordinates":[[[76.66282065777888,15.291117177346475],[76.6545541709899,15.292715798374008],[76.64727145711632,15.296792792780838],[76.64615293870493,15.295931077162324],[76.63658065632734,15.295068568620524],[76.62868271416345,15.29559210809572],[76.62855026476134,15.291148518267683],[76.61726624620314,15.293039504268366],[76.6156681549908,15.285612135821866],[76.61264157179679,15.283739073997937],[76.61196114378313,15.274962142799062],[76.60899334903628,15.269041828771474],[76.61844742300391,15.269209597293278],[76.64119545196053,15.266706138661556],[76.6521211918407,15.274179167086015],[76.66422435805532,15.275727387158213],[76.6631951869804,15.280658550159623],[76.66438786131853,15.285882234971675],[76.66282065777888,15.291117177346475]]]}},{"type":"Feature","properties":{"type":"village","name":"Arlihalli","taluk":"Hospet","district":"Ballari","village_code":"604749"},"geometry":{"type":"Polygon","coordinates":[[[76.31783900518298,15.253575907577188],[76.31211804477017,15.244839064050232],[76.31105180920663,15.24479380387077],[76.31102925340817,15.242633287847232],[76.31325468040421,15.242116331568324],[76.31114663716465,15.237839781067068],[76.3128173203368,15.23593274761873],[76.31076058976454,15.234779935346308],[76.31305566583956,15.232823985773216],[76.31487757589822,15.225183309209664],[76.31685537420138,15.225414310008476],[76.31819411909623,15.231456253928044],[76.32194953242971,15.232645668398675],[76.32178090876941,15.236974476069635],[76.32273476329429,15.238023058683181],[76.32128226114173,15.239721806928207],[76.31952869221496,15.251088524068487],[76.31783900518298,15.253575907577188]]]}},{"type":"Feature","properties":{"type":"village","name":"Byluvadigeri","taluk":"Hospet","district":"Ballari","village_code":"604740"},"geometry":{"type":"Polygon","coordinates":[[[76.5451737272488,15.239023336765104],[76.54412933332307,15.251095481765052],[76.54283132702633,15.253154533820757],[76.52987700618166,15.260466367753228],[76.52367463681149,15.257429285568955],[76.51726236888867,15.258330578024776],[76.51254035303812,15.255105688822981],[76.5027345221614,15.253447817407867],[76.50480496012659,15.251090332826958],[76.50547264374126,15.24871635731769],[76.50637098956811,15.23908764973975],[76.50432083376545,15.237376186567609],[76.50818253486503,15.236019470256895],[76.5127665748778,15.237427581360713],[76.52587014721367,15.23640307813004],[76.52804285927222,15.234365762127007],[76.53284570463371,15.232470084619703],[76.53410120265121,15.23069004742394],[76.5333321684112,15.223637729713884],[76.54427104615242,15.224232341131051],[76.54377464341461,15.237757639866858],[76.5451737272488,15.239023336765104]]]}},{"type":"Feature","properties":{"type":"village","name":"Rajapura","taluk":"Hospet","district":"Ballari","village_code":"604724"},"geometry":{"type":"Polygon","coordinates":[[[76.40779504188993,15.236414999261301],[76.38524038787465,15.243104377347409],[76.37732336459578,15.228789203786919],[76.38432258992866,15.219548329134676],[76.39082345060312,15.227951988387833],[76.3951927411607,15.230018419608049],[76.39799339806076,15.228712902822892],[76.40202668276949,15.231105489016045],[76.40779504188993,15.236414999261301]]]}},{"type":"Feature","properties":{"type":"village","name":"Dasara Nagenahalli","taluk":"Bellary","district":"Ballari","village_code":"604909"},"geometry":{"type":"Polygon","coordinates":[[[77.10928543089123,15.24215277696048],[77.10559462978289,15.251104854028135],[77.10584922670746,15.260009497169488],[77.07697336968462,15.251100926240477],[77.07357120626023,15.249275295250154],[77.06140486781986,15.248246336889013],[77.06196353997653,15.23983078463973],[77.08520862025456,15.24203432984629],[77.10928543089123,15.24215277696048]]]}},{"type":"Feature","properties":{"type":"village","name":"Moka","taluk":"Bellary","district":"Ballari","village_code":"604897"},"geometry":{"type":"Polygon","coordinates":[[[77.06140486781986,15.248246336889013],[77.05785452369608,15.259854477407822],[77.05706700212754,15.2483262656654],[77.04952706735044,15.247858334825574],[77.04351426855636,15.246148126952555],[77.02604128708529,15.247356382603256],[77.02587876478242,15.246502293700349],[77.02414731058128,15.246605407291174],[77.01019723060035,15.248460235978428],[76.9974503648908,15.248398504272906],[76.99464695824766,15.233491295147198],[77.01273199426116,15.23443543735815],[77.01529217395628,15.233632410869935],[77.01282642067224,15.214562195152556],[77.03752197111366,15.217867630716176],[77.06479287379537,15.217488324881268],[77.06713806328682,15.218627712184242],[77.06472438264488,15.22892071104984],[77.0648903338172,15.234673114083149],[77.06183141037462,15.238382117079228],[77.06140486781986,15.248246336889013]]]}},{"type":"Feature","properties":{"type":"village","name":"Kottiginahal","taluk":"Hospet","district":"Ballari","village_code":"604744"},"geometry":{"type":"Polygon","coordinates":[[[76.57623631723513,15.193496563310193],[76.5786526065847,15.198349249842373],[76.57980916595345,15.205542131346732],[76.58422166996776,15.219530001331641],[76.58545194868198,15.221123408190792],[76.58395308268099,15.235601972920053],[76.58552063386861,15.24054578831414],[76.58325082560593,15.247714549701842],[76.58336834410972,15.254397575261606],[76.58137327839016,15.252955814052612],[76.58097031930653,15.248053760787183],[76.57206888800336,15.234837899839501],[76.56946514001696,15.22626239626757],[76.56502748586959,15.218436008723058],[76.56184537555382,15.208829282587432],[76.55586653128087,15.201954546981781],[76.55907796889572,15.199854316107967],[76.56456000529072,15.198667498339134],[76.57002876189085,15.194285855722123],[76.57623631723513,15.193496563310193]]]}},{"type":"Feature","properties":{"type":"village","name":"Gotur","taluk":"Bellary","district":"Ballari","village_code":"604898"},"geometry":{"type":"Polygon","coordinates":[[[77.05554920592851,15.26589982013368],[77.0523891258968,15.265937447799677],[77.05277479690275,15.264776288145681],[77.04978653943205,15.264036104791348],[77.03751694593798,15.263376283858369],[77.0219579051298,15.25995328590124],[77.00715066528119,15.261251704206131],[77.00092307301446,15.263744069198475],[76.99999066307204,15.263271043992733],[76.9974503648908,15.248398504272906],[77.01019723060035,15.248460235978428],[77.02414731058128,15.246605407291174],[77.02587876478242,15.246502293700349],[77.02604128708529,15.247356382603256],[77.04351426855636,15.246148126952555],[77.04952706735044,15.247858334825574],[77.05706700212754,15.2483262656654],[77.05785452369608,15.259854477407822],[77.05554920592851,15.26589982013368]]]}},{"type":"Feature","properties":{"type":"village","name":"Vyasanakeri","taluk":"Hospet","district":"Ballari","village_code":"604698"},"geometry":{"type":"Polygon","coordinates":[[[76.35632286429399,15.249239796647625],[76.34659784226697,15.250112898980209],[76.3504819212986,15.245854602636259],[76.35120367361193,15.243721952678985],[76.35336328733534,15.243442006325159],[76.35654318959216,15.231910566362862],[76.3561572679562,15.227409897658331],[76.35806640442894,15.215494128073928],[76.35846205122616,15.214405174189599],[76.36024906802423,15.214821109067097],[76.36046315991264,15.21387662057472],[76.35210101691894,15.210495809966918],[76.3497367858384,15.211796969394097],[76.34831765070878,15.210757422165338],[76.3490112031087,15.208701552661246],[76.34813675336673,15.20600828470594],[76.35376929260609,15.188367794194251],[76.36938953383799,15.191703798103545],[76.37214883589562,15.193696630909374],[76.37689504337673,15.191672349596614],[76.38580583782013,15.191672184014278],[76.39956550191027,15.193935186702856],[76.40916032122168,15.19378496085745],[76.39888743377087,15.20629396139693],[76.38432258992866,15.219548329134676],[76.37732336459578,15.228789203786919],[76.3810374275784,15.236037213307638],[76.37535477582092,15.238956220770124],[76.37235737170397,15.24285587364206],[76.36522216838658,15.248259943061667],[76.35669975336975,15.25029720071601],[76.35632286429399,15.249239796647625]]]}},{"type":"Feature","properties":{"type":"village","name":"Papinayakanahalli","taluk":"Hospet","district":"Ballari","village_code":"604739"},"geometry":{"type":"Polygon","coordinates":[[[76.50480496012659,15.251090332826958],[76.49511601983126,15.263291367295457],[76.49051139312711,15.261260248377974],[76.48385059460281,15.26138104537263],[76.48073117411747,15.259642773859781],[76.47548925021138,15.25109304033119],[76.47464718383712,15.238903936219941],[76.4782101582738,15.234618595729097],[76.47685028680004,15.222920293566826],[76.47996356280886,15.209974275816322],[76.48654750057914,15.202436983061371],[76.48769330711393,15.195771299947863],[76.4953932192667,15.185293048430214],[76.49974484804748,15.181735290069602],[76.50056367500537,15.182020452577074],[76.49853077763596,15.189251057967427],[76.49797617664416,15.198578670237216],[76.4947851397694,15.201109343217388],[76.49680993433499,15.215955933102983],[76.49900316391464,15.219983193587161],[76.50048987570986,15.227416861338945],[76.50432083376545,15.237376186567609],[76.50637098956811,15.23908764973975],[76.50547264374126,15.24871635731769],[76.50480496012659,15.251090332826958]]]}},{"type":"Feature","properties":{"type":"village","name":"Kallukutiganahalu","taluk":"Bellary","district":"Ballari","village_code":"604899"},"geometry":{"type":"Polygon","coordinates":[[[77.0529522797484,15.27601176461123],[77.0454669337945,15.276289265408687],[77.04441067671713,15.275231528605595],[77.04205056800545,15.27514021108396],[77.02892768009436,15.276268992759348],[77.02892988366175,15.271461048226971],[77.02674216973793,15.271356150386698],[77.02690155512387,15.268866438321641],[77.01669281277425,15.269175097787972],[77.00292166012993,15.273770712131473],[77.00092307301446,15.263744069198475],[77.00715066528119,15.261251704206131],[77.0219579051298,15.25995328590124],[77.03751694593798,15.263376283858369],[77.04978653943205,15.264036104791348],[77.05277479690275,15.264776288145681],[77.0523891258968,15.265937447799677],[77.05554920592851,15.26589982013368],[77.0531479570718,15.270356790575883],[77.0529522797484,15.27601176461123]]]}},{"type":"Feature","properties":{"type":"village","name":"Byradevanahalli","taluk":"Bellary","district":"Ballari","village_code":"604911"},"geometry":{"type":"Polygon","coordinates":[[[77.07308875166386,15.205651522907946],[77.06713806328682,15.218627712184242],[77.06479287379537,15.217488324881268],[77.03752197111366,15.217867630716176],[77.01282642067224,15.214562195152556],[77.01160400491173,15.203047873575127],[77.02527989122014,15.20408926278924],[77.02227985414109,15.191670457970012],[77.03705794725198,15.192237231721716],[77.03946295376156,15.19407731460333],[77.05711345490919,15.191291014837503],[77.0589611286502,15.189868203429533],[77.05664539401859,15.185362309880924],[77.05816293419774,15.183225374163609],[77.06125199162648,15.185020241788719],[77.0631305566335,15.189272965369188],[77.06513083437832,15.190986115411212],[77.0655676159307,15.193123631410156],[77.07243837139814,15.201173223060088],[77.07308875166386,15.205651522907946]]]}},{"type":"Feature","properties":{"type":"village","name":"Gollanaganahalli","taluk":"Bellary","district":"Ballari","village_code":"604915"},"geometry":{"type":"Polygon","coordinates":[[[77.1178870422818,15.218708114224176],[77.08651125916322,15.219996819790683],[77.07971216230601,15.219670112248657],[77.07948445734779,15.218205944229291],[77.06713806328682,15.218627712184242],[77.07308875166386,15.205651522907946],[77.11122016485798,15.202473563620247],[77.11281526108716,15.206132143983474],[77.1165984350579,15.207424724180127],[77.1178870422818,15.218708114224176]]]}},{"type":"Feature","properties":{"type":"village","name":"Buvvanahalli","taluk":"Hospet","district":"Ballari","village_code":"604746"},"geometry":{"type":"Polygon","coordinates":[[[76.60365736433344,15.195512065286048],[76.60788587900456,15.206761580689669],[76.61443223216166,15.21884524819033],[76.61548947379256,15.22212273857925],[76.61391573680588,15.225690300949605],[76.60740241200685,15.22237891885667],[76.60577004108328,15.22054249564184],[76.60243152239842,15.220055794717446],[76.59686320821027,15.195091183002692],[76.60365736433344,15.195512065286048]]]}},{"type":"Feature","properties":{"type":"village","name":"Kolagallu","taluk":"Bellary","district":"Ballari","village_code":"604922"},"geometry":{"type":"Polygon","coordinates":[[[76.87258831062744,15.232316194733421],[76.84125169136031,15.241699706117636],[76.83583449087092,15.242356177667919],[76.82944128160517,15.233146468283222],[76.82876491307832,15.22982265618389],[76.82703513872676,15.227320448926294],[76.82707592583394,15.213569393419919],[76.82299828231648,15.199433864665385],[76.83044536363255,15.19956341460922],[76.82808105978849,15.17634305215227],[76.82447263239507,15.16867224606509],[76.8390547337722,15.165744235856577],[76.84404725930425,15.163206698593292],[76.85238625630635,15.162386039176958],[76.85930568608913,15.159756965724744],[76.8595021359637,15.161801495848394],[76.85347886640665,15.164054638735452],[76.8542684334391,15.167171463413466],[76.85656371522829,15.172038678244904],[76.85925446774489,15.171871082855578],[76.86026629055506,15.175970870237192],[76.86211778662758,15.176018968112096],[76.86362355169001,15.178008979583918],[76.86688185261659,15.185105795058933],[76.86865944788396,15.183307760297954],[76.86925211588422,15.177625667701854],[76.8795154749048,15.172249467597208],[76.88347644074159,15.17773184856921],[76.89966983137924,15.207588902788945],[76.90128893059286,15.222161571995574],[76.88432425813035,15.219368582413862],[76.87636879144888,15.221194887286371],[76.8708580547789,15.223513950071458],[76.87258831062744,15.232316194733421]]]}},{"type":"Feature","properties":{"type":"village","name":"Gundlavaddigeri","taluk":"Hospet","district":"Ballari","village_code":"604741"},"geometry":{"type":"Polygon","coordinates":[[[76.5333321684112,15.223637729713884],[76.53410120265121,15.23069004742394],[76.53284570463371,15.232470084619703],[76.52804285927222,15.234365762127007],[76.52587014721367,15.23640307813004],[76.5127665748778,15.237427581360713],[76.50818253486503,15.236019470256895],[76.50432083376545,15.237376186567609],[76.50048987570986,15.227416861338945],[76.49900316391464,15.219983193587161],[76.49641710824774,15.214650887361586],[76.4947851397694,15.201109343217388],[76.49797617664416,15.198578670237216],[76.50087113329285,15.205093219831296],[76.50412146436622,15.217358864835418],[76.51470556416407,15.221192450706303],[76.51619944182029,15.225246424183505],[76.52609272458824,15.225016821326511],[76.5333321684112,15.223637729713884]]]}},{"type":"Feature","properties":{"type":"village","name":"Kappagallu","taluk":"Bellary","district":"Ballari","village_code":"604895"},"geometry":{"type":"Polygon","coordinates":[[[76.99464695824766,15.233491295147198],[76.9720483945813,15.233392318199137],[76.96467203942417,15.225396656207636],[76.95486138189946,15.244337589974108],[76.95155136855522,15.24565356707391],[76.95155200725738,15.247461380833897],[76.9440654809172,15.24684288565569],[76.94308616005232,15.243026450423626],[76.94432761111374,15.243099098206809],[76.94705056014845,15.230059532027575],[76.94862992687702,15.22852501193862],[76.94674694575208,15.221987962706029],[76.9451294742858,15.221970121389365],[76.94636839479303,15.214701615911217],[76.94151109086407,15.198322305850663],[76.96257273319907,15.196982274620282],[76.97463267427885,15.197405114057618],[76.98243426584033,15.199427857107944],[76.98515137762234,15.202081758267193],[76.9878507270162,15.20272203783908],[76.99070996664918,15.204968591897698],[77.00225821386843,15.206097486763749],[77.01226632019429,15.208999347761486],[77.01282642067224,15.214562195152556],[77.005101397014,15.214530985832548],[76.99759742808597,15.212839937231248],[76.9951546887412,15.215718166765944],[76.99419313026446,15.218236109360655],[76.99513440208715,15.223606010331489],[76.99402717909213,15.23051137720183],[76.99464695824766,15.233491295147198]]]}},{"type":"Feature","properties":{"type":"village","name":"Kallahalli","taluk":"Hospet","district":"Ballari","village_code":"604725"},"geometry":{"type":"Polygon","coordinates":[[[76.41724807381183,15.232766315421628],[76.40779504188993,15.236414999261301],[76.40202668276949,15.231105489016045],[76.39799339806076,15.228712902822892],[76.3951927411607,15.230018419608049],[76.39082345060312,15.227951988387833],[76.38432258992866,15.219548329134676],[76.39888743377087,15.20629396139693],[76.40916032122168,15.19378496085745],[76.41971616002067,15.205120752428057],[76.42322993193261,15.207126359928735],[76.4313435586979,15.217133589204657],[76.41852971100747,15.229440781117074],[76.41724807381183,15.232766315421628]]]}},{"type":"Feature","properties":{"type":"village","name":"Kurekuppa (CT)","taluk":"Sandur","district":"Ballari","village_code":"605047"},"geometry":{"type":"Polygon","coordinates":[[[76.6706191941701,15.211901697576433],[76.66572173195465,15.214479717207036],[76.66562702976078,15.224132412427357],[76.66017411944225,15.226054429395367],[76.65858184212642,15.228210097075811],[76.65469728429275,15.230717411123223],[76.6479894329122,15.233904450790547],[76.6472899112072,15.235755366360106],[76.64519043789542,15.23524012579655],[76.63510136910796,15.244306489074107],[76.6324762061835,15.240063481138447],[76.62964643398678,15.237840320175195],[76.62875742165572,15.236109601749574],[76.62832920194631,15.22902425711047],[76.62203730018672,15.212562463627622],[76.63003584827254,15.207758851938133],[76.64415010615141,15.203775368979137],[76.6443430606812,15.202674200911831],[76.64608016438713,15.20211176620076],[76.64525810798578,15.183837418738525],[76.64906692795954,15.157221915315143],[76.65705452558204,15.16035114591745],[76.65940663659273,15.179302450803307],[76.66918063836232,15.197575328884493],[76.6706191941701,15.211901697576433]]]}},{"type":"Feature","properties":{"type":"village","name":"Thimmalapura","taluk":"Bellary","district":"Ballari","village_code":"604874"},"geometry":{"type":"Polygon","coordinates":[[[76.72813210636882,15.235766510060637],[76.72498176587135,15.2368976346296],[76.72268376128854,15.239284474084512],[76.71849969885096,15.239408160378051],[76.71584256398724,15.24050733011425],[76.71444085707239,15.243408761917925],[76.71082311235284,15.246501050855937],[76.69932908205426,15.239455726342968],[76.69765616387369,15.233337977197293],[76.69599960760773,15.2343596489558],[76.69103993616056,15.21703103587163],[76.68886153417299,15.217098705821032],[76.69751613628382,15.204824880632069],[76.69912871732171,15.198376152219629],[76.70161222401073,15.197540967604732],[76.70369156068709,15.200005088972215],[76.70889576882593,15.200224566959625],[76.7100371538529,15.20481669131831],[76.71269649587727,15.205184607649944],[76.71341914111602,15.207323842626751],[76.72266965055206,15.208408275185876],[76.72559854285724,15.216485488747189],[76.73150579858857,15.216335309309432],[76.73053550938558,15.220745292273563],[76.72806525733861,15.22259002369449],[76.72965874109187,15.2264392021852],[76.7267276676772,15.228365512883862],[76.72813210636882,15.235766510060637]]]}},{"type":"Feature","properties":{"type":"village","name":"Vadrahalli","taluk":"Hospet","district":"Ballari","village_code":"604738"},"geometry":{"type":"Polygon","coordinates":[[[76.47464718383712,15.238903936219941],[76.46439489116251,15.241171976819427],[76.45869326159632,15.240500799361364],[76.45538233915701,15.223394096927816],[76.45335288592838,15.222585933283506],[76.45287727918941,15.219992336665797],[76.46067112817144,15.21696662774148],[76.46837563161364,15.212286785748045],[76.47996356280886,15.209974275816322],[76.47685028680004,15.222920293566826],[76.4782101582738,15.234618595729097],[76.47464718383712,15.238903936219941]]]}},{"type":"Feature","properties":{"type":"village","name":"Jalibenchi","taluk":"Bellary","district":"Ballari","village_code":"604894"},"geometry":{"type":"Polygon","coordinates":[[[76.9973521709454,15.249381496348688],[76.98711709987313,15.25133852172701],[76.96278563392141,15.252938970300882],[76.94496739575067,15.252319901038142],[76.94528924864223,15.25023912001553],[76.94795934709383,15.24746256733753],[76.95155200725738,15.247461380833897],[76.95155136855522,15.24565356707391],[76.95486138189946,15.244337589974108],[76.96467203942417,15.225396656207636],[76.9720483945813,15.233392318199137],[76.99464695824766,15.233491295147198],[76.9973521709454,15.249381496348688]]]}},{"type":"Feature","properties":{"type":"village","name":"Muthukur","taluk":"Hagaribommanahalli","district":"Ballari","village_code":"604655"},"geometry":{"type":"Polygon","coordinates":[[[76.2136181682269,15.23240583376185],[76.19738061012164,15.233396503742803],[76.1901068488582,15.235450118704069],[76.18749585775568,15.235048688820264],[76.18137043178452,15.232709524810039],[76.16539064255512,15.219766589707964],[76.17439384399684,15.211721599328184],[76.17477486891617,15.209308497319755],[76.17800819577953,15.205634096303452],[76.17817321899219,15.195579845305963],[76.17374171471126,15.188264934710878],[76.18174547482238,15.190021050192426],[76.18794878922024,15.208555263316704],[76.19562342817082,15.211399916171757],[76.20211238257451,15.216567297588467],[76.20909831284114,15.218453733319384],[76.21041282478292,15.212258083855252],[76.22411297458714,15.212117083832164],[76.23267879260523,15.22779325166057],[76.23239151137737,15.230247035831612],[76.22755722498094,15.232716434576496],[76.2136181682269,15.23240583376185]]]}},{"type":"Feature","properties":{"type":"village","name":"Kudathini","taluk":"Bellary","district":"Ballari","village_code":"604875"},"geometry":{"type":"Polygon","coordinates":[[[76.81002736599525,15.244025383843518],[76.80227757039475,15.244753346959797],[76.80220254579716,15.24402287039078],[76.78805766974016,15.244236750376702],[76.78685349427145,15.245112814215068],[76.78448597984861,15.251099902692994],[76.7828368050393,15.251667560850203],[76.77615356390427,15.25188894713317],[76.775699308323,15.245263201059783],[76.75560902777944,15.247827997135571],[76.75542013183812,15.249252369665896],[76.7450493486826,15.250698609288662],[76.74523696991454,15.246456494792913],[76.74648947115224,15.244168763271484],[76.74578605794542,15.243191631789214],[76.74166353190144,15.243046199321217],[76.74151087669362,15.241773612832489],[76.7406369821105,15.241644963371584],[76.73564082289313,15.241795001676373],[76.73586802928637,15.240319407293748],[76.73339840516178,15.240173015976273],[76.73349158471126,15.236668650334796],[76.72887533111239,15.236504800356993],[76.72813210636882,15.235766510060637],[76.7267276676772,15.228365512883862],[76.72965874109187,15.2264392021852],[76.72806525733861,15.22259002369449],[76.73053550938558,15.220745292273563],[76.73150579858857,15.216335309309432],[76.72559854285724,15.216485488747189],[76.72266965055206,15.208408275185876],[76.71341914111602,15.207323842626751],[76.71269649587727,15.205184607649944],[76.7100371538529,15.20481669131831],[76.70889576882593,15.200224566959625],[76.70369156068709,15.200005088972215],[76.70181996031847,15.198041396695876],[76.7062425137859,15.195472744091434],[76.71353037500609,15.186518444172853],[76.71187195832911,15.18162985333679],[76.71775007091603,15.174239447820614],[76.72650330894342,15.167326633752195],[76.73270880355246,15.165200000595528],[76.73668980810828,15.16212086416038],[76.73994159714739,15.161581539195303],[76.74268075268814,15.15951057996834],[76.74373904804288,15.146685887671268],[76.74569307782195,15.146752641958734],[76.75012342417449,15.142012686651901],[76.7543130022679,15.146630344203412],[76.75917191867279,15.149884663384217],[76.76101130096373,15.155240367582525],[76.76447549485513,15.158689861120008],[76.76536235572107,15.161966359359385],[76.77008851819497,15.162324805087879],[76.77115492533672,15.161503785025104],[76.77496495893442,15.162255669608903],[76.77609454369178,15.164199176298094],[76.77827642485447,15.164665605638204],[76.78102942433205,15.167491036033471],[76.78503040831811,15.168152398942768],[76.78649047877697,15.169280890759211],[76.78960416980742,15.187900037890037],[76.79035633188978,15.18809212022803],[76.79200867595539,15.194338271849235],[76.79826072844897,15.22186091686142],[76.799614945028,15.221569260419265],[76.79965178763275,15.223870163280292],[76.80487908516936,15.227542615801969],[76.8067400611631,15.230684174239235],[76.8092600906566,15.231598054021724],[76.81044303534185,15.238117867070976],[76.80884417786656,15.238427778201729],[76.81002736599525,15.244025383843518]]]}},{"type":"Feature","properties":{"type":"village","name":"Gonahal","taluk":"Hospet","district":"Ballari","village_code":"604765"},"geometry":{"type":"Polygon","coordinates":[[[76.63510136910796,15.244306489074107],[76.62760602041335,15.251097010586264],[76.61909942562703,15.25658437129538],[76.61570590579228,15.264220844956142],[76.60899334903628,15.269041828771474],[76.60645787840137,15.263320361211933],[76.60608483770827,15.257270058034893],[76.60427900300164,15.253331323198141],[76.60561952566248,15.25109553809919],[76.6041406103456,15.247667221345745],[76.60470408938733,15.244617167652347],[76.59949250428335,15.24191857988721],[76.5990703940162,15.240219929992122],[76.60218482436014,15.226491073778448],[76.60243152239842,15.220055794717446],[76.60577004108328,15.22054249564184],[76.60740241200685,15.22237891885667],[76.61348293928178,15.225726132904404],[76.61530935259496,15.223768467884053],[76.61548947379256,15.22212273857925],[76.60788587900456,15.206761580689669],[76.60538728061881,15.19976601470817],[76.61517844560016,15.201699172344101],[76.61823541341033,15.208739515630656],[76.6223257869537,15.212910426610675],[76.62832920194631,15.22902425711047],[76.62875742165572,15.236109601749574],[76.63510136910796,15.244306489074107]]]}},{"type":"Feature","properties":{"type":"village","name":"Daroji","taluk":"Sandur","district":"Ballari","village_code":"605015"},"geometry":{"type":"Polygon","coordinates":[[[76.68603928716338,15.275507131762899],[76.68026488687265,15.273356503112039],[76.67212773682334,15.272124650684486],[76.6659277390055,15.273797650793998],[76.66422435805532,15.275727387158213],[76.6521211918407,15.274179167086015],[76.64119545196053,15.266706138661556],[76.61844742300391,15.269209597293278],[76.60899334903628,15.269041828771474],[76.61570590579228,15.264220844956142],[76.61909942562703,15.25658437129538],[76.62760602041335,15.251097010586264],[76.64519043789542,15.23524012579655],[76.6472899112072,15.235755366360106],[76.6479894329122,15.233904450790547],[76.65469728429275,15.230717411123223],[76.65858184212642,15.228210097075811],[76.66017411944225,15.226054429395367],[76.66562702976078,15.224132412427357],[76.66572173195465,15.214479717207036],[76.6706191941701,15.211901697576433],[76.68171935813234,15.216749140070702],[76.69103993616056,15.21703103587163],[76.69599960760773,15.2343596489558],[76.69765616387369,15.233337977197293],[76.69932908205426,15.239455726342968],[76.71082311235284,15.246501050855937],[76.70851064040238,15.248508126637343],[76.70836688660073,15.249823182343063],[76.70485683191744,15.251098523807201],[76.70218558362228,15.262089708235441],[76.69165618403872,15.26062434057025],[76.68915209604825,15.261022696178587],[76.68989257913358,15.262143103240899],[76.68769651357259,15.265410722258483],[76.69088647696056,15.270055072583876],[76.69087682366452,15.27300730386878],[76.68943105528331,15.275179665575518],[76.68603928716338,15.275507131762899]]]}},{"type":"Feature","properties":{"type":"village","name":"Honnahalli","taluk":"Hospet","district":"Ballari","village_code":"604770"},"geometry":{"type":"Polygon","coordinates":[[[76.71746975342826,15.279191942111947],[76.69943230476864,15.278605301740592],[76.69889939809094,15.275978607683866],[76.69087682366452,15.27300730386878],[76.69088647696056,15.270055072583876],[76.68769651357259,15.265410722258483],[76.68989257913358,15.262143103240899],[76.68915209604825,15.261022696178587],[76.69165618403872,15.26062434057025],[76.70218558362228,15.262089708235441],[76.70485683191744,15.251098523807201],[76.70836688660073,15.249823182343063],[76.70851064040238,15.248508126637343],[76.71082311235284,15.246501050855937],[76.71127887440888,15.251098637342125],[76.70989474572752,15.252796573594594],[76.71018214732963,15.261445276108246],[76.71223464683688,15.272497218140295],[76.71752690783988,15.27160051185484],[76.71746975342826,15.279191942111947]]]}},{"type":"Feature","properties":{"type":"village","name":"Ingaligi","taluk":"Hospet","district":"Ballari","village_code":"604737"},"geometry":{"type":"Polygon","coordinates":[[[76.4846326939403,15.261417333162413],[76.48457470499376,15.275379618249083],[76.47923836815134,15.27196596205016],[76.4764408023542,15.272048530971961],[76.47511802591183,15.270390744796146],[76.47276708720258,15.269971507153455],[76.46452430964885,15.272152820985271],[76.46094421242456,15.2710154317942],[76.45735189631577,15.274342505862704],[76.4529387562942,15.27365267714222],[76.44949809197504,15.2719321701376],[76.43963543457178,15.260050864583562],[76.43942111810456,15.24384622659097],[76.43188286677031,15.2329399227554],[76.4377548196093,15.227719328766145],[76.44322243984061,15.225286759162163],[76.44826566988056,15.220644553186672],[76.45324467397096,15.2192873571568],[76.45312940484864,15.222179321415442],[76.45538233915701,15.223394096927816],[76.45869326159632,15.240500799361364],[76.46439489116251,15.241171976819427],[76.47464718383712,15.238903936219941],[76.47548925021138,15.25109304033119],[76.48073117411747,15.259642773859781],[76.4846326939403,15.261417333162413]]]}},{"type":"Feature","properties":{"type":"village","name":"Bennikallu","taluk":"Bellary","district":"Ballari","village_code":"604904"},"geometry":{"type":"Polygon","coordinates":[[[77.10670364132362,15.284594888348071],[77.09671721404051,15.286098816630792],[77.09482615256962,15.29348212518875],[77.05618750115873,15.29208389820365],[77.05391924787979,15.283736567952927],[77.05277188276801,15.273097629209003],[77.08853056592072,15.27521198464711],[77.10644830418728,15.277233057581885],[77.10670364132362,15.284594888348071]]]}},{"type":"Feature","properties":{"type":"village","name":"Masudipura","taluk":"Bellary","district":"Ballari","village_code":"604900"},"geometry":{"type":"Polygon","coordinates":[[[77.0126913427996,15.286898659926816],[76.99771955225219,15.29229052420345],[76.99807902389294,15.285768473619527],[77.00303141000315,15.275875321334533],[77.00292166012993,15.273770712131473],[77.01669281277425,15.269175097787972],[77.02690155512387,15.268866438321641],[77.02674216973793,15.271356150386698],[77.02892988366175,15.271461048226971],[77.02892768009436,15.276268992759348],[77.01545433244146,15.279615526197755],[77.01065481174484,15.279893153078099],[77.0126913427996,15.286898659926816]]]}},{"type":"Feature","properties":{"type":"village","name":"Banapura","taluk":"Bellary","district":"Ballari","village_code":"604901"},"geometry":{"type":"Polygon","coordinates":[[[77.05647105617477,15.293146874665617],[77.04099635010377,15.2923199170382],[77.03293266158342,15.2936676599976],[77.02807326457986,15.291849067089016],[77.0200744083719,15.293806444249372],[77.01954520634645,15.290756060171033],[77.01705039166464,15.288514946032649],[77.01717341324787,15.28593641593536],[77.0126913427996,15.286898659926816],[77.0102959446703,15.280351370337074],[77.02892768009436,15.276268992759348],[77.04205056800545,15.27514021108396],[77.04441067671713,15.275231528605595],[77.0454669337945,15.276289265408687],[77.0529522797484,15.27601176461123],[77.05391924787979,15.283736567952927],[77.05647105617477,15.293146874665617]]]}},{"type":"Feature","properties":{"type":"village","name":"Veniveerapura","taluk":"Bellary","district":"Ballari","village_code":"604876"},"geometry":{"type":"Polygon","coordinates":[[[76.82447263239507,15.16867224606509],[76.82808105978849,15.17634305215227],[76.83044536363255,15.19956341460922],[76.82299828231648,15.199433864665385],[76.82707592583394,15.213569393419919],[76.82703513872676,15.227320448926294],[76.82876491307832,15.22982265618389],[76.82944128160517,15.233146468283222],[76.83090802205501,15.234461587990937],[76.8067400611631,15.230684174239235],[76.80487908516936,15.227542615801969],[76.79965178763275,15.223870163280292],[76.799614945028,15.221569260419265],[76.79826072844897,15.22186091686142],[76.7973215676672,15.218482196861295],[76.78724911501754,15.176156781810391],[76.78760785812456,15.172595896584973],[76.79107739160203,15.171711566088335],[76.79901433681893,15.166272512074752],[76.80281246863741,15.166237217113826],[76.80553866777682,15.166877289811497],[76.80706114419844,15.168356973911425],[76.8160109003723,15.169875406594604],[76.82447263239507,15.16867224606509]]]}},{"type":"Feature","properties":{"type":"village","name":"Sidaragadda","taluk":"Bellary","district":"Ballari","village_code":"604893"},"geometry":{"type":"Polygon","coordinates":[[[76.9440654809172,15.24684288565569],[76.94145119479418,15.247683659907812],[76.94167622097625,15.245601779075422],[76.93990807329071,15.245419650378125],[76.93979557636936,15.246679748230072],[76.92843415896627,15.24549556219995],[76.92824566277525,15.243998124146973],[76.92700421710377,15.244071443292846],[76.92696603061935,15.241551350044565],[76.9216991407349,15.240310621321406],[76.92015599497692,15.236549017900428],[76.91891461398413,15.236476254311748],[76.91880071928419,15.231618663817224],[76.91605449310383,15.230559889083633],[76.91620429705893,15.227163249385713],[76.91360878123379,15.226981076986563],[76.91326995108166,15.22555667931599],[76.90935783922329,15.225155529600594],[76.90911275276265,15.22113796613282],[76.90128893059286,15.222161571995574],[76.90068581698243,15.211350695999817],[76.89966983137924,15.207588902788945],[76.89631327721844,15.201535177262004],[76.90305570475428,15.199651552251556],[76.90345083502022,15.201130650370569],[76.90732461307047,15.200198886263715],[76.90802064302397,15.201477079638604],[76.91102965517102,15.201659327839264],[76.9113299386143,15.198390359773446],[76.918965036421,15.198352590858965],[76.91911517993927,15.197110773652273],[76.92464369606539,15.195977484876506],[76.94074054925103,15.194056129839304],[76.94636839479303,15.214701615911217],[76.9451294742858,15.221970121389365],[76.94674694575208,15.221987962706029],[76.94862992687702,15.22852501193862],[76.94705056014845,15.230059532027575],[76.94432761111374,15.243099098206809],[76.94308616005232,15.243026450423626],[76.9440654809172,15.24684288565569]]]}},{"type":"Feature","properties":{"type":"village","name":"Somalapuram","taluk":"Hospet","district":"Ballari","village_code":"604767"},"geometry":{"type":"Polygon","coordinates":[[[76.68480998401958,15.294102167408205],[76.68019081538759,15.299262947804529],[76.67600239701919,15.297057812893398],[76.6727298020998,15.297609342713482],[76.66289237118635,15.295848379872586],[76.66282065777888,15.291117177346475],[76.66438786131853,15.285882234971675],[76.6631951869804,15.280658550159623],[76.66422435805532,15.275727387158213],[76.6659277390055,15.273797650793998],[76.67212773682334,15.272124650684486],[76.68026488687265,15.273356503112039],[76.68603928716338,15.275507131762899],[76.68556214700024,15.277801418930892],[76.68754957344659,15.282226063807602],[76.68495823658417,15.28305302226279],[76.68527126173144,15.286275451745523],[76.68350346888047,15.289622275210162],[76.68480998401958,15.294102167408205]]]}},{"type":"Feature","properties":{"type":"village","name":" ","taluk":"Hospet","district":"Ballari","village_code":" "},"geometry":{"type":"Polygon","coordinates":[[[76.42545465105621,15.28838213383113],[76.42074813833086,15.288084829855897],[76.41904456783615,15.289223812729437],[76.41490404943534,15.287241786799317],[76.40724965222307,15.288935405667527],[76.40634951695216,15.287762116281074],[76.40718210430359,15.283852904908192],[76.4185920954107,15.284547055314025],[76.4214501941833,15.283918478839658],[76.42359377836875,15.284071527638304],[76.42545465105621,15.28838213383113]]]}},{"type":"Feature","properties":{"type":"village","name":" ","taluk":"Bellary","district":"Ballari","village_code":" "},"geometry":{"type":"Polygon","coordinates":[[[77.14716056192134,15.272947127972191],[77.14712550157412,15.274970845863555],[77.15196919602653,15.275709786111744],[77.1516028253244,15.292460442130379],[77.13329061974862,15.29282373563228],[77.13307104005214,15.293505245237338],[77.1197442848772,15.295761406401326],[77.11963644212734,15.294567938075566],[77.11840090287883,15.294876130797292],[77.11481689888134,15.283312628241998],[77.10670364132362,15.284594888348071],[77.10585418361117,15.26083129221651],[77.1376737686161,15.264606918894561],[77.13796219609425,15.271574763610602],[77.14440684019826,15.270895389949699],[77.14716056192134,15.272947127972191]]]}},{"type":"Feature","properties":{"type":"village","name":" ","taluk":"Hospet","district":"Ballari","village_code":" "},"geometry":{"type":"Polygon","coordinates":[[[76.33866637767163,15.261989813988514],[76.34606167021323,15.269216447797236],[76.34944515317133,15.27413778425788],[76.34140522329362,15.278903851411236],[76.3336808940331,15.263656344913288],[76.33207074114144,15.26210154991282],[76.32317171283165,15.258800863621845],[76.321523881902,15.259256899655744],[76.31729898833983,15.25363903829765],[76.32383307320507,15.257337021717841],[76.33101950205324,15.258545088234886],[76.33647490789163,15.257393914875323],[76.3421962491901,15.252085437089908],[76.34243799391787,15.253838748887086],[76.33895627838687,15.260010860397196],[76.33866637767163,15.261989813988514]]]}},{"type":"Feature","properties":{"type":"village","name":" ","taluk":"Hospet","district":"Ballari","village_code":" "},"geometry":{"type":"Polygon","coordinates":[[[76.36404723667366,15.283519964789534],[76.34580840459193,15.282917123425735],[76.34262414191274,15.283531176146074],[76.34140522329362,15.278903851411236],[76.34944515317133,15.27413778425788],[76.34606167021323,15.269216447797236],[76.33980554835144,15.263749305355699],[76.34246486881622,15.260521896838654],[76.34571341673379,15.263093532412991],[76.34896699970852,15.263884785028418],[76.3570501160935,15.26353762913319],[76.35759627561657,15.2713280640387],[76.36456896471594,15.276642544215635],[76.36565812438722,15.280018072835846],[76.36404723667366,15.283519964789534]]]}},{"type":"Feature","properties":{"type":"village","name":" ","taluk":"Hospet","district":"Ballari","village_code":" "},"geometry":{"type":"Polygon","coordinates":[[[76.37784059567176,15.291071193207756],[76.37638341868647,15.296172825244179],[76.37404645237315,15.297795000374235],[76.37135556241428,15.296678746210553],[76.37042920442194,15.295680094569386],[76.3718118005774,15.29482616159237],[76.36822725938742,15.292937193344011],[76.36744986722198,15.291558913286448],[76.37784059567176,15.291071193207756]]]}},{"type":"Feature","properties":{"type":"village","name":" ","taluk":"Hospet","district":"Ballari","village_code":" "},"geometry":{"type":"Polygon","coordinates":[[[76.38148126270242,15.300569446113773],[76.37971218885386,15.300569519764071],[76.37404645237315,15.297795000374235],[76.37638341868647,15.296172825244179],[76.37784059567176,15.291071193207756],[76.38124825768402,15.291324260085085],[76.39518561482555,15.283343581251142],[76.3969314690207,15.28468550418844],[76.40018530711696,15.283627842658976],[76.40718210430359,15.283852904908192],[76.40634951695216,15.287762116281074],[76.40724965222307,15.288935405667527],[76.41490404943534,15.287241786799317],[76.41904456783615,15.289223812729437],[76.41718779056808,15.292906899429585],[76.40331485071724,15.293500841666356],[76.39998178121293,15.294567580211423],[76.39558691202593,15.293008999807862],[76.39388344034592,15.298011340102946],[76.38744493892183,15.299276911124748],[76.38614597861427,15.297835564902735],[76.38381358831899,15.297605133321738],[76.38268703896895,15.298066076813297],[76.38148126270242,15.300569446113773]]]}},{"type":"Feature","properties":{"type":"village","name":" ","taluk":"Bellary","district":"Ballari","village_code":" "},"geometry":{"type":"Polygon","coordinates":[[[76.96284492991668,15.356685156669856],[76.93549353189731,15.357854745182282],[76.94216620614965,15.334475454098897],[76.94060613343673,15.323937822132631],[76.94260485709613,15.316475832053976],[76.94781576397206,15.31842759257856],[76.95489533642055,15.318436695847263],[76.9586874998323,15.320343255713984],[76.96173012424232,15.32052387507],[76.96341572843133,15.321954247362225],[76.9648921617031,15.326609983766161],[76.96629687977074,15.327495230837947],[76.96978451340286,15.328402356659264],[76.97137686078729,15.330082506022771],[76.97430246615683,15.329944995973786],[76.9790309660471,15.331396610741521],[76.984984432015,15.347906700930109],[76.972182489697,15.351637538823642],[76.97121157616489,15.352637285865145],[76.9630541691059,15.352913143981551],[76.96284492991668,15.356685156669856]]]}},{"type":"Feature","properties":{"type":"village","name":" ","taluk":"Hospet","district":"Ballari","village_code":" "},"geometry":{"type":"Polygon","coordinates":[[[76.5046102907129,15.342931920580993],[76.50290642018092,15.344546788883319],[76.49955968909774,15.351480746084606],[76.49335085634911,15.344999063046032],[76.4902726748235,15.34459394029138],[76.48784687321343,15.345056128174997],[76.4802682282341,15.349307215948118],[76.47718557938659,15.349543611145846],[76.47325810723517,15.345356544336383],[76.46877227464252,15.343635342770028],[76.46929413743209,15.342430033226075],[76.46842215895548,15.33970563515222],[76.47059615740153,15.33855246994493],[76.46838680306251,15.333397597684833],[76.46821732869763,15.329263060954515],[76.47349275886549,15.329116317609634],[76.48084651690162,15.332493049253278],[76.48906930604194,15.332163730701717],[76.49070476896675,15.334322799948334],[76.49418396741834,15.33590708932921],[76.49491856114867,15.334013385747369],[76.49627874164285,15.334916397655146],[76.49763330407326,15.334296654837333],[76.49977953828882,15.339945636412274],[76.50151022892196,15.340974795122127],[76.50262695788929,15.34038793026071],[76.5046102907129,15.342931920580993]]]}},{"type":"Feature","properties":{"type":"village","name":"Hampi","taluk":"Hospet","district":"Ballari","village_code":"604731"},"geometry":{"type":"Polygon","coordinates":[[[76.46877227464252,15.343635342770028],[76.45938045572069,15.344156476275616],[76.45794503593154,15.33912219299905],[76.45541572324791,15.336719136788052],[76.45550607939246,15.329538937817405],[76.45835136010425,15.33036935500496],[76.4615964926271,15.32973109339104],[76.46838680306251,15.333397597684833],[76.47059615740153,15.33855246994493],[76.46842215895548,15.33970563515222],[76.46929413743209,15.342430033226075],[76.46877227464252,15.343635342770028]]]}},{"type":"Feature","properties":{"type":"village","name":"Jeeriganuru","taluk":"Hospet","district":"Ballari","village_code":"604764"},"geometry":{"type":"Polygon","coordinates":[[[76.67334431443282,15.321701796255793],[76.66993987198255,15.32671517795874],[76.66620820112205,15.323160777916884],[76.66624575159923,15.321967250945999],[76.66507280875636,15.321949133953295],[76.66454149568999,15.313612995267487],[76.66168420989273,15.31067554894604],[76.66164589135597,15.307682623659723],[76.66071874104955,15.306966692894665],[76.66289237118635,15.295848379872586],[76.6727298020998,15.297609342713482],[76.67600239701919,15.297057812893398],[76.68019081538759,15.299262947804529],[76.68039208921522,15.309471979781291],[76.67928168438745,15.311817598292917],[76.67480828088507,15.315729624296393],[76.67334431443282,15.321701796255793]]]}},{"type":"Feature","properties":{"type":"village","name":"Venkatapura","taluk":"Hospet","district":"Ballari","village_code":"604733"},"geometry":{"type":"Polygon","coordinates":[[[76.5213260867226,15.307759704314874],[76.52271295436725,15.334403122137708],[76.52255964877916,15.338369134667714],[76.52115874136493,15.339855704627258],[76.51383611534327,15.340090776407633],[76.5046102907129,15.342931920580993],[76.50262695788929,15.34038793026071],[76.50151022892196,15.340974795122127],[76.49977953828882,15.339945636412274],[76.49763330407326,15.334296654837333],[76.49627874164285,15.334916397655146],[76.49491856114867,15.334013385747369],[76.49418396741834,15.33590708932921],[76.49070476896675,15.334322799948334],[76.48722833822455,15.328856919169393],[76.48409376765193,15.327028382047597],[76.48606944413439,15.320972417704423],[76.48899410627287,15.322340131766975],[76.4890180517651,15.323438231846032],[76.49189571764117,15.323924768421524],[76.49272415567431,15.323242055681293],[76.49327556495189,15.318497103003814],[76.49515974173445,15.315897896083253],[76.49954651620244,15.315193866757104],[76.50212974127786,15.31394679989456],[76.50211124406785,15.313193936793521],[76.51287626456387,15.312942654316629],[76.5161129367534,15.309933014118423],[76.5213260867226,15.307759704314874]]]}},{"type":"Feature","properties":{"type":"village","name":"Gonahal","taluk":"Hospet","district":"Ballari","village_code":"604765"},"geometry":{"type":"Polygon","coordinates":[[[76.7210980596406,15.324901481277047],[76.70950467297666,15.325488947575503],[76.70156573260151,15.32474607719321],[76.69930293119805,15.323889231341445],[76.69923552431405,15.320630109394783],[76.67334431443282,15.321701796255793],[76.67480828088507,15.315729624296393],[76.67928168438745,15.311817598292917],[76.68039208921522,15.309471979781291],[76.71106804699821,15.308269203421892],[76.71277124918366,15.309535520830162],[76.7188147020885,15.310085677409822],[76.71957871205109,15.311061359714627],[76.71894437120481,15.319082344190095],[76.7210980596406,15.324901481277047]]]}},{"type":"Feature","properties":{"type":"village","name":"Krishnapura","taluk":"Hospet","district":"Ballari","village_code":"604730"},"geometry":{"type":"Polygon","coordinates":[[[76.45550607939246,15.329538937817405],[76.45541572324791,15.336719136788052],[76.45794503593154,15.33912219299905],[76.45938045572069,15.344156476275616],[76.45063915001523,15.33926030169565],[76.44243306504762,15.338607824127239],[76.44462103678792,15.332854624614479],[76.44428879937166,15.329546909143628],[76.4486564514022,15.328393480810488],[76.45550607939246,15.329538937817405]]]}},{"type":"Feature","properties":{"type":"village","name":"Gudadur","taluk":"Bellary","district":"Ballari","village_code":"604887"},"geometry":{"type":"Polygon","coordinates":[[[77.01793413717317,15.315103318699608],[76.99893816813909,15.316124147895238],[76.98757890938764,15.317860554415489],[76.98369396527842,15.317718029383782],[76.9824010102085,15.314819980284609],[76.97689209622024,15.315175052581013],[76.97757710025192,15.31290279365152],[76.98189517785518,15.312097863226228],[76.98104549107232,15.307887417337684],[76.98269887179379,15.305340629111766],[76.98265680099409,15.301893665092258],[76.98168184863643,15.299241545754308],[76.99771955225219,15.29229052420345],[77.016767877796,15.285916502097527],[77.01705039166464,15.288514946032649],[77.01973597797007,15.29123262376288],[77.02187277538356,15.30696602486339],[77.02170923618777,15.31103697228287],[77.01763284671847,15.310679654103133],[77.01793413717317,15.315103318699608]]]}},{"type":"Feature","properties":{"type":"village","name":"Singanathanahalli","taluk":"Hospet","district":"Ballari","village_code":"604728"},"geometry":{"type":"Polygon","coordinates":[[[76.45181877812047,15.317592838397479],[76.45311470302072,15.322070387210147],[76.45592338097792,15.324857487688986],[76.45691176135243,15.328264211329659],[76.45553045877095,15.329551473964484],[76.4486564514022,15.328393480810488],[76.44428879937166,15.329546909143628],[76.44325496424378,15.327468817166633],[76.44394762282003,15.324034360829282],[76.44285293042489,15.322141427327018],[76.443079446912,15.317306346174203],[76.44531435472757,15.317418660827697],[76.44708793811888,15.31631554642513],[76.45181877812047,15.317592838397479]]]}},{"type":"Feature","properties":{"type":"village","name":"Narasapura","taluk":"Hospet","district":"Ballari","village_code":"604719"},"geometry":{"type":"Polygon","coordinates":[[[76.40583806384012,15.326012501927273],[76.40323520608415,15.325619671675943],[76.38894599411721,15.330853482593744],[76.38848018081146,15.327048778005665],[76.3849834050247,15.32605022709404],[76.38016877197002,15.317772150993457],[76.37723555787004,15.317216365660164],[76.3785625060886,15.315562462248304],[76.38470373701885,15.319818990586459],[76.3866451993671,15.312918382338372],[76.40451965321,15.320911097221213],[76.40583806384012,15.326012501927273]]]}},{"type":"Feature","properties":{"type":"village","name":"Kaddirampura","taluk":"Hospet","district":"Ballari","village_code":"604729"},"geometry":{"type":"Polygon","coordinates":[[[76.46821732869763,15.329263060954515],[76.46838680306251,15.333397597684833],[76.4615964926271,15.32973109339104],[76.45835136010425,15.33036935500496],[76.45553045877095,15.329551473964484],[76.45691176135243,15.328264211329659],[76.45592338097792,15.324857487688986],[76.45311470302072,15.322070387210147],[76.45274111435528,15.319024899417045],[76.45047709124303,15.315532765099736],[76.44979146378053,15.31200841505763],[76.46202767228537,15.313929068630076],[76.46125965673491,15.325921994074697],[76.46346728990181,15.327493660122137],[76.46488711134434,15.326770072637345],[76.4663593665517,15.328789396146554],[76.46717859775147,15.328323576882353],[76.46821732869763,15.329263060954515]]]}},{"type":"Feature","properties":{"type":"village","name":"Danapuram","taluk":"Hospet","district":"Ballari","village_code":"604701"},"geometry":{"type":"Polygon","coordinates":[[[76.44243306504762,15.338607824127239],[76.43495234002754,15.339526829104903],[76.439014207332,15.330524577306651],[76.43801249416204,15.328636043023339],[76.43856523204792,15.324058512824003],[76.43637147695382,15.321451835709698],[76.43600768261994,15.319043461125146],[76.43628626815587,15.316648489863145],[76.43778474428804,15.315658811600974],[76.44259588020128,15.319308271991074],[76.44394762282003,15.324034360829282],[76.44325496424378,15.327468817166633],[76.44451257330219,15.328774330189857],[76.44462103678792,15.332854624614479],[76.44243306504762,15.338607824127239]]]}},{"type":"Feature","properties":{"type":"village","name":"Kalghatta","taluk":"Hospet","district":"Ballari","village_code":"604726"},"geometry":{"type":"Polygon","coordinates":[[[76.43495234002754,15.339526829104903],[76.42953144656406,15.338285599096773],[76.42611303620941,15.335647441152146],[76.41350757430872,15.330855420616205],[76.40583806384012,15.326012501927273],[76.40487830019728,15.321480408313047],[76.40197283325978,15.320323888376192],[76.40211693560776,15.318914133879897],[76.40417013759756,15.318398766569251],[76.40577611062824,15.31617086904547],[76.40836939324157,15.315949081031743],[76.41330873940711,15.31266781779628],[76.43448314636137,15.312008214912996],[76.43685802966452,15.313223149944182],[76.43778474428804,15.315658811600974],[76.43628626815587,15.316648489863145],[76.43600768261994,15.319043461125146],[76.43637147695382,15.321451835709698],[76.43856523204792,15.324058512824003],[76.43801249416204,15.328636043023339],[76.439014207332,15.330524577306651],[76.43495234002754,15.339526829104903]]]}},{"type":"Feature","properties":{"type":"village","name":" ","taluk":"Bellary","district":"Ballari","village_code":" "},"geometry":{"type":"Polygon","coordinates":[[[76.82065180823417,15.3349525522877],[76.80466538494642,15.336242474063928],[76.80264334731046,15.328973452840682],[76.79417199972094,15.325835898603852],[76.7829831298193,15.329045395088086],[76.78260559485486,15.322878503070491],[76.78081539532573,15.322253131182197],[76.7801191515732,15.316652860023824],[76.77259476393873,15.31759386768524],[76.76775948041231,15.315381757165424],[76.76634048002997,15.298879504182747],[76.76654394574686,15.28999855667234],[76.77513219110433,15.289457561035857],[76.77540886592365,15.297513324716189],[76.7761549401233,15.298630042332972],[76.78004760525238,15.302294208124737],[76.79237415013884,15.308762426939166],[76.79574291869257,15.31183853291946],[76.81206177612763,15.332858904337002],[76.82065180823417,15.3349525522877]]]}},{"type":"Feature","properties":{"type":"village","name":"Guttiganur","taluk":"Bellary","district":"Ballari","village_code":"604866"},"geometry":{"type":"Polygon","coordinates":[[[76.72334523305305,15.36511322219925],[76.71499990472483,15.365006507235353],[76.71480969275164,15.362692953791615],[76.70980449827913,15.362814250092402],[76.70655834437181,15.360832367280729],[76.70365976032602,15.351771940302562],[76.69726693464085,15.350196125576439],[76.69616990393108,15.340445663707747],[76.70048161786886,15.339915605732385],[76.70127741741275,15.338672708642662],[76.70156573260151,15.32474607719321],[76.70950467297666,15.325488947575503],[76.7210980596406,15.324901481277047],[76.7218770984179,15.33080519663221],[76.72359996562321,15.333026262211854],[76.72336507144779,15.336551788801708],[76.72704174205673,15.339093277147823],[76.72857626219137,15.34309538417252],[76.72473686805694,15.346695968855016],[76.72334523305305,15.36511322219925]]]}},{"type":"Feature","properties":{"type":"village","name":"Orvai","taluk":"Bellary","district":"Ballari","village_code":"604865"},"geometry":{"type":"Polygon","coordinates":[[[76.76645212804337,15.364506406255828],[76.75660206232546,15.364455981610691],[76.74308237957021,15.36601106606194],[76.73784995085668,15.365967746379258],[76.73454701983015,15.364436192188446],[76.73165218804726,15.365410687772231],[76.72334523305305,15.36511322219925],[76.72473686805694,15.346695968855016],[76.72857626219137,15.34309538417252],[76.72704174205673,15.339093277147823],[76.72812850502282,15.336696575095761],[76.72834760501895,15.33000372514639],[76.73285800563633,15.325971254963159],[76.73365168156288,15.324006226961801],[76.74123613684543,15.319632389894373],[76.74324169668414,15.319851737701551],[76.7449619794364,15.31729859531464],[76.74817877729853,15.318233342921973],[76.74897020743691,15.31769524210864],[76.75033591616334,15.319307472306896],[76.75189147124868,15.316350981689395],[76.75528228984938,15.315354031081094],[76.75672809416317,15.290022458704483],[76.76654394574686,15.28999855667234],[76.76714112867977,15.311838177684109],[76.76894741973057,15.319543588679133],[76.75878749093518,15.320084559431226],[76.76645212804337,15.364506406255828]]]}},{"type":"Feature","properties":{"type":"village","name":"Chikkajaiganur","taluk":"Hospet","district":"Ballari","village_code":"604757"},"geometry":{"type":"Polygon","coordinates":[[[76.67826778826561,15.366265644700267],[76.67431146671885,15.375751083332863],[76.66287305561112,15.373525478976196],[76.66319869400328,15.371885176184392],[76.66099528471482,15.367931670068101],[76.66653784240712,15.357197976342615],[76.67626384629274,15.355818954718844],[76.67713276241257,15.349594198789372],[76.67431224825316,15.344627995956476],[76.69638287921356,15.342472067007574],[76.69744013881082,15.351154575160054],[76.69608984607295,15.351493904624277],[76.69623104506593,15.356116409292818],[76.69231041089046,15.357152372287471],[76.67614194221373,15.357106750031337],[76.67588182604005,15.359808917045683],[76.67826778826561,15.366265644700267]]]}},{"type":"Feature","properties":{"type":"village","name":"Dammur","taluk":"Bellary","district":"Ballari","village_code":"604888"},"geometry":{"type":"Polygon","coordinates":[[[76.94082912134141,15.326050156051796],[76.93232206122775,15.327727551963518],[76.9069281101788,15.329276814347491],[76.88887144026701,15.331754189816879],[76.8871159049281,15.328926369814546],[76.89959698789117,15.322931842734844],[76.90173539418734,15.316253082649125],[76.90088762171438,15.31507803326736],[76.9024007987762,15.312492612878506],[76.90437210315817,15.302797662208741],[76.9054768243451,15.302577192648412],[76.9060463768965,15.29938480341162],[76.91547965217036,15.299060254704823],[76.91603435197683,15.298002570409102],[76.92382308864661,15.297589815571454],[76.92487143336294,15.293809647708308],[76.92420409919289,15.287170298975482],[76.93017639295081,15.286738116828088],[76.93189112141965,15.28558225678609],[76.93356400187098,15.27882485023272],[76.93541923224014,15.275475319684917],[76.93558443960742,15.271166539300383],[76.93655286031463,15.270955745820151],[76.93896003984885,15.271057887217761],[76.9389039706021,15.274271299613998],[76.94049806790471,15.27491720541272],[76.94047909009599,15.278736333278944],[76.9446357629006,15.279851448150307],[76.94461730970802,15.285296199096225],[76.95343463534438,15.285254236148287],[76.9535365033993,15.28789815582097],[76.95521141224654,15.288387282720942],[76.9573107921335,15.290717171845065],[76.9585616683189,15.290520891360307],[76.97481844408298,15.298593365865335],[76.98168184863643,15.299241545754308],[76.98265680099409,15.301893665092258],[76.98269887179379,15.305340629111766],[76.98104549107232,15.307887417337684],[76.98189517785518,15.312097863226228],[76.97757710025192,15.31290279365152],[76.97689209622024,15.315175052581013],[76.9824010102085,15.314819980284609],[76.98369396527842,15.317718029383782],[76.97953731583003,15.318581635045401],[76.97945781313075,15.320951492655766],[76.97239508499217,15.321835970074908],[76.97258055475895,15.330199151636467],[76.9648921617031,15.326609983766161],[76.96341572843133,15.321954247362225],[76.96173012424232,15.32052387507],[76.9586874998323,15.320343255713984],[76.95489533642055,15.318436695847263],[76.94781576397206,15.31842759257856],[76.94297927400824,15.316441593321153],[76.94060613343673,15.323937822132631],[76.94082912134141,15.326050156051796]]]}},{"type":"Feature","properties":{"type":"village","name":"Byluru","taluk":"Bellary","district":"Ballari","village_code":"604879"},"geometry":{"type":"Polygon","coordinates":[[[76.94082912134141,15.326050156051796],[76.94216620614965,15.334475454098897],[76.93549353189731,15.357854745182282],[76.92195985698321,15.357255477319553],[76.9211522311186,15.355806300606709],[76.91782187542474,15.355434814409113],[76.89695188236742,15.354967482332857],[76.89608386366457,15.354125359399053],[76.88637555030184,15.353117336341668],[76.88756993233731,15.332568562216437],[76.88826621112413,15.331892912424259],[76.9069281101788,15.329276814347491],[76.93232206122775,15.327727551963518],[76.94082912134141,15.326050156051796]]]}},{"type":"Feature","properties":{"type":"village","name":"Lakshmipura","taluk":"Bellary","district":"Ballari","village_code":"604869"},"geometry":{"type":"Polygon","coordinates":[[[76.78810247770653,15.362381910704912],[76.78337912965442,15.363045897852105],[76.78187611613174,15.3448537350117],[76.77413630710225,15.328700799815255],[76.77209993864255,15.329074601692847],[76.77087236026412,15.32667774574373],[76.7682209988727,15.316739199270053],[76.76878711806307,15.315861396789522],[76.77259476393873,15.31759386768524],[76.7801191515732,15.316652860023824],[76.78081539532573,15.322253131182197],[76.78260559485486,15.322878503070491],[76.7829831298193,15.329045395088086],[76.79417199972094,15.325835898603852],[76.79436546808702,15.337515829877969],[76.79645752490781,15.33783134558145],[76.79726732739036,15.34071177810811],[76.79905108599888,15.341436382869935],[76.80200050660494,15.347992530887423],[76.80222569987362,15.353390887851605],[76.80063589561976,15.354303133365166],[76.79998572286488,15.358127398258265],[76.80103953023648,15.359418319405753],[76.80085923656233,15.361818718340206],[76.79989007025344,15.362758503870127],[76.79024166284208,15.363342454250809],[76.78810247770653,15.362381910704912]]]}},{"type":"Feature","properties":{"type":"village","name":"Kurugodu","taluk":"Bellary","district":"Ballari","village_code":"604870"},"geometry":{"type":"Polygon","coordinates":[[[76.87034426425048,15.364257519936011],[76.8599940561082,15.363868243804975],[76.859489494871,15.363065217917631],[76.83753390575914,15.363101494142345],[76.8197506686468,15.365624051400102],[76.81254495566444,15.365014899050282],[76.80723768021977,15.361115819136025],[76.80085923656233,15.361818718340206],[76.80103953023648,15.359418319405753],[76.79998572286488,15.358127398258265],[76.80063589561976,15.354303133365166],[76.80222569987362,15.353390887851605],[76.80200050660494,15.347992530887423],[76.79905108599888,15.341436382869935],[76.79726732739036,15.34071177810811],[76.79645752490781,15.33783134558145],[76.79436546808702,15.337515829877969],[76.79425490164523,15.326070483662187],[76.80264334731046,15.328973452840682],[76.80466538494642,15.336242474063928],[76.83451096792857,15.334223109945333],[76.83932104113484,15.332588670008414],[76.84057317136832,15.333111251004413],[76.84203615057204,15.3320666820175],[76.84488557161897,15.333123326044559],[76.84489755873814,15.331476539868087],[76.84622579603915,15.331363200946702],[76.84788773141703,15.329500859807586],[76.84749850937075,15.319884423297516],[76.85439100496637,15.319703560798668],[76.87698562143538,15.315218714636488],[76.88021146623075,15.331799879989612],[76.8871159049281,15.328926369814546],[76.88887144026701,15.331754189816879],[76.88756993233731,15.332568562216437],[76.88630958970548,15.351987396908193],[76.87694452440944,15.356247271014562],[76.87034426425048,15.364257519936011]]]}},{"type":"Feature","properties":{"type":"village","name":"Karichedu","taluk":"Bellary","district":"Ballari","village_code":"604885"},"geometry":{"type":"Polygon","coordinates":[[[77.06272034275563,15.325034317962235],[77.01958190971231,15.323924136832229],[77.01763284671847,15.310679654103133],[77.02170923618777,15.31103697228287],[77.02196597739092,15.30967246725136],[77.0200744083719,15.293806444249372],[77.02807326457986,15.291849067089016],[77.03293266158342,15.2936676599976],[77.04099635010377,15.2923199170382],[77.05647105617477,15.293146874665617],[77.05968954466631,15.315791907148748],[77.06272034275563,15.325034317962235]]]}},{"type":"Feature","properties":{"type":"village","name":"Sindhavalam","taluk":"Bellary","district":"Ballari","village_code":"604903"},"geometry":{"type":"Polygon","coordinates":[[[77.11840090287883,15.294876130797292],[77.11851576775926,15.313468082085357],[77.11692458369313,15.313440384339287],[77.1170381981187,15.325767346224017],[77.11344167969098,15.326431876067614],[77.11261387676679,15.327456758260677],[77.11312731515562,15.333703382845325],[77.10147403242179,15.333702326780424],[77.09767782838792,15.331873611998555],[77.07441578162909,15.325913509719584],[77.06375418327337,15.328043670705217],[77.05968954466631,15.315791907148748],[77.05618750115873,15.29208389820365],[77.09482615256962,15.29348212518875],[77.09671721404051,15.286098816630792],[77.11481689888134,15.283312628241998],[77.11840090287883,15.294876130797292]]]}},{"type":"Feature","properties":{"type":"village","name":"Kolur","taluk":"Bellary","district":"Ballari","village_code":"604890"},"geometry":{"type":"Polygon","coordinates":[[[76.89959698789117,15.322931842734844],[76.88021146623075,15.331799879989612],[76.87698562143538,15.315218714636488],[76.88359803400351,15.307456955369894],[76.8909145146503,15.300949010042538],[76.89817212600158,15.297663382873885],[76.90307895315384,15.292668725386783],[76.90138204366698,15.276178083846208],[76.90333866598394,15.27280927102886],[76.90426579293417,15.26558214994766],[76.90767510604994,15.263446915762763],[76.90773514225698,15.260293654125654],[76.90996427031205,15.25932875491475],[76.9100548034247,15.25803125117033],[76.91129038309738,15.257433734963104],[76.90966296997584,15.251097936199086],[76.90838146932413,15.235966522786535],[76.90935783922329,15.225155529600594],[76.91326995108166,15.22555667931599],[76.91360878123379,15.226981076986563],[76.91620429705893,15.227163249385713],[76.91605449310383,15.230559889083633],[76.91880071928419,15.231618663817224],[76.91891461398413,15.236476254311748],[76.92015599497692,15.236549017900428],[76.9216991407349,15.240310621321406],[76.92696603061935,15.241551350044565],[76.92700421710377,15.244071443292846],[76.92824566277525,15.243998124146973],[76.92843415896627,15.24549556219995],[76.93979557636936,15.246679748230072],[76.93990807329071,15.245419650378125],[76.94167622097625,15.245601779075422],[76.94145119479418,15.247683659907812],[76.9440654809172,15.24684288565569],[76.94795934709383,15.24746256733753],[76.94528924864223,15.25023912001553],[76.94469737924425,15.255253382732963],[76.9431845112029,15.25570432357657],[76.9427214997425,15.259053509239196],[76.94090606384214,15.259739498176389],[76.94021241442412,15.267657082741916],[76.93896003984885,15.271057887217761],[76.93558443960742,15.271166539300383],[76.93541923224014,15.275475319684917],[76.93356400187098,15.27882485023272],[76.93189112141965,15.28558225678609],[76.93017639295081,15.286738116828088],[76.92420409919289,15.287170298975482],[76.92487143336294,15.293809647708308],[76.92382308864661,15.297589815571454],[76.91603435197683,15.298002570409102],[76.91547965217036,15.299060254704823],[76.9060463768965,15.29938480341162],[76.9054768243451,15.302577192648412],[76.90437210315817,15.302797662208741],[76.9024007987762,15.312492612878506],[76.90088762171438,15.31507803326736],[76.90173539418734,15.316253082649125],[76.89959698789117,15.322931842734844]]]}},{"type":"Feature","properties":{"type":"village","name":"Kamalapuram (TP)","taluk":"Hospet","district":"Ballari","village_code":"803110"},"geometry":{"type":"Polygon","coordinates":[[[76.48906930604194,15.332163730701717],[76.48084651690162,15.332493049253278],[76.47349275886549,15.329116317609634],[76.46821732869763,15.329263060954515],[76.46717859775147,15.328323576882353],[76.4663593665517,15.328789396146554],[76.46488711134434,15.326770072637345],[76.4626289730955,15.326965211051988],[76.46125965673491,15.325921994074697],[76.46171006483182,15.322799391120455],[76.46097435629224,15.322713802064051],[76.46255878412913,15.314688054646384],[76.46202767228537,15.313929068630076],[76.4559237160495,15.313416117617317],[76.4503918968181,15.311700908635892],[76.44967551912512,15.313336914579974],[76.45181877812047,15.317592838397479],[76.44708793811888,15.31631554642513],[76.44531435472757,15.317418660827697],[76.44342386278856,15.316940165831374],[76.44314987033869,15.319018885749033],[76.44212562562478,15.319308409748162],[76.4378457910998,15.31575340296039],[76.43685802966452,15.313223149944182],[76.43448314636137,15.312008214912996],[76.43260933793384,15.303843415384023],[76.43022496662465,15.301150840907699],[76.4303494479702,15.296311310629747],[76.43351051255549,15.296400930137928],[76.44064842159855,15.29991913100257],[76.44821427456822,15.301624960803089],[76.44909015802135,15.290255631619415],[76.45102651075226,15.289459748133],[76.45123003306303,15.285663935614526],[76.44864626810013,15.285316819220997],[76.44874593797752,15.277368447959184],[76.45750709375582,15.27852675799618],[76.45735189631577,15.274342505862704],[76.46094421242456,15.2710154317942],[76.46452430964885,15.272152820985271],[76.47276708720258,15.269971507153455],[76.47511802591183,15.270390744796146],[76.4764408023542,15.272048530971961],[76.47923836815134,15.27196596205016],[76.48457470499376,15.275379618249083],[76.4846326939403,15.261417333162413],[76.49051139312711,15.261260248377974],[76.49511601983126,15.263291367295457],[76.5027345221614,15.253447817407867],[76.51254035303812,15.255105688822981],[76.51726236888867,15.258330578024776],[76.52367463681149,15.257429285568955],[76.52987700618166,15.260466367753228],[76.54283132702633,15.253154533820757],[76.54412933332307,15.251095481765052],[76.54457297710591,15.247576408385944],[76.5515887619827,15.249990238203855],[76.55419877392158,15.25202019641606],[76.56409010734536,15.253345247975878],[76.5713694031293,15.2625188984167],[76.57562500559948,15.263337018672726],[76.57757222525035,15.267624960093952],[76.57765099941595,15.274671222100539],[76.57899369869469,15.276048679872112],[76.58112978104923,15.28250328428672],[76.5821391469671,15.294943492330571],[76.58900558423299,15.298029643729123],[76.59091487341932,15.306632347734107],[76.58136104962422,15.306777468398309],[76.58010501531248,15.31027727641084],[76.57777778763517,15.311424337625914],[76.55523894935875,15.31717455119829],[76.54972059587347,15.313325835648309],[76.54964590544917,15.310654219976351],[76.5408693291907,15.306482908583314],[76.53719819310224,15.30877660796889],[76.52598053039915,15.306678590990655],[76.51960426605457,15.308190371007042],[76.51287626456387,15.312942654316629],[76.50211124406785,15.313193936793521],[76.50212974127786,15.31394679989456],[76.49954651620244,15.315193866757104],[76.49515974173445,15.315897896083253],[76.49327556495189,15.318497103003814],[76.49272415567431,15.323242055681293],[76.49189571764117,15.323924768421524],[76.4890180517651,15.323438231846032],[76.48899410627287,15.322340131766975],[76.48606944413439,15.320972417704423],[76.48409376765193,15.327028382047597],[76.48722833822455,15.328856919169393],[76.48930163462892,15.331282421890291],[76.48906930604194,15.332163730701717]]]}},{"type":"Feature","properties":{"type":"village","name":"Handihal","taluk":"Bellary","district":"Ballari","village_code":"604886"},"geometry":{"type":"Polygon","coordinates":[[[77.01793413717317,15.315103318699608],[77.01974950569993,15.328753799248373],[77.01091598882887,15.330181764825214],[77.00527238324351,15.355153374058757],[76.99552651221705,15.353398082102649],[76.984984432015,15.347906700930109],[76.9790309660471,15.331396610741521],[76.97258055475895,15.330199151636467],[76.97239508499217,15.321835970074908],[76.97945781313075,15.320951492655766],[76.97953731583003,15.318581635045401],[76.98228144713914,15.317836146982547],[77.01793413717317,15.315103318699608]]]}},{"type":"Feature","properties":{"type":"village","name":"Hirehadagali","taluk":"Bellary","district":"Ballari","village_code":"604883"},"geometry":{"type":"Polygon","coordinates":[[[77.06272034275563,15.325034317962235],[77.06603845980203,15.337760363642776],[77.0649234951259,15.34357729833815],[77.0590609880721,15.348982445856626],[77.04477081041621,15.355715777078451],[77.043085464942,15.358402153329251],[77.04162775795065,15.362840653229133],[77.04117464412812,15.36915796560164],[77.0446904471309,15.378584815222712],[77.02771656693672,15.37659516566108],[77.00929856856655,15.371409292792968],[77.0067119038419,15.371526003662309],[77.00680500703457,15.36236154938185],[77.00527238324351,15.355153374058757],[77.01098122268817,15.330055293901664],[77.01974950569993,15.328753799248373],[77.01958190971231,15.323924136832229],[77.06272034275563,15.325034317962235]]]}},{"type":"Feature","properties":{"type":"village","name":"Chanahal","taluk":"Bellary","district":"Ballari","village_code":"604882"},"geometry":{"type":"Polygon","coordinates":[[[77.0067119038419,15.371526003662309],[77.00236938218147,15.373491979780223],[76.99246455516382,15.37376104811525],[76.99157908938152,15.378939150259658],[76.97855053804999,15.377116109418058],[76.96938942895102,15.365913813963758],[76.96612599684752,15.357551009395443],[76.96284492991668,15.356685156669856],[76.9627617540062,15.35326532495854],[76.97121157616489,15.352637285865145],[76.972182489697,15.351637538823642],[76.984984432015,15.347906700930109],[76.99552651221705,15.353398082102649],[77.00527238324351,15.355153374058757],[77.00680500703457,15.36236154938185],[77.0067119038419,15.371526003662309]]]}},{"type":"Feature","properties":{"type":"village","name":"Metri","taluk":"Hospet","district":"Ballari","village_code":"604761"},"geometry":{"type":"Polygon","coordinates":[[[76.63485830655166,15.3295713671909],[76.63355288017065,15.330471100097085],[76.63112156919293,15.330333450821241],[76.63074318711715,15.332371610580012],[76.6151808917127,15.333867721727815],[76.604236165939,15.325429671320496],[76.60035774270041,15.323730697146447],[76.59404811718025,15.322674112205467],[76.58895970816971,15.316843398594287],[76.57993427072978,15.3214320196856],[76.57836422671726,15.32033006402208],[76.57851599438955,15.318236839717157],[76.58136104962422,15.306777468398309],[76.59091487341932,15.306632347734107],[76.58931864710948,15.299078918695239],[76.59568919008402,15.297191695774659],[76.59946314644158,15.29779811972306],[76.60421153233726,15.29706426390273],[76.61707526706867,15.30127009166978],[76.61750105503862,15.296964246807832],[76.61573237195718,15.295660479731527],[76.61560939618805,15.294108952111447],[76.6201133469017,15.291974646068818],[76.62855026476134,15.291148518267683],[76.62868271416345,15.29559210809572],[76.63658065632734,15.295068568620524],[76.64615293870493,15.295931077162324],[76.64727145711632,15.296792792780838],[76.64752740510706,15.30215437500528],[76.64393350257349,15.307865159255762],[76.64056586769365,15.30575375857667],[76.63910930605431,15.306763761180614],[76.63652722363595,15.312520204179771],[76.63389748199847,15.31242848702401],[76.6334340483299,15.313461408044834],[76.63264431780408,15.318648555751448],[76.63485830655166,15.3295713671909]]]}},{"type":"Feature","properties":{"type":"village","name":"Jowku","taluk":"Hospet","district":"Ballari","village_code":"604760"},"geometry":{"type":"Polygon","coordinates":[[[76.67373073643039,15.335973305362783],[76.66971982695877,15.337479710341844],[76.65821601490504,15.338904603242783],[76.65241945407459,15.341178751395905],[76.64889000027274,15.336731686365532],[76.64753192632789,15.332017478877873],[76.63485830655166,15.3295713671909],[76.63250230493743,15.31657365301328],[76.63389748199847,15.31242848702401],[76.63652722363595,15.312520204179771],[76.63910930605431,15.306763761180614],[76.64056586769365,15.30575375857667],[76.64393350257349,15.307865159255762],[76.64752740510706,15.30215437500528],[76.64727145711632,15.296792792780838],[76.6545541709899,15.292715798374008],[76.6631402738654,15.291466745895018],[76.66124758285058,15.301953816216717],[76.66206120496972,15.302559638046336],[76.66071874104955,15.306966692894665],[76.66164589135597,15.307682623659723],[76.66168420989273,15.31067554894604],[76.66454149568999,15.313612995267487],[76.66507280875636,15.321949133953295],[76.66624575159923,15.321967250945999],[76.66620820112205,15.323160777916884],[76.66993987198255,15.32671517795874],[76.67036606778763,15.328872532657854],[76.67216357421327,15.329625084610726],[76.67373073643039,15.335973305362783]]]}},{"type":"Feature","properties":{"type":"village","name":"Sugginahalli","taluk":"Hospet","district":"Ballari","village_code":"604766"},"geometry":{"type":"Polygon","coordinates":[[[76.75672809416317,15.290022458704483],[76.75582953992719,15.311241422171724],[76.72232084460872,15.310884040225135],[76.71277124918366,15.309535520830162],[76.71106804699821,15.308269203421892],[76.68039208921522,15.309471979781291],[76.68019081538759,15.299262947804529],[76.68091875619493,15.2977295832861],[76.6865027172387,15.292853198579241],[76.69352037600116,15.290803947245209],[76.75672809416317,15.290022458704483]]]}},{"type":"Feature","properties":{"type":"village","name":"Vaddahatti","taluk":"Bellary","district":"Ballari","village_code":"604877"},"geometry":{"type":"Polygon","coordinates":[[[76.87698562143538,15.315218714636488],[76.85084522338592,15.320055194753406],[76.84121130490178,15.31869571040389],[76.83949677406228,15.314053761018924],[76.83951870104005,15.303849882647096],[76.83341005559839,15.276174720668045],[76.84237898182046,15.272548143316305],[76.86489636563293,15.266213700992527],[76.8657931753406,15.266763135007553],[76.87189603203856,15.273089469417434],[76.87543691600406,15.280218617089503],[76.87923016098742,15.284429466592114],[76.87997671937902,15.287014678843828],[76.87975503492983,15.302408714330578],[76.87698562143538,15.315218714636488]]]}},{"type":"Feature","properties":{"type":"village","name":"Badanahatti","taluk":"Bellary","district":"Ballari","village_code":"604871"},"geometry":{"type":"Polygon","coordinates":[[[76.84749850937075,15.319884423297516],[76.84788773141703,15.329500859807586],[76.84622579603915,15.331363200946702],[76.84489755873814,15.331476539868087],[76.84497923266545,15.33309491010736],[76.84203615057204,15.3320666820175],[76.83498490739436,15.33416643863813],[76.82299229774004,15.335225722153146],[76.81206177612763,15.332858904337002],[76.79574291869257,15.31183853291946],[76.79237415013884,15.308762426939166],[76.78004760525238,15.302294208124737],[76.7761549401233,15.298630042332972],[76.77540886592365,15.297513324716189],[76.77513219110433,15.289457561035857],[76.77726901367066,15.289474414854464],[76.79682375367612,15.281736438130412],[76.79633998304783,15.280424034671457],[76.80048194504133,15.278359247361843],[76.81759211583375,15.275994706065154],[76.83341005559839,15.276174720668045],[76.83951870104005,15.303849882647096],[76.83905357314885,15.309744936866052],[76.83989999186072,15.316071069883453],[76.84121130490178,15.31869571040389],[76.84749850937075,15.319884423297516]]]}},{"type":"Feature","properties":{"type":"village","name":"Pattanasaragu","taluk":"Bellary","district":"Ballari","village_code":"604867"},"geometry":{"type":"Polygon","coordinates":[[[76.75582953992719,15.311241422171724],[76.75528228984938,15.315354031081094],[76.75189147124868,15.316350981689395],[76.75073961635708,15.319131457669426],[76.74956918430541,15.319072041855065],[76.74897020743691,15.31769524210864],[76.74817877729853,15.318233342921973],[76.7449619794364,15.31729859531464],[76.74324169668414,15.319851737701551],[76.74123613684543,15.319632389894373],[76.73365168156288,15.324006226961801],[76.73285800563633,15.325971254963159],[76.72834760501895,15.33000372514639],[76.72812850502282,15.336696575095761],[76.72704174205673,15.339093277147823],[76.72336507144779,15.336551788801708],[76.72359996562321,15.333026262211854],[76.7218770984179,15.33080519663221],[76.72118640176225,15.324535431192945],[76.71894437120481,15.319082344190095],[76.7198121689221,15.312746813145159],[76.7188147020885,15.310085677409822],[76.72232084460872,15.310884040225135],[76.75582953992719,15.311241422171724]]]}},{"type":"Feature","properties":{"type":"village","name":"Hampadevanahalli","taluk":"Hospet","district":"Ballari","village_code":"604759"},"geometry":{"type":"Polygon","coordinates":[[[76.69638287921356,15.342472067007574],[76.67431224825316,15.344627995956476],[76.67514790604619,15.338013920702394],[76.67373073643039,15.335973305362783],[76.67216357421327,15.329625084610726],[76.67036606778763,15.328872532657854],[76.66993987198255,15.32671517795874],[76.67334431443282,15.321701796255793],[76.69923552431405,15.320630109394783],[76.69930293119805,15.323889231341445],[76.70156573260151,15.32474607719321],[76.70127741741275,15.338672708642662],[76.70048161786886,15.339915605732385],[76.69616990393108,15.340445663707747],[76.69638287921356,15.342472067007574]]]}},{"type":"Feature","properties":{"type":"village","name":"Kallukamba","taluk":"Bellary","district":"Ballari","village_code":"604868"},"geometry":{"type":"Polygon","coordinates":[[[76.78326136591056,15.358391617317507],[76.76610397337859,15.359610280301478],[76.75878749093518,15.320084559431226],[76.76894741973057,15.319543588679133],[76.77184263509406,15.328608854971945],[76.77413630710225,15.328700799815255],[76.78187611613174,15.3448537350117],[76.78326136591056,15.358391617317507]]]}},{"type":"Feature","properties":{"type":"village","name":"Karikeri","taluk":"Bellary","district":"Ballari","village_code":"604863"},"geometry":{"type":"Polygon","coordinates":[[[76.78602657618781,15.363162084146365],[76.78595782003428,15.370737319219499],[76.78395922932556,15.371245668620986],[76.78393634743867,15.377473805037452],[76.78197070962946,15.378410211286596],[76.77256674009514,15.377717659675962],[76.77171819866426,15.3687234998747],[76.76696597157242,15.366145720739398],[76.76610397337859,15.359610280301478],[76.78326136591056,15.358391617317507],[76.78337912965442,15.363045897852105],[76.78602657618781,15.363162084146365]]]}},{"type":"Feature","properties":{"type":"village","name":"Sindegeri","taluk":"Bellary","district":"Ballari","village_code":"604880"},"geometry":{"type":"Polygon","coordinates":[[[76.93434843143834,15.37597486496152],[76.93102589737565,15.386490605028861],[76.92038841339543,15.386881526957879],[76.9100439724373,15.385875600678014],[76.9071794480155,15.384402863365308],[76.90145466257626,15.377743006815157],[76.89328557202867,15.374408976641766],[76.88042736732616,15.387418688954583],[76.87651508927945,15.384472512919729],[76.87543779365811,15.384859438874143],[76.87068939069441,15.372909403864682],[76.86982153189169,15.367778097099475],[76.87034426425048,15.364257519936011],[76.87694452440944,15.356247271014562],[76.88630958970548,15.351987396908193],[76.88637555030184,15.353117336341668],[76.89608386366457,15.354125359399053],[76.89695188236742,15.354967482332857],[76.91782187542474,15.355434814409113],[76.9211522311186,15.355806300606709],[76.92195985698321,15.357255477319553],[76.93549353189731,15.357854745182282],[76.93434843143834,15.37597486496152]]]}},{"type":"Feature","properties":{"type":"village","name":"Hirejaiganur","taluk":"Hospet","district":"Ballari","village_code":"604758"},"geometry":{"type":"Polygon","coordinates":[[[76.67431224825316,15.344627995956476],[76.67713276241257,15.349594198789372],[76.67626384629274,15.355818954718844],[76.66653784240712,15.357197976342615],[76.65868359340033,15.349597494084852],[76.65817225617093,15.346815762792366],[76.65522024482361,15.345080990696472],[76.65241945407459,15.341178751395905],[76.65821601490504,15.338904603242783],[76.66971982695877,15.337479710341844],[76.67373073643039,15.335973305362783],[76.67524270435983,15.339133945422798],[76.67431224825316,15.344627995956476]]]}},{"type":"Feature","properties":{"type":"village","name":"Kanvithimmalapura","taluk":"Hospet","district":"Ballari","village_code":"604755"},"geometry":{"type":"Polygon","coordinates":[[[76.61344431711444,15.362767062955287],[76.60479622239951,15.364198520612828],[76.59179570119981,15.364398707833383],[76.59204246301846,15.359661505647962],[76.58887371065096,15.355235789752236],[76.57316629690392,15.361310209089869],[76.56930648675801,15.359509770792164],[76.56533227077078,15.36064711642465],[76.56028001984875,15.360076385793604],[76.5581424956982,15.357339861143918],[76.55492568885289,15.357247014160775],[76.54980767316722,15.347253539161258],[76.55316004567035,15.33798209992903],[76.55106329694884,15.328249775178627],[76.551452575589,15.324247043318582],[76.55358278296158,15.319225907102277],[76.55523894935875,15.31717455119829],[76.58010501531248,15.31027727641084],[76.57836422671726,15.32033006402208],[76.57993427072978,15.3214320196856],[76.58895970816971,15.316843398594287],[76.59404811718025,15.322674112205467],[76.60257125534086,15.324548109725582],[76.61397952707253,15.333289280238779],[76.61686293857316,15.333965948658896],[76.61567645362739,15.341605313146088],[76.61688701342278,15.35326504429161],[76.61344431711444,15.362767062955287]]]}},{"type":"Feature","properties":{"type":"village","name":"Devasamudra","taluk":"Hospet","district":"Ballari","village_code":"604756"},"geometry":{"type":"Polygon","coordinates":[[[76.64734643230656,15.37761225992552],[76.63588503241236,15.377978991270187],[76.63503330465718,15.375169748018337],[76.61580619281229,15.370303664935236],[76.61296780936526,15.366998379226223],[76.61344431711444,15.362767062955287],[76.61688701342278,15.35326504429161],[76.61567645362739,15.341605313146088],[76.61686293857316,15.333965948658896],[76.63074318711715,15.332371610580012],[76.63112156919293,15.330333450821241],[76.63355288017065,15.330471100097085],[76.63485830655166,15.3295713671909],[76.64753192632789,15.332017478877873],[76.64889000027274,15.336731686365532],[76.6536968530187,15.343557189871284],[76.65817225617093,15.346815762792366],[76.65868359340033,15.349597494084852],[76.66653784240712,15.357197976342615],[76.66072989902369,15.368374530857457],[76.65224529319889,15.372627651022526],[76.64734643230656,15.37761225992552]]]}},{"type":"Feature","properties":{"type":"village","name":"Bukkasagara","taluk":"Hospet","district":"Ballari","village_code":"604734"},"geometry":{"type":"Polygon","coordinates":[[[76.54980767316722,15.347253539161258],[76.55758276622444,15.362196326864707],[76.55765706588157,15.366290938661605],[76.55094170638188,15.372471982768978],[76.54736462300535,15.373498969787432],[76.54066363295694,15.381132646136027],[76.51848239243559,15.364405129911969],[76.51294809205737,15.359260115359747],[76.49955968909774,15.351480746084606],[76.50290642018092,15.344546788883319],[76.5046102907129,15.342931920580993],[76.51383611534327,15.340090776407633],[76.52115874136493,15.339855704627258],[76.52255964877916,15.338369134667714],[76.5213260867226,15.307759704314874],[76.52598053039915,15.306678590990655],[76.53719819310224,15.30877660796889],[76.5408693291907,15.306482908583314],[76.54964590544917,15.310654219976351],[76.54972059587347,15.313325835648309],[76.55523894935875,15.31717455119829],[76.55290137398767,15.32020800574348],[76.551452575589,15.324247043318582],[76.55113838712344,15.329939051928026],[76.55316004567035,15.33798209992903],[76.54980767316722,15.347253539161258]]]}},{"type":"Feature","properties":{"type":"village","name":"Nagenahalli","taluk":"Hospet","district":"Ballari","village_code":"604722"},"geometry":{"type":"Polygon","coordinates":[[[76.43301611755236,15.306242559590546],[76.43146005312227,15.306342494273684],[76.42897353168716,15.304431687699003],[76.42537460577452,15.303949023061724],[76.4232187236528,15.302530555110305],[76.42108641422246,15.302531035999055],[76.41747414832783,15.304958185245074],[76.40775310493919,15.304250278105412],[76.40582528979675,15.301823957662773],[76.39954037782837,15.302633474806873],[76.4002846859402,15.297938507702165],[76.39388344034592,15.298011340102946],[76.39475832397414,15.293899252689574],[76.3964155126541,15.292959291842417],[76.39809632343277,15.294468366036156],[76.4018951523439,15.294544767020755],[76.40331485071724,15.293500841666356],[76.41718779056808,15.292906899429585],[76.41834645468951,15.290141298139764],[76.42074813833086,15.288084829855897],[76.42545465105621,15.28838213383113],[76.4303494479702,15.296311310629747],[76.43022496662465,15.301150840907699],[76.43260933793384,15.303843415384023],[76.43301611755236,15.306242559590546]]]}},{"type":"Feature","properties":{"type":"village","name":"Gudioblapura","taluk":"Hospet","district":"Ballari","village_code":"604721"},"geometry":{"type":"Polygon","coordinates":[[[76.43448314636137,15.312008214912996],[76.41330873940711,15.31266781779628],[76.40836939324157,15.315949081031743],[76.40690748932124,15.315989836984954],[76.40360154624354,15.313627099723524],[76.39954617375862,15.312881944040925],[76.39538832775428,15.310424125682212],[76.39228299824248,15.31119700202622],[76.39092804234997,15.309742056831613],[76.39379563901005,15.304965622904602],[76.39507509958774,15.297879797256257],[76.3973098942156,15.29777612917931],[76.4002846859402,15.297938507702165],[76.39954037782837,15.302633474806873],[76.40582528979675,15.301823957662773],[76.40775310493919,15.304250278105412],[76.41747414832783,15.304958185245074],[76.42108641422246,15.302531035999055],[76.4232187236528,15.302530555110305],[76.42537460577452,15.303949023061724],[76.42897353168716,15.304431687699003],[76.43146005312227,15.306342494273684],[76.43301611755236,15.306242559590546],[76.43448314636137,15.312008214912996]]]}},{"type":"Feature","properties":{"type":"village","name":"Kallirampura","taluk":"Hospet","district":"Ballari","village_code":"604718"},"geometry":{"type":"Polygon","coordinates":[[[76.3866451993671,15.312918382338372],[76.38470373701885,15.319818990586459],[76.3785625060886,15.315562462248304],[76.37752419285903,15.313389001233043],[76.37854370075645,15.30643922391047],[76.38010331083696,15.303493111933895],[76.38122527338916,15.30323547703297],[76.38268703896895,15.298066076813297],[76.38381358831899,15.297605133321738],[76.38614597861427,15.297835564902735],[76.38744493892183,15.299276911124748],[76.38519688156713,15.31020772686452],[76.3866451993671,15.312918382338372]]]}},{"type":"Feature","properties":{"type":"village","name":"Belagodu","taluk":"Hospet","district":"Ballari","village_code":"604720"},"geometry":{"type":"Polygon","coordinates":[[[76.40690748932124,15.315989836984954],[76.40577611062824,15.31617086904547],[76.40417013759756,15.318398766569251],[76.40211693560776,15.318914133879897],[76.40197283325978,15.320323888376192],[76.39620837013274,15.316781854233918],[76.3929258982368,15.316162994247223],[76.3863842010478,15.312724623161113],[76.38519688156713,15.31020772686452],[76.38744493892183,15.299276911124748],[76.39507509958774,15.297879797256257],[76.39379563901005,15.304965622904602],[76.39092804234997,15.309742056831613],[76.3914682226865,15.31093950483839],[76.39538832775428,15.310424125682212],[76.39954617375862,15.312881944040925],[76.40360154624354,15.313627099723524],[76.40690748932124,15.315989836984954]]]}},{"type":"Feature","properties":{"type":"village","name":"Somasamudra","taluk":"Bellary","district":"Ballari","village_code":"604892"},"geometry":{"type":"Polygon","coordinates":[[[76.90911275276265,15.22113796613282],[76.90830703402139,15.240787623596752],[76.91130555025264,15.257281932050192],[76.9100548034247,15.25803125117033],[76.90996427031205,15.25932875491475],[76.90773514225698,15.260293654125654],[76.90767510604994,15.263446915762763],[76.90426579293417,15.26558214994766],[76.90333866598394,15.27280927102886],[76.90138204366698,15.276178083846208],[76.90307895315384,15.292668725386783],[76.89817212600158,15.297663382873885],[76.8909145146503,15.300949010042538],[76.88359803400351,15.307456955369894],[76.87746996159554,15.314571223631349],[76.87975503492983,15.302408714330578],[76.87997671937902,15.287014678843828],[76.87923016098742,15.284429466592114],[76.87543691600406,15.280218617089503],[76.87189603203856,15.273089469417434],[76.86489636563293,15.266213700992527],[76.86440308004914,15.263741927764391],[76.86219230277872,15.260669065223448],[76.86208548859987,15.257054080143893],[76.86034967936625,15.252467496372352],[76.86082009024963,15.249611496420371],[76.85613981911034,15.237120360839238],[76.87258831062744,15.232316194733421],[76.87100855582665,15.223094030373167],[76.87881369393686,15.220500897686636],[76.88432425813035,15.219368582413862],[76.90128893059286,15.222161571995574],[76.90911275276265,15.22113796613282]]]}},{"type":"Feature","properties":{"type":"village","name":"Kallirampura","taluk":"Hospet","district":"Ballari","village_code":"604718"},"geometry":{"type":"Polygon","coordinates":[[[76.3785625060886,15.315562462248304],[76.37731472280278,15.317713410587604],[76.38016877197002,15.317772150993457],[76.3849834050247,15.32605022709404],[76.38848018081146,15.327048778005665],[76.38894599411721,15.330853482593744],[76.3758014891471,15.33018045056969],[76.37094516617843,15.328286998319479],[76.36572090315084,15.32913177773367],[76.35920719836444,15.325073510941145],[76.35073023271114,15.31044567215015],[76.34901432295769,15.301865840176658],[76.35734229942788,15.300948083783187],[76.37042920442194,15.295680094569386],[76.37971218885386,15.300569519764071],[76.38148126270242,15.300569446113773],[76.38122527338916,15.30323547703297],[76.38010331083696,15.303493111933895],[76.37854370075645,15.30643922391047],[76.37752419285903,15.313389001233043],[76.3785625060886,15.315562462248304]]]}},{"type":"Feature","properties":{"type":"village","name":" ","taluk":"Hospet","district":"Ballari","village_code":" "},"geometry":{"type":"Polygon","coordinates":[[[76.65054946618194,15.407353793642091],[76.6168434280635,15.414770429727785],[76.60846740520034,15.418524838833816],[76.60218279686255,15.421939425610457],[76.60182282665686,15.424381401400353],[76.60072500542958,15.42454656502823],[76.59926794073371,15.420323268612307],[76.60004461694183,15.416100191159332],[76.59792466204158,15.415732714698958],[76.59765944882697,15.41705468471696],[76.59467174921006,15.417090025789962],[76.59391790368488,15.41518936292118],[76.59706061568893,15.414511756199657],[76.59967300367171,15.4123270696609],[76.60239858926181,15.412584498855088],[76.6275819895812,15.405709621202545],[76.62813546588227,15.39197977805409],[76.62743515006656,15.383643643168726],[76.62601579395134,15.383276388260933],[76.62624288536021,15.38197274235095],[76.61777390572978,15.380898351630483],[76.61773612528386,15.3788051222791],[76.62085888570542,15.371662647856438],[76.63503330465718,15.375169748018337],[76.63588503241236,15.377978991270187],[76.6390752500236,15.37809174533853],[76.63887543056842,15.385597316001673],[76.640687638822,15.39177874431121],[76.64563452275108,15.398190386081529],[76.65054946618194,15.407353793642091]]]}},{"type":"Feature","properties":{"type":"village","name":"Arlihalli","taluk":"Hospet","district":"Ballari","village_code":"604749"},"geometry":{"type":"Polygon","coordinates":[[[76.64377755504016,15.40905056404054],[76.6439112279477,15.422885998190145],[76.64266227325872,15.427127514873174],[76.64542238290178,15.439548840658311],[76.64398049164936,15.444872606131774],[76.63075139771885,15.443772296601276],[76.63077954193673,15.43089210132682],[76.6267143679337,15.41996701490883],[76.62589104311118,15.412741785988132],[76.64377755504016,15.40905056404054]]]}},{"type":"Feature","properties":{"type":"village","name":"Gosabalu","taluk":"Siruguppa","district":"Ballari","village_code":"604844"},"geometry":{"type":"Polygon","coordinates":[[[76.90539648980588,15.475079298816928],[76.8926734429261,15.475584277928366],[76.8941430588831,15.457429046710228],[76.91646672729276,15.459618931253226],[76.91741864325326,15.453916058940113],[76.91715382799232,15.44807570502698],[76.92254689434326,15.447976387263859],[76.93996364127756,15.450862941010083],[76.94856009364345,15.45052602136872],[76.95125853933213,15.455814930718851],[76.94984647663873,15.462539396424583],[76.95135700007717,15.466272862646882],[76.92775027962533,15.467534108606934],[76.91532112287892,15.46942426276588],[76.9140232872621,15.468618327940591],[76.90562887588504,15.469307749741278],[76.90539648980588,15.475079298816928]]]}},{"type":"Feature","properties":{"type":"village","name":"Mota Sugur","taluk":"Siruguppa","district":"Ballari","village_code":"604847"},"geometry":{"type":"Polygon","coordinates":[[[77.0045840590385,15.461986559406053],[76.9973313228443,15.478030540997416],[76.98971615865374,15.483646654042795],[76.98626709957826,15.47823886726306],[76.98426605197722,15.477538041409296],[76.98145361187558,15.471883810166608],[76.97774890215167,15.469109312871844],[76.97464142027646,15.468739179750846],[76.97402213968589,15.46446678889924],[76.9659137617768,15.465295787193302],[76.96578390311596,15.460342082935034],[76.96729480474515,15.46007316479669],[76.96742078627722,15.455965598735238],[76.97012347291238,15.455758115022649],[76.9703136678176,15.452909560211307],[76.98121075323682,15.454494068251321],[76.98142569582983,15.455941127831096],[76.9903519898051,15.458360517670702],[76.99893688893812,15.462342135754144],[77.0045840590385,15.461986559406053]]]}},{"type":"Feature","properties":{"type":"village","name":"Karur","taluk":"Siruguppa","district":"Ballari","village_code":"604846"},"geometry":{"type":"Polygon","coordinates":[[[76.9659137617768,15.465295787193302],[76.95057067416627,15.470482210876463],[76.95010758634912,15.469246162143966],[76.9513974916386,15.465899077761964],[76.94986153869108,15.461616371129749],[76.95125853933213,15.455814930718851],[76.94856009364345,15.45052602136872],[76.93996364127756,15.450862941010083],[76.92254689434326,15.447976387263859],[76.91638691287808,15.448178784907439],[76.91649785122242,15.444983306430721],[76.91349716196649,15.444590518733776],[76.91238175262428,15.442683244648359],[76.90143383783129,15.4434909133991],[76.89944688030552,15.442684841337863],[76.89622290041267,15.438417967738614],[76.89145864308253,15.439539165127622],[76.89014042020031,15.432538614231994],[76.88730173761427,15.42542021399842],[76.88742428758196,15.412673878781424],[76.89368013635595,15.413558542174773],[76.89725767068676,15.415117271142757],[76.91504256519076,15.416155650310136],[76.92474696100055,15.418675515745756],[76.93609893980492,15.422566239028685],[76.93778108458179,15.424355166273166],[76.95480501261537,15.430965223285021],[76.9591180632463,15.428802657093135],[76.95901795858431,15.422187414222545],[76.96745384607631,15.423134250657371],[76.98194255230831,15.428837229808893],[76.9814659259815,15.454060554059422],[76.9703136678176,15.452909560211307],[76.97012347291238,15.455758115022649],[76.96742078627722,15.455965598735238],[76.96729480474515,15.46007316479669],[76.96578390311596,15.460342082935034],[76.9659137617768,15.465295787193302]]]}},{"type":"Feature","properties":{"type":"village","name":"Bhyrapura","taluk":"Siruguppa","district":"Ballari","village_code":"604845"},"geometry":{"type":"Polygon","coordinates":[[[76.89339801055951,15.47294244264185],[76.8869278219621,15.473231750803908],[76.88725768423275,15.470323576231825],[76.88193675798902,15.470158593648273],[76.88377526801581,15.447952212407085],[76.8832680747148,15.441177785238803],[76.89622290041267,15.438417967738614],[76.90003483933708,15.443038731158158],[76.9049615426133,15.443805094368622],[76.91238175262428,15.442683244648359],[76.91349716196649,15.444590518733776],[76.91649785122242,15.444983306430721],[76.91741864325326,15.453916058940113],[76.91646672729276,15.459618931253226],[76.8941430588831,15.457429046710228],[76.89339801055951,15.47294244264185]]]}},{"type":"Feature","properties":{"type":"village","name":" ","taluk":"Siruguppa","district":"Ballari","village_code":" "},"geometry":{"type":"Polygon","coordinates":[[[76.8832680747148,15.441177785238803],[76.86942104676835,15.441261274332707],[76.857885315776,15.43945136663629],[76.84821472716361,15.439725575308705],[76.8452754179944,15.437109742328563],[76.8462097072124,15.424622919248572],[76.84860194866178,15.42401366681158],[76.85156130822813,15.4270423288947],[76.86054190087077,15.429383354124546],[76.86175808861141,15.432569100887207],[76.86127140833996,15.433906265407243],[76.86875223307302,15.433670711567931],[76.87978795010018,15.434964146303217],[76.89036162944069,15.43433148120391],[76.89145864308253,15.439539165127622],[76.8832680747148,15.441177785238803]]]}},{"type":"Feature","properties":{"type":"village","name":"Belugoduhal","taluk":"Hospet","district":"Ballari","village_code":"604748"},"geometry":{"type":"Polygon","coordinates":[[[76.62589104311118,15.412741785988132],[76.6267143679337,15.41996701490883],[76.63077954193673,15.43089210132682],[76.63075139771885,15.443772296601276],[76.62338882541314,15.442916528301502],[76.61333066316303,15.443313749016431],[76.60886314632067,15.440294915021383],[76.59610058524645,15.425454247787087],[76.59467174921006,15.417090025789962],[76.59765944882697,15.41705468471696],[76.59792466204158,15.415732714698958],[76.60004461694183,15.416100191159332],[76.59926794073371,15.420323268612307],[76.60072500542958,15.42454656502823],[76.60182282665686,15.424381401400353],[76.60218279686255,15.421939425610457],[76.60846740520034,15.418524838833816],[76.6168434280635,15.414770429727785],[76.62589104311118,15.412741785988132]]]}},{"type":"Feature","properties":{"type":"village","name":"Sanapura","taluk":"Hospet","district":"Ballari","village_code":"604750"},"geometry":{"type":"Polygon","coordinates":[[[76.65257061987565,15.406632436189359],[76.65441534265094,15.408957947955258],[76.6542326280171,15.413011065114814],[76.65763035735728,15.424130969067992],[76.6597587168953,15.426427187292548],[76.66122501178074,15.430924328748718],[76.6630572084477,15.431580180852505],[76.6641567077279,15.43322039217195],[76.66537665761298,15.43775847879945],[76.66523595538835,15.43910501959997],[76.66242488970911,15.441982986879726],[76.66337268330076,15.449380223808607],[76.6554228508528,15.448296636312937],[76.64398049164936,15.444872606131774],[76.64542238290178,15.439548840658311],[76.64266227325872,15.427127514873174],[76.6439112279477,15.422885998190145],[76.64377755504016,15.40905056404054],[76.65257061987565,15.406632436189359]]]}},{"type":"Feature","properties":{"type":"village","name":"Muddapura No.2","taluk":"Hospet","district":"Ballari","village_code":"604751"},"geometry":{"type":"Polygon","coordinates":[[[76.6013844478999,15.38844744969168],[76.58891668874908,15.391519728656768],[76.58816007820947,15.389114274291193],[76.58577557484793,15.388507893747947],[76.58367672766192,15.39187529059235],[76.58112184533204,15.391314784904168],[76.58048901365541,15.386072382277863],[76.5790790332568,15.385870081758615],[76.5789657988186,15.384382770960764],[76.57907022078388,15.383244446204838],[76.59188756561568,15.38150251276757],[76.59154804196415,15.374488323687782],[76.59328918719056,15.374286665008501],[76.59359226708932,15.37219351907691],[76.59355525290636,15.366639065755045],[76.59221166878703,15.366491996137619],[76.59266622889724,15.364398900998138],[76.60479622239951,15.364198520612828],[76.61344431711444,15.362767062955287],[76.61296780936526,15.366998379226223],[76.61580619281229,15.370303664935236],[76.62085888570542,15.371662647856438],[76.61612784358293,15.383509465776601],[76.60901197380706,15.38286629464102],[76.60776272896227,15.38486764280662],[76.6013844478999,15.38844744969168]]]}},{"type":"Feature","properties":{"type":"village","name":"Ramasagara","taluk":"Hospet","district":"Ballari","village_code":"604754"},"geometry":{"type":"Polygon","coordinates":[[[76.57488511360562,15.394021656336903],[76.56970927336512,15.392303574354571],[76.56925550377238,15.390393816917378],[76.56698398691401,15.392082464852733],[76.56641565517313,15.393955202373427],[76.56187330327772,15.394266105650171],[76.56176852378297,15.39628576221208],[76.56388687069885,15.399071989799264],[76.56040546778154,15.398959064354047],[76.55500539457138,15.39668334578377],[76.548660543414,15.386929947180308],[76.54066363295694,15.381132646136027],[76.54736462300535,15.373498969787432],[76.55094170638188,15.372471982768978],[76.55765706588157,15.366290938661605],[76.55758276622444,15.362196326864707],[76.55492568885289,15.357247014160775],[76.5581424956982,15.357339861143918],[76.56028001984875,15.360076385793604],[76.56533227077078,15.36064711642465],[76.56930648675801,15.359509770792164],[76.57316629690392,15.361310209089869],[76.58887371065096,15.355235789752236],[76.59115339499186,15.357678299585901],[76.59204246301846,15.359661505647962],[76.59179570119981,15.364398707833383],[76.59266622889724,15.364398900998138],[76.59221166878703,15.366491996137619],[76.59355525290636,15.366639065755045],[76.59328918719056,15.374286665008501],[76.59154804196415,15.374488323687782],[76.59188756561568,15.38150251276757],[76.57907022078388,15.383244446204838],[76.5790790332568,15.385870081758615],[76.58048901365541,15.386072382277863],[76.58112184533204,15.391314784904168],[76.58367672766192,15.39187529059235],[76.58143320140951,15.395895982116176],[76.57560390776672,15.395527507731568],[76.57488511360562,15.394021656336903]]]}},{"type":"Feature","properties":{"type":"village","name":"Muddatanur","taluk":"Siruguppa","district":"Ballari","village_code":"604783"},"geometry":{"type":"Polygon","coordinates":[[[76.79981349067211,15.477723031359183],[76.79804391466526,15.479558205224896],[76.78988209867488,15.479750720014435],[76.77539630478103,15.481828494948104],[76.77472659097378,15.48181261591021],[76.77456949090194,15.479958822055988],[76.76989689766337,15.478185329333119],[76.77150207209175,15.473604257582696],[76.77022631077637,15.471850371851133],[76.77112622955327,15.470395783883554],[76.76954766232532,15.468718613269068],[76.76976323373898,15.46614767267688],[76.76707116159724,15.464379517844648],[76.7639770448568,15.456380064223584],[76.76173230677705,15.454815395583001],[76.76268438443432,15.451738711321635],[76.76052829929334,15.450052108574756],[76.75945938944517,15.44527991138488],[76.75514680773482,15.442733550752493],[76.75656890460999,15.43688585936878],[76.76169599328001,15.437548582639584],[76.78063859609803,15.436022881656413],[76.78209632195396,15.437347665712283],[76.79692636912932,15.439400035379562],[76.80005904964659,15.442230064878132],[76.80725733715482,15.442834415762022],[76.80721051696221,15.443646908605578],[76.81132181316687,15.443362303290689],[76.8106779241274,15.454560665621875],[76.80442684630586,15.463188829075293],[76.79981349067211,15.477723031359183]]]}},{"type":"Feature","properties":{"type":"village","name":"Malapura","taluk":"Siruguppa","district":"Ballari","village_code":"604784"},"geometry":{"type":"Polygon","coordinates":[[[76.81108023283073,15.453180686014091],[76.82389247613008,15.453792434728925],[76.8237905523796,15.456073525059184],[76.82750036992421,15.45845381562164],[76.83271101988197,15.459241523047808],[76.83335967178905,15.460165896602],[76.83863129310012,15.460383204573104],[76.83873208227836,15.464021145880492],[76.84301107687857,15.46417645897356],[76.84239578121458,15.466740593876263],[76.84331729099932,15.473848589798795],[76.84046022798428,15.478606155910155],[76.83955800323206,15.484144774862814],[76.82037805293956,15.479394763211218],[76.79981349067211,15.477723031359183],[76.80442684630586,15.463188829075293],[76.80995241326289,15.456283831917423],[76.81108023283073,15.453180686014091]]]}},{"type":"Feature","properties":{"type":"village","name":"Nelludi","taluk":"Bellary","district":"Ballari","village_code":"604855"},"geometry":{"type":"Polygon","coordinates":[[[76.69361608340986,15.405994144756338],[76.67921876728327,15.406644143236885],[76.67725370798915,15.408745705202273],[76.67366224977144,15.408122885782303],[76.67288818406752,15.404539736730028],[76.66099669866308,15.40434752711704],[76.65054946618194,15.407353793642091],[76.64563452275108,15.398190386081529],[76.640687638822,15.39177874431121],[76.63887543056842,15.385597316001673],[76.6390752500236,15.37809174533853],[76.64734643230656,15.37761225992552],[76.65224529319889,15.372627651022526],[76.65581244480163,15.3714298299332],[76.66099528471482,15.367931670068101],[76.66319869400328,15.371885176184392],[76.66287305561112,15.373525478976196],[76.67431146671885,15.375751083332863],[76.67684901695364,15.370637242968588],[76.6919901929327,15.37085354800129],[76.69554750708478,15.398146926725971],[76.69328608100203,15.39895547970698],[76.69361608340986,15.405994144756338]]]}},{"type":"Feature","properties":{"type":"village","name":"Kyadigehal","taluk":"Bellary","district":"Ballari","village_code":"604859"},"geometry":{"type":"Polygon","coordinates":[[[76.8309331667981,15.410800978122397],[76.81609992701026,15.414829295211],[76.80899660580062,15.414185545419752],[76.80755755681773,15.413159326402115],[76.80600007394781,15.40438813502833],[76.80478962015357,15.402724911149036],[76.8006319960331,15.403285544584874],[76.80241261323307,15.390683669748292],[76.81222086057791,15.38955151319909],[76.81234780061239,15.39170855675716],[76.82539009976104,15.389900846881075],[76.82577672208292,15.397083914818085],[76.82760608995505,15.398591128025885],[76.82812685769831,15.400665616965554],[76.83013712381076,15.402038722782782],[76.8309331667981,15.410800978122397]]]}},{"type":"Feature","properties":{"type":"village","name":"Havinahal Veerapura","taluk":"Bellary","district":"Ballari","village_code":"604858"},"geometry":{"type":"Polygon","coordinates":[[[76.75808640436493,15.417234168983315],[76.7517753981342,15.416970784067615],[76.75165621684882,15.412801845405419],[76.75009615222076,15.411424471071474],[76.74912627983605,15.406271795929111],[76.74907696681854,15.39567751884035],[76.75993007431471,15.395478270197119],[76.76008834578968,15.402626420422445],[76.76337211036132,15.402549497784985],[76.76341639999978,15.395647220774396],[76.77345015771857,15.394963927760005],[76.7882886724138,15.391784739426653],[76.79573183438025,15.39143473075229],[76.80040256720787,15.389351622102934],[76.80241261323307,15.390683669748292],[76.8001022199842,15.407083750274644],[76.79900263266912,15.408005190837793],[76.79930902735126,15.410951412088417],[76.78201679679682,15.414686109877884],[76.75808640436493,15.417234168983315]]]}},{"type":"Feature","properties":{"type":"village","name":"Konchigeri","taluk":"Siruguppa","district":"Ballari","village_code":"604790"},"geometry":{"type":"Polygon","coordinates":[[[76.8870782852806,15.41642511466558],[76.87396256682382,15.423670261669796],[76.87041486105201,15.424299409689166],[76.8667050839316,15.42274569082202],[76.8601779439418,15.417435883033457],[76.85926578831412,15.4155283152708],[76.85734001414401,15.415626509776036],[76.85270835264139,15.409748458656447],[76.85157212394415,15.406766047008515],[76.84761350899846,15.402526966600398],[76.84741866082008,15.396770213998785],[76.84968798578913,15.38829349430166],[76.86240759032476,15.388737648211778],[76.87651508927945,15.384472512919729],[76.88514170527596,15.390061768881063],[76.89214858874661,15.392358385085474],[76.89210309356903,15.413295175982313],[76.88742428758196,15.412673878781424],[76.8870782852806,15.41642511466558]]]}},{"type":"Feature","properties":{"type":"village","name":"Dasapura","taluk":"Siruguppa","district":"Ballari","village_code":"604789"},"geometry":{"type":"Polygon","coordinates":[[[76.89036162944069,15.43433148120391],[76.87978795010018,15.434964146303217],[76.86875223307302,15.433670711567931],[76.86127140833996,15.433906265407243],[76.86175808861141,15.432569100887207],[76.86054190087077,15.429383354124546],[76.85156130822813,15.4270423288947],[76.84860194866178,15.42401366681158],[76.84524462374648,15.402613283298962],[76.84804731173737,15.402577985665316],[76.85734001414401,15.415626509776036],[76.85926578831412,15.4155283152708],[76.8601779439418,15.417435883033457],[76.86891473830792,15.42394534762751],[76.87396256682382,15.423670261669796],[76.8870782852806,15.41642511466558],[76.88730173761427,15.42542021399842],[76.89036162944069,15.43433148120391]]]}},{"type":"Feature","properties":{"type":"village","name":"Talur","taluk":"Siruguppa","district":"Ballari","village_code":"604853"},"geometry":{"type":"Polygon","coordinates":[[[77.03085281376569,15.411393978714404],[76.99893724916255,15.417172304391698],[76.99193749112875,15.417479865744198],[76.99100050337165,15.416118118978128],[76.99112437476111,15.39637992209302],[76.99204683406512,15.385333407724188],[76.99139786505275,15.379752060074937],[76.99246455516382,15.37376104811525],[77.00236938218147,15.373491979780223],[77.0067119038419,15.371526003662309],[77.00929856856655,15.371409292792968],[77.02771656693672,15.37659516566108],[77.0446904471309,15.378584815222712],[77.04745022260069,15.383426260956542],[77.04727636355892,15.39004674026124],[77.04548367210317,15.392947740054373],[77.03965366789302,15.39704869592496],[77.03454186405753,15.398874794385893],[77.03142852696327,15.401061835920995],[77.02882781528253,15.406157614310807],[77.03085281376569,15.411393978714404]]]}},{"type":"Feature","properties":{"type":"village","name":"Ulur","taluk":"Siruguppa","district":"Ballari","village_code":"604852"},"geometry":{"type":"Polygon","coordinates":[[[77.03085281376569,15.411393978714404],[77.03317086335574,15.415937901115743],[77.03515589758852,15.423199824133329],[77.03504087280798,15.425000305586595],[77.03269770542423,15.428434187355279],[77.0320376610827,15.435580720804651],[77.03028315341645,15.43750858128297],[77.02804796981809,15.43856019980233],[77.02348287078306,15.43549519279575],[77.01220454574715,15.43555291632582],[77.002953859343,15.433496405867047],[76.99635123122492,15.433401971853158],[76.99337131820488,15.43214442788007],[76.9926893361058,15.430266520156286],[76.99166776657479,15.430060606653722],[76.99193749112875,15.417479865744198],[76.99893724916255,15.417172304391698],[77.03085281376569,15.411393978714404]]]}},{"type":"Feature","properties":{"type":"village","name":"Uttanur","taluk":"Siruguppa","district":"Ballari","village_code":"604848"},"geometry":{"type":"Polygon","coordinates":[[[77.0045840590385,15.461986559406053],[76.99893688893812,15.462342135754144],[76.9903519898051,15.458360517670702],[76.98142569582983,15.455941127831096],[76.98194255230831,15.428837229808893],[76.98668854239716,15.430166323601288],[76.98751799013664,15.429381547775371],[76.9926893361058,15.430266520156286],[76.99337131820488,15.43214442788007],[76.99635123122492,15.433401971853158],[77.002953859343,15.433496405867047],[77.01220454574715,15.43555291632582],[77.02348287078306,15.43549519279575],[77.02804796981809,15.43856019980233],[77.02753336002611,15.439764938938483],[77.02205551067867,15.44312114927303],[77.0107999336807,15.448766415183233],[77.00865657137909,15.451286029290696],[77.0045840590385,15.461986559406053]]]}},{"type":"Feature","properties":{"type":"village","name":"Mustagatta","taluk":"Bellary","district":"Ballari","village_code":"604861"},"geometry":{"type":"Polygon","coordinates":[[[76.82539009976104,15.389900846881075],[76.81234780061239,15.39170855675716],[76.81222086057791,15.38955151319909],[76.80241261323307,15.390683669748292],[76.80040256720787,15.389351622102934],[76.79573183438025,15.39143473075229],[76.78964677690135,15.391627950039029],[76.7876814984183,15.389562422658946],[76.78713567666178,15.386219222410764],[76.78401431132384,15.386198233748265],[76.78197070962946,15.378410211286596],[76.78417867607138,15.377180092414456],[76.78395922932556,15.371245668620986],[76.78595782003428,15.370737319219499],[76.78602657618781,15.363162084146365],[76.78810247770653,15.362381910704912],[76.79024166284208,15.363342454250809],[76.79989007025344,15.362758503870127],[76.80063720626177,15.361838247278536],[76.80723768021977,15.361115819136025],[76.81254495566444,15.365014899050282],[76.8197506686468,15.365624051400102],[76.82301934421663,15.384606083403334],[76.82539009976104,15.389900846881075]]]}},{"type":"Feature","properties":{"type":"village","name":"Genikihal","taluk":"Bellary","district":"Ballari","village_code":"604860"},"geometry":{"type":"Polygon","coordinates":[[[76.84761350899846,15.402526966600398],[76.83013706272533,15.402410295625671],[76.82812685769831,15.400665616965554],[76.82760608995505,15.398591128025885],[76.82577672208292,15.397083914818085],[76.82607579369886,15.391944426650609],[76.82301934421663,15.384606083403334],[76.8197506686468,15.365624051400102],[76.83753390575914,15.363101494142345],[76.859489494871,15.363065217917631],[76.8599940561082,15.363868243804975],[76.87034426425048,15.364257519936011],[76.86982153189169,15.367778097099475],[76.87068939069441,15.372909403864682],[76.87543779365811,15.384859438874143],[76.86240759032476,15.388737648211778],[76.84968798578913,15.38829349430166],[76.84741866082008,15.396770213998785],[76.84761350899846,15.402526966600398]]]}},{"type":"Feature","properties":{"type":"village","name":"Chitiginahalu","taluk":"Bellary","district":"Ballari","village_code":"604862"},"geometry":{"type":"Polygon","coordinates":[[[76.78964677690135,15.391627950039029],[76.77861917615282,15.394277991807328],[76.76341639999978,15.395647220774396],[76.76337211036132,15.402549497784985],[76.76008834578968,15.402626420422445],[76.76027622663473,15.392754871893986],[76.76340790822539,15.392569705716232],[76.76191198420693,15.3852733568322],[76.77229066265546,15.382741813112222],[76.77302126517101,15.3807757164056],[76.77116767871881,15.378936156847757],[76.77158387896972,15.377608992789666],[76.78197070962946,15.378410211286596],[76.78401431132384,15.386198233748265],[76.78713567666178,15.386219222410764],[76.7876814984183,15.389562422658946],[76.78964677690135,15.391627950039029]]]}},{"type":"Feature","properties":{"type":"village","name":"Havinahal","taluk":"Siruguppa","district":"Ballari","village_code":"604785"},"geometry":{"type":"Polygon","coordinates":[[[76.81791531709655,15.442822483027323],[76.80721051696221,15.443646908605578],[76.80725733715482,15.442834415762022],[76.80005904964659,15.442230064878132],[76.79692636912932,15.439400035379562],[76.78209632195396,15.437347665712283],[76.78063859609803,15.436022881656413],[76.76169599328001,15.437548582639584],[76.75656890460999,15.43688585936878],[76.75808640436493,15.417234168983315],[76.78201679679682,15.414686109877884],[76.79930902735126,15.410951412088417],[76.79900263266912,15.408005190837793],[76.8001022199842,15.407083750274644],[76.80041107694855,15.403315334900347],[76.80478962015357,15.402724911149036],[76.80600007394781,15.40438813502833],[76.80813495255985,15.413868965822994],[76.81609992701026,15.414829295211],[76.81996579539442,15.41380348293024],[76.82055108283633,15.419635042670361],[76.81911464795093,15.425427939189214],[76.81799737370619,15.42675186863135],[76.81791531709655,15.442822483027323]]]}},{"type":"Feature","properties":{"type":"village","name":"Emmiganur","taluk":"Bellary","district":"Ballari","village_code":"604857"},"geometry":{"type":"Polygon","coordinates":[[[76.75656890460999,15.43688585936878],[76.75514680773482,15.442733550752493],[76.73548589404935,15.441544038188264],[76.71928829210964,15.442170795002033],[76.71751405743976,15.43415501299165],[76.70524804103714,15.433685153402857],[76.69685370242365,15.434478715878985],[76.69450527630225,15.432947563845394],[76.69395976805778,15.431434023936653],[76.68637383594485,15.429777350017984],[76.69146537738081,15.42451221068578],[76.6967912524434,15.415071207802644],[76.69333028170725,15.404124237591104],[76.69328608100203,15.39895547970698],[76.69554750708478,15.398146926725971],[76.69226496691688,15.372037739628295],[76.6919901929327,15.37085354800129],[76.67684901695364,15.370637242968588],[76.67826778826561,15.366265644700267],[76.67588182604005,15.359808917045683],[76.67614194221373,15.357106750031337],[76.69231041089046,15.357152372287471],[76.69623104506593,15.356116409292818],[76.69608984607295,15.351493904624277],[76.69744013881082,15.351154575160054],[76.69726693464085,15.350196125576439],[76.70365976032602,15.351771940302562],[76.70655834437181,15.360832367280729],[76.70980449827913,15.362814250092402],[76.71480969275164,15.362692953791615],[76.71499990472483,15.365006507235353],[76.73165218804726,15.365410687772231],[76.73454701983015,15.364436192188446],[76.73784995085668,15.365967746379258],[76.74308237957021,15.36601106606194],[76.75660206232546,15.364455981610691],[76.76645212804337,15.364506406255828],[76.76696597157242,15.366145720739398],[76.77142564612232,15.368370801895813],[76.77256383404519,15.373013062386011],[76.77239454293662,15.377599586348367],[76.7709754383497,15.378326541038234],[76.77302126517101,15.3807757164056],[76.77302068935091,15.38207355630208],[76.76191198420693,15.3852733568322],[76.76340790822539,15.392569705716232],[76.76027622663473,15.392754871893986],[76.75993007431471,15.395478270197119],[76.74907696681854,15.39567751884035],[76.74912627983605,15.406271795929111],[76.75009615222076,15.411424471071474],[76.75165621684882,15.412801845405419],[76.7517753981342,15.416970784067615],[76.75808640436493,15.417234168983315],[76.75656890460999,15.43688585936878]]]}},{"type":"Feature","properties":{"type":"village","name":"Muddapura No.10","taluk":"Hospet","district":"Ballari","village_code":"604753"},"geometry":{"type":"Polygon","coordinates":[[[76.68637383594485,15.429777350017984],[76.68242819536682,15.431776422150538],[76.68190854872105,15.43526525275289],[76.67862977069754,15.43856654772169],[76.6783089823096,15.442789704154034],[76.67655882698091,15.446444075018857],[76.67374794815125,15.448170597328152],[76.67139682977894,15.45308737010387],[76.66739173061055,15.450463775335791],[76.66337268330076,15.449380223808607],[76.66242488970911,15.441982986879726],[76.66523595538835,15.43910501959997],[76.66537665761298,15.43775847879945],[76.6641567077279,15.43322039217195],[76.6630572084477,15.431580180852505],[76.66122501178074,15.430924328748718],[76.6597587168953,15.426427187292548],[76.65763035735728,15.424130969067992],[76.6542326280171,15.413011065114814],[76.65441534265094,15.408957947955258],[76.65257061987565,15.406632436189359],[76.66099669866308,15.40434752711704],[76.67288818406752,15.404539736730028],[76.67366224977144,15.408122885782303],[76.67725370798915,15.408745705202273],[76.67921876728327,15.406644143236885],[76.69361608340986,15.405994144756338],[76.6967912524434,15.415071207802644],[76.69146537738081,15.42451221068578],[76.68637383594485,15.429777350017984]]]}},{"type":"Feature","properties":{"type":"village","name":"Ittigi","taluk":"Hospet","district":"Ballari","village_code":"604752"},"geometry":{"type":"Polygon","coordinates":[[[76.71928829210964,15.442170795002033],[76.71294301964238,15.442710562410879],[76.7102695722714,15.444387992035653],[76.71074075480759,15.445869909373044],[76.70856606465877,15.448252067017927],[76.70741742214264,15.453629673705656],[76.70188863113205,15.457513028838871],[76.69440916644832,15.466498452362785],[76.69306378929171,15.469978207160487],[76.69494378531492,15.476755609290143],[76.69264245876221,15.478175117984941],[76.68168105576522,15.469660396736153],[76.67139682977894,15.45308737010387],[76.67374794815125,15.448170597328152],[76.67655882698091,15.446444075018857],[76.6783089823096,15.442789704154034],[76.67862977069754,15.43856654772169],[76.68190854872105,15.43526525275289],[76.68242819536682,15.431776422150538],[76.68637383594485,15.429777350017984],[76.69395976805778,15.431434023936653],[76.69450527630225,15.432947563845394],[76.69685370242365,15.434478715878985],[76.70524804103714,15.433685153402857],[76.71751405743976,15.43415501299165],[76.71928829210964,15.442170795002033]]]}},{"type":"Feature","properties":{"type":"village","name":"Hagalur Hosahalli","taluk":"Siruguppa","district":"Ballari","village_code":"604854"},"geometry":{"type":"Polygon","coordinates":[[[76.99150514815216,15.405219513344969],[76.98358972297619,15.404459618235334],[76.97446274716307,15.405949954364242],[76.96541903799027,15.403621261741726],[76.95735529826597,15.403892578362525],[76.95228885486075,15.39660811239451],[76.9468195269321,15.392502377401442],[76.94181741996921,15.384990596087825],[76.93485962224233,15.381782776843263],[76.93251671626835,15.38195902101364],[76.93434843143834,15.37597486496152],[76.93549353189731,15.357854745182282],[76.96129635384278,15.35645034958874],[76.96612599684752,15.357551009395443],[76.96938942895102,15.365913813963758],[76.97815923191223,15.376836163872781],[76.98414924493912,15.378383215942122],[76.99157908938152,15.378939150259658],[76.99150514815216,15.405219513344969]]]}},{"type":"Feature","properties":{"type":"village","name":"Sanavasapura","taluk":"Siruguppa","district":"Ballari","village_code":"604850"},"geometry":{"type":"Polygon","coordinates":[[[76.9298517579768,15.406122342393802],[76.9296495858339,15.411016721810643],[76.932628966153,15.412822072760642],[76.93204434256609,15.414896662195611],[76.92762910138507,15.414505452576886],[76.92738489257846,15.416528339299138],[76.92955530764483,15.416847733646483],[76.92940454698395,15.420466719379123],[76.91504256519076,15.416155650310136],[76.8968477406765,15.415013320966944],[76.89210309356903,15.413295175982313],[76.89264139912156,15.392785998364719],[76.89573180132828,15.392615151320365],[76.89864602324657,15.389995395933031],[76.91070343916212,15.393940342055606],[76.91416772917326,15.396150319834723],[76.91568206865503,15.399421646996064],[76.91499310305292,15.401287892320527],[76.92491059182451,15.40589509871631],[76.9298517579768,15.406122342393802]]]}},{"type":"Feature","properties":{"type":"village","name":"Hagalur","taluk":"Siruguppa","district":"Ballari","village_code":"604851"},"geometry":{"type":"Polygon","coordinates":[[[76.99166776657479,15.430060606653722],[76.98751799013664,15.429381547775371],[76.985156320153,15.429940005064129],[76.96745384607631,15.423134250657371],[76.95901795858431,15.422187414222545],[76.96140756976654,15.420130334916568],[76.96241142002853,15.41509368306976],[76.95694193489473,15.409894132003918],[76.9494525222675,15.408028598715358],[76.94441908925407,15.40982589564504],[76.9384468475984,15.407337754747115],[76.92491059182451,15.40589509871631],[76.91499310305292,15.401287892320527],[76.91568206865503,15.399421646996064],[76.91416772917326,15.396150319834723],[76.91070343916212,15.393940342055606],[76.89864602324657,15.389995395933031],[76.89573180132828,15.392615151320365],[76.89264139912156,15.392785998364719],[76.88042736732616,15.387418688954583],[76.89328557202867,15.374408976641766],[76.90145466257626,15.377743006815157],[76.9071794480155,15.384402863365308],[76.9100439724373,15.385875600678014],[76.92038841339543,15.386881526957879],[76.93102589737565,15.386490605028861],[76.93251671626835,15.38195902101364],[76.93485962224233,15.381782776843263],[76.94181741996921,15.384990596087825],[76.9468195269321,15.392502377401442],[76.95228885486075,15.39660811239451],[76.95735529826597,15.403892578362525],[76.96541903799027,15.403621261741726],[76.97446274716307,15.405949954364242],[76.98358972297619,15.404459618235334],[76.99150514815216,15.405219513344969],[76.99166776657479,15.430060606653722]]]}},{"type":"Feature","properties":{"type":"village","name":"Darur","taluk":"Siruguppa","district":"Ballari","village_code":"604849"},"geometry":{"type":"Polygon","coordinates":[[[76.95901795858431,15.422187414222545],[76.9591180632463,15.428802657093135],[76.95480501261537,15.430965223285021],[76.93778108458179,15.424355166273166],[76.93609893980492,15.422566239028685],[76.92940454698395,15.420466719379123],[76.92955530764483,15.416847733646483],[76.92738489257846,15.416528339299138],[76.92762910138507,15.414505452576886],[76.93204434256609,15.414896662195611],[76.932628966153,15.412822072760642],[76.9296495858339,15.411016721810643],[76.9298517579768,15.406122342393802],[76.9384468475984,15.407337754747115],[76.94441908925407,15.40982589564504],[76.9494525222675,15.408028598715358],[76.95694193489473,15.409894132003918],[76.96241142002853,15.41509368306976],[76.96140756976654,15.420130334916568],[76.95901795858431,15.422187414222545]]]}},{"type":"Feature","properties":{"type":"village","name":"Kampli (TMC)","taluk":"Hospet","district":"Ballari","village_code":"803111"},"geometry":{"type":"Polygon","coordinates":[[[76.61777390572978,15.380898351630483],[76.62624288536021,15.38197274235095],[76.62601579395134,15.383276388260933],[76.62743515006656,15.383643643168726],[76.62813546588227,15.39197977805409],[76.6275819895812,15.405709621202545],[76.60239858926181,15.412584498855088],[76.59967300367171,15.4123270696609],[76.59706061568893,15.414511756199657],[76.59391790368488,15.41518936292118],[76.59236191201832,15.413049995609722],[76.58816558667877,15.41031102169636],[76.56915236909292,15.400199897619482],[76.5707709050628,15.397886354009039],[76.57152786235213,15.398327245751151],[76.57370485128976,15.396601797836064],[76.57353484602056,15.395004301928758],[76.57488511360562,15.394021656336903],[76.57560390776672,15.395527507731568],[76.58150236000829,15.397246172810869],[76.58475806031213,15.395677006121208],[76.5847113560022,15.39255552171777],[76.58583737444789,15.393005592326348],[76.58685951171417,15.391830644232922],[76.58846815094455,15.392409277596197],[76.59197806459237,15.390667866013413],[76.6013844478999,15.38844744969168],[76.60776272896227,15.38486764280662],[76.60901197380706,15.38286629464102],[76.61612784358293,15.383509465776601],[76.61777390572978,15.380898351630483]]]}},{"type":"Feature","properties":{"type":"village","name":" ","taluk":"Hospet","district":"Ballari","village_code":" "},"geometry":{"type":"Polygon","coordinates":[[[76.59139349310774,15.391281033936695],[76.58846815094455,15.392409277596197],[76.58685951171417,15.391830644232922],[76.58583737444789,15.393005592326348],[76.5847113560022,15.39255552171777],[76.58475806031213,15.395677006121208],[76.58150236000829,15.397246172810869],[76.57560390776672,15.395527507731568],[76.58143320140951,15.395895982116176],[76.58577557484793,15.388507893747947],[76.58816007820947,15.389114274291193],[76.58891668874908,15.391519728656768],[76.59139349310774,15.391281033936695]]]}},{"type":"Feature","properties":{"type":"village","name":" ","taluk":"Hospet","district":"Ballari","village_code":" "},"geometry":{"type":"Polygon","coordinates":[[[76.57488511360562,15.394021656336903],[76.57353484602056,15.395004301928758],[76.57370485128976,15.396601797836064],[76.57152786235213,15.398327245751151],[76.5707709050628,15.397886354009039],[76.56915236909292,15.400199897619482],[76.56388687069885,15.399071989799264],[76.56176852378297,15.39628576221208],[76.56187330327772,15.394266105650171],[76.56641565517313,15.393955202373427],[76.56698398691401,15.392082464852733],[76.56925550377238,15.390393816917378],[76.56970927336512,15.392303574354571],[76.57488511360562,15.394021656336903]]]}},{"type":"Feature","properties":{"type":"village","name":"Buduguppa","taluk":"Siruguppa","district":"Ballari","village_code":"604843"},"geometry":{"type":"Polygon","coordinates":[[[76.96269158570105,15.49597954782302],[76.94378982119416,15.496811525825114],[76.93806280344143,15.49330424473642],[76.92609905575887,15.488621783039454],[76.92241839034187,15.488301940902986],[76.9212435610369,15.477538669935106],[76.91362382621816,15.477746429638165],[76.91345334304523,15.476301583761202],[76.90542914805806,15.47558029895884],[76.90562887588504,15.469307749741278],[76.9140232872621,15.468618327940591],[76.91532112287892,15.46942426276588],[76.92775027962533,15.467534108606934],[76.95135700007717,15.466272862646882],[76.95010758634912,15.469246162143966],[76.95057067416627,15.470482210876463],[76.95686138296318,15.473523307792597],[76.96244097999129,15.48171148592344],[76.96521968655736,15.483126286621294],[76.96325248927289,15.486268027708945],[76.96458431175016,15.491070972012876],[76.96269158570105,15.49597954782302]]]}},{"type":"Feature","properties":{"type":"village","name":"Kuriganur","taluk":"Siruguppa","district":"Ballari","village_code":"604842"},"geometry":{"type":"Polygon","coordinates":[[[76.97385611215678,15.500427067818661],[76.96644787758686,15.500580748679372],[76.96269158570105,15.49597954782302],[76.96458431175016,15.491070972012876],[76.96325248927289,15.486268027708945],[76.96521968655736,15.483126286621294],[76.96244097999129,15.48171148592344],[76.95686138296318,15.473523307792597],[76.95057067416627,15.470482210876463],[76.9659137617768,15.465295787193302],[76.97402213968589,15.46446678889924],[76.97464142027646,15.468739179750846],[76.97774890215167,15.469109312871844],[76.98145361187558,15.471883810166608],[76.98426605197722,15.477538041409296],[76.98626709957826,15.47823886726306],[76.98971615865374,15.483646654042795],[76.98242994224886,15.486356776808035],[76.97712893704488,15.489788831605388],[76.9746154203372,15.49565511001691],[76.97385611215678,15.500427067818661]]]}},{"type":"Feature","properties":{"type":"village","name":" ","taluk":"Siruguppa","district":"Ballari","village_code":" "},"geometry":{"type":"Polygon","coordinates":[[[76.77912116461503,15.492652364981137],[76.76451272373545,15.491575776171327],[76.75174409094821,15.492811532206526],[76.74148566367856,15.490916000273769],[76.72974385736335,15.492480654861808],[76.72317148270741,15.492177979871556],[76.72383998917894,15.48866225671583],[76.7229473853834,15.482842105211432],[76.72319413372733,15.474120353090191],[76.72485874967803,15.47086967611265],[76.72866025826366,15.45302522960682],[76.73223886158968,15.441730889902153],[76.74896904861019,15.441953434167704],[76.75514680773482,15.442733550752493],[76.75915678206026,15.444814273021482],[76.76052829929334,15.450052108574756],[76.76268438443432,15.451738711321635],[76.76173230677705,15.454815395583001],[76.7639770448568,15.456380064223584],[76.76707116159724,15.464379517844648],[76.76976323373898,15.46614767267688],[76.76954766232532,15.468718613269068],[76.77112622955327,15.470395783883554],[76.77022631077637,15.471850371851133],[76.77150207209175,15.473604257582696],[76.76989689766337,15.478185329333119],[76.77503994220952,15.480379312586848],[76.77453558129659,15.482665497378227],[76.77564875024048,15.483596859988207],[76.77564799565563,15.485214509615096],[76.77809804189691,15.487321325742775],[76.77912116461503,15.492652364981137]]]}},{"type":"Feature","properties":{"type":"village","name":"Nadivi","taluk":"Siruguppa","district":"Ballari","village_code":"604780"},"geometry":{"type":"Polygon","coordinates":[[[76.8616832966775,15.48408178230435],[76.86414242129305,15.495205715730778],[76.85850155556929,15.496154781734667],[76.85111490571904,15.499312072675195],[76.8515100961721,15.507768941176312],[76.8508390456717,15.507768884045955],[76.85091344144858,15.509034082037191],[76.84929169669648,15.509232672755932],[76.84945833058843,15.517619202966387],[76.81705508409229,15.517477072844676],[76.81258478067592,15.5169146709804],[76.81081977889052,15.512851965181202],[76.7970059589652,15.501080527078441],[76.78954695520865,15.498256692388576],[76.7839476527365,15.494043057255261],[76.77912116461503,15.492652364981137],[76.77809804189691,15.487321325742775],[76.77564799565563,15.485214509615096],[76.77564875024048,15.483596859988207],[76.7745030793513,15.482448624878948],[76.78988209867488,15.479750720014435],[76.79804391466526,15.479558205224896],[76.79981349067211,15.477723031359183],[76.82037805293956,15.479394763211218],[76.83606205209873,15.483508114899033],[76.8484414538565,15.485653545828935],[76.85040832595084,15.487010632026658],[76.85397754367872,15.484611982635363],[76.8616832966775,15.48408178230435]]]}},{"type":"Feature","properties":{"type":"village","name":"Balakundi","taluk":"Siruguppa","district":"Ballari","village_code":"604840"},"geometry":{"type":"Polygon","coordinates":[[[76.96679948986716,15.527095496940591],[76.95659484024198,15.538477153416329],[76.9560560630739,15.543257989820999],[76.947229954609,15.548321803013165],[76.94401744799895,15.545155251373181],[76.94280403425586,15.540492442189018],[76.94131244281205,15.539986732076446],[76.93592180191239,15.530860665818478],[76.9314837048956,15.526704728663635],[76.93042015080317,15.522909284942958],[76.91649195737583,15.509772080899562],[76.91414327343794,15.51024244124768],[76.91389125108498,15.50776630538958],[76.90222245714115,15.510126510402836],[76.90125225507475,15.505139465326032],[76.90163743919385,15.492965378014825],[76.89992821560105,15.483935316134378],[76.90150293983622,15.481127947031041],[76.89986388365028,15.479662663261312],[76.89979894893,15.475338706279906],[76.90539648980588,15.475079298816928],[76.91345334304523,15.476301583761202],[76.91362382621816,15.477746429638165],[76.9212435610369,15.477538669935106],[76.92241839034187,15.488301940902986],[76.92593763479053,15.49325360984284],[76.93440565412195,15.501086693893699],[76.94027609060474,15.512428114707095],[76.9422425638471,15.511939536856318],[76.94591648022137,15.516764347718674],[76.95091394019927,15.520865634849642],[76.96679948986716,15.527095496940591]]]}},{"type":"Feature","properties":{"type":"village","name":"Udegolam","taluk":"Siruguppa","district":"Ballari","village_code":"604779"},"geometry":{"type":"Polygon","coordinates":[[[76.84414401594519,15.527360605251154],[76.84098652126482,15.530137755652703],[76.8265420750269,15.534698588121202],[76.825628286262,15.535891296021589],[76.82590722663245,15.53892787200365],[76.82027572135398,15.543300456329112],[76.81889509340729,15.547059593841631],[76.8137631646145,15.550140302423468],[76.8107566183429,15.54746014632332],[76.8099674995698,15.540406099013977],[76.81065448708162,15.534586332079861],[76.80788471066779,15.524301148794716],[76.80819285436982,15.522439653693782],[76.81258478067592,15.5169146709804],[76.84313882988835,15.517799091725264],[76.84414401594519,15.527360605251154]]]}},{"type":"Feature","properties":{"type":"village","name":"Tekkalakote (TP)","taluk":"Siruguppa","district":"Ballari","village_code":"803113"},"geometry":{"type":"Polygon","coordinates":[[[76.89786444583027,15.549783560885608],[76.88829988626918,15.550163826636881],[76.88084223178222,15.552857090710882],[76.87226565823525,15.554284894670776],[76.87094183166231,15.556218823215671],[76.87027057993929,15.554989716051145],[76.86730611075559,15.555152296830904],[76.86441597177178,15.557610260430968],[76.86475154822597,15.55847786492623],[76.8668025664113,15.558188727296864],[76.8674736887769,15.559960057881916],[76.8611715309517,15.55997780101871],[76.85943742222895,15.561730828891564],[76.85582039077171,15.559543518202354],[76.85479507167273,15.557591333219783],[76.86046340518294,15.555043403680584],[76.86017456178477,15.552729832943687],[76.86112556505697,15.551383422133494],[76.85855460917168,15.526946650768826],[76.84938254781277,15.527849324019078],[76.84414401594519,15.527360605251154],[76.84313882988835,15.517799091725264],[76.84945833058843,15.517619202966387],[76.84929169669648,15.509232672755932],[76.85091344144858,15.509034082037191],[76.8508390456717,15.507768884045955],[76.8515100961721,15.507768941176312],[76.85111490571904,15.499312072675195],[76.85850155556929,15.496154781734667],[76.86414242129305,15.495205715730778],[76.8616832966775,15.48408178230435],[76.86533500130805,15.48376057138105],[76.86576004187967,15.475974756793509],[76.87490710312426,15.475600393792972],[76.87452505322716,15.469391849127264],[76.8820644328454,15.468610516915506],[76.88193675798902,15.470158593648273],[76.88725768423275,15.470323576231825],[76.8869278219621,15.473231750803908],[76.89339801055951,15.47294244264185],[76.8926734429261,15.475584277928366],[76.89979894893,15.475338706279906],[76.89986388365028,15.479662663261312],[76.90150293983622,15.481127947031041],[76.89992821560105,15.483935316134378],[76.90163743919385,15.492965378014825],[76.90125225507475,15.505139465326032],[76.90466544442093,15.519526374000863],[76.90729383768716,15.519092225771393],[76.9077229350506,15.520773124152116],[76.90654100725826,15.533470493266838],[76.91264644661264,15.532647254912039],[76.91427033115173,15.543274727864462],[76.91104501815902,15.543582512027896],[76.90875229567007,15.546637380142666],[76.91020658457171,15.547089006038718],[76.90884575100233,15.548282145032136],[76.90696249858618,15.54680031542789],[76.89786444583027,15.549783560885608]]]}},{"type":"Feature","properties":{"type":"village","name":"Mudenur","taluk":"Siruguppa","district":"Ballari","village_code":"604838"},"geometry":{"type":"Polygon","coordinates":[[[76.99637520097163,15.566533346154019],[76.98344525770885,15.56851911816456],[76.98195170075118,15.56088721629415],[76.97651689328225,15.558738971064102],[76.97306862921577,15.558466561090738],[76.9699023301473,15.556686955619064],[76.9687706639934,15.554180553152746],[76.96375297665026,15.55186733273574],[76.9586226881812,15.55041721760637],[76.9538614734449,15.553049141638567],[76.94909765628924,15.548666983078007],[76.947229954609,15.548321803013165],[76.9560560630739,15.543257989820999],[76.95659484024198,15.538477153416329],[76.96087388963937,15.533803337112703],[76.97191077267976,15.534305063788722],[76.97882815699866,15.535919631408495],[76.9810105007937,15.538105656812238],[76.98570891880003,15.538573294657864],[76.99056818285295,15.543369663009678],[76.99076635569621,15.54776613622604],[76.99200152214385,15.547810692715807],[76.99267511667314,15.551967396760778],[76.99549047180788,15.552128650634447],[76.99571626604948,15.555598748798596],[76.9986348178474,15.556591311788114],[76.99816979416082,15.558453169047844],[76.99682748115764,15.558779248385855],[76.99637520097163,15.566533346154019]]]}},{"type":"Feature","properties":{"type":"village","name":"Sirigeri","taluk":"Siruguppa","district":"Ballari","village_code":"604787"},"geometry":{"type":"Polygon","coordinates":[[[76.86533500130805,15.48376057138105],[76.85397754367872,15.484611982635363],[76.85040832595084,15.487010632026658],[76.8484414538565,15.485653545828935],[76.83955800323206,15.484144774862814],[76.84046022798428,15.478606155910155],[76.84331729099932,15.473848589798795],[76.84239578121458,15.466740593876263],[76.84301107687857,15.46417645897356],[76.83873208227836,15.464021145880492],[76.83863129310012,15.460383204573104],[76.83335967178905,15.460165896602],[76.83271101988197,15.459241523047808],[76.82750036992421,15.45845381562164],[76.8237905523796,15.456073525059184],[76.82389247613008,15.453792434728925],[76.81108023283073,15.453180686014091],[76.81132181316687,15.443362303290689],[76.81791531709655,15.442822483027323],[76.81799737370619,15.42675186863135],[76.81911464795093,15.425427939189214],[76.82055108283633,15.419635042670361],[76.81996579539442,15.41380348293024],[76.8309331667981,15.410800978122397],[76.83013706272533,15.402410295625671],[76.84524462374648,15.402613283298962],[76.84860194866178,15.42401366681158],[76.8462097072124,15.424622919248572],[76.84541831839655,15.429873247382856],[76.8452754179944,15.437109742328563],[76.84683618420668,15.438860145057493],[76.84821472716361,15.439725575308705],[76.857885315776,15.43945136663629],[76.86942104676835,15.441261274332707],[76.8832680747148,15.441177785238803],[76.88377526801581,15.447952212407085],[76.8820644328454,15.468610516915506],[76.87452505322716,15.469391849127264],[76.87490710312426,15.475600393792972],[76.86576004187967,15.475974756793509],[76.86533500130805,15.48376057138105]]]}},{"type":"Feature","properties":{"type":"village","name":"Manur","taluk":"Siruguppa","district":"Ballari","village_code":"604782"},"geometry":{"type":"Polygon","coordinates":[[[76.73223886158968,15.441730889902153],[76.72866025826366,15.45302522960682],[76.72485874967803,15.47086967611265],[76.72319413372733,15.474120353090191],[76.7229473853834,15.482842105211432],[76.72383998917894,15.48866225671583],[76.72317148270741,15.492177979871556],[76.70553400263985,15.487013873201313],[76.69264245876221,15.478175117984941],[76.69494378531492,15.476755609290143],[76.69306378929171,15.469978207160487],[76.69440916644832,15.466498452362785],[76.70188863113205,15.457513028838871],[76.70741742214264,15.453629673705656],[76.70856606465877,15.448252067017927],[76.71074075480759,15.445869909373044],[76.7102695722714,15.444387992035653],[76.71294301964238,15.442710562410879],[76.71996327543434,15.441822174356771],[76.73223886158968,15.441730889902153]]]}},{"type":"Feature","properties":{"type":"village","name":"Nittur","taluk":"Siruguppa","district":"Ballari","village_code":"604778"},"geometry":{"type":"Polygon","coordinates":[[[76.86046340518294,15.555043403680584],[76.84620616335862,15.560488444084433],[76.84273785158994,15.562403755350283],[76.83975394555844,15.565674750362762],[76.8350348860635,15.565968528819221],[76.83430663264247,15.563597188933787],[76.8310538060492,15.560040413864785],[76.82595928490149,15.558471229915819],[76.8137631646145,15.550140302423468],[76.81889509340729,15.547059593841631],[76.82027572135398,15.543300456329112],[76.82531040572061,15.539795319806444],[76.825628286262,15.535891296021589],[76.82800578635756,15.53388566020166],[76.84098652126482,15.530137755652703],[76.84507619232564,15.527089619123993],[76.84938254781277,15.527849324019078],[76.85855460917168,15.526946650768826],[76.86112556505697,15.551383422133494],[76.86017456178477,15.552729832943687],[76.86046340518294,15.555043403680584]]]}},{"type":"Feature","properties":{"type":"village","name":"Malapura","taluk":"Siruguppa","district":"Ballari","village_code":"604784"},"geometry":{"type":"Polygon","coordinates":[[[76.97456138128298,15.510530322639397],[76.97749638572532,15.519445429214056],[76.96679948986716,15.527095496940591],[76.96262314036461,15.526048780747383],[76.95091394019927,15.520865634849642],[76.94591648022137,15.516764347718674],[76.9422425638471,15.511939536856318],[76.94027609060474,15.512428114707095],[76.93440565412195,15.501086693893699],[76.92593763479053,15.49325360984284],[76.92241839034187,15.488301940902986],[76.92609905575887,15.488621783039454],[76.93806280344143,15.49330424473642],[76.94378982119416,15.496811525825114],[76.96269158570105,15.49597954782302],[76.96644787758686,15.500580748679372],[76.97385611215678,15.500427067818661],[76.97456138128298,15.510530322639397]]]}},{"type":"Feature","properties":{"type":"village","name":"Manjinahal","taluk":"Siruguppa","district":"Ballari","village_code":"604775"},"geometry":{"type":"Polygon","coordinates":[[[76.94468123382364,15.586084357209275],[76.93683583591735,15.587831532993075],[76.92761474540852,15.58852586131243],[76.91397217941064,15.593077292231579],[76.91288830362984,15.580434447281974],[76.92235142363238,15.57898679979071],[76.92818717077219,15.576093639256664],[76.93225212109469,15.5756589543463],[76.93723170100517,15.578802598970778],[76.94207557871388,15.578333792636563],[76.94468123382364,15.586084357209275]]]}},{"type":"Feature","properties":{"type":"village","name":"Halekota","taluk":"Siruguppa","district":"Ballari","village_code":"604777"},"geometry":{"type":"Polygon","coordinates":[[[76.9142991113768,15.597606166842136],[76.87902515286318,15.602425925981008],[76.87462391821408,15.602227129256697],[76.87292686589507,15.5998231787725],[76.86845120312975,15.598720549408505],[76.86777991816908,15.59647924611111],[76.86667034877453,15.59675936688359],[76.86630669098459,15.59532247435548],[76.86552444881495,15.576299155423701],[76.85943742222895,15.561730828891564],[76.8611715309517,15.55997780101871],[76.8674736887769,15.559960057881916],[76.8668025664113,15.558188727296864],[76.86475154822597,15.55847786492623],[76.86441597177178,15.557610260430968],[76.86730611075559,15.555152296830904],[76.87027057993929,15.554989716051145],[76.87094183166231,15.556218823215671],[76.87226565823525,15.554284894670776],[76.88084223178222,15.552857090710882],[76.88829988626918,15.550163826636881],[76.89786444583027,15.549783560885608],[76.90398209957758,15.559023124969034],[76.9048160703345,15.560954642152062],[76.90426503834934,15.561447885073989],[76.9074735016423,15.564803732035875],[76.90919758516648,15.564556920036786],[76.90945239139852,15.567351538978802],[76.91162739416106,15.570564566151038],[76.9142991113768,15.597606166842136]]]}},{"type":"Feature","properties":{"type":"village","name":"Boggur","taluk":"Siruguppa","district":"Ballari","village_code":"604806"},"geometry":{"type":"Polygon","coordinates":[[[76.97233824409257,15.631142421665185],[76.94241586683171,15.638402364017242],[76.93805104629098,15.61369021529936],[76.94550595462812,15.612165347793967],[76.9614950539971,15.604433048650776],[76.97289314691828,15.621309802669275],[76.97326915474676,15.627780222661366],[76.97233824409257,15.631142421665185]]]}},{"type":"Feature","properties":{"type":"village","name":"Chanakanur","taluk":"Siruguppa","district":"Ballari","village_code":"604803"},"geometry":{"type":"Polygon","coordinates":[[[76.97233824409257,15.631142421665185],[76.96861627234216,15.645351621067467],[76.96662259002814,15.65030480536657],[76.93811095493727,15.647161147907767],[76.93415735079424,15.647986042274553],[76.93366809325622,15.642328415105299],[76.93813561459014,15.642573888763655],[76.93824789411919,15.640053256383863],[76.94282855556821,15.640654690743817],[76.94241586683171,15.638402364017242],[76.94419702391917,15.637814432744046],[76.97233824409257,15.631142421665185]]]}},{"type":"Feature","properties":{"type":"village","name":"Kenchagarabelagal","taluk":"Siruguppa","district":"Ballari","village_code":"604839"},"geometry":{"type":"Polygon","coordinates":[[[76.97456138128298,15.510530322639397],[76.98784609709922,15.507798817751775],[76.99072524609386,15.506098307868818],[77.00948890810052,15.504636263680656],[77.01482173073357,15.50185099321634],[77.02282311390243,15.502261620328197],[77.02886652458646,15.50048101463196],[77.03138605641325,15.507118408943462],[77.0313455621569,15.544098636036177],[77.0271876299143,15.572719781920728],[77.01357851088937,15.571320085949377],[77.00758150178304,15.571198208202215],[77.00100228915117,15.572647808237257],[76.99627569099435,15.57179302817539],[76.99476247171172,15.566760144247912],[76.99637520097163,15.566533346154019],[76.99682748115764,15.558779248385855],[76.99816979416082,15.558453169047844],[76.9986348178474,15.556591311788114],[76.99571626604948,15.555598748798596],[76.99549047180788,15.552128650634447],[76.99267511667314,15.551967396760778],[76.99200152214385,15.547810692715807],[76.99076635569621,15.54776613622604],[76.99056818285295,15.543369663009678],[76.98570891880003,15.538573294657864],[76.9810105007937,15.538105656812238],[76.97882815699866,15.535919631408495],[76.97191077267976,15.534305063788722],[76.96087388963937,15.533803337112703],[76.96679948986716,15.527095496940591],[76.97749638572532,15.519445429214056],[76.97456138128298,15.510530322639397]]]}},{"type":"Feature","properties":{"type":"village","name":"Uppara Hosahalli","taluk":"Siruguppa","district":"Ballari","village_code":"604836"},"geometry":{"type":"Polygon","coordinates":[[[76.94135694894447,15.57010311034615],[76.9268074016149,15.569057311938202],[76.9183283797179,15.571333110248574],[76.91162739416106,15.570564566151038],[76.90945239139852,15.567351538978802],[76.90919758516648,15.564556920036786],[76.9074735016423,15.564803732035875],[76.90426503834934,15.561447885073989],[76.9048160703345,15.560954642152062],[76.90398209957758,15.559023124969034],[76.89786444583027,15.549783560885608],[76.90696249858618,15.54680031542789],[76.90884575100233,15.548282145032136],[76.91020658457171,15.547089006038718],[76.90875229567007,15.546637380142666],[76.91104501815902,15.543582512027896],[76.91427033115173,15.543274727864462],[76.91264644661264,15.532647254912039],[76.90654100725826,15.533470493266838],[76.9077229350506,15.520773124152116],[76.90729383768716,15.519092225771393],[76.90466544442093,15.519526374000863],[76.90222245714115,15.510126510402836],[76.91389125108498,15.50776630538958],[76.91414327343794,15.51024244124768],[76.91649195737583,15.509772080899562],[76.93042015080317,15.522909284942958],[76.9314837048956,15.526704728663635],[76.93592180191239,15.530860665818478],[76.94131244281205,15.539986732076446],[76.94280403425586,15.540492442189018],[76.94401744799895,15.545155251373181],[76.947229954609,15.548321803013165],[76.94135694894447,15.57010311034615]]]}},{"type":"Feature","properties":{"type":"village","name":"Hirehal","taluk":"Siruguppa","district":"Ballari","village_code":"604837"},"geometry":{"type":"Polygon","coordinates":[[[76.98344525770885,15.56851911816456],[76.96893928495876,15.569971537360221],[76.9427027483093,15.580400558431144],[76.94143326082788,15.575615754661621],[76.94135694894447,15.57010311034615],[76.94311390182492,15.561607733057071],[76.947229954609,15.548321803013165],[76.94909765628924,15.548666983078007],[76.9538614734449,15.553049141638567],[76.9586226881812,15.55041721760637],[76.96375297665026,15.55186733273574],[76.9687706639934,15.554180553152746],[76.9699023301473,15.556686955619064],[76.97306862921577,15.558466561090738],[76.97651689328225,15.558738971064102],[76.98195170075118,15.56088721629415],[76.98344525770885,15.56851911816456]]]}},{"type":"Feature","properties":{"type":"village","name":"Poppanahal","taluk":"Siruguppa","district":"Ballari","village_code":"604776"},"geometry":{"type":"Polygon","coordinates":[[[76.94207557871388,15.578333792636563],[76.93723170100517,15.578802598970778],[76.93385592110066,15.57636337799393],[76.9302008891103,15.57555094083966],[76.92235142363238,15.57898679979071],[76.91288830362984,15.580434447281974],[76.91162739416106,15.570564566151038],[76.9183283797179,15.571333110248574],[76.9268074016149,15.569057311938202],[76.94135694894447,15.57010311034615],[76.94207557871388,15.578333792636563]]]}},{"type":"Feature","properties":{"type":"village","name":"Herakal","taluk":"Siruguppa","district":"Ballari","village_code":"604771"},"geometry":{"type":"Polygon","coordinates":[[[76.85289597566992,15.599333154887395],[76.836471497917,15.602647126326167],[76.83225818992702,15.595741937857767],[76.8330976520853,15.594639618823013],[76.83505832760086,15.58139603720087],[76.8350348860635,15.565968528819221],[76.83975394555844,15.565674750362762],[76.84273785158994,15.562403755350283],[76.84620616335862,15.560488444084433],[76.85479507167273,15.557591333219783],[76.85582039077171,15.559543518202354],[76.85943742222895,15.561730828891564],[76.86552444881495,15.576299155423701],[76.86630669098459,15.59532247435548],[76.85993551110451,15.596350851599817],[76.85289597566992,15.599333154887395]]]}},{"type":"Feature","properties":{"type":"village","name":"Kotehal","taluk":"Siruguppa","district":"Ballari","village_code":"604808"},"geometry":{"type":"Polygon","coordinates":[[[77.00502406464447,15.601804239775547],[76.98987748080742,15.600986347685568],[76.96914106992779,15.603969141664912],[76.96301614072497,15.607125566989279],[76.95703131277389,15.59960435215704],[76.96046158178859,15.59689197484242],[76.96290000113518,15.596936229967353],[76.96441840100204,15.593591930994966],[76.96906087193248,15.59145726776279],[76.99724536305474,15.587801836754947],[77.0013600980103,15.588129665853401],[77.0039923755918,15.586915169310046],[77.00502406464447,15.601804239775547]]]}},{"type":"Feature","properties":{"type":"village","name":"Bandrahal","taluk":"Siruguppa","district":"Ballari","village_code":"604810"},"geometry":{"type":"Polygon","coordinates":[[[77.03294441244566,15.60500535930425],[77.02264739894127,15.608278884990975],[77.00936630603056,15.607441675611522],[77.00948935725816,15.606314738817588],[77.00481096808942,15.606566384678718],[77.0039923755918,15.586915169310046],[77.00524848266707,15.584394892624827],[77.00393915130954,15.573450211185868],[77.00479595993593,15.57336170465154],[77.00464395780335,15.571582174392313],[77.01700526030477,15.571440393890342],[77.0271876299143,15.572719781920728],[77.02626992718973,15.581758812168635],[77.03294441244566,15.60500535930425]]]}},{"type":"Feature","properties":{"type":"village","name":"Araliganur","taluk":"Siruguppa","district":"Ballari","village_code":"604774"},"geometry":{"type":"Polygon","coordinates":[[[76.93805104629098,15.61369021529936],[76.92318570610476,15.614275307134681],[76.91976474273807,15.6134266406056],[76.91705896230508,15.59706349757517],[76.9142991113768,15.597606166842136],[76.91397217941064,15.593077292231579],[76.92761474540852,15.58852586131243],[76.93683583591735,15.587831532993075],[76.94468123382364,15.586084357209275],[76.94841367274371,15.59416246783989],[76.95703131277389,15.59960435215704],[76.9614950539971,15.604433048650776],[76.94550595462812,15.612165347793967],[76.93805104629098,15.61369021529936]]]}},{"type":"Feature","properties":{"type":"village","name":"Saliganur","taluk":"Siruguppa","district":"Ballari","village_code":"604807"},"geometry":{"type":"Polygon","coordinates":[[[77.00481096808942,15.606566384678718],[76.99893555224499,15.607004445039998],[76.99166756355554,15.608983270272336],[76.99130468011336,15.610393233581588],[76.98579405034289,15.611037653971277],[76.98489989964841,15.613116696881656],[76.979007528103,15.615125652021439],[76.97171727736419,15.619466726423443],[76.96301614072497,15.607125566989279],[76.96914106992779,15.603969141664912],[76.98987748080742,15.600986347685568],[77.00502406464447,15.601804239775547],[77.00481096808942,15.606566384678718]]]}},{"type":"Feature","properties":{"type":"village","name":"Devalapura","taluk":"Siruguppa","district":"Ballari","village_code":"604773"},"geometry":{"type":"Polygon","coordinates":[[[76.91904714782785,15.607157550598773],[76.90920469084038,15.608578907135996],[76.89988955031458,15.608333449841949],[76.89970632004778,15.612717179061654],[76.8973318409865,15.61499137397767],[76.89699282757805,15.617183317119483],[76.89546618027858,15.617539618070674],[76.89571999836379,15.61145720906471],[76.89467402160652,15.611566863952342],[76.89487161413811,15.608470872012857],[76.89382565085559,15.608498322693656],[76.89402339520242,15.606662666258526],[76.89218573498191,15.606279253623756],[76.89265240528043,15.608662805213406],[76.89044729997272,15.608813679083472],[76.89112594303388,15.610498590827108],[76.88988207730101,15.610484926183606],[76.88989627876735,15.612142583378006],[76.88624932891959,15.612211160394722],[76.88588202037633,15.615937311375717],[76.88732412902107,15.620540139311546],[76.88347911143292,15.62080055489849],[76.88513337609663,15.627252808985794],[76.88053902611935,15.627732383135605],[76.87936560896597,15.626211797742119],[76.87842921769021,15.611861619301132],[76.87980266180958,15.604682351252455],[76.87902515286318,15.602425925981008],[76.90336193594305,15.599659106203845],[76.91705896230508,15.59706349757517],[76.91904714782785,15.607157550598773]]]}},{"type":"Feature","properties":{"type":"village","name":"Kenchanagudda","taluk":"Siruguppa","district":"Ballari","village_code":"604772"},"geometry":{"type":"Polygon","coordinates":[[[76.87936560896597,15.626211797742119],[76.86664283517399,15.62662248898729],[76.8650170713593,15.628293655759691],[76.86398513976152,15.628211353184714],[76.85881132432367,15.626594525992411],[76.85581477270793,15.62277222126693],[76.84610335386927,15.62168872916986],[76.84194759644798,15.620208640174836],[76.83971436578703,15.618619178391516],[76.84076204215681,15.609454726759264],[76.84062102372519,15.607262802222577],[76.83889684228463,15.605618678843301],[76.83918257122367,15.60246173889198],[76.85289597566992,15.599333154887395],[76.85993551110451,15.596350851599817],[76.86630669098459,15.59532247435548],[76.86667034877453,15.59675936688359],[76.86777991816908,15.59647924611111],[76.86845120312975,15.598720549408505],[76.87292686589507,15.5998231787725],[76.87462391821408,15.602227129256697],[76.87852162468853,15.601883717641032],[76.87980266180958,15.604682351252455],[76.87842921769021,15.611861619301132],[76.87936560896597,15.626211797742119]]]}},{"type":"Feature","properties":{"type":"village","name":" ","taluk":"Siruguppa","district":"Ballari","village_code":" "},"geometry":{"type":"Polygon","coordinates":[[[77.0039923755918,15.586915169310046],[77.0013600980103,15.588129665853401],[76.99724536305474,15.587801836754947],[76.96906087193248,15.59145726776279],[76.96441840100204,15.593591930994966],[76.96290000113518,15.596936229967353],[76.96046158178859,15.59689197484242],[76.95703131277389,15.59960435215704],[76.94841367274371,15.59416246783989],[76.9427027483093,15.580400558431144],[76.96893928495876,15.569971537360221],[76.99476247171172,15.566760144247912],[76.99627569099435,15.57179302817539],[77.00100228915117,15.572647808237257],[77.00464395780335,15.571582174392313],[77.00479595993593,15.57336170465154],[77.00393915130954,15.573450211185868],[77.00524848266707,15.584394892624827],[77.0039923755918,15.586915169310046]]]}},{"type":"Feature","properties":{"type":"village","name":"Alabanur","taluk":"Siruguppa","district":"Ballari","village_code":"604833"},"geometry":{"type":"Polygon","coordinates":[[[77.12017002793137,15.66763050893526],[77.12140342110469,15.671110870046322],[77.11342570584863,15.675709295586563],[77.11422776665002,15.678004848642368],[77.10931634731004,15.679897744198987],[77.1092602448256,15.681483763284044],[77.09406334904442,15.68935771137209],[77.08702658760744,15.657654333694818],[77.08920037135613,15.654704172251252],[77.09252108183877,15.653037362752354],[77.10333976319832,15.667367172366319],[77.12017002793137,15.66763050893526]]]}},{"type":"Feature","properties":{"type":"village","name":"Raravi","taluk":"Siruguppa","district":"Ballari","village_code":"604805"},"geometry":{"type":"Polygon","coordinates":[[[77.04007636206511,15.658012179986413],[77.03293796883015,15.658079731345246],[77.02525406465571,15.659737160637702],[77.01028209983514,15.66619504256835],[77.0019559711995,15.666071774174773],[76.99475629130258,15.644994583918411],[76.98758248558077,15.641826261950714],[76.98250917006368,15.642379976968117],[76.96987937729351,15.638192449805093],[76.97326915474676,15.627780222661366],[76.97289314691828,15.621309802669275],[76.97171727736419,15.619466726423443],[76.979007528103,15.615125652021439],[76.98489989964841,15.613116696881656],[76.98579405034289,15.611037653971277],[76.99130468011336,15.610393233581588],[76.99166756355554,15.608983270272336],[76.99893555224499,15.607004445039998],[77.00948935725816,15.606314738817588],[77.00936630603056,15.607441675611522],[77.02264739894127,15.608278884990975],[77.03194648657296,15.605402517171202],[77.03208529874225,15.60750372027029],[77.03281731879929,15.607630611886776],[77.0324569802843,15.610459023574911],[77.03132813843364,15.61161534575069],[77.03275069434791,15.620648593721839],[77.03114192306515,15.621009384755443],[77.03149347066673,15.626856537798622],[77.0300993203801,15.626855873393904],[77.03046404986016,15.63451506232392],[77.03415250995887,15.63458437668476],[77.04007636206511,15.658012179986413]]]}},{"type":"Feature","properties":{"type":"village","name":"Ibrampura","taluk":"Siruguppa","district":"Ballari","village_code":"604802"},"geometry":{"type":"Polygon","coordinates":[[[76.93415735079424,15.647986042274553],[76.9253216546103,15.649782645865617],[76.91658572172858,15.656880480351449],[76.91635993287686,15.658688785899562],[76.90636475869779,15.664115121084],[76.89829144023764,15.665074856602283],[76.89684936033898,15.665979195683903],[76.89481317333897,15.664513534382994],[76.89115770566572,15.656705386010758],[76.89623333434469,15.656129690677108],[76.89545539330865,15.652869370233615],[76.89746350166783,15.657252829418578],[76.89941453915866,15.656978692273581],[76.89949960422616,15.658896521830735],[76.90130944631728,15.659197717104561],[76.90535265022339,15.656019077893134],[76.90925475664612,15.655511726029596],[76.91727040057015,15.65137329384776],[76.91866965059265,15.64924978824791],[76.92044939463018,15.642071123758884],[76.93366809325622,15.642328415105299],[76.93415735079424,15.647986042274553]]]}},{"type":"Feature","properties":{"type":"village","name":"T.Rampura","taluk":"Siruguppa","district":"Ballari","village_code":"604800"},"geometry":{"type":"Polygon","coordinates":[[[76.99893521807168,15.656791568687936],[77.0019559711995,15.666071774174773],[76.96400967383597,15.662554263707284],[76.96576360208886,15.652861294589954],[76.9838396845939,15.653973900933885],[76.99893521807168,15.656791568687936]]]}},{"type":"Feature","properties":{"type":"village","name":"Siruguppa (TMC)","taluk":"Siruguppa","district":"Ballari","village_code":"803112"},"geometry":{"type":"Polygon","coordinates":[[[76.93813561459014,15.642573888763655],[76.92044939463018,15.642071123758884],[76.91866965059265,15.64924978824791],[76.91727040057015,15.65137329384776],[76.90925475664612,15.655511726029596],[76.90535265022339,15.656019077893134],[76.90130944631728,15.659197717104561],[76.89949960422616,15.658896521830735],[76.89941453915866,15.656978692273581],[76.89746350166783,15.657252829418578],[76.89545539330865,15.652869370233615],[76.89623333434469,15.656129690677108],[76.89115770566572,15.656705386010758],[76.88359348223996,15.6532398910784],[76.8820664953773,15.650965883934838],[76.88076564591267,15.645732893155975],[76.87796633109568,15.64271908806299],[76.8735271363376,15.642472466664975],[76.87078451509649,15.641020261403371],[76.86555392523438,15.635951442267032],[76.86414011441941,15.63688282413835],[76.8574676243217,15.634608340200177],[76.85563008267879,15.632388905896649],[76.84907112975152,15.62808666042967],[76.84669668033463,15.624551974742316],[76.84022297932448,15.62041381283352],[76.83725508216969,15.616796790573007],[76.83663411274638,15.611399231062075],[76.83734148572698,15.608577305673968],[76.83889684228463,15.605618678843301],[76.83974495971064,15.605618787858505],[76.84076204215681,15.609454726759264],[76.83971436578703,15.618619178391516],[76.84426576012407,15.621250151688745],[76.85581477270793,15.62277222126693],[76.85881132432367,15.626594525992411],[76.8650170713593,15.628293655759691],[76.86664283517399,15.62662248898729],[76.87936560896597,15.626211797742119],[76.88053902611935,15.627732383135605],[76.88513337609663,15.627252808985794],[76.88347911143292,15.62080055489849],[76.88732412902107,15.620540139311546],[76.88588202037633,15.615937311375717],[76.88624932891959,15.612211160394722],[76.88989627876735,15.612142583378006],[76.88988207730101,15.610484926183606],[76.89112594303388,15.610498590827108],[76.89044729997272,15.608813679083472],[76.89265240528043,15.608662805213406],[76.89218573498191,15.606279253623756],[76.89402339520242,15.606662666258526],[76.89382565085559,15.608498322693656],[76.89487161413811,15.608470872012857],[76.89467402160652,15.611566863952342],[76.89571999836379,15.61145720906471],[76.89546618027858,15.617539618070674],[76.89699282757805,15.617183317119483],[76.8973318409865,15.61499137397767],[76.89970632004778,15.612717179061654],[76.89988955031458,15.608333449841949],[76.90920469084038,15.608578907135996],[76.91904714782785,15.607157550598773],[76.91976474273807,15.6134266406056],[76.92103705362443,15.61397434423844],[76.93805104629098,15.61369021529936],[76.94282855556821,15.640654690743817],[76.93824789411919,15.640053256383863],[76.93813561459014,15.642573888763655]]]}},{"type":"Feature","properties":{"type":"village","name":"Ittigihal","taluk":"Siruguppa","district":"Ballari","village_code":"604835"},"geometry":{"type":"Polygon","coordinates":[[[77.09332327918412,15.652517864054213],[77.10139153473938,15.648524578572676],[77.10343004029113,15.642858492338247],[77.10667106302152,15.641833197898046],[77.10749665429353,15.640052912957188],[77.10627984491869,15.637463697422808],[77.10835485171538,15.637856976588617],[77.11566694319367,15.63253466002058],[77.1214536980145,15.631106996135646],[77.12891461787753,15.665886452811431],[77.12017002793137,15.66763050893526],[77.11806381366173,15.667131105288608],[77.10909612531815,15.649276198040067],[77.09332327918412,15.652517864054213]]]}},{"type":"Feature","properties":{"type":"village","name":"Kesarakoni","taluk":"Siruguppa","district":"Ballari","village_code":"604793"},"geometry":{"type":"Polygon","coordinates":[[[76.9438488270336,15.730845047944198],[76.9388426273463,15.730652745307454],[76.93514159981676,15.70782091477514],[76.94638551668237,15.70802034303927],[76.94898184997439,15.712225704069425],[76.94935238616448,15.72518112821997],[76.94773068542983,15.728530373596174],[76.9438488270336,15.730845047944198]]]}},{"type":"Feature","properties":{"type":"village","name":"Bagawady","taluk":"Siruguppa","district":"Ballari","village_code":"604792"},"geometry":{"type":"Polygon","coordinates":[[[76.9388426273463,15.730652745307454],[76.93217495401512,15.73089080020796],[76.9263038985931,15.733050964944681],[76.92264996434403,15.728655233286167],[76.91935906265746,15.719035934231798],[76.92062665020205,15.713392084316165],[76.91888113197683,15.70898229597426],[76.91883800655498,15.703862766205948],[76.91757793072281,15.700609696634583],[76.9129502325872,15.697605707416107],[76.90783695641299,15.690932548930482],[76.90029437609739,15.688046105296143],[76.89916436014865,15.681979961188095],[76.89432701768361,15.677100522160377],[76.89315922578058,15.672883238688458],[76.89481317333897,15.664513534382994],[76.89684936033898,15.665979195683903],[76.89829144023764,15.665074856602283],[76.90636475869779,15.664115121084],[76.91635993287686,15.658688785899562],[76.91658572172858,15.656880480351449],[76.9253216546103,15.649782645865617],[76.93415735079424,15.647986042274553],[76.93651220436149,15.678250461082282],[76.93251049543503,15.685398746828653],[76.93235422181323,15.68965657160793],[76.94083468909955,15.690279418750048],[76.94006030000212,15.692685223593983],[76.94443078172579,15.69384731198394],[76.94399936491226,15.700569409145219],[76.94473417513659,15.703186790855385],[76.94846196976664,15.707810602422203],[76.93514159981676,15.70782091477514],[76.9388426273463,15.730652745307454]]]}},{"type":"Feature","properties":{"type":"village","name":"Nagarahal","taluk":"Siruguppa","district":"Ballari","village_code":"604830"},"geometry":{"type":"Polygon","coordinates":[[[77.08702658760744,15.657654333694818],[77.09382533861326,15.690405986598714],[77.09202010218459,15.691169353000294],[77.07872588398925,15.6951656652756],[77.0763196449911,15.690970327696363],[77.0817237228908,15.688124400278967],[77.08187844781703,15.68053188277648],[77.08016617893544,15.67104090380472],[77.07634085601161,15.666324414793449],[77.08332111072227,15.661758555738723],[77.08369207361213,15.658195907416747],[77.08558564767088,15.657572796326567],[77.08702658760744,15.657654333694818]]]}},{"type":"Feature","properties":{"type":"village","name":"Mitte Sugur","taluk":"Siruguppa","district":"Ballari","village_code":"604827"},"geometry":{"type":"Polygon","coordinates":[[[77.05496547257206,15.691987411292752],[77.05178137967445,15.692282912986498],[77.0499735102837,15.696523412769073],[77.04758545588187,15.696759786587469],[77.04770705543197,15.698806245569331],[77.04608440338146,15.698953943964378],[77.04458265199173,15.70280894595738],[77.03812375970904,15.700018551778056],[77.01641803699344,15.697902798271201],[77.01703462892638,15.689836078669751],[77.05478213271078,15.690741784347093],[77.05496547257206,15.691987411292752]]]}},{"type":"Feature","properties":{"type":"village","name":"Venkatapur","taluk":"Siruguppa","district":"Ballari","village_code":"604831"},"geometry":{"type":"Polygon","coordinates":[[[77.07634085601161,15.666324414793449],[77.08016617893544,15.67104090380472],[77.08187844781703,15.68053188277648],[77.0817237228908,15.688124400278967],[77.0763196449911,15.690970327696363],[77.07260202557829,15.682872715668516],[77.0701228451757,15.681062975757019],[77.06461833113568,15.67123588773229],[77.07050753881465,15.671513116007102],[77.07212323341331,15.66819182691516],[77.07634085601161,15.666324414793449]]]}},{"type":"Feature","properties":{"type":"village","name":"Kuruvalli","taluk":"Siruguppa","district":"Ballari","village_code":"604799"},"geometry":{"type":"Polygon","coordinates":[[[77.00879929301648,15.689802130952529],[76.99893483988095,15.689847600118746],[76.97211644196405,15.685410192420386],[76.96884117276008,15.68311621369195],[76.965324254948,15.682774199652824],[76.95410980282372,15.677681463668508],[76.95095613766142,15.675323877706122],[76.96056101181581,15.668542674736205],[76.96307843260173,15.66602936075172],[76.96400967383597,15.662554263707284],[76.98993650461314,15.665520303844279],[77.00829233417578,15.66631266540153],[77.00879929301648,15.689802130952529]]]}},{"type":"Feature","properties":{"type":"village","name":"Dasanur","taluk":"Siruguppa","district":"Ballari","village_code":"604791"},"geometry":{"type":"Polygon","coordinates":[[[76.89481317333897,15.664513534382994],[76.89315922578058,15.672883238688458],[76.89359313272408,15.675840190933716],[76.89846373710914,15.680558121602996],[76.90029437609739,15.688046105296143],[76.89318606384802,15.68690805280412],[76.88944987266501,15.684874946429211],[76.88089550187857,15.671337674397472],[76.87206687633424,15.665707460090314],[76.86163031494036,15.653909052195795],[76.85765804919562,15.642417993085461],[76.8524168681963,15.640835930308643],[76.8343310389704,15.627806117890309],[76.83252757042622,15.622916703576491],[76.83241667789596,15.618303158808864],[76.8346565542934,15.609221293121287],[76.83650817613005,15.605679070656896],[76.836471497917,15.602647126326167],[76.83918257122367,15.60246173889198],[76.83663411274638,15.611399231062075],[76.83725508216969,15.616796790573007],[76.83869657187516,15.619043613815085],[76.84669668033463,15.624551974742316],[76.84907112975152,15.62808666042967],[76.85563008267879,15.632388905896649],[76.8574676243217,15.634608340200177],[76.86414011441941,15.63688282413835],[76.86555392523438,15.635951442267032],[76.87078451509649,15.641020261403371],[76.8735271363376,15.642472466664975],[76.87796633109568,15.64271908806299],[76.88076564591267,15.645732893155975],[76.8820664953773,15.650965883934838],[76.88359348223996,15.6532398910784],[76.89115770566572,15.656705386010758],[76.89481317333897,15.664513534382994]]]}},{"type":"Feature","properties":{"type":"village","name":"Agasanur","taluk":"Siruguppa","district":"Ballari","village_code":"604828"},"geometry":{"type":"Polygon","coordinates":[[[77.05827171478876,15.692255476143693],[77.05530208298714,15.692328646238646],[77.05478213271078,15.690741784347093],[77.00879929301648,15.689802130952529],[77.00829233417578,15.66631266540153],[77.01028209983514,15.66619504256835],[77.02087614398319,15.66115864869067],[77.03293796883015,15.658079731345246],[77.04150877429467,15.657934965060711],[77.05203782173864,15.6602522339731],[77.06137287971093,15.663488003403097],[77.06709361374824,15.675708810375605],[77.06360350705417,15.676642067866366],[77.06299048772114,15.679133146403373],[77.06047953300862,15.681356756595637],[77.05870277137784,15.684885542753076],[77.05827171478876,15.692255476143693]]]}},{"type":"Feature","properties":{"type":"village","name":"Tondehal","taluk":"Siruguppa","district":"Ballari","village_code":"604804"},"geometry":{"type":"Polygon","coordinates":[[[76.99893521807168,15.656791568687936],[76.9838396845939,15.653973900933885],[76.96576360208886,15.652861294589954],[76.96861627234216,15.645351621067467],[76.96987937729351,15.638192449805093],[76.98250917006368,15.642379976968117],[76.98758248558077,15.641826261950714],[76.99475629130258,15.644994583918411],[76.99893521807168,15.656791568687936]]]}},{"type":"Feature","properties":{"type":"village","name":" ","taluk":"Siruguppa","district":"Ballari","village_code":" "},"geometry":{"type":"Polygon","coordinates":[[[77.07518758537512,15.688211810758377],[77.06359901098617,15.691545296074265],[77.05827171478876,15.692255476143693],[77.05778226321462,15.691113416989817],[77.05870277137784,15.684885542753076],[77.06047953300862,15.681356756595637],[77.06299048772114,15.679133146403373],[77.06360350705417,15.676642067866366],[77.06709361374824,15.675708810375605],[77.0701228451757,15.681062975757019],[77.07260202557829,15.682872715668516],[77.07518758537512,15.688211810758377]]]}},{"type":"Feature","properties":{"type":"village","name":"Karchiganur","taluk":"Siruguppa","district":"Ballari","village_code":"604801"},"geometry":{"type":"Polygon","coordinates":[[[76.96447844888718,15.657380350189962],[76.96307843260173,15.66602936075172],[76.96167776324106,15.667427808907187],[76.95302367137329,15.664843811368705],[76.9467518613333,15.661612953045404],[76.93481791795529,15.658944995016904],[76.93415735079424,15.647986042274553],[76.93811095493727,15.647161147907767],[76.96662259002814,15.65030480536657],[76.96447844888718,15.657380350189962]]]}},{"type":"Feature","properties":{"type":"village","name":"Nadanga","taluk":"Siruguppa","district":"Ballari","village_code":"604832"},"geometry":{"type":"Polygon","coordinates":[[[77.08332111072227,15.661758555738723],[77.07212323341331,15.66819182691516],[77.07050753881465,15.671513116007102],[77.06461833113568,15.67123588773229],[77.06137287971093,15.663488003403097],[77.05203782173864,15.6602522339731],[77.04007636206511,15.658012179986413],[77.03435670061621,15.636821179385695],[77.04601823617259,15.638660408253365],[77.07228334912956,15.647000838906322],[77.08322083088882,15.659167328849806],[77.08332111072227,15.661758555738723]]]}},{"type":"Feature","properties":{"type":"village","name":"Kududarahal","taluk":"Siruguppa","district":"Ballari","village_code":"604796"},"geometry":{"type":"Polygon","coordinates":[[[76.99054105912127,15.719249935864802],[76.95790982379927,15.72378023730902],[76.95549139376439,15.725297139829529],[76.94935238616448,15.72518112821997],[76.94942967721151,15.714046876832905],[76.94638551668237,15.70802034303927],[76.95336488295919,15.70576897023337],[76.96052031094692,15.7054816922321],[76.96919528684843,15.70273095928923],[76.971378466975,15.703172847026304],[76.99159781835687,15.7085583698865],[76.9930372122928,15.71331110968423],[76.9920483082005,15.713266467259388],[76.9923945431655,15.715127923981548],[76.99026736221714,15.715147123725089],[76.99054105912127,15.719249935864802]]]}},{"type":"Feature","properties":{"type":"village","name":"Gajiginahal","taluk":"Siruguppa","district":"Ballari","village_code":"604798"},"geometry":{"type":"Polygon","coordinates":[[[76.96167776324106,15.667427808907187],[76.94786280515024,15.67858189383537],[76.9465213230887,15.678050688882156],[76.94083468909955,15.690279418750048],[76.93235422181323,15.68965657160793],[76.93251049543503,15.685398746828653],[76.93651220436149,15.678250461082282],[76.93481791795529,15.658944995016904],[76.9467518613333,15.661612953045404],[76.95302367137329,15.664843811368705],[76.96167776324106,15.667427808907187]]]}},{"type":"Feature","properties":{"type":"village","name":"Nagalapura","taluk":"Siruguppa","district":"Ballari","village_code":"604797"},"geometry":{"type":"Polygon","coordinates":[[[76.9964675387997,15.708239523223456],[76.99159781835687,15.7085583698865],[76.96919528684843,15.70273095928923],[76.96052031094692,15.7054816922321],[76.95719898242336,15.705062721828545],[76.94820628138903,15.707108132358622],[76.94473417513659,15.703186790855385],[76.94399936491226,15.700569409145219],[76.94443078172579,15.69384731198394],[76.94006030000212,15.692685223593983],[76.9465213230887,15.678050688882156],[76.94786280515024,15.67858189383537],[76.95095613766142,15.675323877706122],[76.95410980282372,15.677681463668508],[76.965324254948,15.682774199652824],[76.96884117276008,15.68311621369195],[76.97211644196405,15.685410192420386],[76.99654981010669,15.689514744831293],[76.99669261888066,15.694439808293646],[76.99577831358447,15.694349920166198],[76.99671440661956,15.699681325087447],[76.9964675387997,15.708239523223456]]]}},{"type":"Feature","properties":{"type":"village","name":"Bommalapura","taluk":"Siruguppa","district":"Ballari","village_code":"604825"},"geometry":{"type":"Polygon","coordinates":[[[77.04133262095564,15.714300174040686],[77.02324392700233,15.716101407413932],[77.01772815976673,15.709914989584457],[77.00410349359917,15.709581425099795],[77.00238956103769,15.708631414791908],[76.9964675387997,15.708239523223456],[76.99671440661956,15.699681325087447],[76.99577831358447,15.694349920166198],[76.99669261888066,15.694439808293646],[76.99654981010669,15.689514744831293],[77.01703462892638,15.689836078669751],[77.01641803699344,15.697902798271201],[77.03812375970904,15.700018551778056],[77.04458265199173,15.70280894595738],[77.04353808019958,15.711780044899998],[77.04133262095564,15.714300174040686]]]}},{"type":"Feature","properties":{"type":"village","name":"Ravihal","taluk":"Siruguppa","district":"Ballari","village_code":"604826"},"geometry":{"type":"Polygon","coordinates":[[[77.05959032843812,15.730030037167127],[77.04041486433215,15.730671045193935],[77.03680853540325,15.714654225965695],[77.04133262095564,15.714300174040686],[77.04353808019958,15.711780044899998],[77.04412294273837,15.703980239338842],[77.04608440338146,15.698953943964378],[77.04770705543197,15.698806245569331],[77.04758545588187,15.696759786587469],[77.0499735102837,15.696523412769073],[77.05178137967445,15.692282912986498],[77.06359901098617,15.691545296074265],[77.07518758537512,15.688211810758377],[77.08067487781285,15.69855049899171],[77.08260119815866,15.698718014605905],[77.08743966261949,15.715509854386404],[77.07889810719891,15.716276306377155],[77.07972115713694,15.727532122807553],[77.05959032843812,15.730030037167127]]]}},{"type":"Feature","properties":{"type":"village","name":"Gubbihal","taluk":"Siruguppa","district":"Ballari","village_code":"604824"},"geometry":{"type":"Polygon","coordinates":[[[77.03680853540325,15.714654225965695],[77.04035331356552,15.731471722411424],[77.03799559796578,15.731292842606116],[77.03009633168513,15.729183701940112],[77.0184916136722,15.728347806801565],[77.01959558656253,15.725204550179377],[77.02483270627843,15.722953074228764],[77.02324392700233,15.716101407413932],[77.03680853540325,15.714654225965695]]]}},{"type":"Feature","properties":{"type":"village","name":" ","taluk":"Siruguppa","district":"Ballari","village_code":" "},"geometry":{"type":"Polygon","coordinates":[[[77.11806381366173,15.667131105288608],[77.10333976319832,15.667367172366319],[77.09252108183877,15.653037362752354],[77.10909612531815,15.649276198040067],[77.11806381366173,15.667131105288608]]]}},{"type":"Feature","properties":{"type":"village","name":"Kottalachinta","taluk":"Siruguppa","district":"Ballari","village_code":"604822"},"geometry":{"type":"Polygon","coordinates":[[[77.01959558656253,15.725204550179377],[77.0181541022469,15.729711859667841],[77.01585765983437,15.729473472216958],[77.01386354722732,15.73647171839423],[77.00928601011887,15.735646215164547],[76.99346553441019,15.73622877526048],[76.99350122267977,15.733300809261996],[76.99140178799556,15.733274795985876],[76.99082335020772,15.725006165138165],[76.99026736221714,15.715147123725089],[76.9923945431655,15.715127923981548],[76.9920483082005,15.713266467259388],[76.9930372122928,15.71331110968423],[76.99159781835687,15.7085583698865],[76.9987299781821,15.708306055694612],[77.00410349359917,15.709581425099795],[77.01772815976673,15.709914989584457],[77.02324392700233,15.716101407413932],[77.02483270627843,15.722953074228764],[77.01959558656253,15.725204550179377]]]}},{"type":"Feature","properties":{"type":"village","name":"Bhyragamadinne","taluk":"Siruguppa","district":"Ballari","village_code":"604823"},"geometry":{"type":"Polygon","coordinates":[[[77.04941636616135,15.740062233857119],[77.0447974176166,15.740446862654947],[77.0443771911166,15.738324319929553],[77.01323377611088,15.740156324658802],[77.0124070323004,15.740007654047625],[77.01275980430573,15.738940104613018],[77.00992765696337,15.73821197922279],[77.0116433529178,15.736566902040062],[77.01386354722732,15.73647171839423],[77.01585765983437,15.729473472216958],[77.0181541022469,15.729711859667841],[77.0184916136722,15.728347806801565],[77.02375829874074,15.72840965305311],[77.04035331356552,15.731471722411424],[77.04041486433215,15.730671045193935],[77.0491308438348,15.730279549702312],[77.04941636616135,15.740062233857119]]]}},{"type":"Feature","properties":{"type":"village","name":"Seedaragadda","taluk":"Siruguppa","district":"Ballari","village_code":"604795"},"geometry":{"type":"Polygon","coordinates":[[[76.99136385932765,15.732217471305242],[76.98967527003695,15.732471422065485],[76.98774304865805,15.731089695718431],[76.9807271487969,15.732231733070915],[76.97003821830035,15.74038797796024],[76.95732890935616,15.737008167285538],[76.94869895432176,15.735977512194538],[76.94678712110654,15.733477602609666],[76.94455075442693,15.732867845365496],[76.9438488270336,15.730845047944198],[76.94773068542983,15.728530373596174],[76.94935238616448,15.72518112821997],[76.95549139376439,15.725297139829529],[76.95790982379927,15.72378023730902],[76.99054105912127,15.719249935864802],[76.99136385932765,15.732217471305242]]]}},{"type":"Feature","properties":{"type":"village","name":"Chikka Bellary","taluk":"Siruguppa","district":"Ballari","village_code":"604812"},"geometry":{"type":"Polygon","coordinates":[[[76.9922530836611,15.745320648989555],[76.99245002940565,15.757895201333014],[76.98436207918613,15.767435917710552],[76.98194125514102,15.769483144844473],[76.98085366482654,15.769088860027411],[76.98048403503658,15.771171080929772],[76.97843398523514,15.773373634613712],[76.97672857499072,15.772967658209252],[76.9729457971771,15.769535155204636],[76.97175953770842,15.769595513210028],[76.96702661361537,15.774294886147207],[76.9599890463896,15.771966097750811],[76.95480386995833,15.76907163040291],[76.96121315727108,15.754415353785566],[76.96346195573587,15.754773441711635],[76.96322242086367,15.749354272323522],[76.96554463773835,15.74656091091287],[76.9667838331301,15.742385323723054],[76.96867671907933,15.742087427971287],[76.9807271487969,15.732231733070915],[76.98774304865805,15.731089695718431],[76.98967527003695,15.732471422065485],[76.99136385932765,15.732217471305242],[76.99140178799556,15.733274795985876],[76.99350122267977,15.733300809261996],[76.9922530836611,15.745320648989555]]]}},{"type":"Feature","properties":{"type":"village","name":"Vattumuruvani","taluk":"Siruguppa","district":"Ballari","village_code":"604816"},"geometry":{"type":"Polygon","coordinates":[[[77.06715028576457,15.802712525052259],[77.02733740781827,15.802864893272737],[77.02739008233156,15.799954981695333],[77.02533786309868,15.7976134471517],[77.0275454190105,15.797230450621086],[77.02769539903538,15.795902022684785],[77.0265117186299,15.792462914951347],[77.02453423473709,15.790166648899136],[77.03531001794855,15.78858554433579],[77.06006789979261,15.782318431639414],[77.06097656816037,15.786276928264087],[77.06644605509084,15.785067609587484],[77.06720588159921,15.78775633715436],[77.06804828574005,15.795817536067908],[77.06715028576457,15.802712525052259]]]}},{"type":"Feature","properties":{"type":"village","name":"Hatcholli","taluk":"Siruguppa","district":"Ballari","village_code":"604813"},"geometry":{"type":"Polygon","coordinates":[[[77.02539883265533,15.79713453822214],[77.02378547996463,15.794481437698845],[77.02202597137718,15.794765219588239],[77.00785586883036,15.798494644575253],[76.99893382658131,15.803684745008495],[76.9940750071945,15.803842043663785],[76.98999796105666,15.798602790780398],[76.98327549588309,15.794227725288785],[76.98028157543283,15.789159411171733],[76.97285413667876,15.782868541302866],[76.96702661361537,15.774294886147207],[76.97175953770842,15.769595513210028],[76.9729457971771,15.769535155204636],[76.97761845419603,15.773421933591855],[76.97969380774242,15.77232008641025],[76.98085366482654,15.769088860027411],[76.98194125514102,15.769483144844473],[76.98436207918613,15.767435917710552],[76.99245002940565,15.757895201333014],[76.99274356021297,15.752701909956903],[76.99893425597602,15.753240218935948],[77.01004802761823,15.751142051887834],[77.01888917567761,15.751711451876247],[77.02147525470066,15.758382034925749],[77.0196655266956,15.766062591069117],[77.02278917734762,15.771197136036063],[77.01985756135052,15.773798358333737],[77.02136837224985,15.775737519381321],[77.02298292508979,15.77569319842168],[77.02523417775197,15.780836309292908],[77.02501438695141,15.781830236913839],[77.02271811342213,15.78258827835005],[77.02257625865897,15.786193959901652],[77.02769539903538,15.795902022684785],[77.0275454190105,15.797230450621086],[77.02539883265533,15.79713453822214]]]}},{"type":"Feature","properties":{"type":"village","name":"Kallukuttiganahal","taluk":"Siruguppa","district":"Ballari","village_code":"604818"},"geometry":{"type":"Polygon","coordinates":[[[77.05649074814411,15.762847099837646],[77.04105808143179,15.768823936882711],[77.0321982367364,15.776723115121925],[77.0241153098959,15.778612689216931],[77.02298292508979,15.77569319842168],[77.02136837224985,15.775737519381321],[77.01985756135052,15.773798358333737],[77.02278917734762,15.771197136036063],[77.02117653971588,15.767604192698425],[77.03304844364379,15.764247909958462],[77.04800548475251,15.756149250802233],[77.05434207859581,15.75619509765928],[77.05649074814411,15.762847099837646]]]}},{"type":"Feature","properties":{"type":"village","name":"Beerahalli","taluk":"Siruguppa","district":"Ballari","village_code":"604817"},"geometry":{"type":"Polygon","coordinates":[[[77.05946594231399,15.782295670654586],[77.03531001794855,15.78858554433579],[77.02453423473709,15.790166648899136],[77.02257625865897,15.786193959901652],[77.02271811342213,15.78258827835005],[77.02528517061907,15.781428190824244],[77.0241153098959,15.778612689216931],[77.03308026915765,15.776416222145727],[77.04105808143179,15.768823936882711],[77.05109161906334,15.764539699912463],[77.05234490542861,15.769894528775854],[77.05698334202512,15.768725810868048],[77.05946594231399,15.782295670654586]]]}},{"type":"Feature","properties":{"type":"village","name":"Halekota","taluk":"Siruguppa","district":"Ballari","village_code":"604794"},"geometry":{"type":"Polygon","coordinates":[[[76.96867671907933,15.742087427971287],[76.95944517487553,15.742695505279235],[76.95030152183915,15.74449702590976],[76.93948650291101,15.743307533795695],[76.93782601561733,15.744934626152817],[76.93299291769205,15.746164919812479],[76.92904424440161,15.740157905202654],[76.9263038985931,15.733050964944681],[76.93217495401512,15.73089080020796],[76.9438488270336,15.730845047944198],[76.94455075442693,15.732867845365496],[76.94678712110654,15.733477602609666],[76.94869895432176,15.735977512194538],[76.95732890935616,15.737008167285538],[76.97003821830035,15.74038797796024],[76.96867671907933,15.742087427971287]]]}},{"type":"Feature","properties":{"type":"village","name":"Akkatangirahal","taluk":"Siruguppa","district":"Ballari","village_code":"604820"},"geometry":{"type":"Polygon","coordinates":[[[77.0447974176166,15.740446862654947],[77.03673514933274,15.742651357811535],[77.03290454611167,15.748788843722576],[77.01962086425628,15.753225541054848],[77.01332377562424,15.743478132114745],[77.01323377611088,15.740156324658802],[77.0205221933882,15.739418613112475],[77.0443771911166,15.738324319929553],[77.0447974176166,15.740446862654947]]]}},{"type":"Feature","properties":{"type":"village","name":"Halumuravani","taluk":"Siruguppa","district":"Ballari","village_code":"604821"},"geometry":{"type":"Polygon","coordinates":[[[77.01888917567761,15.751711451876247],[77.01004802761823,15.751142051887834],[76.99893425597602,15.753240218935948],[76.99274356021297,15.752701909956903],[76.9922530836611,15.745320648989555],[76.99346553441019,15.73622877526048],[77.00928601011887,15.735646215164547],[77.0116433529178,15.736566902040062],[77.00992765696337,15.73821197922279],[77.01275980430573,15.738940104613018],[77.01332377562424,15.743478132114745],[77.01888917567761,15.751711451876247]]]}},{"type":"Feature","properties":{"type":"village","name":"Basarahalli","taluk":"Siruguppa","district":"Ballari","village_code":"604819"},"geometry":{"type":"Polygon","coordinates":[[[77.04800548475251,15.756149250802233],[77.02924037466161,15.765619816367579],[77.02117653971588,15.767604192698425],[77.0196655266956,15.766062591069117],[77.02147525470066,15.758382034925749],[77.01962086425628,15.753225541054848],[77.03290454611167,15.748788843722576],[77.03673514933274,15.742651357811535],[77.04597782456119,15.74037722629657],[77.04800548475251,15.756149250802233]]]}},{"type":"Feature","properties":{"type":"village","name":"Honnarahalli","taluk":"Siruguppa","district":"Ballari","village_code":"604811"},"geometry":{"type":"Polygon","coordinates":[[[76.9667838331301,15.742385323723054],[76.96554463773835,15.74656091091287],[76.96322242086367,15.749354272323522],[76.96346195573587,15.754773441711635],[76.96121315727108,15.754415353785566],[76.95480386995833,15.76907163040291],[76.94407460780047,15.763309596231899],[76.93972797994087,15.754906386278948],[76.93299291769205,15.746164919812479],[76.93782601561733,15.744934626152817],[76.93948650291101,15.743307533795695],[76.95030152183915,15.74449702590976],[76.95944517487553,15.742695505279235],[76.9667838331301,15.742385323723054]]]}},{"type":"Feature","properties":{"type":"village","name":"Tasalla Kudlur","taluk":"Siruguppa","district":"Ballari","village_code":"604815"},"geometry":{"type":"Polygon","coordinates":[[[77.06450502303564,15.810549122874983],[77.06561719395124,15.826402425972685],[77.0652386070596,15.828214308386157],[77.06317518044523,15.829605370607032],[77.05452159522724,15.830099594903343],[77.05461070091692,15.828929355925922],[77.05347182488455,15.828861194989663],[77.0530653381168,15.83005849911303],[77.05101148844167,15.830423765733629],[77.0509885849952,15.829425136660202],[77.04888356997643,15.829401786368537],[77.04926661969843,15.828317474428985],[77.0481232431065,15.827991790365537],[77.04769773810585,15.8300565217166],[77.0425919996952,15.828857234987819],[77.04191394772545,15.832028897640198],[77.04072808980375,15.832764904940586],[77.03835248784834,15.832330189023757],[77.03841844844473,15.830938506884962],[77.03588926062692,15.829572911154333],[77.0252201793049,15.837529638812036],[77.02205485221356,15.82965247474466],[77.01764880079793,15.824215852928313],[77.02007528692424,15.821726025600832],[77.02044822341277,15.813592989618789],[77.06450502303564,15.810549122874983]]]}},{"type":"Feature","properties":{"type":"village","name":"Matur","taluk":"Siruguppa","district":"Ballari","village_code":"604814"},"geometry":{"type":"Polygon","coordinates":[[[77.06450502303564,15.810549122874983],[77.02044822341277,15.813592989618789],[77.02007528692424,15.821726025600832],[77.01764880079793,15.824215852928313],[77.00712747437382,15.81509513168606],[77.00332055164198,15.812639496972226],[76.99879303542346,15.811213673203325],[76.9940750071945,15.803842043663785],[76.99893382658131,15.803684745008495],[77.00785586883036,15.798494644575253],[77.02378547996463,15.794481437698845],[77.0253609156655,15.79815567792867],[77.02739008233156,15.799954981695333],[77.02733740781827,15.802864893272737],[77.06376664829627,15.803208548975528],[77.06450502303564,15.810549122874983]]]}}]}
