{"type":"FeatureCollection","features":[{"type":"Feature","properties":{"type":"village","name":"Solur","taluk":"Anekal","district":"BANGALORE","village_code":"613332"},"geometry":{"type":"Polygon","coordinates":[[[77.69378491104813,12.66554754812453],[77.69162622618272,12.66574693131137],[77.69132856402344,12.671749105749278],[77.68095322820605,12.670526514747618],[77.67712377572687,12.671494444326445],[77.67734313713275,12.663575961076493],[77.67891240589918,12.662156496434118],[77.67863588828509,12.660443597308726],[77.68990769514531,12.65904015566731],[77.69189191011453,12.6607436035717],[77.69378491104813,12.66554754812453]]]}},{"type":"Feature","properties":{"type":"village","name":"Kalanaikanahalli","taluk":"Anekal","district":"BANGALORE","village_code":"613331"},"geometry":{"type":"Polygon","coordinates":[[[77.69175061500181,12.684178057306502],[77.6848505025909,12.684446261190468],[77.68319686405293,12.679533740684024],[77.67636585993513,12.679526009888226],[77.67507577498256,12.673144482636415],[77.67712377572687,12.671494444326445],[77.68095322820605,12.670526514747618],[77.68854368333642,12.671379135156126],[77.69175061500181,12.684178057306502]]]}},{"type":"Feature","properties":{"type":"village","name":"Singasandra","taluk":"Anekal","district":"BANGALORE","village_code":"613335"},"geometry":{"type":"Polygon","coordinates":[[[77.70899544235704,12.688186864903008],[77.69328041808289,12.69007583608586],[77.69090740597046,12.680906028151007],[77.69949164394347,12.678838401946413],[77.71046645160105,12.68201257437776],[77.71157160038611,12.683191861013476],[77.70899544235704,12.688186864903008]]]}},{"type":"Feature","properties":{"type":"village","name":"Geratiganabele","taluk":"Anekal","district":"BANGALORE","village_code":"613340"},"geometry":{"type":"Polygon","coordinates":[[[77.73516057282289,12.694071579797157],[77.73435289036439,12.694600420124145],[77.73293433015655,12.69286995602967],[77.73153508282896,12.69328178807188],[77.72734501066213,12.679032924682142],[77.72966519105603,12.679583452298289],[77.73003983614022,12.672650165084638],[77.73849535182119,12.672294280078182],[77.74111566923301,12.67503209477857],[77.74105131482439,12.68549510820748],[77.73929882387591,12.688510447224445],[77.73500082002602,12.69190645272578],[77.73516057282289,12.694071579797157]]]}},{"type":"Feature","properties":{"type":"village","name":"Thammanaikanahalli","taluk":"Anekal","district":"BANGALORE","village_code":"613305"},"geometry":{"type":"Polygon","coordinates":[[[77.63527955000498,12.706720410916603],[77.62060336806812,12.70381422809385],[77.61800235275683,12.704338414163118],[77.61541955797443,12.709228555877194],[77.61316427996147,12.699307802751742],[77.60551850567761,12.692274664426558],[77.59933827618592,12.672753655878996],[77.59548147809119,12.668590593727778],[77.59515524231932,12.663867506673313],[77.59724440297164,12.657494525761734],[77.59885555389157,12.667212498298946],[77.62389055791594,12.673957475393715],[77.63786535234695,12.675760711976341],[77.64396459512253,12.679001028621755],[77.64834677470782,12.6794210722656],[77.65989193711238,12.683894433004356],[77.6664793226167,12.685394107150373],[77.66616682298385,12.688711576583323],[77.66871004428305,12.702048694614216],[77.66724625210398,12.702821771199266],[77.66696578729248,12.705009322381285],[77.66464551976199,12.704521521711639],[77.66154745941745,12.705452969672479],[77.65581122674654,12.703840100695386],[77.65442529873967,12.701444825045499],[77.64421466813131,12.700342818625147],[77.6414618276555,12.700984754390266],[77.64125937523826,12.702688670983179],[77.63833154204681,12.702756588171752],[77.63527955000498,12.706720410916603]]]}},{"type":"Feature","properties":{"type":"village","name":"Telagarahalli","taluk":"Anekal","district":"BANGALORE","village_code":"613336"},"geometry":{"type":"Polygon","coordinates":[[[77.69175061500181,12.684178057306502],[77.69341489408428,12.693809034191265],[77.689834198582,12.696693417403619],[77.68819094277214,12.697358178069623],[77.68486216272329,12.695144273930687],[77.68597826466655,12.684364668283028],[77.69175061500181,12.684178057306502]]]}},{"type":"Feature","properties":{"type":"village","name":"Hompalaghatta","taluk":"Anekal","district":"BANGALORE","village_code":"613337"},"geometry":{"type":"Polygon","coordinates":[[[77.70497483916515,12.696775378805775],[77.6968188981567,12.701496106272025],[77.69134518465283,12.700882779741045],[77.68409065542131,12.703365675774537],[77.68235499081645,12.702760397569929],[77.68193116925866,12.701391031362498],[77.68266635857202,12.695189924099738],[77.68486216272329,12.695144273930687],[77.68846714687422,12.697349077208981],[77.69341489408428,12.693809034191265],[77.69328041808289,12.69007583608586],[77.70899544235704,12.688186864903008],[77.70898219310487,12.689922414013067],[77.70497483916515,12.696775378805775]]]}},{"type":"Feature","properties":{"type":"village","name":"Sunavara","taluk":"Anekal","district":"BANGALORE","village_code":"613328"},"geometry":{"type":"Polygon","coordinates":[[[77.68193116925866,12.701391031362498],[77.68043044823658,12.701472680152323],[77.68050926731794,12.7041076187187],[77.67751240578339,12.704334168379924],[77.67646740459654,12.704361474592183],[77.67547712698016,12.701686019708154],[77.67082292584875,12.701329745897347],[77.66871004428305,12.702048694614216],[77.66616682298385,12.688711576583323],[77.66662681969812,12.686627952290253],[77.6803232450872,12.69522654693774],[77.68266635857202,12.695189924099738],[77.68193116925866,12.701391031362498]]]}},{"type":"Feature","properties":{"type":"village","name":"Muthagatti","taluk":"Anekal","district":"BANGALORE","village_code":"613342"},"geometry":{"type":"Polygon","coordinates":[[[77.72950083439335,12.705743223816775],[77.72269297177557,12.707924187163679],[77.72146432530025,12.709307630192363],[77.71971464068876,12.708485659564055],[77.7193593408242,12.706230479701729],[77.71546935986119,12.706362848968327],[77.71534467010648,12.705232979384196],[77.7052720575567,12.705181834741158],[77.70642007664203,12.696033739590066],[77.70783267113809,12.693994963309306],[77.71493561775027,12.693884282739264],[77.71729342767314,12.696382870681608],[77.7229275362693,12.6951696698014],[77.7230047886888,12.704678973942455],[77.72928820855549,12.703610033900997],[77.72950083439335,12.705743223816775]]]}},{"type":"Feature","properties":{"type":"village","name":"Patnagere Gollahalli","taluk":"Anekal","district":"BANGALORE","village_code":"613329"},"geometry":{"type":"Polygon","coordinates":[[[77.68486216272329,12.695144273930687],[77.6803232450872,12.69522654693774],[77.6736566434462,12.690364610941694],[77.66887346759614,12.688259216055268],[77.66662681969812,12.686627952290253],[77.6664793226167,12.685394107150373],[77.68597826466655,12.684364668283028],[77.68486216272329,12.695144273930687]]]}},{"type":"Feature","properties":{"type":"village","name":"Chikkanahatti","taluk":"Anekal","district":"BANGALORE","village_code":"613339"},"geometry":{"type":"Polygon","coordinates":[[[77.73003983614022,12.672650165084638],[77.72942593376327,12.679841163419043],[77.72586731076584,12.67875777041736],[77.72274677457288,12.679703497366868],[77.72415221129279,12.671558583638518],[77.73003983614022,12.672650165084638]]]}},{"type":"Feature","properties":{"type":"village","name":"Vanakanahalli","taluk":"Anekal","district":"BANGALORE","village_code":"613334"},"geometry":{"type":"Polygon","coordinates":[[[77.69949164394347,12.678838401946413],[77.69065416101043,12.68061682890146],[77.68854368333642,12.671379135156126],[77.69132856402344,12.671749105749278],[77.69162622618272,12.66574693131137],[77.69378491104813,12.66554754812453],[77.70273908603488,12.671013995825206],[77.69949164394347,12.678838401946413]]]}},{"type":"Feature","properties":{"type":"village","name":"Menasiganahalli","taluk":"Anekal","district":"BANGALORE","village_code":"613333"},"geometry":{"type":"Polygon","coordinates":[[[77.69189191011453,12.6607436035717],[77.70127231773729,12.660659863603518],[77.70420912420012,12.66145902778967],[77.70805377168233,12.665625037357056],[77.71099550630282,12.667174386724213],[77.71212562825276,12.67438288582192],[77.71157160038611,12.683191861013476],[77.71046645160105,12.68201257437776],[77.69949164394347,12.678838401946413],[77.70273908603488,12.671013995825206],[77.69378491104813,12.66554754812453],[77.69189191011453,12.6607436035717]]]}},{"type":"Feature","properties":{"type":"village","name":" ","taluk":"Anekal","district":"BANGALORE","village_code":" "},"geometry":{"type":"Polygon","coordinates":[[[77.6848505025909,12.684446261190468],[77.66750585264467,12.685488871833519],[77.65989193711238,12.683894433004356],[77.67068121032445,12.680561966859507],[77.68266289736324,12.679497692264363],[77.6848505025909,12.684446261190468]]]}},{"type":"Feature","properties":{"type":"village","name":"Gudnahalli","taluk":"Anekal","district":"BANGALORE","village_code":"613338"},"geometry":{"type":"Polygon","coordinates":[[[77.70783267113809,12.693994963309306],[77.70497483916515,12.696775378805775],[77.70898219310487,12.689922414013067],[77.70899544235704,12.688186864903008],[77.71157160038611,12.683191861013476],[77.72431151044042,12.678866803778998],[77.72734501066213,12.679032924682142],[77.73153508282896,12.69328178807188],[77.71729342767314,12.696382870681608],[77.71493561775027,12.693884282739264],[77.70783267113809,12.693994963309306]]]}},{"type":"Feature","properties":{"type":"village","name":"Submangala","taluk":"Anekal","district":"BANGALORE","village_code":"613341"},"geometry":{"type":"Polygon","coordinates":[[[77.74052956701914,12.702552464111832],[77.73348727914654,12.705149608081193],[77.73230045284093,12.707301421610538],[77.72950083439335,12.705743223816775],[77.72928820855549,12.703610033900997],[77.7230047886888,12.704678973942455],[77.7229275362693,12.6951696698014],[77.73293433015655,12.69286995602967],[77.73435289036439,12.694600420124145],[77.73516057282289,12.694071579797157],[77.73860844881716,12.699249407830676],[77.74026133726184,12.699928924602112],[77.74052956701914,12.702552464111832]]]}},{"type":"Feature","properties":{"type":"village","name":"Rachamanahalli","taluk":"Anekal","district":"BANGALORE","village_code":"613351"},"geometry":{"type":"Polygon","coordinates":[[[77.74312517806572,12.741076718246804],[77.73719089292575,12.742317594185867],[77.7331417610371,12.737523893818913],[77.73401971959858,12.73413382390688],[77.73506001091842,12.733591051611482],[77.73168579857408,12.72384353713307],[77.72882128044048,12.721620972352133],[77.7287878047214,12.718515994269666],[77.73703567931604,12.713581832131673],[77.74278981990216,12.712485668902037],[77.74525691526922,12.721320484064952],[77.74586800322437,12.728529030025232],[77.74333577999924,12.728457821564756],[77.74312517806572,12.741076718246804]]]}},{"type":"Feature","properties":{"type":"village","name":"Chikka Hosahalli","taluk":"Anekal","district":"BANGALORE","village_code":"613306"},"geometry":{"type":"Polygon","coordinates":[[[77.66779496643572,12.708313062692582],[77.65881334073049,12.708594447962385],[77.65414101429158,12.71180388367464],[77.64578062930089,12.710502892305225],[77.64556872031862,12.708654369893427],[77.64444545880252,12.708979854043797],[77.63893475716682,12.705848005113408],[77.63527955000498,12.706720410916603],[77.63833154204681,12.702756588171752],[77.64125937523826,12.702688670983179],[77.6414618276555,12.700984754390266],[77.64483153405038,12.700356342248263],[77.65442529873967,12.701444825045499],[77.65581122674654,12.703840100695386],[77.66178224489673,12.705484577612996],[77.66464551976199,12.704521521711639],[77.66689213801561,12.705059049173032],[77.66724625210398,12.702821771199266],[77.66856276998377,12.702283740374702],[77.66749063518374,12.705271385838216],[77.66779496643572,12.708313062692582]]]}},{"type":"Feature","properties":{"type":"village","name":"Samandur","taluk":"Anekal","district":"BANGALORE","village_code":"613353"},"geometry":{"type":"Polygon","coordinates":[[[77.76106915163014,12.729563868974916],[77.75726134675267,12.73019941673464],[77.74600657105192,12.729482611256183],[77.74525691526922,12.721320484064952],[77.74073830225352,12.70607317477707],[77.74026133726184,12.699928924602112],[77.7599329391026,12.697035528920065],[77.76390452392432,12.699690308213452],[77.7661376216346,12.709422052880578],[77.76575854875439,12.713069240957788],[77.76120864292577,12.716285243937186],[77.76106915163014,12.729563868974916]]]}},{"type":"Feature","properties":{"type":"village","name":"Shivanahalli","taluk":"Anekal","district":"BANGALORE","village_code":"613153"},"geometry":{"type":"Polygon","coordinates":[[[77.56905663210026,12.72996722792727],[77.56470951016725,12.732551531651465],[77.55577757477195,12.73279328120608],[77.55935045313463,12.71470664433597],[77.56509418404325,12.70266775214893],[77.5678658702754,12.70104584977412],[77.57930874062023,12.708695473981452],[77.59412152397243,12.72213472921263],[77.56905663210026,12.72996722792727]]]}},{"type":"Feature","properties":{"type":"village","name":"Indlawadi","taluk":"Anekal","district":"BANGALORE","village_code":"613302"},"geometry":{"type":"Polygon","coordinates":[[[77.64573144564078,12.7295079949313],[77.64415746880391,12.737873942203201],[77.63551081319004,12.736269831069603],[77.63259633076036,12.733404438235548],[77.62556130756343,12.73459762939426],[77.62562576887159,12.732685822773725],[77.62895911236207,12.733119727163349],[77.63156959232322,12.731935568211629],[77.63186883102583,12.730882487924006],[77.62771136141559,12.725169676884645],[77.62232033603696,12.713947325730816],[77.62827298902955,12.719140476104183],[77.62983825759804,12.717187988330034],[77.63512345604626,12.718896339717967],[77.63661976634029,12.720649922121456],[77.64321701085487,12.71976379622169],[77.64359493658645,12.725806536882837],[77.64573144564078,12.7295079949313]]]}},{"type":"Feature","properties":{"type":"village","name":"Chikka Hagade","taluk":"Anekal","district":"BANGALORE","village_code":"613346"},"geometry":{"type":"Polygon","coordinates":[[[77.70653348176012,12.734595282005737],[77.69735417818337,12.73909937323043],[77.69645062482284,12.734977699258517],[77.69473754386425,12.733653877572682],[77.6906134996674,12.72020442879115],[77.69930522825062,12.71912658457066],[77.6992330854485,12.724432661308565],[77.70268244006971,12.727857607385676],[77.70367690114038,12.7278663680477],[77.70653348176012,12.734595282005737]]]}},{"type":"Feature","properties":{"type":"village","name":"Channena Agrahara","taluk":"Anekal","district":"BANGALORE","village_code":"613352"},"geometry":{"type":"Polygon","coordinates":[[[77.74278981990216,12.712485668902037],[77.73703567931604,12.713581832131673],[77.73146658179695,12.716973774121056],[77.73355975163038,12.713289451420096],[77.7333054242004,12.710609405838639],[77.73132508815657,12.70875712571947],[77.73140728400504,12.707130023607117],[77.73256741507538,12.707188327333807],[77.73348727914654,12.705149608081193],[77.74052956701914,12.702552464111832],[77.74278981990216,12.712485668902037]]]}},{"type":"Feature","properties":{"type":"village","name":"Bidaragere","taluk":"Anekal","district":"BANGALORE","village_code":"613350"},"geometry":{"type":"Polygon","coordinates":[[[77.72504990673934,12.71952073737109],[77.71597617227648,12.72064926579798],[77.70991544476871,12.71432821343509],[77.70996081328381,12.712289840658212],[77.71126809738082,12.711796797937915],[77.71324799235188,12.712709142312008],[77.71545731524984,12.711415811797062],[77.71746003641225,12.711758643091263],[77.71923589972775,12.708580736371415],[77.72195229016256,12.709253223007119],[77.72269297177557,12.707924187163679],[77.72950083439335,12.705743223816775],[77.73305654774758,12.709945117105221],[77.73333471736352,12.714595716033122],[77.73019165232154,12.71774712162377],[77.72590150603543,12.719244728739971],[77.72513696606681,12.718454070626969],[77.72504990673934,12.71952073737109]]]}},{"type":"Feature","properties":{"type":"village","name":"Chikkanahalli","taluk":"Anekal","district":"BANGALORE","village_code":"613290"},"geometry":{"type":"Polygon","coordinates":[[[77.6539023022762,12.718054575272294],[77.651444039145,12.719704465765183],[77.64903154607586,12.71869678174218],[77.64449225743554,12.719582939407521],[77.64578062930089,12.710502892305225],[77.65474872188635,12.711993650952184],[77.6539023022762,12.718054575272294]]]}},{"type":"Feature","properties":{"type":"village","name":"Agasa Thimmanahalli","taluk":"Anekal","district":"BANGALORE","village_code":"613307"},"geometry":{"type":"Polygon","coordinates":[[[77.66916298922233,12.71276470896972],[77.6651854395871,12.71306358010807],[77.66376395536295,12.720263563723135],[77.6539023022762,12.718054575272294],[77.65506645600236,12.712689644775041],[77.65414101429158,12.71180388367464],[77.65881334073049,12.708594447962385],[77.66779496643572,12.708313062692582],[77.66916298922233,12.71276470896972]]]}},{"type":"Feature","properties":{"type":"village","name":"Indlawadipura","taluk":"Anekal","district":"BANGALORE","village_code":"613304"},"geometry":{"type":"Polygon","coordinates":[[[77.64449225743554,12.719582939407521],[77.63661976634029,12.720649922121456],[77.63512345604626,12.718896339717967],[77.62983825759804,12.717187988330034],[77.62827298902955,12.719140476104183],[77.61541955797443,12.709228555877194],[77.61800235275683,12.704338414163118],[77.62060336806812,12.70381422809385],[77.63350256199877,12.706625535841825],[77.63893475716682,12.705848005113408],[77.64444545880252,12.708979854043797],[77.64590020315005,12.70892552916122],[77.64449225743554,12.719582939407521]]]}},{"type":"Feature","properties":{"type":"village","name":"Anekal (TMC)","taluk":"Anekal","district":"BANGALORE","village_code":"803163"},"geometry":{"type":"Polygon","coordinates":[[[77.70121115594118,12.718954325285527],[77.68841291737715,12.72040831609413],[77.68645102194947,12.71760657211166],[77.68496393465846,12.717331193195648],[77.68182526866643,12.722439034401361],[77.6801561440713,12.710498466983257],[77.68514605011599,12.708508809876548],[77.68400319634353,12.703401851385062],[77.69134518465283,12.700882779741045],[77.6968188981567,12.701496106272025],[77.70663646103104,12.696110509701544],[77.70616897506223,12.702700291096477],[77.70406200710606,12.707437483974145],[77.70963928827733,12.714531682210328],[77.70839672599995,12.715915068219516],[77.70121115594118,12.718954325285527]]]}},{"type":"Feature","properties":{"type":"village","name":"Gowrenahalli","taluk":"Anekal","district":"BANGALORE","village_code":"613309"},"geometry":{"type":"Polygon","coordinates":[[[77.68320685601385,12.724341523063234],[77.67040838837943,12.726617219716385],[77.6659015001748,12.729035897063003],[77.66376395536295,12.720263563723135],[77.67408576057257,12.72031623704478],[77.67511206063186,12.718467526689173],[77.68111036241386,12.71636025887357],[77.68182526866643,12.722439034401361],[77.68320685601385,12.724341523063234]]]}},{"type":"Feature","properties":{"type":"village","name":"Thimmasandra","taluk":"Anekal","district":"BANGALORE","village_code":"613300"},"geometry":{"type":"Polygon","coordinates":[[[77.6539023022762,12.718054575272294],[77.65229593219019,12.721512249120376],[77.65131534290416,12.721837749211572],[77.65206131739079,12.723302049316905],[77.65080970728184,12.730000262829865],[77.64573144564078,12.7295079949313],[77.64359493658645,12.725806536882837],[77.64321701085487,12.71976379622169],[77.64903154607586,12.71869678174218],[77.651444039145,12.719704465765183],[77.6539023022762,12.718054575272294]]]}},{"type":"Feature","properties":{"type":"village","name":"Sonnanayakanapura","taluk":"Anekal","district":"BANGALORE","village_code":"613298"},"geometry":{"type":"Polygon","coordinates":[[[77.6659015001748,12.729035897063003],[77.66155076072612,12.729280530158492],[77.6608052102443,12.731463607172754],[77.65080970728184,12.730000262829865],[77.65206131739079,12.723302049316905],[77.65131534290416,12.721837749211572],[77.65229593219019,12.721512249120376],[77.6539023022762,12.718054575272294],[77.66376395536295,12.720263563723135],[77.6659015001748,12.729035897063003]]]}},{"type":"Feature","properties":{"type":"village","name":"Bestammanahalli","taluk":"Anekal","district":"BANGALORE","village_code":"613348"},"geometry":{"type":"Polygon","coordinates":[[[77.7331417610371,12.737523893818913],[77.7323219279661,12.736814633943052],[77.71929319786982,12.739458872775556],[77.71807504012374,12.73209228493452],[77.72104411317326,12.730644985395976],[77.72009507721155,12.728995647095012],[77.72512184742055,12.726960031357164],[77.7242509055998,12.7248948739857],[77.72513696606681,12.718454070626969],[77.72584165577962,12.719244750646716],[77.7287878047214,12.718515994269666],[77.72882128044048,12.721620972352133],[77.73123891366967,12.723097968933113],[77.73222497010256,12.725086225378284],[77.73506001091842,12.733591051611482],[77.73401971959858,12.73413382390688],[77.7331417610371,12.737523893818913]]]}},{"type":"Feature","properties":{"type":"village","name":"Karpur","taluk":"Anekal","district":"BANGALORE","village_code":"613349"},"geometry":{"type":"Polygon","coordinates":[[[77.71929319786982,12.739458872775556],[77.71714314132274,12.739726257750466],[77.7150043667173,12.732744130269115],[77.70921264690789,12.733315426301246],[77.70763154193924,12.727336422807607],[77.70847341427744,12.725311373601329],[77.71298523962284,12.725246703695118],[77.71309968229508,12.723325821297374],[77.71597617227648,12.72064926579798],[77.72504990673934,12.71952073737109],[77.7242509055998,12.7248948739857],[77.72512184742055,12.726960031357164],[77.72009507721155,12.728995647095012],[77.72104411317326,12.730644985395976],[77.71807504012374,12.73209228493452],[77.71929319786982,12.739458872775556]]]}},{"type":"Feature","properties":{"type":"village","name":"Sidihosakote","taluk":"Anekal","district":"BANGALORE","village_code":"613311"},"geometry":{"type":"Polygon","coordinates":[[[77.69473754386425,12.733653877572682],[77.69324144287766,12.734503937119639],[77.69253371057094,12.739489265570768],[77.68555301568577,12.736245757132831],[77.67256440165517,12.734123992720772],[77.67568104904123,12.732491870343509],[77.68241669788993,12.732110943308061],[77.68242546814206,12.730126819912849],[77.68439595056553,12.729977266065836],[77.68516412242289,12.726957986202326],[77.68216601762,12.722719183388682],[77.68358307584471,12.718551785667366],[77.68515728444693,12.717290476067543],[77.68645102194947,12.71760657211166],[77.68841291737715,12.72040831609413],[77.6906134996674,12.72020442879115],[77.69473754386425,12.733653877572682]]]}},{"type":"Feature","properties":{"type":"village","name":"Bagganadoddi","taluk":"Anekal","district":"BANGALORE","village_code":"613303"},"geometry":{"type":"Polygon","coordinates":[[[77.62556130756343,12.73459762939426],[77.62047830281766,12.738534122025378],[77.61723698543982,12.738136272265765],[77.60993505660231,12.73399586481735],[77.60938706092277,12.735654532071685],[77.60729682319045,12.73526116226532],[77.59412152397243,12.72213472921263],[77.61541955797443,12.709228555877194],[77.62232033603696,12.713947325730816],[77.62771136141559,12.725169676884645],[77.63186883102583,12.730882487924006],[77.63156959232322,12.731935568211629],[77.62895911236207,12.733119727163349],[77.62562576887159,12.732685822773725],[77.62556130756343,12.73459762939426]]]}},{"type":"Feature","properties":{"type":"village","name":"Aravantigepura","taluk":"Anekal","district":"BANGALORE","village_code":"613347"},"geometry":{"type":"Polygon","coordinates":[[[77.7150043667173,12.732744130269115],[77.71755339921805,12.7410774901753],[77.71506740239909,12.741869246604441],[77.71048485808126,12.737816590953344],[77.70921264690789,12.733315426301246],[77.7150043667173,12.732744130269115]]]}},{"type":"Feature","properties":{"type":"village","name":"Kaval Hosahalli","taluk":"Anekal","district":"BANGALORE","village_code":"613345"},"geometry":{"type":"Polygon","coordinates":[[[77.70921264690789,12.733315426301246],[77.70653348176012,12.734595282005737],[77.70367690114038,12.7278663680477],[77.70268244006971,12.727857607385676],[77.6992330854485,12.724432661308565],[77.69930522825062,12.71912658457066],[77.70436895784538,12.717611111225757],[77.70566313642068,12.719260407860183],[77.70841324781463,12.724335150070656],[77.70763155810891,12.727386138216898],[77.70921264690789,12.733315426301246]]]}},{"type":"Feature","properties":{"type":"village","name":"Honnakalasapura","taluk":"Anekal","district":"BANGALORE","village_code":"613310"},"geometry":{"type":"Polygon","coordinates":[[[77.68320685601385,12.724341523063234],[77.6851641412875,12.727039339364186],[77.68439595056553,12.729977266065836],[77.68242546814206,12.730126819912849],[77.68241669788993,12.732110943308061],[77.67568104904123,12.732491870343509],[77.67256440165517,12.734123992720772],[77.6659015001748,12.729035897063003],[77.67040838837943,12.726617219716385],[77.68320685601385,12.724341523063234]]]}},{"type":"Feature","properties":{"type":"village","name":"Adur","taluk":"Anekal","district":"BANGALORE","village_code":"613299"},"geometry":{"type":"Polygon","coordinates":[[[77.65717383269197,12.74138914405954],[77.65300244009316,12.741633618910411],[77.65264770526892,12.73961337419285],[77.64415746880391,12.737873942203201],[77.64573144564078,12.7295079949313],[77.6608052102443,12.731463607172754],[77.65966842189664,12.734577773413347],[77.65639964571551,12.735662847347392],[77.65717383269197,12.74138914405954]]]}},{"type":"Feature","properties":{"type":"village","name":"Kempavaderahalli","taluk":"Anekal","district":"BANGALORE","village_code":"613312"},"geometry":{"type":"Polygon","coordinates":[[[77.6923497724317,12.74037063927505],[77.68468919121702,12.743866044119551],[77.68408548022694,12.741434608046006],[77.68132720943524,12.739839738826207],[77.68555301568577,12.736245757132831],[77.69253371057094,12.739489265570768],[77.6923497724317,12.74037063927505]]]}},{"type":"Feature","properties":{"type":"village","name":"Suragajakkanahalli","taluk":"Anekal","district":"BANGALORE","village_code":"613297"},"geometry":{"type":"Polygon","coordinates":[[[77.67267951716555,12.734191769190565],[77.6696425683115,12.74443826661815],[77.65836183668891,12.742306500725212],[77.65717383269197,12.74138914405954],[77.65639964571551,12.735662847347392],[77.6601057478281,12.734103159717609],[77.66155076072612,12.729280530158492],[77.6659015001748,12.729035897063003],[77.67267951716555,12.734191769190565]]]}},{"type":"Feature","properties":{"type":"village","name":" ","taluk":"Anekal","district":"BANGALORE","village_code":" "},"geometry":{"type":"Polygon","coordinates":[[[77.68063076266347,12.712577411665372],[77.66916298922233,12.71276470896972],[77.66746781078902,12.706464575174293],[77.66871004428305,12.702048694614216],[77.67082292584875,12.701329745897347],[77.67547712698016,12.701686019708154],[77.67646740459654,12.704361474592183],[77.67751240578339,12.704334168379924],[77.68050926731794,12.7041076187187],[77.68043044823658,12.701472680152323],[77.68193116925866,12.701391031362498],[77.68235499081645,12.702760397569929],[77.68409065542131,12.703365675774537],[77.6851552479662,12.708468131644185],[77.68025277764305,12.710299584170949],[77.68063076266347,12.712577411665372]]]}},{"type":"Feature","properties":{"type":"village","name":"M.Medihalli","taluk":"Anekal","district":"BANGALORE","village_code":"613279"},"geometry":{"type":"Polygon","coordinates":[[[77.68111036241386,12.71636025887357],[77.67511206063186,12.718467526689173],[77.67408576057257,12.72031623704478],[77.66376395536295,12.720263563723135],[77.6651854395871,12.71306358010807],[77.68063076266347,12.712577411665372],[77.68111036241386,12.71636025887357]]]}},{"type":"Feature","properties":{"type":"village","name":"Kurubarahatti","taluk":"Anekal","district":"BANGALORE","village_code":"613343"},"geometry":{"type":"Polygon","coordinates":[[[77.71971464068876,12.708485659564055],[77.71746003641225,12.711758643091263],[77.71545731524984,12.711415811797062],[77.71324799235188,12.712709142312008],[77.71016332858318,12.712149671066744],[77.70991645627176,12.714322154778552],[77.70406200710606,12.707437483974145],[77.7052720575567,12.705181834741158],[77.71534467010648,12.705232979384196],[77.71546935986119,12.706362848968327],[77.71940538577073,12.706257582404936],[77.71971464068876,12.708485659564055]]]}},{"type":"Feature","properties":{"type":"village","name":"Maranaikanahalli","taluk":"Anekal","district":"BANGALORE","village_code":"613293"},"geometry":{"type":"Polygon","coordinates":[[[77.76575854875439,12.713069240957788],[77.76572600907987,12.713796888687977],[77.76835481826605,12.713594612831946],[77.76953379239777,12.712578182804315],[77.77030039489829,12.717925228239999],[77.77443207477502,12.72426793877944],[77.76156281091303,12.727268115254569],[77.76120864292577,12.716285243937186],[77.76575854875439,12.713069240957788]]]}},{"type":"Feature","properties":{"type":"village","name":"Haldenahalli","taluk":"Anekal","district":"BANGALORE","village_code":"613344"},"geometry":{"type":"Polygon","coordinates":[[[77.71597617227648,12.72064926579798],[77.71309968229508,12.723325821297374],[77.71295762091944,12.725264791256992],[77.70847341427744,12.725311373601329],[77.70776814065967,12.722581722816354],[77.70436895784538,12.717611111225757],[77.70839672599995,12.715915068219516],[77.7097997624214,12.714225664038],[77.71597617227648,12.72064926579798]]]}},{"type":"Feature","properties":{"type":"village","name":"Ravugodlu","taluk":"Bangalore South","district":"BANGALORE","village_code":"613052"},"geometry":{"type":"Polygon","coordinates":[[[77.5137992629175,12.75026933822468],[77.50168356969621,12.753072453409995],[77.49743942972904,12.752347845621681],[77.48629231621679,12.754496247425044],[77.48627059135995,12.752352619799966],[77.4840868533796,12.752618900350061],[77.48244056934887,12.749695496603065],[77.48461455342188,12.74732179241015],[77.48611823618945,12.74284675371144],[77.49184547582607,12.741877170017975],[77.49243404122046,12.740173017070234],[77.49889690585336,12.73937405121122],[77.50322957928336,12.736646894775223],[77.50490748580867,12.732430871024885],[77.50526985721115,12.735278407069552],[77.5101074368314,12.738213861166608],[77.5137992629175,12.75026933822468]]]}},{"type":"Feature","properties":{"type":"village","name":"Bhaktipura","taluk":"Anekal","district":"BANGALORE","village_code":"613283"},"geometry":{"type":"Polygon","coordinates":[[[77.77281796300791,12.753784491602863],[77.75998236171456,12.760427402391022],[77.75937944573354,12.749765852720445],[77.76284763443302,12.74729064091144],[77.76791758755601,12.745887209962795],[77.77281796300791,12.753784491602863]]]}},{"type":"Feature","properties":{"type":"village","name":"Ragihalli","taluk":"Anekal","district":"BANGALORE","village_code":"613152"},"geometry":{"type":"Polygon","coordinates":[[[77.59412152397243,12.72213472921263],[77.59910317000806,12.751309317326491],[77.59797568191856,12.759036629054151],[77.5940972191541,12.752054544081243],[77.57607553772432,12.752134102701993],[77.57449001484115,12.747924999063068],[77.5701722678179,12.742834969836444],[77.56762342396335,12.734527304113554],[77.57022529716575,12.731969777002368],[77.56905663210026,12.72996722792727],[77.59412152397243,12.72213472921263]]]}},{"type":"Feature","properties":{"type":"village","name":"Avadadenahalli","taluk":"Anekal","district":"BANGALORE","village_code":"613322"},"geometry":{"type":"Polygon","coordinates":[[[77.71967531963215,12.752192150760097],[77.71440919601062,12.752150823291718],[77.71198788418032,12.755264919245946],[77.70543534432588,12.755634680916703],[77.70554742083567,12.751785759752078],[77.70357811161193,12.751606709642177],[77.7049305773745,12.747295913728234],[77.71048485808126,12.737816590953344],[77.71506740239909,12.741869246604441],[77.71967531963215,12.752192150760097]]]}},{"type":"Feature","properties":{"type":"village","name":"Soppahalli","taluk":"Anekal","district":"BANGALORE","village_code":"613295"},"geometry":{"type":"Polygon","coordinates":[[[77.6820959813672,12.756303280616022],[77.67624051081701,12.756903112001899],[77.66667269665969,12.755775648293548],[77.67267951716555,12.734191769190565],[77.68555301568577,12.736245757132831],[77.68132720943524,12.739839738826207],[77.68408548022694,12.741434608046006],[77.68468919121702,12.743866044119551],[77.681659921162,12.754575644943115],[77.6820959813672,12.756303280616022]]]}},{"type":"Feature","properties":{"type":"village","name":"Mayasandra","taluk":"Anekal","district":"BANGALORE","village_code":"613278"},"geometry":{"type":"Polygon","coordinates":[[[77.74756870000849,12.761631921573766],[77.74695802438004,12.760143961417663],[77.737043810866,12.7649550352733],[77.73592506518082,12.757167915849449],[77.74112044557538,12.75197831834082],[77.73668930601048,12.74295054711714],[77.73962604330302,12.741218314950016],[77.74312517806572,12.741076718246804],[77.74295607290843,12.74380664657843],[77.74555903217399,12.747118396378166],[77.74726731433236,12.747284863418113],[77.74784074670744,12.742873451208927],[77.75219190387273,12.740551512809265],[77.75487609778945,12.74066577420719],[77.75566326721842,12.74098251491623],[77.75322083958905,12.745541670082439],[77.7546276426465,12.749967048328063],[77.75937944573354,12.749765852720445],[77.75998236171456,12.760427402391022],[77.75891835487124,12.761195257168481],[77.74756870000849,12.761631921573766]]]}},{"type":"Feature","properties":{"type":"village","name":"Muthasandra","taluk":"Anekal","district":"BANGALORE","village_code":"613276"},"geometry":{"type":"Polygon","coordinates":[[[77.74695802438004,12.760143961417663],[77.74798780091947,12.763376560088973],[77.74520498905254,12.76974624235797],[77.73707955213618,12.76813634676943],[77.737043810866,12.7649550352733],[77.74695802438004,12.760143961417663]]]}},{"type":"Feature","properties":{"type":"village","name":"Byagadadenahalli","taluk":"Anekal","district":"BANGALORE","village_code":"613315"},"geometry":{"type":"Polygon","coordinates":[[[77.71048485808126,12.737816590953344],[77.7049305773745,12.747295913728234],[77.69392600583653,12.746385885954743],[77.6923497724317,12.74037063927505],[77.6937569384085,12.73388914116755],[77.696234115568,12.73455742762484],[77.69735417818337,12.73909937323043],[77.70921264690789,12.733315426301246],[77.71048485808126,12.737816590953344]]]}},{"type":"Feature","properties":{"type":"village","name":"Kadajakkanahalli","taluk":"Anekal","district":"BANGALORE","village_code":"613154"},"geometry":{"type":"Polygon","coordinates":[[[77.63841194216303,12.74730217399334],[77.6353869022747,12.747297745808643],[77.63375700171815,12.74834181656524],[77.6305845914108,12.74713963485643],[77.62784041967753,12.747609680301544],[77.61927598775993,12.742775678948735],[77.61445251618117,12.743625122608606],[77.60938706092277,12.735654532071685],[77.60993505660231,12.73399586481735],[77.61723698543982,12.738136272265765],[77.62047830281766,12.738534122025378],[77.62556130756343,12.73459762939426],[77.63259633076036,12.733404438235548],[77.63551081319004,12.736269831069603],[77.64102200800085,12.73729559157181],[77.63841194216303,12.74730217399334]]]}},{"type":"Feature","properties":{"type":"village","name":"Thattanahalli","taluk":"Anekal","district":"BANGALORE","village_code":"613321"},"geometry":{"type":"Polygon","coordinates":[[[77.72425098465153,12.749043264674453],[77.71967531963215,12.752192150760097],[77.71501658290681,12.741376623236997],[77.71755339921805,12.7410774901753],[77.71714314132274,12.739726257750466],[77.7323219279661,12.736814633943052],[77.73719089292575,12.742317594185867],[77.73670338530592,12.743565209812907],[77.7406981511536,12.749967862285375],[77.73872306935584,12.750402572941667],[77.73545221896472,12.746345288270854],[77.72966126541824,12.749448023404634],[77.72425098465153,12.749043264674453]]]}},{"type":"Feature","properties":{"type":"village","name":"Dasanapura","taluk":"Anekal","district":"BANGALORE","village_code":"613282"},"geometry":{"type":"Polygon","coordinates":[[[77.77876224819359,12.74185098323606],[77.77928593276654,12.745001362386663],[77.77829792878616,12.75200589804297],[77.77281796300791,12.753784491602863],[77.76791758755601,12.745887209962795],[77.76803953026257,12.740626412797287],[77.77635473807933,12.740575525879443],[77.77876224819359,12.74185098323606]]]}},{"type":"Feature","properties":{"type":"village","name":"Nosenur","taluk":"Anekal","district":"BANGALORE","village_code":"613173"},"geometry":{"type":"Polygon","coordinates":[[[77.65405507785826,12.753502032365693],[77.64300628495386,12.753827874256343],[77.64347220066752,12.74892900880759],[77.63841194216303,12.74730217399334],[77.63847631094471,12.745422003095987],[77.64672714458992,12.744806903309225],[77.64727515194751,12.745991010008362],[77.64827887464875,12.745823709747652],[77.64869310489426,12.744070062226225],[77.6585046580393,12.74302510643464],[77.65885955725523,12.745926672192121],[77.65609282792684,12.749773180094293],[77.65574538113452,12.75238141030987],[77.65452546269046,12.752176258141807],[77.65405507785826,12.753502032365693]]]}},{"type":"Feature","properties":{"type":"village","name":"Nosenur Gollahalli","taluk":"Anekal","district":"BANGALORE","village_code":"613172"},"geometry":{"type":"Polygon","coordinates":[[[77.6585046580393,12.74302510643464],[77.64869310489426,12.744070062226225],[77.64827887464875,12.745823709747652],[77.64727515194751,12.745991010008362],[77.64672714458992,12.744806903309225],[77.63847631094471,12.745422003095987],[77.64102200800085,12.73729559157181],[77.65264770526892,12.73961337419285],[77.65300244009316,12.741633618910411],[77.65717383269197,12.74138914405954],[77.6585046580393,12.74302510643464]]]}},{"type":"Feature","properties":{"type":"village","name":"Kumbaranahalli","taluk":"Anekal","district":"BANGALORE","village_code":"613296"},"geometry":{"type":"Polygon","coordinates":[[[77.6696425683115,12.74443826661815],[77.66668991197379,12.754441363671338],[77.65405507785826,12.753502032365693],[77.65452546269046,12.752176258141807],[77.65574538113452,12.75238141030987],[77.65609282792684,12.749773180094293],[77.65885955725523,12.745926672192121],[77.65836183668891,12.742306500725212],[77.6696425683115,12.74443826661815]]]}},{"type":"Feature","properties":{"type":"village","name":"Giddenahalli","taluk":"Anekal","district":"BANGALORE","village_code":"613155"},"geometry":{"type":"Polygon","coordinates":[[[77.62585793576183,12.76050820423453],[77.62138353782439,12.76075391874441],[77.6219314382825,12.757871625345967],[77.61936907029133,12.759046827249463],[77.6175492065949,12.755426890680841],[77.61725040806678,12.751311625132923],[77.61445251618117,12.743625122608606],[77.61927598775993,12.742775678948735],[77.62564543658642,12.746017984046949],[77.62585793576183,12.76050820423453]]]}},{"type":"Feature","properties":{"type":"village","name":"Bommandahalli","taluk":"Anekal","district":"BANGALORE","village_code":"613171"},"geometry":{"type":"Polygon","coordinates":[[[77.64347220066752,12.74892900880759],[77.64203673775926,12.761209871828514],[77.6373775267235,12.758814570258735],[77.63504227978561,12.759943643020957],[77.63454554197622,12.758412651167339],[77.63189652608602,12.75672773566907],[77.62584922659514,12.75712117902739],[77.62568099190536,12.74692267898554],[77.62855869640903,12.747668438220792],[77.6305845914108,12.74713963485643],[77.63375700171815,12.74834181656524],[77.6353869022747,12.747297745808643],[77.64029971580001,12.747342774152385],[77.64347220066752,12.74892900880759]]]}},{"type":"Feature","properties":{"type":"village","name":"Byagadadenahalli","taluk":"Anekal","district":"BANGALORE","village_code":"613315"},"geometry":{"type":"Polygon","coordinates":[[[77.70543534432588,12.755634680916703],[77.70183006193426,12.76293148268535],[77.6926978058239,12.762591724816884],[77.69371754728328,12.755194126583326],[77.69971244265378,12.75490178158976],[77.69970915212487,12.746863481053078],[77.7049305773745,12.747295913728234],[77.70357811161193,12.751606709642177],[77.70554742083567,12.751785759752078],[77.70543534432588,12.755634680916703]]]}},{"type":"Feature","properties":{"type":"village","name":"Kunmadivala","taluk":"Anekal","district":"BANGALORE","village_code":"613314"},"geometry":{"type":"Polygon","coordinates":[[[77.6926978058239,12.762591724816884],[77.68802723469305,12.762883617608894],[77.68870548069887,12.75703315582795],[77.69217670300904,12.747674406711074],[77.69392600583653,12.746385885954743],[77.69970915212487,12.746863481053078],[77.69971244265378,12.75490178158976],[77.69371754728328,12.755194126583326],[77.6926978058239,12.762591724816884]]]}},{"type":"Feature","properties":{"type":"village","name":"Dyavasandra","taluk":"Anekal","district":"BANGALORE","village_code":"613174"},"geometry":{"type":"Polygon","coordinates":[[[77.65405507785826,12.753502032365693],[77.64874064284075,12.763047735916876],[77.64192631774287,12.762209959043151],[77.64300628495386,12.753827874256343],[77.65405507785826,12.753502032365693]]]}},{"type":"Feature","properties":{"type":"village","name":"Dodda Hagade","taluk":"Anekal","district":"BANGALORE","village_code":"613313"},"geometry":{"type":"Polygon","coordinates":[[[77.68802723469305,12.762883617608894],[77.68563986660409,12.763910512636992],[77.68412501957418,12.760392309048779],[77.68281776871483,12.759588589137103],[77.681659921162,12.754575644943115],[77.68468919121702,12.743866044119551],[77.6923497724317,12.74037063927505],[77.69392600583653,12.746385885954743],[77.69217670300904,12.747674406711074],[77.68870548069887,12.75703315582795],[77.68802723469305,12.762883617608894]]]}},{"type":"Feature","properties":{"type":"village","name":"Konasandra","taluk":"Anekal","district":"BANGALORE","village_code":"613170"},"geometry":{"type":"Polygon","coordinates":[[[77.64118576908052,12.76440813857895],[77.63899853575535,12.763775304130476],[77.63837107420751,12.762543681823496],[77.63436276985023,12.765126829611491],[77.63019744716776,12.762424108734423],[77.62576208013111,12.763715610752554],[77.62584922659514,12.75712117902739],[77.63053718731327,12.756488262392939],[77.63325587743519,12.75733498607462],[77.63504227978561,12.759943643020957],[77.637848080439,12.759028381131992],[77.64203673775926,12.761209871828514],[77.64118576908052,12.76440813857895]]]}},{"type":"Feature","properties":{"type":"village","name":"Ballur","taluk":"Anekal","district":"BANGALORE","village_code":"613292"},"geometry":{"type":"Polygon","coordinates":[[[77.77876224819359,12.74185098323606],[77.78353704006706,12.741265192269884],[77.79203909027639,12.747125557355378],[77.79358058762585,12.750054778717104],[77.79280792778536,12.751340561203824],[77.7943700953695,12.757674610820294],[77.78448249983562,12.762434953371114],[77.77951669469171,12.767838604166712],[77.77614201791835,12.766404592719061],[77.77185505077001,12.76645712941278],[77.77132585233784,12.75444827386268],[77.77811822081358,12.752358362131398],[77.77928593276654,12.745001362386663],[77.77876224819359,12.74185098323606]]]}},{"type":"Feature","properties":{"type":"village","name":"Arehalli","taluk":"Anekal","district":"BANGALORE","village_code":"613284"},"geometry":{"type":"Polygon","coordinates":[[[77.77185505077001,12.76645712941278],[77.76792209799707,12.76778879594573],[77.76065254444241,12.765019637219378],[77.7592407251924,12.761086932906993],[77.77132585233784,12.75444827386268],[77.77185505077001,12.76645712941278]]]}},{"type":"Feature","properties":{"type":"village","name":"Lingapura","taluk":"Anekal","district":"BANGALORE","village_code":"613294"},"geometry":{"type":"Polygon","coordinates":[[[77.67752834099825,12.769582828398883],[77.6668794726684,12.768301614618217],[77.66667269665969,12.755775648293548],[77.67624051081701,12.756903112001899],[77.6820959813672,12.756303280616022],[77.68281776871483,12.759588589137103],[77.68412501957418,12.760392309048779],[77.68563986660409,12.763910512636992],[77.6854139259371,12.766579123032395],[77.68478692612328,12.76835829838159],[77.67754538563244,12.767684040250272],[77.67752834099825,12.769582828398883]]]}},{"type":"Feature","properties":{"type":"village","name":"Nettigere","taluk":"Bangalore South","district":"BANGALORE","village_code":"613051"},"geometry":{"type":"Polygon","coordinates":[[[77.49320217714516,12.767487857781203],[77.49016546275139,12.76762185703163],[77.48951773071916,12.761027902122605],[77.476331487326,12.762319277222518],[77.47571799098758,12.759216333636191],[77.47417865767964,12.758706505189974],[77.47455254458572,12.757420187124636],[77.47353322263957,12.75697141068985],[77.47475950025752,12.754745670376138],[77.47636522175986,12.754594306917795],[77.47767368444653,12.752475577859228],[77.48244056934887,12.749695496603065],[77.4840868533796,12.752618900350061],[77.48627059135995,12.752352619799966],[77.48629231621679,12.754496247425044],[77.49743942972904,12.752347845621681],[77.50168356969621,12.753072453409995],[77.5137992629175,12.75026933822468],[77.50850812840187,12.753569263065291],[77.50833931609536,12.756131295419793],[77.50579850138281,12.761301349015064],[77.50426626207067,12.760477936620097],[77.49249294465193,12.763027364379793],[77.49320217714516,12.767487857781203]]]}},{"type":"Feature","properties":{"type":"village","name":"Mahanthalingapura","taluk":"Anekal","district":"BANGALORE","village_code":"613151"},"geometry":{"type":"Polygon","coordinates":[[[77.6219314382825,12.757871625345967],[77.62048237128758,12.769965218211683],[77.61847070470158,12.770529279582805],[77.61263942308703,12.768295955878314],[77.60167203012378,12.759821286987313],[77.59797568191856,12.759036629054151],[77.59910317000806,12.751309317326491],[77.59412152397243,12.72213472921263],[77.60560258259831,12.734402286990912],[77.60938706092277,12.735654532071685],[77.61412435891296,12.742723550024987],[77.61884225778455,12.75814184095284],[77.61936907029133,12.759046827249463],[77.6219314382825,12.757871625345967]]]}},{"type":"Feature","properties":{"type":"village","name":"Sunkadakatte","taluk":"Bangalore South","district":"BANGALORE","village_code":"613053"},"geometry":{"type":"Polygon","coordinates":[[[77.51521958112839,12.766394521856084],[77.5105603332617,12.769448200273626],[77.5084789843591,12.764816665431152],[77.50558250237107,12.76230023470433],[77.50833931609536,12.756131295419793],[77.50850812840187,12.753569263065291],[77.51293693234703,12.751307147077231],[77.52086019262892,12.744405838164333],[77.52009544065787,12.753282664638625],[77.52062051402626,12.757513885817348],[77.5212423036114,12.759535619083737],[77.5238525697735,12.759489658075882],[77.5238038451525,12.761558129088495],[77.52140874616221,12.762426872899029],[77.52149439693129,12.765245371991107],[77.51941066479824,12.765902673386654],[77.51919448792007,12.767442198722208],[77.51718267311205,12.76787620913925],[77.51521958112839,12.766394521856084]]]}},{"type":"Feature","properties":{"type":"village","name":"Vaderamanchanahalli","taluk":"Anekal","district":"BANGALORE","village_code":"613157"},"geometry":{"type":"Polygon","coordinates":[[[77.64118576908052,12.76440813857895],[77.6379966635836,12.768693364871202],[77.63065945341334,12.771943689676649],[77.62872489731298,12.77182395369959],[77.6269123189535,12.763801153091686],[77.63019744716776,12.762424108734423],[77.63436276985023,12.765126829611491],[77.63837107420751,12.762543681823496],[77.63899853575535,12.763775304130476],[77.64118576908052,12.76440813857895]]]}},{"type":"Feature","properties":{"type":"village","name":"Kalbalu","taluk":"Anekal","district":"BANGALORE","village_code":"613150"},"geometry":{"type":"Polygon","coordinates":[[[77.63065945341334,12.771943689676649],[77.62798421120841,12.774637916827274],[77.60652057368209,12.769882139787743],[77.59762413791024,12.764992034404468],[77.59797568191856,12.759036629054151],[77.60167203012378,12.759821286987313],[77.61263942308703,12.768295955878314],[77.61847070470158,12.770529279582805],[77.62048237128758,12.769965218211683],[77.62138353782439,12.76075391874441],[77.62585793576183,12.76050820423453],[77.62576208013111,12.763715610752554],[77.6269123189535,12.763801153091686],[77.62872489731298,12.77182395369959],[77.63065945341334,12.771943689676649]]]}},{"type":"Feature","properties":{"type":"village","name":"Vaddarapalya","taluk":"Bangalore South","district":"BANGALORE","village_code":"613055"},"geometry":{"type":"Polygon","coordinates":[[[77.54537004872469,12.76620052778251],[77.53971815168927,12.766697740076436],[77.53551367593516,12.771244616184866],[77.53218517975394,12.770373714183268],[77.52480808079177,12.772980028904598],[77.52324236396393,12.765786703574875],[77.52149439693129,12.765245371991107],[77.52140874616221,12.762426872899029],[77.5238038451525,12.761558129088495],[77.5238525697735,12.759489658075882],[77.5212423036114,12.759535619083737],[77.52062051402626,12.757513885817348],[77.52009544065787,12.753282664638625],[77.52086019262892,12.744405838164333],[77.5185152349028,12.736780254944968],[77.52125186258435,12.732465133198549],[77.52412688202361,12.738753093338811],[77.53262716614509,12.748609113309364],[77.53220003429547,12.751905102181308],[77.53429031874022,12.75601805820284],[77.54069344001681,12.750216390753568],[77.54537004872469,12.76620052778251]]]}},{"type":"Feature","properties":{"type":"village","name":"Seethanaikana Halli","taluk":"Anekal","district":"BANGALORE","village_code":"613175"},"geometry":{"type":"Polygon","coordinates":[[[77.6668794726684,12.768301614618217],[77.66593961569231,12.776375857372175],[77.65929937241835,12.77712937937799],[77.65577801423383,12.770732058425239],[77.65570788994611,12.76719108776796],[77.6668794726684,12.768301614618217]]]}},{"type":"Feature","properties":{"type":"village","name":"Halehalli","taluk":"Anekal","district":"BANGALORE","village_code":"613280"},"geometry":{"type":"Polygon","coordinates":[[[77.75566326721842,12.74098251491623],[77.75290104204285,12.740362026246398],[77.74784074670744,12.742873451208927],[77.74738238582532,12.747212498419357],[77.74555903217399,12.747118396378166],[77.74295607290843,12.74380664657843],[77.74333577999924,12.728457821564756],[77.74915840365102,12.729956034911652],[77.76106915163014,12.729563868974916],[77.76279274108096,12.736122615076992],[77.75566326721842,12.74098251491623]]]}},{"type":"Feature","properties":{"type":"village","name":"Kodlipura","taluk":"Anekal","district":"BANGALORE","village_code":"613281"},"geometry":{"type":"Polygon","coordinates":[[[77.75937944573354,12.749765852720445],[77.7546276426465,12.749967048328063],[77.75326708126661,12.745130407345407],[77.75566326721842,12.74098251491623],[77.76279274108096,12.736122615076992],[77.76492806256245,12.738392395896438],[77.76833442740742,12.74008418100011],[77.76791758755601,12.745887209962795],[77.76284763443302,12.74729064091144],[77.75937944573354,12.749765852720445]]]}},{"type":"Feature","properties":{"type":"village","name":" ","taluk":"Anekal","district":"BANGALORE","village_code":" "},"geometry":{"type":"Polygon","coordinates":[[[77.73592506518082,12.757167915849449],[77.73714881763448,12.76596425514074],[77.7269533550797,12.76576296624253],[77.72613201643227,12.760101131808776],[77.72753364429536,12.756850442778918],[77.72591222563173,12.755140428407957],[77.72592906185677,12.753626525761778],[77.7242822038026,12.753652784922902],[77.7230792320764,12.75234459420381],[77.72264910614194,12.750196343240507],[77.72425098465153,12.749043264674453],[77.72966126541824,12.749448023404634],[77.73545221896472,12.746345288270854],[77.73769592757515,12.749571386787196],[77.7399707556236,12.750180590683222],[77.74112044557538,12.75197831834082],[77.73592506518082,12.757167915849449]]]}},{"type":"Feature","properties":{"type":"village","name":"Manchanahalli","taluk":"Anekal","district":"BANGALORE","village_code":"613285"},"geometry":{"type":"Polygon","coordinates":[[[77.75662724395993,12.77661966502052],[77.75218320458752,12.77734974967093],[77.74672861172446,12.78056269208697],[77.74520498905254,12.76974624235797],[77.74798780091947,12.763376560088973],[77.74756870000849,12.761631921573766],[77.7592407251924,12.761086932906993],[77.7610615276283,12.766854784853429],[77.76078361582886,12.77045679682615],[77.7578356918161,12.772367263420856],[77.75662724395993,12.77661966502052]]]}},{"type":"Feature","properties":{"type":"village","name":"Krishnasagara","taluk":"Anekal","district":"BANGALORE","village_code":"613274"},"geometry":{"type":"Polygon","coordinates":[[[77.75739755201097,12.7837022570264],[77.74886429702366,12.786662154934158],[77.74015657573341,12.787633553795647],[77.7392479657561,12.78632789107304],[77.74672861172446,12.78056269208697],[77.75416351098696,12.776903248721348],[77.75662724395993,12.77661966502052],[77.75734038142967,12.777935202162489],[77.75739755201097,12.7837022570264]]]}},{"type":"Feature","properties":{"type":"village","name":"Ramakrishnapura","taluk":"Anekal","district":"BANGALORE","village_code":"613183"},"geometry":{"type":"Polygon","coordinates":[[[77.6981918733555,12.776511998289834],[77.69772464071158,12.78197708018331],[77.69671370004706,12.78178917263498],[77.69110302041177,12.787606644642322],[77.68652547162525,12.787063498227194],[77.68858887488341,12.778980386095554],[77.6981918733555,12.776511998289834]]]}},{"type":"Feature","properties":{"type":"village","name":"Alakabelalu","taluk":"Bangalore South","district":"BANGALORE","village_code":"613049"},"geometry":{"type":"Polygon","coordinates":[[[77.53572658743728,12.77862543691575],[77.5276648949735,12.785967952658071],[77.52522183942176,12.786437115596344],[77.52160604314805,12.78493131716901],[77.52001326457227,12.78311519808503],[77.52873298196484,12.779903930751662],[77.53279329338723,12.777366839171323],[77.53455298702761,12.77889533510912],[77.53572658743728,12.77862543691575]]]}},{"type":"Feature","properties":{"type":"village","name":"Balagaranahalli","taluk":"Anekal","district":"BANGALORE","village_code":"613267"},"geometry":{"type":"Polygon","coordinates":[[[77.74015657573341,12.787633553795647],[77.73902942810537,12.787772314118845],[77.73658109944293,12.791883524075576],[77.73327740125512,12.791193419298697],[77.73194555362498,12.788566489397391],[77.73006676224254,12.788321373977858],[77.72753593140608,12.782230017909177],[77.73525221625322,12.778016941935656],[77.73577101129611,12.77881687035148],[77.73753126099366,12.778662195756038],[77.74123556557734,12.784867354569027],[77.7392479657561,12.78632789107304],[77.74015657573341,12.787633553795647]]]}},{"type":"Feature","properties":{"type":"village","name":"Somanahalli","taluk":"Bangalore South","district":"BANGALORE","village_code":"613050"},"geometry":{"type":"Polygon","coordinates":[[[77.51307763008009,12.790211229238059],[77.50492057516068,12.791716805197133],[77.50152132317615,12.78828338221411],[77.4951088270812,12.791570344191275],[77.49518987218784,12.77029412800683],[77.49320217714516,12.767487857781203],[77.49249294465193,12.763027364379793],[77.50426626207067,12.760477936620097],[77.5084789843591,12.764816665431152],[77.5105603332617,12.769448200273626],[77.51195874335941,12.768475546121309],[77.51337118873516,12.76958092814425],[77.51274801304952,12.770755931961618],[77.51480600575472,12.774317918921142],[77.51321568766454,12.775960412438108],[77.51331044465563,12.778299254647203],[77.51078138889017,12.78366915116484],[77.51208607775432,12.784915524725456],[77.51095864536033,12.788887457413157],[77.51256324217198,12.789005696051214],[77.51307763008009,12.790211229238059]]]}},{"type":"Feature","properties":{"type":"village","name":"Madivala","taluk":"Anekal","district":"BANGALORE","village_code":"613318"},"geometry":{"type":"Polygon","coordinates":[[[77.72155670355247,12.781827582377886],[77.71080352015692,12.783524649591179],[77.70680957626776,12.775160960325602],[77.70689595916377,12.772766073007562],[77.71247571968527,12.772492891701889],[77.71227960578064,12.767598367808962],[77.71654948876892,12.767579879386018],[77.71567675301252,12.763799706622285],[77.71677474402136,12.763901980135762],[77.71689617917976,12.762328174243994],[77.71537986160773,12.76203787097473],[77.71579706797176,12.759027049408838],[77.7173126201792,12.757230397773268],[77.72102481736094,12.757656783156516],[77.72210594339865,12.759315701994481],[77.72351717515045,12.758271723809392],[77.72381383658652,12.759297988343578],[77.72613201643227,12.760101131808776],[77.7269533550797,12.76576296624253],[77.73714881763448,12.76596425514074],[77.73735862006741,12.767486614589117],[77.73532803585984,12.772301041713899],[77.73525221625322,12.778016941935656],[77.72753593140608,12.782230017909177],[77.72155670355247,12.781827582377886]]]}},{"type":"Feature","properties":{"type":"village","name":"Itchangur","taluk":"Anekal","district":"BANGALORE","village_code":"613275"},"geometry":{"type":"Polygon","coordinates":[[[77.74672861172446,12.78056269208697],[77.74123556557734,12.784867354569027],[77.73753126099366,12.778662195756038],[77.73557921199979,12.778628779982654],[77.73532803585984,12.772301041713899],[77.73707955213618,12.76813634676943],[77.74520498905254,12.76974624235797],[77.74672861172446,12.78056269208697]]]}},{"type":"Feature","properties":{"type":"village","name":"Attibele (CT)","taluk":"Anekal","district":"BANGALORE","village_code":"613359"},"geometry":{"type":"Polygon","coordinates":[[[77.76269240285694,12.785666153095612],[77.75887931768224,12.785953702110342],[77.75757699498058,12.78402775162886],[77.75765300592835,12.779024573910167],[77.75662724395993,12.77661966502052],[77.7578356918161,12.772367263420856],[77.76078361582886,12.77045679682615],[77.76065254444241,12.765019637219378],[77.76792209799707,12.76778879594573],[77.77185505077001,12.76645712941278],[77.77792836187827,12.767096782890164],[77.78671959684554,12.77763523011815],[77.78435226657732,12.778818533999116],[77.7843789905587,12.781326932419217],[77.78275738594377,12.783143232565344],[77.78399104591672,12.78444532785416],[77.7808688765866,12.784398992923835],[77.7796768256793,12.782708211124204],[77.7753984293571,12.783682807004759],[77.77511397961902,12.781016120563484],[77.76587088487729,12.783312813027418],[77.76269240285694,12.785666153095612]]]}},{"type":"Feature","properties":{"type":"village","name":"Nelaguli","taluk":"Bangalore South","district":"BANGALORE","village_code":"613045"},"geometry":{"type":"Polygon","coordinates":[[[77.49504461101311,12.77658218224688],[77.48692352823096,12.780112418366782],[77.47770932959703,12.781565535023455],[77.47399369366433,12.764504595321002],[77.476331487326,12.762319277222518],[77.48951773071916,12.761027902122605],[77.49016546275139,12.76762185703163],[77.49354537760117,12.76749791721128],[77.49518987218784,12.77029412800683],[77.49504461101311,12.77658218224688]]]}},{"type":"Feature","properties":{"type":"village","name":"Thattaguppe","taluk":"Bangalore South","district":"BANGALORE","village_code":"613054"},"geometry":{"type":"Polygon","coordinates":[[[77.54403396014808,12.776197896984034],[77.53455298702761,12.77889533510912],[77.53279329338723,12.777366839171323],[77.52873298196484,12.779903930751662],[77.52001326457227,12.78311519808503],[77.51771851189079,12.774892842715353],[77.51694051426088,12.774116832040455],[77.51480600575472,12.774317918921142],[77.51274801304952,12.770755931961618],[77.51337118873516,12.76958092814425],[77.51195874335941,12.768475546121309],[77.51521958112839,12.766394521856084],[77.51718267311205,12.76787620913925],[77.51919448792007,12.767442198722208],[77.51941066479824,12.765902673386654],[77.52097953920429,12.76519815217121],[77.52324236396393,12.765786703574875],[77.52480808079177,12.772980028904598],[77.53218517975394,12.770373714183268],[77.53551367593516,12.771244616184866],[77.53971815168927,12.766697740076436],[77.54537004872469,12.76620052778251],[77.54630368486745,12.770110473097505],[77.5486383236459,12.771326231088985],[77.55088543597292,12.770960102732971],[77.55230375543229,12.77223008385831],[77.5517558370079,12.773549828026644],[77.54743654039078,12.774069655929457],[77.54403396014808,12.776197896984034]]]}},{"type":"Feature","properties":{"type":"village","name":"Indlabele","taluk":"Anekal","district":"BANGALORE","village_code":"613291"},"geometry":{"type":"Polygon","coordinates":[[[77.78077727807202,12.79533642604339],[77.77044091835819,12.800886982318916],[77.76810961861769,12.792461459049767],[77.76601452010135,12.791909178312757],[77.76269240285694,12.785666153095612],[77.76587088487729,12.783312813027418],[77.77511397961902,12.781016120563484],[77.7753984293571,12.783682807004759],[77.7796768256793,12.782708211124204],[77.7808688765866,12.784398992923835],[77.78399104591672,12.78444532785416],[77.78823875039893,12.79227027511214],[77.7844705980564,12.79545980207092],[77.78077727807202,12.79533642604339]]]}},{"type":"Feature","properties":{"type":"village","name":"Tharalu","taluk":"Bangalore South","district":"BANGALORE","village_code":"613047"},"geometry":{"type":"Polygon","coordinates":[[[77.54668165910807,12.790385490810046],[77.54000880159943,12.797047353636533],[77.53150685469636,12.791258143310863],[77.52812888559752,12.793818978052219],[77.52678805571288,12.792807724975212],[77.5261169180759,12.794147278615474],[77.51737386424888,12.796776345682547],[77.51696758139872,12.794731194180189],[77.51265726164627,12.792989923210593],[77.51293432633437,12.789323183922763],[77.51095864536033,12.788887457413157],[77.51208607775432,12.784915524725456],[77.51078138889017,12.78366915116484],[77.51331044465563,12.778299254647203],[77.51321568766454,12.775960412438108],[77.51480600575472,12.774317918921142],[77.51731166669525,12.774234516025741],[77.5207202099548,12.784202283787389],[77.52558104785608,12.786531278345826],[77.52792841486377,12.785780010409699],[77.53572658743728,12.77862543691575],[77.54403396014808,12.776197896984034],[77.5487952880721,12.786028558869715],[77.54668165910807,12.790385490810046]]]}},{"type":"Feature","properties":{"type":"village","name":"Jigani (CT)","taluk":"Anekal","district":"BANGALORE","village_code":"613360"},"geometry":{"type":"Polygon","coordinates":[[[77.63668420608889,12.797394321952455],[77.62735689878089,12.799176682579162],[77.62540474468413,12.78616744622484],[77.62629364113252,12.780779017251973],[77.62793196968305,12.78108693928674],[77.62798421120841,12.774637916827274],[77.63065945341334,12.771943689676649],[77.6379966635836,12.768693364871202],[77.64163883798732,12.763458724230537],[77.64706763393036,12.763774868700224],[77.6520708790587,12.778006805830255],[77.65929937241835,12.77712937937799],[77.65675351995368,12.784828497629853],[77.65814817329692,12.787283078428128],[77.65295440537827,12.789302130325538],[77.65290223931143,12.79046535273626],[77.6461397640734,12.793544989058729],[77.63670157411661,12.795940301273838],[77.63668420608889,12.797394321952455]]]}},{"type":"Feature","properties":{"type":"village","name":"Harapanahalli","taluk":"Anekal","district":"BANGALORE","village_code":"613148"},"geometry":{"type":"Polygon","coordinates":[[[77.62735689878089,12.799176682579162],[77.6219786752934,12.798030909923236],[77.61486548788697,12.793188487031319],[77.61385971343363,12.790261989657903],[77.61521311883392,12.785020323211628],[77.62232616700149,12.784409449405414],[77.62540474468413,12.78616744622484],[77.62735689878089,12.799176682579162]]]}},{"type":"Feature","properties":{"type":"village","name":"Yadavanahalli","taluk":"Anekal","district":"BANGALORE","village_code":"613273"},"geometry":{"type":"Polygon","coordinates":[[[77.74746541620871,12.80141197043326],[77.74229182175641,12.796891505855813],[77.7376210655726,12.797384633385434],[77.73680737068993,12.79138790314903],[77.73902942810537,12.787772314118845],[77.74886429702366,12.786662154934158],[77.75739755201097,12.7837022570264],[77.75887931768224,12.785953702110342],[77.75573138826306,12.791651482980555],[77.75359008939164,12.801019623584908],[77.74746541620871,12.80141197043326]]]}},{"type":"Feature","properties":{"type":"village","name":"Kachanaikanahalli","taluk":"Anekal","district":"BANGALORE","village_code":"613182"},"geometry":{"type":"Polygon","coordinates":[[[77.68963908180736,12.805581247049814],[77.67740364226039,12.81016822661393],[77.67497941360034,12.803351878362577],[77.68064360767373,12.799895387680403],[77.68247317407352,12.797106722901187],[77.68365948923774,12.792195951071161],[77.6855504474024,12.791442879622672],[77.68947276861397,12.793956608422489],[77.68963908180736,12.805581247049814]]]}},{"type":"Feature","properties":{"type":"village","name":"Ramasandra","taluk":"Anekal","district":"BANGALORE","village_code":"613146"},"geometry":{"type":"Polygon","coordinates":[[[77.61986783020846,12.805179468074485],[77.6173646477198,12.812360310697201],[77.60972403066397,12.810244370850134],[77.61237364573046,12.802818222067794],[77.61986783020846,12.805179468074485]]]}},{"type":"Feature","properties":{"type":"village","name":"Haragadde","taluk":"Anekal","district":"BANGALORE","village_code":"613168"},"geometry":{"type":"Polygon","coordinates":[[[77.65929937241835,12.77712937937799],[77.6520708790587,12.778006805830255],[77.64706763393036,12.763774868700224],[77.64163883798732,12.763458724230537],[77.64192631774287,12.762209959043151],[77.64874064284075,12.763047735916876],[77.65405507785826,12.753502032365693],[77.66668991197379,12.754441363671338],[77.6668794726684,12.768301614618217],[77.65570788994611,12.76719108776796],[77.65577801423383,12.770732058425239],[77.65929937241835,12.77712937937799]]]}},{"type":"Feature","properties":{"type":"village","name":"Marasur","taluk":"Anekal","district":"BANGALORE","village_code":"613316"},"geometry":{"type":"Polygon","coordinates":[[[77.6981918733555,12.776511998289834],[77.68858887488341,12.778980386095554],[77.68478692612328,12.76835829838159],[77.68563986660409,12.763910512636992],[77.6911118885803,12.762626316712698],[77.70183006193426,12.76293148268535],[77.70543534432588,12.755634680916703],[77.71198788418032,12.755264919245946],[77.71440919601062,12.752150823291718],[77.71908843318903,12.752345987293122],[77.72264910614194,12.750196343240507],[77.72397711437254,12.753353536689657],[77.72592906185677,12.753626525761778],[77.72591222563173,12.755140428407957],[77.72753364429536,12.756850442778918],[77.72613201643227,12.760101131808776],[77.72381383658652,12.759297988343578],[77.72351717515045,12.758271723809392],[77.72210594339865,12.759315701994481],[77.72102481736094,12.757656783156516],[77.7173126201792,12.757230397773268],[77.71579706797176,12.759027049408838],[77.71537986160773,12.76203787097473],[77.71689617917976,12.762328174243994],[77.71677474402136,12.763901980135762],[77.71567675301252,12.763799706622285],[77.71654948876892,12.767579879386018],[77.71227960578064,12.767598367808962],[77.71247571968527,12.772492891701889],[77.70689595916377,12.772766073007562],[77.70680957626776,12.775160960325602],[77.70146752703842,12.774580876155463],[77.6981918733555,12.776511998289834]]]}},{"type":"Feature","properties":{"type":"village","name":"Bukkasagara","taluk":"Anekal","district":"BANGALORE","village_code":"613149"},"geometry":{"type":"Polygon","coordinates":[[[77.62540474468413,12.78616744622484],[77.62232616700149,12.784409449405414],[77.61605138084299,12.784409219881438],[77.61475804039583,12.785842994240989],[77.61385971343363,12.790261989657903],[77.60708204409086,12.787393840856232],[77.60125078493424,12.781987016389069],[77.6000776049361,12.778696110006331],[77.59314013518579,12.775733228568239],[77.59538145517587,12.772017510670425],[77.5954637480424,12.769210806632369],[77.59762413791024,12.764992034404468],[77.60721505224508,12.770140757957122],[77.62798421120841,12.774637916827274],[77.62793196968305,12.78108693928674],[77.62629364113252,12.780779017251973],[77.62540474468413,12.78616744622484]]]}},{"type":"Feature","properties":{"type":"village","name":"Hinnakki","taluk":"Anekal","district":"BANGALORE","village_code":"613178"},"geometry":{"type":"Polygon","coordinates":[[[77.6855504474024,12.791442879622672],[77.68365948923774,12.792195951071161],[77.67884812515243,12.788638831173008],[77.68139212618927,12.785353958053363],[77.67985812078929,12.784293679064705],[77.67755810218361,12.787475856147113],[77.6719454857806,12.785680688372969],[77.67290362796432,12.78311460937932],[77.67668538259686,12.781215167749084],[77.67743442393189,12.77919650498852],[77.67754538563244,12.767684040250272],[77.68478692612328,12.76835829838159],[77.68858887488341,12.778980386095554],[77.6855504474024,12.791442879622672]]]}},{"type":"Feature","properties":{"type":"village","name":"Chikkanahalli","taluk":"Anekal","district":"BANGALORE","village_code":"613301"},"geometry":{"type":"Polygon","coordinates":[[[77.79517893755298,12.791490672711316],[77.79122675723967,12.794440698628916],[77.7881924997382,12.792844249606398],[77.78275738594377,12.783143232565344],[77.7843789905587,12.781326932419217],[77.78435226657732,12.778818533999116],[77.7862730613858,12.777250907033762],[77.7895184786746,12.780216893827767],[77.78939373771591,12.781419069880558],[77.79122136914462,12.783001548945446],[77.79290053420966,12.788036954222102],[77.79517893755298,12.791490672711316]]]}},{"type":"Feature","properties":{"type":"village","name":"Thirumagondanahalli","taluk":"Anekal","district":"BANGALORE","village_code":"613266"},"geometry":{"type":"Polygon","coordinates":[[[77.72155670355247,12.781827582377886],[77.72516932068838,12.79412558943606],[77.72083390021025,12.795170587206757],[77.70945502764289,12.790453048969376],[77.71080352015692,12.783524649591179],[77.72155670355247,12.781827582377886]]]}},{"type":"Feature","properties":{"type":"village","name":"Iggalur","taluk":"Anekal","district":"BANGALORE","village_code":"613265"},"geometry":{"type":"Polygon","coordinates":[[[77.70945502764289,12.790453048969376],[77.70664906619112,12.791138137038894],[77.70624098042214,12.79593652481337],[77.70442811190684,12.7954751856353],[77.703712372916,12.791848892384293],[77.69846619009718,12.792483257874451],[77.69187841741898,12.795187684260991],[77.6855504474024,12.791442879622672],[77.68652547162525,12.787063498227194],[77.69110302041177,12.787606644642322],[77.69671370004706,12.78178917263498],[77.69772464071158,12.78197708018331],[77.6981918733555,12.776511998289834],[77.70146752703842,12.774580876155463],[77.70701877862608,12.775349064665079],[77.71080352015692,12.783524649591179],[77.70945502764289,12.790453048969376]]]}},{"type":"Feature","properties":{"type":"village","name":"Rajapura","taluk":"Anekal","district":"BANGALORE","village_code":"613176"},"geometry":{"type":"Polygon","coordinates":[[[77.6719454857806,12.785680688372969],[77.669250319841,12.784784112844648],[77.67141401011916,12.7985713171425],[77.66398059577183,12.797948922590884],[77.65675351995368,12.784828497629853],[77.65929937241835,12.77712937937799],[77.66593961569231,12.776375857372175],[77.6668794726684,12.768301614618217],[77.67752834099825,12.769582828398883],[77.67743442393189,12.77919650498852],[77.67668538259686,12.781215167749084],[77.67290362796432,12.78311460937932],[77.6719454857806,12.785680688372969]]]}},{"type":"Feature","properties":{"type":"village","name":"Hennagara","taluk":"Anekal","district":"BANGALORE","village_code":"613180"},"geometry":{"type":"Polygon","coordinates":[[[77.68247413437258,12.791614584991905],[77.68082520031176,12.793275279976688],[77.6776700502343,12.791590929804165],[77.6720066817127,12.798810705857099],[77.67141401011916,12.7985713171425],[77.669250319841,12.784784112844648],[77.67755810218361,12.787475856147113],[77.67985812078929,12.784293679064705],[77.68139212618927,12.785353958053363],[77.67884812515243,12.788638831173008],[77.68247413437258,12.791614584991905]]]}},{"type":"Feature","properties":{"type":"village","name":"Begihalli","taluk":"Anekal","district":"BANGALORE","village_code":"613140"},"geometry":{"type":"Polygon","coordinates":[[[77.61486548788697,12.793188487031319],[77.61309277316656,12.800686656811916],[77.60515196968548,12.797994408818917],[77.60259928643143,12.799719157313797],[77.60144975368482,12.798520257927507],[77.60061167403377,12.796522198756215],[77.60195308602674,12.794712411651927],[77.6014507103906,12.788683184619446],[77.59965463767615,12.787002345617044],[77.5961471593611,12.777094335661827],[77.6000776049361,12.778696110006331],[77.60125078493424,12.781987016389069],[77.60708204409086,12.787393840856232],[77.61385971343363,12.790261989657903],[77.61486548788697,12.793188487031319]]]}},{"type":"Feature","properties":{"type":"village","name":"Bande Nalla Sandra","taluk":"Anekal","district":"BANGALORE","village_code":"613167"},"geometry":{"type":"Polygon","coordinates":[[[77.66398059577183,12.797948922590884],[77.65485510487389,12.797016817087092],[77.64563492435845,12.80170464704385],[77.64432759804062,12.80112311979715],[77.64319437241139,12.797411154303806],[77.64479787687164,12.796470223702396],[77.64430965778608,12.794006968627336],[77.65814817329692,12.787283078428128],[77.66398059577183,12.797948922590884]]]}},{"type":"Feature","properties":{"type":"village","name":"Naganayakanahalli","taluk":"Bangalore South","district":"BANGALORE","village_code":"613044"},"geometry":{"type":"Polygon","coordinates":[[[77.480513955254,12.79834858879404],[77.4762735747363,12.796821578957315],[77.47402707595859,12.797189879093072],[77.47103246919542,12.799640806776441],[77.47111503604815,12.797925873312208],[77.46961675934197,12.796538137642084],[77.46932483921398,12.794660009608364],[77.47520394443927,12.784468020937505],[77.4801771211584,12.788590095810829],[77.48167766431406,12.795408301594307],[77.480513955254,12.79834858879404]]]}},{"type":"Feature","properties":{"type":"village","name":"Amani Bidarakere","taluk":"Anekal","district":"BANGALORE","village_code":"613147"},"geometry":{"type":"Polygon","coordinates":[[[77.6134028239919,12.79979772770089],[77.61539835503878,12.799969995902275],[77.61541395158875,12.800977895015798],[77.6169570317697,12.801898892406498],[77.62122115206543,12.802047398095203],[77.61986783020846,12.805179468074485],[77.61237364573046,12.802818222067794],[77.6134028239919,12.79979772770089]]]}},{"type":"Feature","properties":{"type":"village","name":"Chandapura","taluk":"Anekal","district":"BANGALORE","village_code":"613261"},"geometry":{"type":"Polygon","coordinates":[[[77.71426911362354,12.805896414634777],[77.71418619103797,12.807308519863707],[77.70538596303639,12.80702471805063],[77.70013027694017,12.804856913374628],[77.69950378108125,12.801746414036097],[77.70467375172969,12.800709586703764],[77.70660659474278,12.794619245350406],[77.70664906619112,12.791138137038894],[77.70945502764289,12.790453048969376],[77.72083390021025,12.795170587206757],[77.71923011008576,12.800205512285647],[77.71426911362354,12.805896414634777]]]}},{"type":"Feature","properties":{"type":"village","name":"Kyalasanahalli","taluk":"Anekal","district":"BANGALORE","village_code":"613166"},"geometry":{"type":"Polygon","coordinates":[[[77.67061300663481,12.803070355777159],[77.64622794988819,12.806631172852528],[77.64563492435845,12.80170464704385],[77.65485510487389,12.797016817087092],[77.67141401011916,12.7985713171425],[77.67372373322488,12.799725596734918],[77.67443047558812,12.80176661075702],[77.67061300663481,12.803070355777159]]]}},{"type":"Feature","properties":{"type":"village","name":"Neralur","taluk":"Anekal","district":"BANGALORE","village_code":"613268"},"geometry":{"type":"Polygon","coordinates":[[[77.73460161320531,12.807147622345262],[77.73040014590912,12.808346472822942],[77.72872016517377,12.805195521165714],[77.71758439738355,12.80481067679806],[77.71426911362354,12.805896414634777],[77.71923011008576,12.800205512285647],[77.7206671189946,12.7952729697849],[77.72516932068838,12.79412558943606],[77.72155670355247,12.781827582377886],[77.72753593140608,12.782230017909177],[77.73006676224254,12.788321373977858],[77.73194555362498,12.788566489397391],[77.73327740125512,12.791193419298697],[77.73658109944293,12.791883524075576],[77.7376210655726,12.797384633385434],[77.73393241592936,12.802707007396618],[77.73460161320531,12.807147622345262]]]}},{"type":"Feature","properties":{"type":"village","name":"Guddahatti","taluk":"Anekal","district":"BANGALORE","village_code":"613272"},"geometry":{"type":"Polygon","coordinates":[[[77.74746541620871,12.80141197043326],[77.74752937625695,12.804338419915348],[77.74519384994299,12.804400857760394],[77.74534118802264,12.807306808225814],[77.74250583818633,12.80886337868016],[77.73460161320531,12.807147622345262],[77.73393241592936,12.802707007396618],[77.7376210655726,12.797384633385434],[77.74229182175641,12.796891505855813],[77.74746541620871,12.80141197043326]]]}},{"type":"Feature","properties":{"type":"village","name":"Kittaganahalli","taluk":"Anekal","district":"BANGALORE","village_code":"613263"},"geometry":{"type":"Polygon","coordinates":[[[77.70013027694017,12.804856913374628],[77.69713434965355,12.805784681870454],[77.69554863992077,12.807564124036254],[77.69380551301086,12.807410604941161],[77.69211527800654,12.809549281309467],[77.68963908180736,12.805581247049814],[77.68947276861397,12.793956608422489],[77.6934649652799,12.796761062937831],[77.69641207092748,12.801875053350333],[77.69950378108125,12.801746414036097],[77.70013027694017,12.804856913374628]]]}},{"type":"Feature","properties":{"type":"village","name":"Banahalli","taluk":"Anekal","district":"BANGALORE","village_code":"613243"},"geometry":{"type":"Polygon","coordinates":[[[77.70467375172969,12.800709586703764],[77.69641207092748,12.801875053350333],[77.69187841741898,12.795187684260991],[77.69846619009718,12.792483257874451],[77.703712372916,12.791848892384293],[77.70442811190684,12.7954751856353],[77.70624098042214,12.79593652481337],[77.70467375172969,12.800709586703764]]]}},{"type":"Feature","properties":{"type":"village","name":"Hosahalli","taluk":"Anekal","district":"BANGALORE","village_code":"613181"},"geometry":{"type":"Polygon","coordinates":[[[77.68365948923774,12.792195951071161],[77.68154974638564,12.798800414659377],[77.67904035114849,12.801503673080578],[77.67497941360034,12.803351878362577],[77.67372373322488,12.799725596734918],[77.6720066817127,12.798810705857099],[77.67277341357062,12.797732894212599],[77.6776700502343,12.791590929804165],[77.68082520031176,12.793275279976688],[77.68247413437258,12.791614584991905],[77.68365948923774,12.792195951071161]]]}},{"type":"Feature","properties":{"type":"village","name":" ","taluk":"Bangalore South","district":"BANGALORE","village_code":" "},"geometry":{"type":"Polygon","coordinates":[[[77.4951088270812,12.791570344191275],[77.49385688818887,12.794522849163442],[77.49075859158741,12.79719861457818],[77.49218538665149,12.801658683196742],[77.49052095305878,12.800720392029142],[77.48467938124269,12.80081977822513],[77.480513955254,12.79834858879404],[77.48167766431406,12.795408301594307],[77.4801771211584,12.788590095810829],[77.47520394443927,12.784468020937505],[77.47770932959703,12.781565535023455],[77.48692352823096,12.780112418366782],[77.49504461101311,12.77658218224688],[77.4951088270812,12.791570344191275]]]}},{"type":"Feature","properties":{"type":"village","name":"Bannerughatta","taluk":"Anekal","district":"BANGALORE","village_code":"613132"},"geometry":{"type":"Polygon","coordinates":[[[77.56277165635147,12.78716694760213],[77.5688299063057,12.792867648879877],[77.5745294338141,12.796112649198244],[77.57512744768864,12.799861904638554],[77.57749853381308,12.800203206677716],[77.5775458606555,12.803200170857679],[77.57167630811496,12.801428118370923],[77.56948706256358,12.79949635989953],[77.56261553634162,12.801836461825726],[77.55627119902057,12.796106734411921],[77.55468985959165,12.788609117951253],[77.56277165635147,12.78716694760213]]]}},{"type":"Feature","properties":{"type":"village","name":"Byrappanahalli","taluk":"Anekal","district":"BANGALORE","village_code":"613131"},"geometry":{"type":"Polygon","coordinates":[[[77.5614497674446,12.78405753284543],[77.56227137917986,12.777458185233908],[77.57702126069927,12.791165233284469],[77.5834142328098,12.801461838597165],[77.58180917875569,12.803318493889465],[77.5792940055546,12.804845892736754],[77.5775458606555,12.803200170857679],[77.57749853381308,12.800203206677716],[77.57512744768864,12.799861904638554],[77.5745294338141,12.796112649198244],[77.57053010542312,12.794137329748194],[77.5642203810883,12.789093920991165],[77.5614497674446,12.78405753284543]]]}},{"type":"Feature","properties":{"type":"village","name":"Laxmi Sagara","taluk":"Anekal","district":"BANGALORE","village_code":"613269"},"geometry":{"type":"Polygon","coordinates":[[[77.73040014590912,12.808346472822942],[77.7306231338138,12.818906269349284],[77.72715182077374,12.821261050967717],[77.71601362034572,12.81375384736232],[77.71345759715543,12.811012902788436],[77.71426911362354,12.805896414634777],[77.71758439738355,12.80481067679806],[77.72872016517377,12.805195521165714],[77.73040014590912,12.808346472822942]]]}},{"type":"Feature","properties":{"type":"village","name":"Hebbagodi (CT)","taluk":"Anekal","district":"BANGALORE","village_code":"613355"},"geometry":{"type":"Polygon","coordinates":[[[77.68703735772529,12.841455113430086],[77.68592487689092,12.842963451157777],[77.67878305568479,12.837541717337036],[77.67644706224692,12.836866810368594],[77.67642566886845,12.834165450297037],[77.67131601559976,12.834023071887998],[77.66491730864445,12.83666181272119],[77.66972002375023,12.830902430060986],[77.66692454024792,12.825520584978799],[77.670824356865,12.825233481383753],[77.67027037840568,12.817630859395477],[77.67379446836696,12.816136340079312],[77.67623003915575,12.820438659295188],[77.68244576377928,12.825328574741475],[77.68411030696645,12.831288628961502],[77.68379834272953,12.83509516208937],[77.68703735772529,12.841455113430086]]]}},{"type":"Feature","properties":{"type":"village","name":"Samanahalli","taluk":"Anekal","district":"BANGALORE","village_code":"613204"},"geometry":{"type":"Polygon","coordinates":[[[77.74753155556981,12.826801602753253],[77.75321816710108,12.836728813683955],[77.74886383708623,12.839051300365659],[77.74701249732054,12.841664004686322],[77.73981610256261,12.839456943855964],[77.74230643824438,12.835178727032723],[77.74153261239067,12.830431213608358],[77.74468128381832,12.829406602133766],[77.74753155556981,12.826801602753253]]]}},{"type":"Feature","properties":{"type":"village","name":" ","taluk":"Bangalore South","district":"BANGALORE","village_code":" "},"geometry":{"type":"Polygon","coordinates":[[[77.43365943981529,12.834238802000531],[77.42331106603287,12.836154045795176],[77.4195782588035,12.826311270860842],[77.43136417778904,12.821809980957813],[77.43342668183361,12.82338119897774],[77.43365943981529,12.834238802000531]]]}},{"type":"Feature","properties":{"type":"village","name":" ","taluk":"Anekal","district":"BANGALORE","village_code":" "},"geometry":{"type":"Polygon","coordinates":[[[77.6421666628954,12.840321644421344],[77.63555548371417,12.839710676092647],[77.63190942319856,12.838536413164602],[77.63111892461318,12.837209653696972],[77.62123852099145,12.83494248309944],[77.6227951468686,12.831237792721204],[77.61915149473629,12.813249342663548],[77.62271754141122,12.811080168109248],[77.63141617803899,12.808868362020943],[77.6290040227364,12.816552045577879],[77.6292334722229,12.820921304177125],[77.63461393790534,12.820849612837662],[77.63795074170628,12.82254810531696],[77.63711660565933,12.823735097139052],[77.6421666628954,12.840321644421344]]]}},{"type":"Feature","properties":{"type":"village","name":" ","taluk":"Bangalore South","district":"BANGALORE","village_code":" "},"geometry":{"type":"Polygon","coordinates":[[[77.43453992264271,12.83922060234324],[77.42864621709911,12.839437500765513],[77.42579858819116,12.838410811662504],[77.42331106603287,12.836154045795176],[77.43365943981529,12.834238802000531],[77.43453992264271,12.83922060234324]]]}},{"type":"Feature","properties":{"type":"village","name":"Kotiganahalli","taluk":"Anekal","district":"BANGALORE","village_code":"613225"},"geometry":{"type":"Polygon","coordinates":[[[77.77744635913449,12.834348400776207],[77.77109805125988,12.837667781727673],[77.76748220378222,12.838059481145063],[77.75947205125954,12.828876665771045],[77.75865399775111,12.825039155035888],[77.76192238136846,12.828778335583333],[77.76853631478438,12.828763111712757],[77.7760307543839,12.826727807428334],[77.77744635913449,12.834348400776207]]]}},{"type":"Feature","properties":{"type":"village","name":"Gollahalli","taluk":"Anekal","district":"BANGALORE","village_code":"613133"},"geometry":{"type":"Polygon","coordinates":[[[77.66692454024792,12.825520584978799],[77.66972002375023,12.830902430060986],[77.66491730864445,12.83666181272119],[77.66169311495258,12.834949644212692],[77.66256003411752,12.826466984825844],[77.66692454024792,12.825520584978799]]]}},{"type":"Feature","properties":{"type":"village","name":"Thippur","taluk":"Bangalore South","district":"BANGALORE","village_code":"613030"},"geometry":{"type":"Polygon","coordinates":[[[77.44919061218845,12.821281938099329],[77.44772573035293,12.823408657887615],[77.4450877547576,12.823101172057195],[77.43365943981529,12.834238802000531],[77.43342668183361,12.82338119897774],[77.43544635690037,12.820761375360945],[77.43400089933625,12.816755545119234],[77.43603682762148,12.813140289174164],[77.43602380833804,12.810408094851471],[77.43985250443578,12.811245892243031],[77.44357162493345,12.808282201689206],[77.44442893392147,12.810060691575663],[77.44621801325144,12.810039825412392],[77.44551128705784,12.81218363442753],[77.44655220270681,12.814857801255322],[77.448843817573,12.816546570990083],[77.44919061218845,12.821281938099329]]]}},{"type":"Feature","properties":{"type":"village","name":"Kalkere","taluk":"Anekal","district":"BANGALORE","village_code":"613134"},"geometry":{"type":"Polygon","coordinates":[[[77.58493930985416,12.835083181070187],[77.58201531067236,12.837503921305425],[77.58074471736481,12.830792505706494],[77.58726559070718,12.830193152130756],[77.58780123095826,12.828804662252622],[77.59045947613971,12.827135021132456],[77.59542307232634,12.827969802348314],[77.59449520426601,12.833696633721983],[77.58981761639446,12.835954247586205],[77.58493930985416,12.835083181070187]]]}},{"type":"Feature","properties":{"type":"village","name":"Bannerughatta","taluk":"Anekal","district":"BANGALORE","village_code":"613132"},"geometry":{"type":"Polygon","coordinates":[[[77.58201531067236,12.837503921305425],[77.56633887173462,12.813769084403738],[77.56450488113202,12.801046555835397],[77.56948706256358,12.79949635989953],[77.57167630811496,12.801428118370923],[77.57704297028472,12.802753467734446],[77.5792940055546,12.804845892736754],[77.5834142328098,12.801461838597165],[77.57702126069927,12.791165233284469],[77.56227137917986,12.777458185233908],[77.5614497674446,12.78405753284543],[77.55543089693751,12.781477129613538],[77.55757618343044,12.77144799457557],[77.55881474730651,12.769667200916187],[77.5589342573753,12.766517015763414],[77.56252548562428,12.761355389324253],[77.56544917758227,12.759000454369955],[77.56969935961804,12.76070851342293],[77.57159694285792,12.764956781366791],[77.57081565020756,12.778086372056498],[77.58039981819465,12.787282702608799],[77.58241179829267,12.78611070776221],[77.5891390730463,12.797966313792346],[77.58973733665249,12.801503985807688],[77.59316249335488,12.80044672238427],[77.59330605222213,12.801586760371789],[77.58905441491561,12.803654639618287],[77.59131669170296,12.811876028024992],[77.58589647017928,12.815581817123553],[77.58639328524382,12.817758583137735],[77.58987300381992,12.820573799780199],[77.589451629273,12.82537745715945],[77.58115244829922,12.826408133128794],[77.58089730519899,12.832987982915586],[77.58201531067236,12.837503921305425]]]}},{"type":"Feature","properties":{"type":"village","name":"Nallasandra","taluk":"Anekal","district":"BANGALORE","village_code":"613141"},"geometry":{"type":"Polygon","coordinates":[[[77.60972403066397,12.810244370850134],[77.6040620698024,12.813460131858008],[77.6013765481757,12.812388513613152],[77.60322133293474,12.8072409889943],[77.60259928643143,12.799719157313797],[77.60515196968548,12.797994408818917],[77.61309277316656,12.800686656811916],[77.60972403066397,12.810244370850134]]]}},{"type":"Feature","properties":{"type":"village","name":"Koppa","taluk":"Anekal","district":"BANGALORE","village_code":"613158"},"geometry":{"type":"Polygon","coordinates":[[[77.62271754141122,12.811080168109248],[77.61757701214789,12.813658578824022],[77.6173646477198,12.812360310697201],[77.62122115206543,12.802047398095203],[77.6169570317697,12.801898892406498],[77.61541395158875,12.800977895015798],[77.61539835503878,12.799969995902275],[77.6134028239919,12.79979772770089],[77.61486548788697,12.793188487031319],[77.6251897517855,12.799219961080201],[77.63505231486566,12.797647751432342],[77.63454708797683,12.805123141215415],[77.63298487727356,12.805652390872181],[77.63214826996126,12.808526230789345],[77.62271754141122,12.811080168109248]]]}},{"type":"Feature","properties":{"type":"village","name":"Nanjapura","taluk":"Anekal","district":"BANGALORE","village_code":"613165"},"geometry":{"type":"Polygon","coordinates":[[[77.64327167244159,12.812863323686948],[77.6390794533012,12.812666799675311],[77.63749310306963,12.810220683247657],[77.6335362362455,12.809502328183633],[77.63505231486566,12.797647751432342],[77.63668420608889,12.797394321952455],[77.63670157411661,12.795940301273838],[77.64430965778608,12.794006968627336],[77.64479787687164,12.796470223702396],[77.64319437241139,12.797411154303806],[77.64432759804062,12.80112311979715],[77.64563492435845,12.80170464704385],[77.64622794988819,12.806631172852528],[77.64950488367042,12.806032220775062],[77.64327167244159,12.812863323686948]]]}},{"type":"Feature","properties":{"type":"village","name":"Jigala","taluk":"Anekal","district":"BANGALORE","village_code":"613287"},"geometry":{"type":"Polygon","coordinates":[[[77.76638417863738,12.81032674223234],[77.76558597520179,12.813670907736935],[77.7639043227017,12.81510741422984],[77.76101821625521,12.8116396027969],[77.75700678126913,12.811759807788539],[77.75587519776026,12.808875774400738],[77.75359008939164,12.801019623584908],[77.75573138826306,12.791651482980555],[77.75887931768224,12.785953702110342],[77.76269240285694,12.785666153095612],[77.76601452010135,12.791909178312757],[77.76810961861769,12.792461459049767],[77.77044091835819,12.800886982318916],[77.76570342723026,12.808355904311759],[77.76638417863738,12.81032674223234]]]}},{"type":"Feature","properties":{"type":"village","name":"Byalahalli","taluk":"Anekal","district":"BANGALORE","village_code":"613229"},"geometry":{"type":"Polygon","coordinates":[[[77.80214364062945,12.817055713277732],[77.79524845996944,12.818997046784274],[77.79224805278454,12.811565843321985],[77.79419666123086,12.810056927590093],[77.80009675828771,12.808368421816054],[77.80214364062945,12.817055713277732]]]}},{"type":"Feature","properties":{"type":"village","name":"Bendiganahalli","taluk":"Anekal","district":"BANGALORE","village_code":"613270"},"geometry":{"type":"Polygon","coordinates":[[[77.74250583818633,12.80886337868016],[77.74367597199732,12.814555675377123],[77.74295261169964,12.8168308420889],[77.73069392644805,12.812787240682617],[77.73040014590912,12.808346472822942],[77.7316928656204,12.807875278101733],[77.73460161320531,12.807147622345262],[77.74250583818633,12.80886337868016]]]}},{"type":"Feature","properties":{"type":"village","name":"Vabasandra","taluk":"Anekal","district":"BANGALORE","village_code":"613164"},"geometry":{"type":"Polygon","coordinates":[[[77.65721440869504,12.81579842496534],[77.65638031127565,12.816351065060436],[77.64508766170421,12.814684117198238],[77.64327167244159,12.812863323686948],[77.64950488367042,12.806032220775062],[77.65863840191376,12.804491792841599],[77.65721440869504,12.81579842496534]]]}},{"type":"Feature","properties":{"type":"village","name":"Adigondanahalli","taluk":"Anekal","district":"BANGALORE","village_code":"613271"},"geometry":{"type":"Polygon","coordinates":[[[77.75384329033425,12.801205048282448],[77.75696908706148,12.813567632159492],[77.75485449240855,12.814949644416224],[77.75616198042314,12.815980724836871],[77.75258278959892,12.817343952646526],[77.74886402124085,12.81793392496054],[77.74295261169964,12.8168308420889],[77.74367597199732,12.814555675377123],[77.74250583818633,12.80886337868016],[77.74534118802264,12.807306808225814],[77.74519384994299,12.804400857760394],[77.74752937625695,12.804338419915348],[77.74746541620871,12.80141197043326],[77.75384329033425,12.801205048282448]]]}},{"type":"Feature","properties":{"type":"village","name":"Bidaraguppe","taluk":"Anekal","district":"BANGALORE","village_code":"613289"},"geometry":{"type":"Polygon","coordinates":[[[77.79524845996944,12.818997046784274],[77.79039397675051,12.819465500959131],[77.78876982002186,12.814732922848208],[77.78685018404009,12.81224647501736],[77.77996029894867,12.812397647128153],[77.77790723170617,12.809852328566825],[77.7746094192801,12.799107936278975],[77.78077727807202,12.79533642604339],[77.7844705980564,12.79545980207092],[77.7881924997382,12.792844249606398],[77.79122675723967,12.794440698628916],[77.79517893755298,12.791490672711316],[77.7992163473255,12.795726801081907],[77.80035420197338,12.794484247753811],[77.80133000593393,12.7961567937179],[77.80258261317283,12.796188796803483],[77.80452200490436,12.794060611239829],[77.8076256392952,12.794987987581965],[77.80851856828089,12.796777995195747],[77.80726062235425,12.799439710281256],[77.80508227157064,12.799651532432257],[77.80413266877201,12.802887307237329],[77.80335439266436,12.802801214005008],[77.80337683078352,12.804857643061567],[77.79971544231422,12.805267853792659],[77.80009675828771,12.808368421816054],[77.79419666123086,12.810056927590093],[77.79224805278454,12.811565843321985],[77.79524845996944,12.818997046784274]]]}},{"type":"Feature","properties":{"type":"village","name":"Yarandahalli","taluk":"Anekal","district":"BANGALORE","village_code":"613163"},"geometry":{"type":"Polygon","coordinates":[[[77.67027037840568,12.817630859395477],[77.66240837334472,12.817979884087197],[77.66391318529462,12.815017669877214],[77.66187968695225,12.812607681968283],[77.65721440869504,12.81579842496534],[77.65863840191376,12.804491792841599],[77.67061300663481,12.803070355777159],[77.67443047558812,12.80176661075702],[77.67740364226039,12.81016822661393],[77.6755251769664,12.815194653365644],[77.67027037840568,12.817630859395477]]]}},{"type":"Feature","properties":{"type":"village","name":"Hullukasavanahalli","taluk":"Anekal","district":"BANGALORE","village_code":"613142"},"geometry":{"type":"Polygon","coordinates":[[[77.6136170506276,12.816404062610207],[77.61065324080732,12.81619746722962],[77.60161405824523,12.817510206101183],[77.6040620698024,12.813460131858008],[77.60972403066397,12.810244370850134],[77.6173646477198,12.812360310697201],[77.61757701214789,12.813658578824022],[77.6136170506276,12.816404062610207]]]}},{"type":"Feature","properties":{"type":"village","name":"Mantapa","taluk":"Anekal","district":"BANGALORE","village_code":"613138"},"geometry":{"type":"Polygon","coordinates":[[[77.6040620698024,12.813460131858008],[77.60161405824523,12.817510206101183],[77.59642675999328,12.817397030573035],[77.59501207242262,12.814919935170684],[77.5933042879309,12.815225840287258],[77.5921790087987,12.81158233135422],[77.59131669170296,12.811876028024992],[77.58905441491561,12.803654639618287],[77.59330605222213,12.801586760371789],[77.59316249335488,12.80044672238427],[77.58973733665249,12.801503985807688],[77.5891390730463,12.797966313792346],[77.58241179829267,12.78611070776221],[77.5920400555939,12.780483383326107],[77.59208090109156,12.77744618920982],[77.59314013518579,12.775733228568239],[77.5961471593611,12.777094335661827],[77.59965463767615,12.787002345617044],[77.6014507103906,12.788683184619446],[77.60195308602674,12.794712411651927],[77.60061167403377,12.796522198756215],[77.60259928643143,12.799719157313797],[77.60322133293474,12.8072409889943],[77.6013765481757,12.812388513613152],[77.6040620698024,12.813460131858008]]]}},{"type":"Feature","properties":{"type":"village","name":"Gulakamale","taluk":"Bangalore South","district":"BANGALORE","village_code":"613048"},"geometry":{"type":"Polygon","coordinates":[[[77.54148489530797,12.816867033012905],[77.53478492305081,12.819134300774294],[77.53015831996153,12.816109156296006],[77.53192971685341,12.81417052996494],[77.53063540532747,12.81230670614006],[77.52552159196068,12.812351760562619],[77.52491184339361,12.809765917112934],[77.52225381111292,12.808213492910431],[77.52162030300488,12.805263296103726],[77.51740520736747,12.80439184308832],[77.51643587397193,12.802769553391439],[77.52029385155465,12.795650107585079],[77.5261169180759,12.794147278615474],[77.52678805571288,12.792807724975212],[77.52812888559752,12.793818978052219],[77.53150685469636,12.791258143310863],[77.54000880159943,12.797047353636533],[77.53955273591285,12.81241402473644],[77.54148489530797,12.816867033012905]]]}},{"type":"Feature","properties":{"type":"village","name":"Ali Bommasandra","taluk":"Anekal","district":"BANGALORE","village_code":"613202"},"geometry":{"type":"Polygon","coordinates":[[[77.74541872700469,12.817672233959119],[77.74485753956526,12.82168359767063],[77.74170956073868,12.82401796217243],[77.73639167169895,12.824204376361307],[77.73194846326821,12.821484328410993],[77.73202723743378,12.823883336818719],[77.72715182077374,12.821261050967717],[77.7306231338138,12.818906269349284],[77.73069392644805,12.812787240682617],[77.74541872700469,12.817672233959119]]]}},{"type":"Feature","properties":{"type":"village","name":"O.B.Chudahalli","taluk":"Bangalore South","district":"BANGALORE","village_code":"613041"},"geometry":{"type":"Polygon","coordinates":[[[77.53015831996153,12.816109156296006],[77.52784193764461,12.815202471118926],[77.52322211234417,12.816807151602015],[77.52308464495287,12.821514020239674],[77.51731011620306,12.821061072755699],[77.51509444401269,12.81499137329989],[77.52239783530746,12.80744962308367],[77.52225381111292,12.808213492910431],[77.52491184339361,12.809765917112934],[77.52552159196068,12.812351760562619],[77.53063540532747,12.81230670614006],[77.53192971685341,12.81417052996494],[77.53015831996153,12.816109156296006]]]}},{"type":"Feature","properties":{"type":"village","name":"Heelalige","taluk":"Anekal","district":"BANGALORE","village_code":"613260"},"geometry":{"type":"Polygon","coordinates":[[[77.71345759715543,12.811012902788436],[77.7189018746641,12.816423797414899],[77.7157769699639,12.817623209896158],[77.71399843056717,12.821828209639792],[77.711142170646,12.822011919748736],[77.71139144774743,12.824692919379642],[77.70625838617907,12.824999148970083],[77.70623680235774,12.822196209578998],[77.70149653902884,12.820796090671974],[77.70133841038601,12.818969693380218],[77.70383970371765,12.814957872116846],[77.70538596303639,12.80702471805063],[77.71418619103797,12.807308519863707],[77.71345759715543,12.811012902788436]]]}},{"type":"Feature","properties":{"type":"village","name":"Seegehalli","taluk":"Bangalore South","district":"BANGALORE","village_code":"613038"},"geometry":{"type":"Polygon","coordinates":[[[77.46838040981307,12.81107185706644],[77.45653782869267,12.817715434830019],[77.4543721926636,12.821455127092351],[77.44919061218845,12.821281938099329],[77.44934664057013,12.817861270999918],[77.45156584313959,12.81810719859377],[77.45954097843416,12.814530167098535],[77.46161429639812,12.811632947320179],[77.46586190116736,12.8086595118676],[77.46838040981307,12.81107185706644]]]}},{"type":"Feature","properties":{"type":"village","name":"Bhoothanahalli","taluk":"Anekal","district":"BANGALORE","village_code":"613129"},"geometry":{"type":"Polygon","coordinates":[[[77.56633887173462,12.813769084403738],[77.55387967173185,12.823411772624215],[77.54982634021924,12.821665488102816],[77.54841078936758,12.823410159197666],[77.54268936093253,12.819968394647974],[77.53955273591285,12.81241402473644],[77.54000880159943,12.797047353636533],[77.54313574278035,12.794254276437613],[77.54305746897637,12.797490320214076],[77.54858383633231,12.800522972923835],[77.5500713440349,12.800446117075175],[77.55691473592044,12.799157817162426],[77.55627119902057,12.796106734411921],[77.56261553634162,12.801836461825726],[77.56450488113202,12.801046555835397],[77.56633887173462,12.813769084403738]]]}},{"type":"Feature","properties":{"type":"village","name":"Thirupalya","taluk":"Anekal","district":"BANGALORE","village_code":"613162"},"geometry":{"type":"Polygon","coordinates":[[[77.670824356865,12.825233481383753],[77.66256003411752,12.826466984825844],[77.66240837334472,12.817979884087197],[77.67027037840568,12.817630859395477],[77.670824356865,12.825233481383753]]]}},{"type":"Feature","properties":{"type":"village","name":"Bommasandra (CT)","taluk":"Anekal","district":"BANGALORE","village_code":"613357"},"geometry":{"type":"Polygon","coordinates":[[[77.69781384701257,12.826220172856207],[77.69291981097166,12.824103451660907],[77.68262864460145,12.827124330806711],[77.68244576377928,12.825328574741475],[77.67623003915575,12.820438659295188],[77.67379446836696,12.816136340079312],[77.6755251769664,12.815194653365644],[77.67740364226039,12.81016822661393],[77.68963908180736,12.805581247049814],[77.69211527800654,12.809549281309467],[77.69380551301086,12.807410604941161],[77.69554863992077,12.807564124036254],[77.69821488100655,12.80516857884676],[77.70013027694017,12.804856913374628],[77.70538596303639,12.80702471805063],[77.70383970371765,12.814957872116846],[77.70133841038601,12.818969693380218],[77.70199426139179,12.824045744222868],[77.70033838515049,12.82396495483851],[77.70106327078754,12.825488095988758],[77.69781384701257,12.826220172856207]]]}},{"type":"Feature","properties":{"type":"village","name":"Handenahalli","taluk":"Anekal","district":"BANGALORE","village_code":"613224"},"geometry":{"type":"Polygon","coordinates":[[[77.7760307543839,12.826727807428334],[77.76853631478438,12.828763111712757],[77.76192238136846,12.828778335583333],[77.75865399775111,12.825039155035888],[77.75980569813248,12.824456649833301],[77.75897473493511,12.81867570278608],[77.7600991714476,12.817220900913783],[77.7633368380721,12.817362447934926],[77.76638417863738,12.81032674223234],[77.77043485023846,12.815453671827218],[77.7739489823748,12.815224594702492],[77.7760307543839,12.826727807428334]]]}},{"type":"Feature","properties":{"type":"village","name":"Uttari","taluk":"Bangalore South","district":"BANGALORE","village_code":"613043"},"geometry":{"type":"Polygon","coordinates":[[[77.50216632702487,12.819273160259263],[77.4982767332357,12.827340191212638],[77.48852032766594,12.826789746592558],[77.48916623432152,12.819824972865389],[77.47997469389396,12.817568796223346],[77.47667024830787,12.81028035862266],[77.47738089025778,12.808845905014117],[77.48002282922018,12.80868157908824],[77.4785240835934,12.80641602875806],[77.47896025159643,12.804700960923457],[77.48207909805832,12.800902472422885],[77.49052095305878,12.800720392029142],[77.4944328969322,12.803005240604335],[77.4958715596395,12.809945874660976],[77.50216632702487,12.819273160259263]]]}},{"type":"Feature","properties":{"type":"village","name":"Sakalawara","taluk":"Anekal","district":"BANGALORE","village_code":"613143"},"geometry":{"type":"Polygon","coordinates":[[[77.6136170506276,12.816404062610207],[77.61214420882035,12.825317126682432],[77.60256367092533,12.82918183832621],[77.6009385197617,12.826629697127403],[77.59542307232634,12.827969802348314],[77.60161405824523,12.817510206101183],[77.6136170506276,12.816404062610207]]]}},{"type":"Feature","properties":{"type":"village","name":"Kaggalipura","taluk":"Bangalore South","district":"BANGALORE","village_code":"613042"},"geometry":{"type":"Polygon","coordinates":[[[77.51420012173999,12.821152650002853],[77.51001377129339,12.823630181607236],[77.50652208625934,12.827700476090454],[77.49996536564556,12.823231398129296],[77.50216632702487,12.819273160259263],[77.4966628226912,12.811497098648587],[77.49511980808724,12.803903221276373],[77.49218538665149,12.801658683196742],[77.49075859158741,12.79719861457818],[77.49385688818887,12.794522849163442],[77.49523659176911,12.79130811510056],[77.50152132317615,12.78828338221411],[77.50492057516068,12.791716805197133],[77.51307763008009,12.790211229238059],[77.51265726164627,12.792989923210593],[77.51696758139872,12.794731194180189],[77.51737386424888,12.796776345682547],[77.52029385155465,12.795650107585079],[77.51643587397193,12.802769553391439],[77.51805172487745,12.804791709313786],[77.52042306881839,12.80444011375833],[77.52162030300488,12.805263296103726],[77.52239783530746,12.80744962308367],[77.51509444401269,12.81499137329989],[77.51731011620306,12.821061072755699],[77.51420012173999,12.821152650002853]]]}},{"type":"Feature","properties":{"type":"village","name":"Sollepura","taluk":"Anekal","district":"BANGALORE","village_code":"613223"},"geometry":{"type":"Polygon","coordinates":[[[77.76112929114345,12.830744007977982],[77.7603229031573,12.83154813361872],[77.75936536014989,12.83051723170463],[77.75108285999261,12.83298103983979],[77.74753155556981,12.826801602753253],[77.7450488456865,12.82913849665312],[77.74022592926659,12.828815607391354],[77.73734911858665,12.831809235615077],[77.73710052779806,12.82899971268194],[77.7334563744058,12.826157623924944],[77.73202723743378,12.823883336818719],[77.73194846326821,12.821484328410993],[77.73639167169895,12.824204376361307],[77.74170956073868,12.82401796217243],[77.74485753956526,12.82168359767063],[77.74541872700469,12.817672233959119],[77.75039492026659,12.817776777075805],[77.75576119885574,12.816183920014359],[77.75485449240855,12.814949644416224],[77.75696908706148,12.813567632159492],[77.75700678126913,12.811759807788539],[77.76101821625521,12.8116396027969],[77.7639043227017,12.81510741422984],[77.7633368380721,12.817362447934926],[77.7600991714476,12.817220900913783],[77.75889167131403,12.819028194694312],[77.75980569813248,12.824456649833301],[77.75865386569876,12.825323890409484],[77.75947205125954,12.828876665771045],[77.76112929114345,12.830744007977982]]]}},{"type":"Feature","properties":{"type":"village","name":"Laxmipura","taluk":"Anekal","district":"BANGALORE","village_code":"613136"},"geometry":{"type":"Polygon","coordinates":[[[77.59542307232634,12.827969802348314],[77.59045947613971,12.827135021132456],[77.58780123095826,12.828804662252622],[77.58726559070718,12.830193152130756],[77.58074471736481,12.830792505706494],[77.58115244829922,12.826408133128794],[77.589451629273,12.82537745715945],[77.58987300381992,12.820573799780199],[77.58639328524382,12.817758583137735],[77.58589647017928,12.815581817123553],[77.58780890436745,12.813630609927344],[77.5921790087987,12.81158233135422],[77.5933042879309,12.815225840287258],[77.59501207242262,12.814919935170684],[77.59642675999328,12.817397030573035],[77.60161405824523,12.817510206101183],[77.59542307232634,12.827969802348314]]]}},{"type":"Feature","properties":{"type":"village","name":"Adigarakallahalli","taluk":"Anekal","district":"BANGALORE","village_code":"613230"},"geometry":{"type":"Polygon","coordinates":[[[77.79230988113059,12.819579128410105],[77.80987680392249,12.815584458074843],[77.8079450541591,12.823095532064563],[77.80986340824498,12.831583859961038],[77.79587909796017,12.834585358226793],[77.79230988113059,12.819579128410105]]]}},{"type":"Feature","properties":{"type":"village","name":"Ramasagara","taluk":"Anekal","district":"BANGALORE","village_code":"613259"},"geometry":{"type":"Polygon","coordinates":[[[77.71983755357581,12.828021164785406],[77.71613342685856,12.830561319394477],[77.70570110371617,12.829995865610623],[77.69996896287137,12.834750296996043],[77.69781384701257,12.826220172856207],[77.70106327078754,12.825488095988758],[77.70033838515049,12.82396495483851],[77.70199426139179,12.824045744222868],[77.70149653902884,12.820796090671974],[77.70623680235774,12.822196209578998],[77.70625838617907,12.824999148970083],[77.71139144774743,12.824692919379642],[77.711142170646,12.822011919748736],[77.71399843056717,12.821828209639792],[77.7157769699639,12.817623209896158],[77.7189018746641,12.816423797414899],[77.718342642857,12.815327182864985],[77.72715182077374,12.821261050967717],[77.72735488314709,12.827108813410492],[77.71983755357581,12.828021164785406]]]}},{"type":"Feature","properties":{"type":"village","name":" ","taluk":"Anekal","district":"BANGALORE","village_code":" "},"geometry":{"type":"Polygon","coordinates":[[[77.77850440026602,12.813856929279948],[77.77043485023846,12.815453671827218],[77.76557886683295,12.808848485594702],[77.77044091835819,12.800886982318916],[77.7746094192801,12.799107936278975],[77.77790723170617,12.809852328566825],[77.77996029894867,12.812397647128153],[77.77850440026602,12.813856929279948]]]}},{"type":"Feature","properties":{"type":"village","name":"M.Medihalli","taluk":"Anekal","district":"BANGALORE","village_code":"613279"},"geometry":{"type":"Polygon","coordinates":[[[77.79552962906013,12.832763849436299],[77.77836232092403,12.835935132674827],[77.77685261674914,12.833281546880665],[77.7739489823748,12.815224594702492],[77.77850440026602,12.813856929279948],[77.77996029894867,12.812397647128153],[77.78575878217386,12.811961356956932],[77.78794594363374,12.813245689094739],[77.79039397675051,12.819465500959131],[77.79230988113059,12.819579128410105],[77.79552962906013,12.832763849436299]]]}},{"type":"Feature","properties":{"type":"village","name":"Vaderahalli","taluk":"Anekal","district":"BANGALORE","village_code":"613135"},"geometry":{"type":"Polygon","coordinates":[[[77.60247908376155,12.832654607328355],[77.6009491288652,12.833609734707176],[77.5969325860584,12.832688551102034],[77.59449520426601,12.833696633721983],[77.59542307232634,12.827969802348314],[77.6009385197617,12.826629697127403],[77.60256367092533,12.82918183832621],[77.60247908376155,12.832654607328355]]]}},{"type":"Feature","properties":{"type":"village","name":"Maragondahalli (CT)","taluk":"Anekal","district":"BANGALORE","village_code":"613356"},"geometry":{"type":"Polygon","coordinates":[[[77.66169311495258,12.834949644212692],[77.65196104384552,12.837309158622643],[77.64945163962523,12.839307826988666],[77.6478486193569,12.83899208287771],[77.65095506367797,12.827256814610859],[77.65316566937018,12.82697011065419],[77.65525078490877,12.823613666334706],[77.6624300416077,12.823669123660864],[77.66169311495258,12.834949644212692]]]}},{"type":"Feature","properties":{"type":"village","name":"Hullahalli","taluk":"Anekal","district":"BANGALORE","village_code":"613144"},"geometry":{"type":"Polygon","coordinates":[[[77.62123852099145,12.83494248309944],[77.61549161274169,12.839368768960018],[77.60487368778014,12.834964760852685],[77.6035510137457,12.831769694842704],[77.60247908376155,12.832654607328355],[77.60256367092533,12.82918183832621],[77.6127370205511,12.824810521081243],[77.6136170506276,12.816404062610207],[77.61604555975997,12.814246270058149],[77.61915149473629,12.813249342663548],[77.6227951468686,12.831237792721204],[77.62123852099145,12.83494248309944]]]}},{"type":"Feature","properties":{"type":"village","name":"Hulimangala","taluk":"Anekal","district":"BANGALORE","village_code":"613161"},"geometry":{"type":"Polygon","coordinates":[[[77.6478486193569,12.83899208287771],[77.6421666628954,12.840321644421344],[77.63711660565933,12.823735097139052],[77.63795074170628,12.82254810531696],[77.63461393790534,12.820849612837662],[77.6292334722229,12.820921304177125],[77.6290040227364,12.816552045577879],[77.63298487727356,12.805652390872181],[77.63404161494961,12.805636335182157],[77.6335362362455,12.809502328183633],[77.63749310306963,12.810220683247657],[77.6390794533012,12.812666799675311],[77.64327167244159,12.812863323686948],[77.64508766170421,12.814684117198238],[77.65690166202552,12.816330546288379],[77.66187968695225,12.812607681968283],[77.66391318529462,12.815017669877214],[77.6621999992331,12.819166873797249],[77.6624300416077,12.823669123660864],[77.65525078490877,12.823613666334706],[77.65316566937018,12.82697011065419],[77.65095506367797,12.827256814610859],[77.6478486193569,12.83899208287771]]]}},{"type":"Feature","properties":{"type":"village","name":"Kammasandra","taluk":"Anekal","district":"BANGALORE","village_code":"613256"},"geometry":{"type":"Polygon","coordinates":[[[77.69996896287137,12.834750296996043],[77.69538428685135,12.837302686879823],[77.68854407859516,12.839412213972636],[77.68703735772529,12.841455113430086],[77.68379834272953,12.83509516208937],[77.68411030696645,12.831288628961502],[77.68262864460145,12.827124330806711],[77.69348293517884,12.824267034390479],[77.69781384701257,12.826220172856207],[77.69996896287137,12.834750296996043]]]}},{"type":"Feature","properties":{"type":"village","name":"Chinnakurchi","taluk":"Bangalore South","district":"BANGALORE","village_code":"613037"},"geometry":{"type":"Polygon","coordinates":[[[77.46750437993451,12.837090348108005],[77.46510768104469,12.8386884619828],[77.46334812125326,12.836192907958258],[77.46169412877911,12.836213977782077],[77.4611484597362,12.833814526384607],[77.45985826429084,12.832998307751552],[77.46081450563943,12.830619608677758],[77.45790150093838,12.829671181002123],[77.4543721926636,12.821455127092351],[77.45653782869267,12.817715434830019],[77.4704744977247,12.809583357840337],[77.47403230595019,12.810745778936363],[77.47667024830787,12.81028035862266],[77.47997469389396,12.817568796223346],[77.46746040919798,12.83127633857437],[77.46750437993451,12.837090348108005]]]}},{"type":"Feature","properties":{"type":"village","name":"Vasanthanahalli","taluk":"Bangalore South","district":"BANGALORE","village_code":"613032"},"geometry":{"type":"Polygon","coordinates":[[[77.46169412877911,12.836213977782077],[77.46007334971596,12.841684391767158],[77.4577272232817,12.838069317919265],[77.45249222179321,12.835461716711338],[77.4520099836908,12.83314035040423],[77.45284734828289,12.832831952415459],[77.45235494843799,12.831517257029768],[77.45373649176794,12.8306950959466],[77.4534012333174,12.829780970959845],[77.45683419458298,12.827992623773541],[77.45790150093838,12.829671181002123],[77.46037736835416,12.829915410097895],[77.45985826429084,12.832998307751552],[77.4611484597362,12.833814526384607],[77.46169412877911,12.836213977782077]]]}},{"type":"Feature","properties":{"type":"village","name":"Hosahalli","taluk":"Anekal","district":"BANGALORE","village_code":"613181"},"geometry":{"type":"Polygon","coordinates":[[[77.76531371111054,12.85699112880983],[77.75051781069578,12.857838518580703],[77.74712695167088,12.85044015419782],[77.74979171233308,12.845219470987926],[77.75858491640746,12.844871112063105],[77.76550416562887,12.842813251201742],[77.76811548192154,12.843555576640647],[77.76972199034812,12.845956153342076],[77.76922283157901,12.849973864935329],[77.76546788177623,12.85205128266954],[77.76531371111054,12.85699112880983]]]}},{"type":"Feature","properties":{"type":"village","name":"Mallasandra","taluk":"Bangalore South","district":"BANGALORE","village_code":"613040"},"geometry":{"type":"Polygon","coordinates":[[[77.63105371770332,12.85623344921483],[77.62483694205092,12.858086896942416],[77.61620219001287,12.85682429803693],[77.61634572282897,12.855534663021013],[77.61317123202343,12.852410207033031],[77.60931044630716,12.852571022182335],[77.60968148285883,12.846114488766428],[77.6126648867321,12.844069358762317],[77.61207514903627,12.838069338939881],[77.61549161274169,12.839368768960018],[77.62123852099145,12.83494248309944],[77.6257166810733,12.836071618925994],[77.62703861579426,12.844220578318538],[77.62835257617046,12.844466162215301],[77.63056345944207,12.850053064236997],[77.63105371770332,12.85623344921483]]]}},{"type":"Feature","properties":{"type":"village","name":" ","taluk":"Bangalore South","district":"BANGALORE","village_code":" "},"geometry":{"type":"Polygon","coordinates":[[[77.64260906879983,12.861287912004883],[77.64014795711086,12.863334514068477],[77.64000185870631,12.861676867563794],[77.63297272935597,12.860899411248488],[77.63105371770332,12.85623344921483],[77.63056345944207,12.850053064236997],[77.63342080632472,12.848231657027705],[77.63517268102892,12.845571185621912],[77.64243065619786,12.843897906363079],[77.64415176540018,12.85027773406387],[77.64260906879983,12.861287912004883]]]}},{"type":"Feature","properties":{"type":"village","name":"Veerasandra","taluk":"Anekal","district":"BANGALORE","village_code":"613255"},"geometry":{"type":"Polygon","coordinates":[[[77.68592487689092,12.842963451157777],[77.68190974982905,12.845691672186874],[77.67741195167677,12.842834140922973],[77.66394313422785,12.841416875683894],[77.66491730864445,12.83666181272119],[77.67131601559976,12.834023071887998],[77.67642566886845,12.834165450297037],[77.67644706224692,12.836866810368594],[77.67878305568479,12.837541717337036],[77.68592487689092,12.842963451157777]]]}},{"type":"Feature","properties":{"type":"village","name":"Muthanallur","taluk":"Anekal","district":"BANGALORE","village_code":"613201"},"geometry":{"type":"Polygon","coordinates":[[[77.73981610256261,12.839456943855964],[77.73429092008453,12.843368004919592],[77.73001548011794,12.843656195749878],[77.73032970900768,12.847012307757844],[77.7289740084118,12.846971898803517],[77.72897451685826,12.848220252926765],[77.72761883782196,12.848251464656249],[77.72678213079665,12.842132790639774],[77.72951307304076,12.839123425322049],[77.7275694511426,12.82911684727307],[77.72715182077374,12.821261050967717],[77.73202723743378,12.823883336818719],[77.73710052779806,12.82899971268194],[77.73734911858665,12.831809235615077],[77.74022592926659,12.828815607391354],[77.7450488456865,12.82913849665312],[77.74153261239067,12.830431213608358],[77.74230643824438,12.835178727032723],[77.73981610256261,12.839456943855964]]]}},{"type":"Feature","properties":{"type":"village","name":" ","taluk":"Bangalore South","district":"BANGALORE","village_code":" "},"geometry":{"type":"Polygon","coordinates":[[[77.66702097708858,12.865145263116986],[77.65968814081542,12.869190564629983],[77.6547835837059,12.86878024273875],[77.65327043628851,12.864942665377065],[77.65696215457676,12.863509754916189],[77.65742271004312,12.864235096710837],[77.65849499665842,12.862821542919525],[77.65809561466627,12.858012263038656],[77.66200649313777,12.85857457889282],[77.66791738704599,12.862018068230663],[77.66702097708858,12.865145263116986]]]}},{"type":"Feature","properties":{"type":"village","name":"Mallasandra","taluk":"Bangalore South","district":"BANGALORE","village_code":"613040"},"geometry":{"type":"Polygon","coordinates":[[[77.54805056224369,12.865667667611689],[77.54474322857395,12.867130256564915],[77.53991946234778,12.867530350569597],[77.53998244233405,12.866343414107641],[77.53733376510874,12.865421585999846],[77.5365629261533,12.862842748006099],[77.5355200557703,12.862760519937193],[77.53529188458646,12.859240490154797],[77.53889188937578,12.859062533140905],[77.54210655463743,12.853884622158304],[77.54265859902392,12.844025396058408],[77.54386418215266,12.844737513841528],[77.54405415786897,12.84862182305606],[77.54528243423839,12.849977949748817],[77.54434492096685,12.851328691628344],[77.54635172856548,12.85519481102982],[77.54635077635129,12.858215890171142],[77.54487779530517,12.859416347786576],[77.54616772035764,12.862550422772415],[77.54831873091557,12.864314950090485],[77.54805056224369,12.865667667611689]]]}},{"type":"Feature","properties":{"type":"village","name":" ","taluk":"Bangalore South","district":"BANGALORE","village_code":" "},"geometry":{"type":"Polygon","coordinates":[[[77.51385086304572,12.869428564628445],[77.50991376993764,12.86952401783131],[77.50979051479246,12.865410537364083],[77.50659967464874,12.864426760192792],[77.50530992925934,12.85720207839559],[77.50854268209926,12.857551481676024],[77.50992044172524,12.85502470357112],[77.51200581597863,12.855823768237462],[77.512576248879,12.862822987944673],[77.51163634878374,12.86566717806023],[77.51385086304572,12.869428564628445]]]}},{"type":"Feature","properties":{"type":"village","name":"Bikkanahalli","taluk":"Anekal","district":"BANGALORE","village_code":"613222"},"geometry":{"type":"Polygon","coordinates":[[[77.76811548192154,12.843555576640647],[77.76550416562887,12.842813251201742],[77.75858491640746,12.844871112063105],[77.7507728459982,12.845147636806294],[77.74701249732054,12.841664004686322],[77.74886383708623,12.839051300365659],[77.75321816710108,12.836728813683955],[77.75108285999261,12.83298103983979],[77.75905673944244,12.83058488596293],[77.7603229031573,12.83154813361872],[77.76112929114345,12.830744007977982],[77.76748220378222,12.838059481145063],[77.77109805125988,12.837667781727673],[77.77744635913449,12.834348400776207],[77.77836232092403,12.835935132674827],[77.77609140503863,12.836422372398593],[77.76811548192154,12.843555576640647]]]}},{"type":"Feature","properties":{"type":"village","name":"Bilwaradahalli","taluk":"Anekal","district":"BANGALORE","village_code":"613128"},"geometry":{"type":"Polygon","coordinates":[[[77.57436561973384,12.840741142682285],[77.56593049131827,12.842974941329832],[77.56380010068933,12.842314340977056],[77.56207985027648,12.835854849855936],[77.55387967173185,12.823411772624215],[77.56633887173462,12.813769084403738],[77.58169956722303,12.837845673319437],[77.57851760063771,12.841360927416718],[77.57436561973384,12.840741142682285]]]}},{"type":"Feature","properties":{"type":"village","name":"Buragunte","taluk":"Anekal","district":"BANGALORE","village_code":"613232"},"geometry":{"type":"Polygon","coordinates":[[[77.7856963842959,12.844841438756713],[77.77576038573787,12.846500941937228],[77.77202065698928,12.845428304813499],[77.77113796520459,12.841378388315276],[77.77609140503863,12.836422372398593],[77.7821394258767,12.835281206336838],[77.7856963842959,12.844841438756713]]]}},{"type":"Feature","properties":{"type":"village","name":" ","taluk":"Bangalore South","district":"BANGALORE","village_code":" "},"geometry":{"type":"Polygon","coordinates":[[[77.55778480008722,12.867404436035716],[77.55043078872617,12.868518827119802],[77.54840397025625,12.866988910969777],[77.54831873091557,12.864314950090485],[77.54616772035764,12.862550422772415],[77.54487779530517,12.859416347786576],[77.54635077635129,12.858215890171142],[77.54635172856548,12.85519481102982],[77.54434492096685,12.851328691628344],[77.54528243423839,12.849977949748817],[77.54606617120466,12.851066537912105],[77.55319945661891,12.851031157657966],[77.55418643202835,12.849776433664248],[77.55628394880941,12.849475471649644],[77.55700594815947,12.85464614835499],[77.55886070781142,12.855772516577359],[77.56031315696337,12.859638381007457],[77.56325851538772,12.859019905132113],[77.56377432982048,12.861253005235708],[77.5654647471828,12.862658994175304],[77.5591431767643,12.86559402995376],[77.55778480008722,12.867404436035716]]]}},{"type":"Feature","properties":{"type":"village","name":" ","taluk":"Bangalore South","district":"BANGALORE","village_code":" "},"geometry":{"type":"Polygon","coordinates":[[[77.6547835837059,12.86878024273875],[77.64906541705365,12.87052225021531],[77.64254706887552,12.870082679663208],[77.64112826791917,12.863068428413001],[77.64260906879983,12.861287912004883],[77.644509738651,12.86123920034196],[77.65066282464807,12.861443408124256],[77.65262362592772,12.862978098648792],[77.65733723624217,12.860562777132849],[77.65696215457676,12.863509754916189],[77.65327043628851,12.864942665377065],[77.6547835837059,12.86878024273875]]]}},{"type":"Feature","properties":{"type":"village","name":" ","taluk":"Bangalore South","district":"BANGALORE","village_code":" "},"geometry":{"type":"Polygon","coordinates":[[[77.61344006095706,12.866700781075446],[77.61225115864482,12.86631699241092],[77.61200075685267,12.868138346333746],[77.6084861728637,12.86727857485984],[77.6084755511838,12.870041327739644],[77.6068276995929,12.870337933650577],[77.60522177956285,12.868004804281515],[77.60489682568692,12.865420596386796],[77.60627596422685,12.85739899061427],[77.61255405169402,12.857962237931071],[77.61201168395975,12.859220791990502],[77.61442060532735,12.862311126232136],[77.61458733893228,12.86513528377783],[77.61344006095706,12.866700781075446]]]}},{"type":"Feature","properties":{"type":"village","name":" ","taluk":"Bangalore South","district":"BANGALORE","village_code":" "},"geometry":{"type":"Polygon","coordinates":[[[77.60161635972901,12.868964394931371],[77.59876874699071,12.870816904397717],[77.59560379719181,12.868086294121962],[77.59380672644912,12.862531779299594],[77.59059377427468,12.862268626638253],[77.58826033923874,12.86358179140227],[77.58670752940493,12.866155784094538],[77.58436366043694,12.86332783981731],[77.58309281919438,12.85763260357614],[77.58544522485249,12.857107597013815],[77.58445134678848,12.853485886667684],[77.58546499677192,12.853073236601007],[77.58389752373772,12.848813437151227],[77.58169867160268,12.846561311999302],[77.57981570844407,12.839784514904501],[77.58294884171222,12.836643320602976],[77.58514626103438,12.843240591964815],[77.587899807586,12.844779722997691],[77.58830101495482,12.847369286228261],[77.59000267293625,12.849883985008876],[77.59250786315957,12.850259631810134],[77.59313807265389,12.857014931991374],[77.59577645877934,12.863639136826752],[77.60161635972901,12.868964394931371]]]}},{"type":"Feature","properties":{"type":"village","name":"Billapura","taluk":"Anekal","district":"BANGALORE","village_code":"613231"},"geometry":{"type":"Polygon","coordinates":[[[77.79355942241943,12.84349274737289],[77.78989580612821,12.848752344201475],[77.78842167613688,12.849208320320086],[77.78732182741203,12.84628828074814],[77.78594459958869,12.846278757842931],[77.7821394258767,12.835281206336838],[77.79552962906013,12.832763849436299],[77.79587909796017,12.834585358226793],[77.79244518897194,12.842177180211218],[77.79355942241943,12.84349274737289]]]}},{"type":"Feature","properties":{"type":"village","name":"Singena Agrahara","taluk":"Anekal","district":"BANGALORE","village_code":"613199"},"geometry":{"type":"Polygon","coordinates":[[[77.71825137043086,12.848891432564349],[77.7164809401262,12.847201482149943],[77.71543601709276,12.841287486702894],[77.6964874521562,12.838775875997918],[77.69176961437005,12.841984917308825],[77.68592487689092,12.842963451157777],[77.68854407859516,12.839412213972636],[77.6963226939466,12.83691361562465],[77.70570110371617,12.829995865610623],[77.71613342685856,12.830561319394477],[77.71983755357581,12.828021164785406],[77.71992277135693,12.83456133395245],[77.72083353639256,12.834581328343036],[77.72122584864346,12.832001671839928],[77.72240575881968,12.83220436621926],[77.72234513691106,12.836083822368058],[77.72033794663008,12.837770354610297],[77.7225950832574,12.840166276236692],[77.71971899661955,12.843254582650475],[77.71825137043086,12.848891432564349]]]}},{"type":"Feature","properties":{"type":"village","name":"Gonipura","taluk":"Bangalore South","district":"BANGALORE","village_code":"613031"},"geometry":{"type":"Polygon","coordinates":[[[77.45249222179321,12.835461716711338],[77.4505245250454,12.83663842101911],[77.43376638694482,12.844182204362394],[77.4347681908446,12.837261474950678],[77.43365943981529,12.834238802000531],[77.4450877547576,12.823101172057195],[77.44772573035293,12.823408657887615],[77.44919061218845,12.821281938099329],[77.4543721926636,12.821455127092351],[77.45608988826781,12.824577357608437],[77.45682379478694,12.828208342415786],[77.4534012333174,12.829780970959845],[77.45373649176794,12.8306950959466],[77.45235494843799,12.831517257029768],[77.45249222179321,12.835461716711338]]]}},{"type":"Feature","properties":{"type":"village","name":"Badamanavarthekaval","taluk":"Bangalore South","district":"BANGALORE","village_code":"613036"},"geometry":{"type":"Polygon","coordinates":[[[77.55170490881949,12.848251086300428],[77.55319945661891,12.851031157657966],[77.54606617120466,12.851066537912105],[77.54405415786897,12.84862182305606],[77.54321417828106,12.844136840337388],[77.54127326300686,12.843770292233968],[77.54072301794585,12.84508362293227],[77.53791167109392,12.84558930573016],[77.53742524235072,12.842098943608175],[77.52998606800581,12.84256536309719],[77.523590305728,12.840048440855032],[77.5215792868273,12.849003655917285],[77.5176532906079,12.84289755979725],[77.51292404781093,12.831394272662013],[77.51229980313009,12.828242407662671],[77.51426340266185,12.820957777434936],[77.52308464495287,12.821514020239674],[77.52322211234417,12.816807151602015],[77.52784193764461,12.815202471118926],[77.53478492305081,12.819134300774294],[77.54148489530797,12.816867033012905],[77.54933550613791,12.8357216733897],[77.54814717425586,12.83570360774976],[77.54827617682224,12.83719507584719],[77.5462219256002,12.837714842585877],[77.5469174677685,12.839902326761852],[77.54844666538506,12.83991587357603],[77.54886134119494,12.84505465469797],[77.55004971080619,12.844882892049466],[77.5500681765752,12.846252331406932],[77.55241251266712,12.847734905961369],[77.55170490881949,12.848251086300428]]]}},{"type":"Feature","properties":{"type":"village","name":"Gottamaranahalli","taluk":"Anekal","district":"BANGALORE","village_code":"613198"},"geometry":{"type":"Polygon","coordinates":[[[77.69176961437005,12.841984917308825],[77.6964874521562,12.838775875997918],[77.71543601709276,12.841287486702894],[77.71754756196535,12.848891670787754],[77.70876450436208,12.848861597705792],[77.70772000263854,12.843715004873651],[77.70482034959755,12.841751233738995],[77.69176961437005,12.841984917308825]]]}},{"type":"Feature","properties":{"type":"village","name":"Narayanaghatta","taluk":"Anekal","district":"BANGALORE","village_code":"613200"},"geometry":{"type":"Polygon","coordinates":[[[77.72760604671063,12.849209248689597],[77.71833274701582,12.850309377315222],[77.71971899661955,12.843254582650475],[77.7225950832574,12.840166276236692],[77.72033794663008,12.837770354610297],[77.72234513691106,12.836083822368058],[77.72238594108619,12.8345198456745],[77.72240575881968,12.83220436621926],[77.72122584864346,12.832001671839928],[77.72083353639256,12.834581328343036],[77.71992277135693,12.83456133395245],[77.71936221543311,12.829991514202685],[77.72045986418384,12.827587115950191],[77.72758970006743,12.827602439743986],[77.72951307304076,12.839123425322049],[77.72678213079665,12.842132790639774],[77.72760604671063,12.849209248689597]]]}},{"type":"Feature","properties":{"type":"village","name":"Chikkathimmasandra","taluk":"Anekal","district":"BANGALORE","village_code":"613205"},"geometry":{"type":"Polygon","coordinates":[[[77.74712695167088,12.85044015419782],[77.74171803275016,12.850797097143374],[77.74221833417629,12.847703244869152],[77.73935918437483,12.84373428735464],[77.73981610256261,12.839456943855964],[77.7490835578182,12.842859895071454],[77.74995301382549,12.845043286362024],[77.74712695167088,12.85044015419782]]]}},{"type":"Feature","properties":{"type":"village","name":"Hommadevanahalli","taluk":"Bangalore South","district":"BANGALORE","village_code":"613059"},"geometry":{"type":"Polygon","coordinates":[[[77.61207514903627,12.838069338939881],[77.6126648867321,12.844069358762317],[77.60968148285883,12.846114488766428],[77.60929999710376,12.849576399303837],[77.6057656465853,12.849369815404058],[77.60404451133186,12.849163249726658],[77.60356650968433,12.848074862636714],[77.59469316061528,12.847191930377067],[77.59299140831072,12.845183903357617],[77.58981761639446,12.835954247586205],[77.59566601810168,12.832914775367044],[77.6009491288652,12.833609734707176],[77.6035510137457,12.831769694842704],[77.60487368778014,12.834964760852685],[77.61207514903627,12.838069338939881]]]}},{"type":"Feature","properties":{"type":"village","name":"Bettadasanapura","taluk":"Bangalore South","district":"BANGALORE","village_code":"613060"},"geometry":{"type":"Polygon","coordinates":[[[77.64291557217811,12.843949043083839],[77.63517268102892,12.845571185621912],[77.63342080632472,12.848231657027705],[77.63056345944207,12.850053064236997],[77.62835257617046,12.844466162215301],[77.62703861579426,12.844220578318538],[77.6257166810733,12.836071618925994],[77.63111892461318,12.837209653696972],[77.63190942319856,12.838536413164602],[77.63555548371417,12.839710676092647],[77.6421666628954,12.840321644421344],[77.64291557217811,12.843949043083839]]]}},{"type":"Feature","properties":{"type":"village","name":" ","taluk":"Bangalore South","district":"BANGALORE","village_code":" "},"geometry":{"type":"Polygon","coordinates":[[[77.59299140831072,12.845183903357617],[77.5955534906376,12.84918107705177],[77.59250786315957,12.850259631810134],[77.59000267293625,12.849883985008876],[77.58830101495482,12.847369286228261],[77.587899807586,12.844779722997691],[77.58459183970564,12.842264745410073],[77.58294884171222,12.836643320602976],[77.58493930985416,12.835083181070187],[77.58981761639446,12.835954247586205],[77.59299140831072,12.845183903357617]]]}},{"type":"Feature","properties":{"type":"village","name":"Kannaikana Agrahara","taluk":"Anekal","district":"BANGALORE","village_code":"613127"},"geometry":{"type":"Polygon","coordinates":[[[77.55628394880941,12.849475471649644],[77.55302872910423,12.850277490586848],[77.55170490881949,12.848251086300428],[77.55241251266712,12.847734905961369],[77.55040904590302,12.846776598692069],[77.55004971080619,12.844882892049466],[77.54886134119494,12.84505465469797],[77.54844666538506,12.83991587357603],[77.5469174677685,12.839902326761852],[77.5462219256002,12.837714842585877],[77.54827617682224,12.83719507584719],[77.54814717425586,12.83570360774976],[77.54933550613791,12.8357216733897],[77.54268936093253,12.819968394647974],[77.54841078936758,12.823410159197666],[77.54982634021924,12.821665488102816],[77.55311503744011,12.822567151172427],[77.56207985027648,12.835854849855936],[77.56380010068933,12.842314340977056],[77.5626145419066,12.842135067836738],[77.55817128227187,12.845387823786073],[77.55628394880941,12.849475471649644]]]}},{"type":"Feature","properties":{"type":"village","name":"Gangasandra","taluk":"Bangalore South","district":"BANGALORE","village_code":"613033"},"geometry":{"type":"Polygon","coordinates":[[[77.46510768104469,12.8386884619828],[77.46932569980001,12.836601802013272],[77.47221547406782,12.837936166274115],[77.47399679914025,12.842311451566534],[77.47429159387717,12.846625633788804],[77.4706704229831,12.849374717367196],[77.46807326683428,12.846982209051882],[77.4617705879862,12.845607812079372],[77.45959217521883,12.842835017641345],[77.4618203052456,12.837857479035035],[77.46169412877911,12.836213977782077],[77.46334812125326,12.836192907958258],[77.46510768104469,12.8386884619828]]]}},{"type":"Feature","properties":{"type":"village","name":"Chintalmadivala","taluk":"Anekal","district":"BANGALORE","village_code":"613197"},"geometry":{"type":"Polygon","coordinates":[[[77.71754756196535,12.848891670787754],[77.71645236202207,12.854233870659666],[77.70731192495441,12.855292819098665],[77.70876450436208,12.848861597705792],[77.71754756196535,12.848891670787754]]]}},{"type":"Feature","properties":{"type":"village","name":"Gulimangala","taluk":"Anekal","district":"BANGALORE","village_code":"613191"},"geometry":{"type":"Polygon","coordinates":[[[77.70731192495441,12.855292819098665],[77.70127912067895,12.855335304109337],[77.69995392237855,12.853755232592071],[77.6957405802526,12.853101467357115],[77.69291352006971,12.849653846217493],[77.69099345828648,12.844865531239616],[77.68592487689092,12.842963451157777],[77.69132642333811,12.842000370726279],[77.70482034959755,12.841751233738995],[77.70772000263854,12.843715004873651],[77.70876450436208,12.848861597705792],[77.70731192495441,12.855292819098665]]]}},{"type":"Feature","properties":{"type":"village","name":"Gopasandra","taluk":"Anekal","district":"BANGALORE","village_code":"613206"},"geometry":{"type":"Polygon","coordinates":[[[77.74171803275016,12.850797097143374],[77.7330634324359,12.85600121170322],[77.72833106529835,12.85046826613895],[77.72761883782196,12.848251464656249],[77.72897451685826,12.848220252926765],[77.7289740084118,12.846971898803517],[77.73032970900768,12.847012307757844],[77.73001548011794,12.843656195749878],[77.73429092008453,12.843368004919592],[77.73981610256261,12.839456943855964],[77.73935918437483,12.84373428735464],[77.74221833417629,12.847703244869152],[77.74171803275016,12.850797097143374]]]}},{"type":"Feature","properties":{"type":"village","name":"Agara","taluk":"Bangalore South","district":"BANGALORE","village_code":"613039"},"geometry":{"type":"Polygon","coordinates":[[[77.51921666912106,12.84490377196445],[77.5192103952871,12.847410712829175],[77.51717648192307,12.848300076367646],[77.51971927921748,12.852414575569032],[77.51846733673187,12.853621477947467],[77.5168823636176,12.853211510698499],[77.5163198511631,12.851758267866437],[77.51319127325173,12.85179783789938],[77.5121390199656,12.849515544762472],[77.51289134823624,12.846210807397815],[77.5116712222814,12.846240963125181],[77.51138872009082,12.848307785365831],[77.5095119157818,12.847641832848815],[77.50916855632403,12.845963561126084],[77.50894897393259,12.84723227973977],[77.50785395005911,12.847334101638602],[77.5076979899494,12.846341485693612],[77.50713435460081,12.847415628843773],[77.50554912816163,12.847660467793245],[77.50492391599522,12.846636932862612],[77.50567506657458,12.845982410773743],[77.5054675952698,12.843690252773248],[77.5043834356214,12.84291207688322],[77.50004376701027,12.846020640818605],[77.49797330658724,12.849384288325128],[77.4946029489138,12.850721170997156],[77.4934941942912,12.852776078667482],[77.48628991861331,12.849153072692518],[77.48365079407269,12.846884003306018],[77.48376510289597,12.844891166942167],[77.47914688378324,12.84116419268411],[77.47856003776434,12.83966468765284],[77.48067281871873,12.83517495904333],[77.47981331604475,12.832483994994993],[77.48050317457225,12.82995678614585],[77.47910036003469,12.829731337009356],[77.47997469389396,12.817568796223346],[77.48916623432152,12.819824972865389],[77.48852032766594,12.826789746592558],[77.4982767332357,12.827340191212638],[77.49996536564556,12.823231398129296],[77.50652208625934,12.827700476090454],[77.51001377129339,12.823630181607236],[77.51420012173999,12.821152650002853],[77.51229980313009,12.828242407662671],[77.51292404781093,12.831394272662013],[77.51921666912106,12.84490377196445]]]}},{"type":"Feature","properties":{"type":"village","name":"Chikkadunnasandra","taluk":"Anekal","district":"BANGALORE","village_code":"613220"},"geometry":{"type":"Polygon","coordinates":[[[77.7766124512596,12.846673018778137],[77.78077397766165,12.853065311424798],[77.77879737501614,12.854429482888703],[77.77654027971137,12.85449188728449],[77.77600007781524,12.857696066882498],[77.76531371111054,12.85699112880983],[77.76546788177623,12.85205128266954],[77.76922283157901,12.849973864935329],[77.76972199034812,12.845956153342076],[77.76811548192154,12.843555576640647],[77.77113796520459,12.841378388315276],[77.77202065698928,12.845428304813499],[77.7766124512596,12.846673018778137]]]}},{"type":"Feature","properties":{"type":"village","name":" ","taluk":"Bangalore South","district":"BANGALORE","village_code":" "},"geometry":{"type":"Polygon","coordinates":[[[77.58544522485249,12.857107597013815],[77.58192739435212,12.857760230805207],[77.57436561973384,12.840741142682285],[77.57851760063771,12.841360927416718],[77.57981570844407,12.839784514904501],[77.58169867160268,12.846561311999302],[77.58389752373772,12.848813437151227],[77.58546499677192,12.853073236601007],[77.58445134678848,12.853485886667684],[77.58544522485249,12.857107597013815]]]}},{"type":"Feature","properties":{"type":"village","name":"Kaggalipura","taluk":"Anekal","district":"BANGALORE","village_code":"613196"},"geometry":{"type":"Polygon","coordinates":[[[77.7330634324359,12.85600121170322],[77.73373036236408,12.860502399927528],[77.72051161522901,12.857663796619967],[77.71899439574844,12.855277764987498],[77.71833274701582,12.850309377315222],[77.72760604671063,12.849209248689597],[77.7330634324359,12.85600121170322]]]}},{"type":"Feature","properties":{"type":"village","name":"Konappana Agrahara (CT)","taluk":"Bangalore South","district":"BANGALORE","village_code":"613063"},"geometry":{"type":"Polygon","coordinates":[[[77.68190443719243,12.845679197703154],[77.6703740107518,12.859923144620435],[77.66474679313218,12.856905233628028],[77.66507920931318,12.855626980898071],[77.6610324274173,12.855477933182648],[77.66149515411172,12.84446353470473],[77.66394313422785,12.841416875683894],[77.67741195167677,12.842834140922973],[77.68190443719243,12.845679197703154]]]}},{"type":"Feature","properties":{"type":"village","name":"Kumbalagodu Gollahalli","taluk":"Bangalore South","district":"BANGALORE","village_code":"613027"},"geometry":{"type":"Polygon","coordinates":[[[77.45675813871947,12.852127007853124],[77.4546019475773,12.856845134921109],[77.45144619383196,12.855739180221944],[77.44035390270487,12.854884295270459],[77.43922248358766,12.85186455456703],[77.43376638694482,12.844182204362394],[77.45249222179321,12.835461716711338],[77.4577272232817,12.838069317919265],[77.46007334971596,12.841684391767158],[77.45959217521883,12.842835017641345],[77.4617705879862,12.845607812079372],[77.45675813871947,12.852127007853124]]]}},{"type":"Feature","properties":{"type":"village","name":" ","taluk":"Bangalore South","district":"BANGALORE","village_code":" "},"geometry":{"type":"Polygon","coordinates":[[[77.58192739435212,12.857760230805207],[77.57212110713125,12.860089869115571],[77.57220353744006,12.858969651645143],[77.57089969928047,12.860033538787748],[77.56844993960178,12.855540954755607],[77.5695971367286,12.855357030928745],[77.56476755660596,12.84259830882314],[77.57436561973384,12.840741142682285],[77.58192739435212,12.857760230805207]]]}},{"type":"Feature","properties":{"type":"village","name":"Doddathoguru (OG)","taluk":"Bangalore South","district":"BANGALORE","village_code":"613058"},"geometry":{"type":"Polygon","coordinates":[[[77.6703740107518,12.859923144620435],[77.66791738704599,12.862018068230663],[77.66200649313777,12.85857457889282],[77.6511393584484,12.855475305787277],[77.65105577200785,12.853879053796344],[77.64963740673439,12.853101505892615],[77.64888663973571,12.854124806914253],[77.6484902653031,12.853142524298011],[77.64790631455432,12.853736048970445],[77.64391607082581,12.852182399335158],[77.6421666628954,12.840321644421344],[77.64945163962523,12.839307826988666],[77.65196104384552,12.837309158622643],[77.65952297387237,12.835014549675298],[77.66138826537268,12.834787753603795],[77.66491730864445,12.83666181272119],[77.66394313422785,12.841416875683894],[77.66149515411172,12.84446353470473],[77.6610324274173,12.855477933182648],[77.66507920931318,12.855626980898071],[77.66474679313218,12.856905233628028],[77.6703740107518,12.859923144620435]]]}},{"type":"Feature","properties":{"type":"village","name":"Kadagrahara","taluk":"Anekal","district":"BANGALORE","village_code":"613219"},"geometry":{"type":"Polygon","coordinates":[[[77.76487783595826,12.86353530464131],[77.75053414566091,12.862046262949802],[77.75051781069578,12.857838518580703],[77.76531371111054,12.85699112880983],[77.76672081600191,12.862596024308699],[77.76487783595826,12.86353530464131]]]}},{"type":"Feature","properties":{"type":"village","name":" ","taluk":"Bangalore South","district":"BANGALORE","village_code":" "},"geometry":{"type":"Polygon","coordinates":[[[77.65809561466627,12.858012263038656],[77.65849499665842,12.862821542919525],[77.65742271004312,12.864235096710837],[77.65664909529349,12.861933994631633],[77.65746254134282,12.861831584001278],[77.65733723624217,12.860562777132849],[77.65262362592772,12.862978098648792],[77.65066282464807,12.861443408124256],[77.64260906879983,12.861287912004883],[77.64391607082581,12.852182399335158],[77.64790631455432,12.853736048970445],[77.6484902653031,12.853142524298011],[77.64888663973571,12.854124806914253],[77.64963740673439,12.853101505892615],[77.65105577200785,12.853879053796344],[77.6511393584484,12.855475305787277],[77.65340239880373,12.855618356915704],[77.65809561466627,12.858012263038656]]]}},{"type":"Feature","properties":{"type":"village","name":"Huskur","taluk":"Anekal","district":"BANGALORE","village_code":"613192"},"geometry":{"type":"Polygon","coordinates":[[[77.71899439574844,12.855277764987498],[77.71567517018096,12.86441889405148],[77.71615173901561,12.865637403871567],[77.70930561804822,12.864958914328215],[77.70240313498324,12.86310482636903],[77.70146741474902,12.861997307092667],[77.70127912067895,12.855335304109337],[77.71645236202207,12.854233870659666],[77.71754756196535,12.848891670787754],[77.71825137043086,12.848891432564349],[77.71895416020688,12.851405966342417],[77.71899439574844,12.855277764987498]]]}},{"type":"Feature","properties":{"type":"village","name":" ","taluk":"Bangalore South","district":"BANGALORE","village_code":" "},"geometry":{"type":"Polygon","coordinates":[[[77.57309660296963,12.862990129132331],[77.56739586004065,12.864836130242113],[77.56377432982048,12.861253005235708],[77.56325851538772,12.859019905132113],[77.56031315696337,12.859638381007457],[77.55886070781142,12.855772516577359],[77.55700594815947,12.85464614835499],[77.55628394880941,12.849475471649644],[77.55817128227187,12.845387823786073],[77.5626145419066,12.842135067836738],[77.56476755660596,12.84259830882314],[77.56919072721598,12.853985794141398],[77.5695971367286,12.855357030928745],[77.56844993960178,12.855540954755607],[77.5695964773652,12.858303969121241],[77.57089969928047,12.860033538787748],[77.57220353744006,12.858969651645143],[77.57309660296963,12.862990129132331]]]}},{"type":"Feature","properties":{"type":"village","name":"Harohalli","taluk":"Anekal","district":"BANGALORE","village_code":"613195"},"geometry":{"type":"Polygon","coordinates":[[[77.73373036236408,12.860502399927528],[77.73435597967068,12.868033021973163],[77.71615173901561,12.865637403871567],[77.71567517018096,12.86441889405148],[77.71899439574844,12.855277764987498],[77.72051161522901,12.857663796619967],[77.73373036236408,12.860502399927528]]]}},{"type":"Feature","properties":{"type":"village","name":"Devagere","taluk":"Bangalore South","district":"BANGALORE","village_code":"613034"},"geometry":{"type":"Polygon","coordinates":[[[77.4706704229831,12.849374717367196],[77.46987679915885,12.863311970845198],[77.46819164322916,12.8643382963025],[77.46630951819868,12.862334475257914],[77.46122107774713,12.861452722019289],[77.45944025123968,12.85833055543417],[77.45753477180844,12.85810514664024],[77.45690435659995,12.85103812037889],[77.4617705879862,12.845607812079372],[77.46807326683428,12.846982209051882],[77.4706704229831,12.849374717367196]]]}},{"type":"Feature","properties":{"type":"village","name":"Thindlu","taluk":"Anekal","district":"BANGALORE","village_code":"613249"},"geometry":{"type":"Polygon","coordinates":[[[77.81193571829917,12.869155804335046],[77.8078402827492,12.869990852268861],[77.8069567510397,12.866609957814923],[77.80099113895088,12.86731783417941],[77.79926920419682,12.864370543812566],[77.79908884225071,12.851589080309731],[77.8079015730044,12.847722830955535],[77.81474447620646,12.855249715766549],[77.80996685463984,12.858715036800923],[77.81193571829917,12.869155804335046]]]}},{"type":"Feature","properties":{"type":"village","name":"Chikkanagamangala","taluk":"Anekal","district":"BANGALORE","village_code":"613189"},"geometry":{"type":"Polygon","coordinates":[[[77.70146741474902,12.861997307092667],[77.68767041398075,12.868165657604829],[77.68190974982905,12.845691672186874],[77.68592487689092,12.842963451157777],[77.69099345828648,12.844865531239616],[77.69291352006971,12.849653846217493],[77.6957405802526,12.853101467357115],[77.69995392237855,12.853755232592071],[77.70127912067895,12.855335304109337],[77.70146741474902,12.861997307092667]]]}},{"type":"Feature","properties":{"type":"village","name":"Kommasandra","taluk":"Anekal","district":"BANGALORE","village_code":"613207"},"geometry":{"type":"Polygon","coordinates":[[[77.7505196702084,12.863365974389515],[77.73413522497779,12.870563607314029],[77.7330634324359,12.85600121170322],[77.74133108433982,12.85093017015716],[77.74712695167088,12.85044015419782],[77.75051781069578,12.857838518580703],[77.7505196702084,12.863365974389515]]]}},{"type":"Feature","properties":{"type":"village","name":" ","taluk":"Bangalore South","district":"BANGALORE","village_code":" "},"geometry":{"type":"Polygon","coordinates":[[[77.60686017189379,12.853573155405916],[77.60374158594335,12.868603219913268],[77.60161635972901,12.868964394931371],[77.59577645877934,12.863639136826752],[77.59254560497791,12.854068828196624],[77.59250786315957,12.850259631810134],[77.5955534906376,12.84918107705177],[77.59469316061528,12.847191930377067],[77.60929999710376,12.849576399303837],[77.60931044630716,12.852571022182335],[77.60686017189379,12.853573155405916]]]}},{"type":"Feature","properties":{"type":"village","name":"Gudimavu","taluk":"Bangalore South","district":"BANGALORE","village_code":"613026"},"geometry":{"type":"Polygon","coordinates":[[[77.46990270028343,12.868167806705564],[77.46635391832993,12.869391396054281],[77.46600807323377,12.86842593423689],[77.46232343905982,12.87046101016984],[77.46029108517115,12.866804780972185],[77.45888878985981,12.868736368434185],[77.45734317912468,12.868355978180734],[77.45590901967188,12.865126617209704],[77.454296703637,12.8651065420528],[77.45467275099136,12.862353506713484],[77.45144619383196,12.855739180221944],[77.4546019475773,12.856845134921109],[77.45675813871947,12.852127007853124],[77.45753477180844,12.85810514664024],[77.45944025123968,12.85833055543417],[77.46122107774713,12.861452722019289],[77.46630951819868,12.862334475257914],[77.4699855294442,12.865671656711651],[77.46990270028343,12.868167806705564]]]}},{"type":"Feature","properties":{"type":"village","name":"Kaniminike","taluk":"Bangalore South","district":"BANGALORE","village_code":"613020"},"geometry":{"type":"Polygon","coordinates":[[[77.44366352438364,12.860040100150597],[77.44127642309431,12.862493516737631],[77.44086113912496,12.865882577982141],[77.43500452501945,12.86935452172663],[77.42920759767634,12.870638959098406],[77.41838167140402,12.86957251770573],[77.42419075834282,12.861086811359545],[77.42889059478901,12.856710034075402],[77.42920436463966,12.855251333367729],[77.42662798023511,12.850362283631519],[77.43785064835097,12.850236735334326],[77.44366352438364,12.860040100150597]]]}},{"type":"Feature","properties":{"type":"village","name":" ","taluk":"Bangalore South","district":"BANGALORE","village_code":" "},"geometry":{"type":"Polygon","coordinates":[[[77.56131165326629,12.874277848053843],[77.55245593273636,12.8758703972901],[77.55043078872617,12.868518827119802],[77.55778480008722,12.867404436035716],[77.56131165326629,12.874277848053843]]]}},{"type":"Feature","properties":{"type":"village","name":" ","taluk":"Bangalore South","district":"BANGALORE","village_code":" "},"geometry":{"type":"Polygon","coordinates":[[[77.61662578160198,12.876928245565592],[77.61492067319149,12.874083550012482],[77.61550485121401,12.871018972821865],[77.61344006095706,12.866700781075446],[77.61458733893228,12.86513528377783],[77.61442060532735,12.862311126232136],[77.61201168395975,12.859220791990502],[77.61255405169402,12.857962237931071],[77.60627596422685,12.85739899061427],[77.60686017189379,12.853573155405916],[77.60896390322002,12.85261633213576],[77.61317123202343,12.852410207033031],[77.61634572282897,12.855534663021013],[77.61620219001287,12.85682429803693],[77.61493186979321,12.856765180199869],[77.61575557639972,12.860776331789564],[77.61821680576799,12.860530865433239],[77.62023984412717,12.86777549393001],[77.61725704122685,12.869248846700923],[77.61662578160198,12.876928245565592]]]}},{"type":"Feature","properties":{"type":"village","name":"Avalahalli","taluk":"Anekal","district":"BANGALORE","village_code":"613193"},"geometry":{"type":"Polygon","coordinates":[[[77.72058088881215,12.877719732906666],[77.71693380601374,12.878773743865453],[77.71616784491034,12.876966407844233],[77.71258476707594,12.878338147781896],[77.71196236034815,12.87759281115622],[77.70693652887866,12.87771345836704],[77.70724112064202,12.869600604734366],[77.70930582016913,12.868699528164548],[77.70956055723089,12.864982656326205],[77.71900475961189,12.865644238325924],[77.72058088881215,12.877719732906666]]]}},{"type":"Feature","properties":{"type":"village","name":"Yamare","taluk":"Anekal","district":"BANGALORE","village_code":"613217"},"geometry":{"type":"Polygon","coordinates":[[[77.7730164619396,12.877115548754576],[77.76941221261056,12.881430271073693],[77.76581147120272,12.87744247166678],[77.75749585195759,12.87861384925339],[77.75259270520306,12.87249202016961],[77.75209782870292,12.867127034651967],[77.74281603992868,12.867003073732276],[77.7505196702084,12.863365974389515],[77.75053414566091,12.862046262949802],[77.76487783595826,12.86353530464131],[77.76894990003949,12.874438283131722],[77.77199011606623,12.874828222760867],[77.7730164619396,12.877115548754576]]]}},{"type":"Feature","properties":{"type":"village","name":"Seshagiripura","taluk":"Bangalore South","district":"BANGALORE","village_code":"613005"},"geometry":{"type":"Polygon","coordinates":[[[77.42384010995482,12.888022035637825],[77.41916822009715,12.890921772830199],[77.41939507794405,12.888295315693894],[77.41588300923789,12.879029024907652],[77.41756644938535,12.877691504920834],[77.41577560217094,12.875263646295846],[77.41577504880873,12.871750585980509],[77.42120888340219,12.871729218759015],[77.42787989217798,12.875580335236014],[77.4282325222495,12.877589885371512],[77.42237343598033,12.878111255110051],[77.42384010995482,12.888022035637825]]]}},{"type":"Feature","properties":{"type":"village","name":"Gudighattanahalli","taluk":"Anekal","district":"BANGALORE","village_code":"613251"},"geometry":{"type":"Polygon","coordinates":[[[77.82175565182754,12.87471721771435],[77.81581316057746,12.874431124896084],[77.81173223641261,12.872269749615318],[77.81392518302293,12.871420616817646],[77.81275111369267,12.869002343863174],[77.81193571829917,12.869155804335046],[77.80996685463984,12.858715036800923],[77.81474447620646,12.855249715766549],[77.81637948817696,12.856172106716711],[77.8214602857621,12.855933727185015],[77.82175565182754,12.87471721771435]]]}},{"type":"Feature","properties":{"type":"village","name":"Thagachaguppe","taluk":"Bangalore South","district":"BANGALORE","village_code":"613021"},"geometry":{"type":"Polygon","coordinates":[[[77.45734317912468,12.868355978180734],[77.45658706984497,12.87380120811764],[77.45558199787416,12.873924768969266],[77.45371727680403,12.87042252199905],[77.45230400767318,12.870915982654664],[77.45056674137216,12.873350953204111],[77.44860886590538,12.873330938255641],[77.44594719095619,12.864929050727405],[77.44035390270487,12.854884295270459],[77.45144619383196,12.855739180221944],[77.45467275099136,12.862353506713484],[77.454296703637,12.8651065420528],[77.45590901967188,12.865126617209704],[77.45734317912468,12.868355978180734]]]}},{"type":"Feature","properties":{"type":"village","name":" ","taluk":"Bangalore South","district":"BANGALORE","village_code":" "},"geometry":{"type":"Polygon","coordinates":[[[77.49557662027384,12.872985512657602],[77.49470758827134,12.872913993806145],[77.49554641172745,12.875522731574984],[77.49503110663946,12.881886252602378],[77.49102718067084,12.879856240850229],[77.48755442313984,12.87951082074222],[77.48610328103662,12.87733465715811],[77.48344388601163,12.877335731669197],[77.48341126728536,12.87449037606004],[77.48530512521171,12.871716148313366],[77.49554478937006,12.87209185526427],[77.49557662027384,12.872985512657602]]]}},{"type":"Feature","properties":{"type":"village","name":"Thigala Chowdadenahalli","taluk":"Anekal","district":"BANGALORE","village_code":"613208"},"geometry":{"type":"Polygon","coordinates":[[[77.75749585195759,12.87861384925339],[77.76097136911315,12.884192595634268],[77.75994314576084,12.886153629078695],[77.76191302810972,12.890235694817296],[77.76144432043212,12.897724422786293],[77.75340075866572,12.896984003736637],[77.7519837228989,12.893060330181639],[77.74886337535216,12.892942286717531],[77.74428013394169,12.890140103265887],[77.74679872972396,12.88549138839441],[77.7548604024248,12.879471334770486],[77.75749585195759,12.87861384925339]]]}},{"type":"Feature","properties":{"type":"village","name":" ","taluk":"Bangalore South","district":"BANGALORE","village_code":" "},"geometry":{"type":"Polygon","coordinates":[[[77.57314649629882,12.894056782262838],[77.56060382304322,12.895039963249038],[77.55849733658404,12.893402222808318],[77.55883707493291,12.89057433641464],[77.56136148012017,12.889367575112658],[77.56507560778148,12.885173220672645],[77.56448129766089,12.878835544966137],[77.56632667800295,12.876372375913554],[77.56703749692097,12.880630505100196],[77.56947696010991,12.88550169180551],[77.56822415973319,12.890760857054543],[77.57137395315662,12.891273186947949],[77.57314649629882,12.894056782262838]]]}},{"type":"Feature","properties":{"type":"village","name":"Donnenahalli","taluk":"Bangalore South","district":"BANGALORE","village_code":"612991"},"geometry":{"type":"Polygon","coordinates":[[[77.39343409860965,12.891519585563513],[77.38056379360023,12.892089427077481],[77.380488003638,12.890924882350856],[77.37884633604958,12.890924886729232],[77.37882105925412,12.888967459050805],[77.37530760265085,12.890040908264211],[77.37390019862049,12.889754119266597],[77.37314238793165,12.887757358020103],[77.371615879871,12.889318606202131],[77.3644057166347,12.88772516080579],[77.36746964279509,12.883784923649607],[77.36672238910747,12.880743674034662],[77.37343474643747,12.882882329688064],[77.39339343457166,12.882128442180983],[77.39273728981678,12.889710415013136],[77.39343409860965,12.891519585563513]]]}},{"type":"Feature","properties":{"type":"village","name":" ","taluk":"Bangalore South","district":"BANGALORE","village_code":" "},"geometry":{"type":"Polygon","coordinates":[[[77.56632667800295,12.876372375913554],[77.56448129766089,12.878835544966137],[77.56507560778148,12.885173220672645],[77.55823956411497,12.89200543099198],[77.5536508061503,12.890162323578378],[77.55308817421985,12.88811568310268],[77.54812353329254,12.887930017787946],[77.54760243317264,12.886640576028537],[77.54655928610852,12.887110940880346],[77.54582504541608,12.88540372356501],[77.54709165200039,12.885719501228198],[77.54669600520319,12.883529644826124],[77.55060835601343,12.879662993611657],[77.55035844919297,12.878312242271786],[77.55178637433765,12.876386222884898],[77.55139757180459,12.874049666129501],[77.55245593273636,12.8758703972901],[77.56131165326629,12.874277848053843],[77.56351026195787,12.878131663750557],[77.56632667800295,12.876372375913554]]]}},{"type":"Feature","properties":{"type":"village","name":"Choodasandra","taluk":"Anekal","district":"BANGALORE","village_code":"613184"},"geometry":{"type":"Polygon","coordinates":[[[77.67735891065082,12.894165734065169],[77.67333401980011,12.89309856005573],[77.67448549111107,12.883778608104004],[77.68487352461499,12.882171730046135],[77.68782155822221,12.882641823940576],[77.68921520814727,12.886762929103234],[77.68228481532476,12.892068103622785],[77.67735891065082,12.894165734065169]]]}},{"type":"Feature","properties":{"type":"village","name":"Volagerekallahalli","taluk":"Anekal","district":"BANGALORE","village_code":"613234"},"geometry":{"type":"Polygon","coordinates":[[[77.78089468069312,12.875007962085364],[77.78108607664588,12.880535485224891],[77.78302075222214,12.880961040106879],[77.78397239599312,12.886308052816767],[77.78490752423755,12.886480133876976],[77.78504065186773,12.887781821174949],[77.78204546479289,12.88970607427288],[77.78141190997248,12.896114602708536],[77.7711249126835,12.894926445257134],[77.76941221261056,12.881430271073693],[77.7730164619396,12.877115548754576],[77.78089468069312,12.875007962085364]]]}},{"type":"Feature","properties":{"type":"village","name":" ","taluk":"Bangalore South","district":"BANGALORE","village_code":" "},"geometry":{"type":"Polygon","coordinates":[[[77.64185841768378,12.865007435227932],[77.64257076643271,12.873635884278967],[77.63693748159167,12.87929720234911],[77.63698470333122,12.886769128106938],[77.63405923001402,12.890000373139037],[77.63293276959719,12.889734350818518],[77.63278685983884,12.893929636740305],[77.62978293125799,12.893315721882141],[77.62871899717821,12.888670214050256],[77.62416627692778,12.888336342353657],[77.61895120636052,12.890013032813643],[77.61658931269638,12.87601244283875],[77.61725704122685,12.869248846700923],[77.62023984412717,12.86777549393001],[77.61821680576799,12.860530865433239],[77.61575557639972,12.860776331789564],[77.61493186979321,12.856765180199869],[77.62055305971728,12.856885871585172],[77.62483694205092,12.858086896942416],[77.63105371770332,12.85623344921483],[77.63297272935597,12.860899411248488],[77.64000185870631,12.861676867563794],[77.64014795711086,12.863334514068477],[77.64112826791917,12.863068428413001],[77.64185841768378,12.865007435227932]]]}},{"type":"Feature","properties":{"type":"village","name":" ","taluk":"Bangalore South","district":"BANGALORE","village_code":" "},"geometry":{"type":"Polygon","coordinates":[[[77.59876874699071,12.870816904397717],[77.59656912499952,12.87237409399544],[77.59329861956148,12.872486258682244],[77.58714087490134,12.867794237725018],[77.58699787568453,12.86495139938548],[77.59059377427468,12.862268626638253],[77.59380672644912,12.862531779299594],[77.59560379719181,12.868086294121962],[77.59876874699071,12.870816904397717]]]}},{"type":"Feature","properties":{"type":"village","name":" ","taluk":"Anekal","district":"BANGALORE","village_code":" "},"geometry":{"type":"Polygon","coordinates":[[[77.6903092007548,12.874574157334314],[77.68710316740467,12.874972758601633],[77.67960943837254,12.868987942133428],[77.68767041398075,12.868165657604829],[77.6903092007548,12.874574157334314]]]}},{"type":"Feature","properties":{"type":"village","name":" ","taluk":"Bangalore South","district":"BANGALORE","village_code":" "},"geometry":{"type":"Polygon","coordinates":[[[77.57309660296963,12.862990129132331],[77.57374050009395,12.865377016626988],[77.57588247180348,12.865602630823533],[77.57574758796694,12.870650243079362],[77.57686176841385,12.870050003771178],[77.5768903069921,12.870814660739244],[77.57579966420226,12.87325382179569],[77.57455647939236,12.87330986191325],[77.57432721316218,12.872127652904496],[77.5710971373018,12.870449586936706],[77.56842867468235,12.864573668350303],[77.57309660296963,12.862990129132331]]]}},{"type":"Feature","properties":{"type":"village","name":" ","taluk":"Bangalore South","district":"BANGALORE","village_code":" "},"geometry":{"type":"Polygon","coordinates":[[[77.57185198265194,12.87329228325977],[77.56351026195787,12.878131663750557],[77.55778480008722,12.867404436035716],[77.5591431767643,12.86559402995376],[77.5654647471828,12.862658994175304],[77.56739586004065,12.864836130242113],[77.56842867468235,12.864573668350303],[77.57005371086166,12.867257354384572],[77.57185198265194,12.87329228325977]]]}},{"type":"Feature","properties":{"type":"village","name":"Badamanavarthekaval","taluk":"Bangalore South","district":"BANGALORE","village_code":"613036"},"geometry":{"type":"Polygon","coordinates":[[[77.51086804577237,12.869529564828136],[77.503101819087,12.878228607616377],[77.49945615472843,12.87404690318992],[77.49557662027384,12.872985512657602],[77.49554478937006,12.87209185526427],[77.486340135336,12.871732200659558],[77.48587904537202,12.867298914321601],[77.48449690286576,12.866950222593234],[77.48399513269416,12.86875831390707],[77.47934696734312,12.869684625846304],[77.47595631582908,12.87358930217494],[77.47478287621782,12.871514771411892],[77.4735063827755,12.873651831414026],[77.47568426913013,12.874020829971156],[77.4755172669289,12.87533571968926],[77.47205713791416,12.875831965120582],[77.47221795611297,12.871998486426184],[77.46990270028343,12.868167806705564],[77.4699855294442,12.865671656711651],[77.46819164322916,12.8643382963025],[77.46987679915885,12.863311970845198],[77.46983393694337,12.859953647262731],[77.47056213377057,12.859790071118473],[77.47061788501372,12.848855993323781],[77.47239746825281,12.848526657931755],[77.4724389443678,12.847478887161346],[77.47429159387717,12.846625633788804],[77.47409130280646,12.843051009951783],[77.47221547406782,12.837936166274115],[77.46932569980001,12.836601802013272],[77.46750437993451,12.837090348108005],[77.46735586775681,12.831666715731226],[77.47997469389396,12.817568796223346],[77.47910036003469,12.829731337009356],[77.48050317457225,12.82995678614585],[77.47981331604475,12.832483994994993],[77.48067281871873,12.83517495904333],[77.47856003776434,12.83966468765284],[77.47914688378324,12.84116419268411],[77.48376510289597,12.844891166942167],[77.48365079407269,12.846884003306018],[77.48490759285073,12.848146969238504],[77.4934941942912,12.852776078667482],[77.4946029489138,12.850721170997156],[77.49797330658724,12.849384288325128],[77.50004376701027,12.846020640818605],[77.5043834356214,12.84291207688322],[77.5054675952698,12.843690252773248],[77.50567506657458,12.845982410773743],[77.50492391599522,12.846636932862612],[77.50554912816163,12.847660467793245],[77.50713435460081,12.847415628843773],[77.5076979899494,12.846341485693612],[77.50785395005911,12.847334101638602],[77.50894897393259,12.84723227973977],[77.50916855632403,12.845963561126084],[77.5095119157818,12.847641832848815],[77.51138872009082,12.848307785365831],[77.5116712222814,12.846240963125181],[77.51289134823624,12.846210807397815],[77.5121390199656,12.849515544762472],[77.51319127325173,12.85179783789938],[77.5163198511631,12.851758267866437],[77.5168823636176,12.853211510698499],[77.51846733673187,12.853621477947467],[77.51971927921748,12.852414575569032],[77.51717648192307,12.848300076367646],[77.5192103952871,12.847410712829175],[77.51921666912106,12.84490377196445],[77.521884378054,12.849570855369286],[77.51905409202092,12.859428618405873],[77.52026057885486,12.867205748626281],[77.52284052507949,12.870322571303484],[77.52042547181176,12.87191783769271],[77.51385086304572,12.869428564628445],[77.51372109062316,12.86809318017909],[77.51271986344176,12.868143901243004],[77.51163634878374,12.86566717806023],[77.512576248879,12.862822987944673],[77.51200581597863,12.855823768237462],[77.50992044172524,12.85502470357112],[77.50854268209926,12.857551481676024],[77.50530992925934,12.85720207839559],[77.50659967464874,12.864426760192792],[77.50979051479246,12.865410537364083],[77.50991376993764,12.86952401783131],[77.51086804577237,12.869529564828136]]]}},{"type":"Feature","properties":{"type":"village","name":" ","taluk":"Bangalore South","district":"BANGALORE","village_code":" "},"geometry":{"type":"Polygon","coordinates":[[[77.47589878232837,12.87868535159133],[77.47509028599627,12.877843213011793],[77.47231255500058,12.878711433957749],[77.47205713791416,12.875831965120582],[77.4755172669289,12.87533571968926],[77.47568426913013,12.874020829971156],[77.4735063827755,12.873651831414026],[77.47478287621782,12.871514771411892],[77.47595631582908,12.87358930217494],[77.47934696734312,12.869684625846304],[77.48399513269416,12.86875831390707],[77.48449690286576,12.866950222593234],[77.48587904537202,12.867298914321601],[77.486340135336,12.871732200659558],[77.48530512521171,12.871716148313366],[77.48512977855984,12.872816938417586],[77.48191312712306,12.872251654202373],[77.48116147528383,12.877480442959754],[77.47589878232837,12.87868535159133]]]}},{"type":"Feature","properties":{"type":"village","name":"Doddanagamangala","taluk":"Bangalore South","district":"BANGALORE","village_code":"613056"},"geometry":{"type":"Polygon","coordinates":[[[77.67960943837254,12.868987942133428],[77.67562352991358,12.872674399768982],[77.67336898133266,12.867537495865873],[77.66702097708858,12.865145263116986],[77.66837848329818,12.86092970183347],[77.66940409973955,12.861201503335785],[77.67300677791513,12.857529475669116],[77.68190443719243,12.845679197703154],[77.68767041398075,12.868165657604829],[77.67960943837254,12.868987942133428]]]}},{"type":"Feature","properties":{"type":"village","name":" ","taluk":"Bangalore South","district":"BANGALORE","village_code":" "},"geometry":{"type":"Polygon","coordinates":[[[77.5413378177398,12.867571758079816],[77.54115890567455,12.872370697001964],[77.52501431781134,12.872108994380195],[77.5248272912641,12.870359179261845],[77.52644452108362,12.868620306722557],[77.52649817026901,12.86481387177766],[77.52421521426383,12.862306031851205],[77.52626730503762,12.856976783317238],[77.52881165282417,12.855876753089465],[77.53011925582308,12.859033946610202],[77.53139155143809,12.859095815632013],[77.53147528071078,12.858297720369553],[77.53529188458646,12.859240490154797],[77.5355200557703,12.862760519937193],[77.5365629261533,12.862842748006099],[77.53733376510874,12.865421585999846],[77.538481023321,12.865258264764503],[77.5388978047819,12.86636350843231],[77.53998244233405,12.866343414107641],[77.53991946234778,12.867530350569597],[77.5413378177398,12.867571758079816]]]}},{"type":"Feature","properties":{"type":"village","name":"Sarjapura (CT)","taluk":"Anekal","district":"BANGALORE","village_code":"613358"},"geometry":{"type":"Polygon","coordinates":[[[77.79662116028375,12.876893508236549],[77.79490747475897,12.876897485773503],[77.79416200871876,12.874388876063964],[77.78975829202453,12.873741116961218],[77.7865055381948,12.875095867874872],[77.7785821458606,12.87500708898228],[77.778888561204,12.868837969678385],[77.7797776939093,12.868648484060346],[77.778263478395,12.865213021899764],[77.77672988981331,12.864285914013529],[77.776813154657,12.863400106683333],[77.77208761112236,12.861811852760843],[77.76934845378497,12.857905800279337],[77.77600007781524,12.857696066882498],[77.77654027971137,12.85449188728449],[77.77879737501614,12.854429482888703],[77.78077397766165,12.853065311424798],[77.7766124512596,12.846673018778137],[77.77984648689375,12.845264143784394],[77.7856963842959,12.844841438756713],[77.78594459958869,12.846278757842931],[77.78732182741203,12.84628828074814],[77.78842167613688,12.849208320320086],[77.78989580612821,12.848752344201475],[77.79355942241943,12.84349274737289],[77.79487605708022,12.845671617371716],[77.79672797715759,12.844827037392502],[77.79908884225071,12.851589080309731],[77.79934858292857,12.860849807090622],[77.79926920419682,12.864370543812566],[77.79547305585848,12.86573428425887],[77.79749859692406,12.869929098029543],[77.7941634981255,12.869801495381216],[77.79718377514621,12.874972860186348],[77.79662116028375,12.876893508236549]]]}},{"type":"Feature","properties":{"type":"village","name":"Mattanahalli","taluk":"Anekal","district":"BANGALORE","village_code":"613253"},"geometry":{"type":"Polygon","coordinates":[[[77.83599545286062,12.870381119338248],[77.83227272562705,12.87400519812372],[77.83077957021632,12.877403659675016],[77.82960944898173,12.877525471686473],[77.82696568823596,12.875070827250948],[77.82175565182754,12.87471721771435],[77.8214602857621,12.855933727185015],[77.82305867701177,12.855893394108875],[77.82577096933225,12.859988709226155],[77.83244523000941,12.862096101578947],[77.83214025376708,12.867573795088834],[77.83599545286062,12.870381119338248]]]}},{"type":"Feature","properties":{"type":"village","name":"Sompura","taluk":"Anekal","district":"BANGALORE","village_code":"613218"},"geometry":{"type":"Polygon","coordinates":[[[77.7785821458606,12.87500708898228],[77.7730164619396,12.877115548754576],[77.77199011606623,12.874828222760867],[77.76894990003949,12.874438283131722],[77.76487783595826,12.86353530464131],[77.76672081600191,12.862596024308699],[77.76531371111054,12.85699112880983],[77.76869932666908,12.857046805603078],[77.77208761112236,12.861811852760843],[77.776813154657,12.863400106683333],[77.77672988981331,12.864285914013529],[77.778263478395,12.865213021899764],[77.7797776939093,12.868648484060346],[77.778888561204,12.868837969678385],[77.7785821458606,12.87500708898228]]]}},{"type":"Feature","properties":{"type":"village","name":"Chokkasandra","taluk":"Anekal","district":"BANGALORE","village_code":"613194"},"geometry":{"type":"Polygon","coordinates":[[[77.7332509791077,12.873742138943587],[77.73089320601572,12.873991575208688],[77.72545948281336,12.876892410079055],[77.72058088881215,12.877719732906666],[77.71900475961189,12.865644238325924],[77.73435597967068,12.868033021973163],[77.7332509791077,12.873742138943587]]]}},{"type":"Feature","properties":{"type":"village","name":"Mahal Chowdadenahalli","taluk":"Anekal","district":"BANGALORE","village_code":"613250"},"geometry":{"type":"Polygon","coordinates":[[[77.81581316057746,12.874431124896084],[77.81475697716196,12.8796329137094],[77.80608771993555,12.877465771994794],[77.80594998304964,12.875798006161371],[77.79698256689561,12.870240788814426],[77.79757695606797,12.86977997473764],[77.79547305585848,12.86573428425887],[77.79926920419682,12.864370543812566],[77.80099113895088,12.86731783417941],[77.8069567510397,12.866609957814923],[77.8078402827492,12.869990852268861],[77.81265439567929,12.868920967292267],[77.8139067199489,12.871569759275928],[77.81173223641261,12.872269749615318],[77.81581316057746,12.874431124896084]]]}},{"type":"Feature","properties":{"type":"village","name":"Gattahalli","taluk":"Anekal","district":"BANGALORE","village_code":"613187"},"geometry":{"type":"Polygon","coordinates":[[[77.70693652887866,12.87771345836704],[77.69083011133017,12.880546389577487],[77.68995675573622,12.87739329813322],[77.69132470306434,12.877184713340476],[77.68767041398075,12.868165657604829],[77.70146741474902,12.861997307092667],[77.70240313498324,12.86310482636903],[77.70956055723089,12.864982656326205],[77.70930582016913,12.868699528164548],[77.70724112064202,12.869600604734366],[77.70693652887866,12.87771345836704]]]}},{"type":"Feature","properties":{"type":"village","name":" ","taluk":"Bangalore South","district":"BANGALORE","village_code":" "},"geometry":{"type":"Polygon","coordinates":[[[77.6719915486934,12.880552833934104],[77.66829013309169,12.880827484744039],[77.65968814081542,12.869190564629983],[77.66702097708858,12.865145263116986],[77.67336898133266,12.867537495865873],[77.67562352991358,12.872674399768982],[77.6719915486934,12.880552833934104]]]}},{"type":"Feature","properties":{"type":"village","name":" ","taluk":"Bangalore South","district":"BANGALORE","village_code":" "},"geometry":{"type":"Polygon","coordinates":[[[77.54226479916294,12.879078403913478],[77.53577713743495,12.880222209941964],[77.53419364833753,12.875207767749316],[77.5350155888562,12.87223001641992],[77.54115890567455,12.872370697001964],[77.5413378177398,12.867571758079816],[77.54805056224369,12.865667667611689],[77.54840397025625,12.866988910969777],[77.55022061259407,12.867843244120493],[77.55130904822326,12.873608944915372],[77.54189004178934,12.876949939864554],[77.54226479916294,12.879078403913478]]]}},{"type":"Feature","properties":{"type":"village","name":"Doddathimmasandra","taluk":"Anekal","district":"BANGALORE","village_code":"613248"},"geometry":{"type":"Polygon","coordinates":[[[77.81504175298849,12.88310854637605],[77.81071529500196,12.88573785662509],[77.80334474475819,12.884389002398255],[77.80062270571689,12.882422185122401],[77.79673478459078,12.88179277532258],[77.79749079415747,12.880193077627352],[77.79662116028375,12.876893508236549],[77.79718377514621,12.874972860186348],[77.7941634981255,12.869801495381216],[77.79698256689561,12.870240788814426],[77.80594998304964,12.875798006161371],[77.80608771993555,12.877465771994794],[77.81475697716196,12.8796329137094],[77.81504175298849,12.88310854637605]]]}},{"type":"Feature","properties":{"type":"village","name":"Rayasandra","taluk":"Anekal","district":"BANGALORE","village_code":"613185"},"geometry":{"type":"Polygon","coordinates":[[[77.68782155822221,12.882641823940576],[77.68487352461499,12.882171730046135],[77.67448549111107,12.883778608104004],[77.67436847925711,12.880257905714176],[77.6719915486934,12.880552833934104],[77.67542413086998,12.872858815326062],[77.67960943837254,12.868987942133428],[77.68710316740467,12.874972758601633],[77.69066748482271,12.875135223176482],[77.69132470306434,12.877184713340476],[77.68995675573622,12.87739329813322],[77.69083011133017,12.880546389577487],[77.68782155822221,12.882641823940576]]]}},{"type":"Feature","properties":{"type":"village","name":"Panditana Agrahara","taluk":"Anekal","district":"BANGALORE","village_code":"613252"},"geometry":{"type":"Polygon","coordinates":[[[77.82960944898173,12.877525471686473],[77.83208703038311,12.88220821805373],[77.83046924270985,12.886682316646327],[77.8212700279748,12.883584541608322],[77.81504175298849,12.88310854637605],[77.81581316057746,12.874431124896084],[77.82671694383548,12.875002984434442],[77.82960944898173,12.877525471686473]]]}},{"type":"Feature","properties":{"type":"village","name":" ","taluk":"Bangalore South","district":"BANGALORE","village_code":" "},"geometry":{"type":"Polygon","coordinates":[[[77.53514130897851,12.878473614412854],[77.53200178779035,12.879668294308503],[77.53104173219509,12.881059543391713],[77.52893540473772,12.87981039725306],[77.52868413517297,12.882286541106732],[77.52693359536529,12.878049654370548],[77.52783964514401,12.876638222391904],[77.52657872938704,12.872099376123204],[77.5350155888562,12.87223001641992],[77.53419364833753,12.875207767749316],[77.53514130897851,12.878473614412854]]]}},{"type":"Feature","properties":{"type":"village","name":" ","taluk":"Bangalore South","district":"BANGALORE","village_code":" "},"geometry":{"type":"Polygon","coordinates":[[[77.67448549111107,12.883778608104004],[77.6680920869109,12.88548555364766],[77.66820180085146,12.883781617883573],[77.65639064279974,12.885350645998221],[77.65492362926207,12.880777435288913],[77.65425175500657,12.873778262997208],[77.65968814081542,12.869190564629983],[77.66829013309169,12.880827484744039],[77.67436847925711,12.880257905714176],[77.67448549111107,12.883778608104004]]]}},{"type":"Feature","properties":{"type":"village","name":"Uttarahalli -Manavarthekaval","taluk":"Bangalore South","district":"BANGALORE","village_code":"613061"},"geometry":{"type":"Polygon","coordinates":[[[77.53514130897851,12.878473614412854],[77.53633936063193,12.882976204130188],[77.5322918115748,12.885062152780492],[77.51771167211822,12.883018851710522],[77.51825734655102,12.875247579288391],[77.52005963381062,12.873846494095472],[77.52042547181176,12.87191783769271],[77.52284052507949,12.870322571303484],[77.52026057885486,12.867205748626281],[77.51901293929947,12.858103503659542],[77.52191486956967,12.851494561783314],[77.5215792868273,12.849003655917285],[77.523590305728,12.840048440855032],[77.52998606800581,12.84256536309719],[77.53742524235072,12.842098943608175],[77.53791167109392,12.84558930573016],[77.54072301794585,12.84508362293227],[77.54127326300686,12.843770292233968],[77.54265859902392,12.844025396058408],[77.54210655463743,12.853884622158304],[77.53889188937578,12.859062533140905],[77.53326865129286,12.85934208473515],[77.53147528071078,12.858297720369553],[77.53139155143809,12.859095815632013],[77.53011925582308,12.859033946610202],[77.52881165282417,12.855876753089465],[77.52626730503762,12.856976783317238],[77.52421521426383,12.862306031851205],[77.52649817026901,12.86481387177766],[77.52644452108362,12.868620306722557],[77.5248272912641,12.870359179261845],[77.52501431781134,12.872108994380195],[77.52657872938704,12.872099376123204],[77.52755776189272,12.875496911595254],[77.52693359536529,12.878049654370548],[77.52778752399294,12.881385745705044],[77.52868413517297,12.882286541106732],[77.52893540473772,12.87981039725306],[77.53104173219509,12.881059543391713],[77.53200178779035,12.879668294308503],[77.53514130897851,12.878473614412854]]]}},{"type":"Feature","properties":{"type":"village","name":"Kolur Nanjundapura","taluk":"Bangalore South","district":"BANGALORE","village_code":"613003"},"geometry":{"type":"Polygon","coordinates":[[[77.40769019059039,12.88222067583436],[77.40540126707678,12.883017119571385],[77.40302842384764,12.87756643180384],[77.40592074034772,12.876586207849464],[77.40769019059039,12.88222067583436]]]}},{"type":"Feature","properties":{"type":"village","name":"Dodderi","taluk":"Bangalore South","district":"BANGALORE","village_code":"613002"},"geometry":{"type":"Polygon","coordinates":[[[77.39339343457166,12.882128442180983],[77.37343474643747,12.882882329688064],[77.36672238910747,12.880743674034662],[77.36434549088314,12.87156040459668],[77.36559092956607,12.871667159313846],[77.36975295992302,12.857662338428263],[77.37672257858071,12.856540179872246],[77.37940267078987,12.854937735736907],[77.37986335381703,12.857670119829649],[77.38537015317114,12.85711534515231],[77.38520271528701,12.859087597257679],[77.39001867335669,12.860566620058576],[77.39577719682309,12.8654147497879],[77.3951491693366,12.867345947733286],[77.39738975809804,12.868383282422117],[77.39339343457166,12.882128442180983]]]}},{"type":"Feature","properties":{"type":"village","name":" ","taluk":"Bangalore South","district":"BANGALORE","village_code":" "},"geometry":{"type":"Polygon","coordinates":[[[77.50260636317353,12.88897237512657],[77.498895779366,12.887912012825803],[77.49503110663946,12.881886252602378],[77.49554641172745,12.875522731574984],[77.49470758827134,12.872913993806145],[77.49811046855136,12.87327199069815],[77.503101819087,12.878228607616377],[77.50431193331804,12.877656173082993],[77.50578214575643,12.878414062943408],[77.50688585813532,12.882282421791144],[77.50548572956043,12.887582142004838],[77.50260636317353,12.88897237512657]]]}},{"type":"Feature","properties":{"type":"village","name":"Dommasandra (CT)","taluk":"Anekal","district":"BANGALORE","village_code":"613354"},"geometry":{"type":"Polygon","coordinates":[[[77.74428013394169,12.890140103265887],[77.73984149793569,12.89372101930863],[77.73517924071281,12.876433609260712],[77.7332509791077,12.873742138943587],[77.73413522497779,12.870563607314029],[77.74281603992868,12.867003073732276],[77.75209782870292,12.867127034651967],[77.75259270520306,12.87249202016961],[77.75749585195759,12.87861384925339],[77.7548604024248,12.879471334770486],[77.74679872972396,12.88549138839441],[77.74428013394169,12.890140103265887]]]}},{"type":"Feature","properties":{"type":"village","name":"Vadahalli","taluk":"Bangalore South","district":"BANGALORE","village_code":"612989"},"geometry":{"type":"Polygon","coordinates":[[[77.34486518977373,12.876503753971138],[77.34338331181304,12.888038269957532],[77.33323373520298,12.88797545533268],[77.33540893739149,12.88435208911929],[77.33499371181264,12.878441754908273],[77.34486518977373,12.876503753971138]]]}},{"type":"Feature","properties":{"type":"village","name":" ","taluk":"Anekal","district":"BANGALORE","village_code":" "},"geometry":{"type":"Polygon","coordinates":[[[77.67333401980011,12.89309856005573],[77.66181750916155,12.895097049284718],[77.65524303065122,12.894512330989974],[77.6537322089721,12.895136659763375],[77.6487595999882,12.891260854838961],[77.64500522690383,12.891976398123122],[77.64527205618761,12.891054301774126],[77.64387162218556,12.891249171603395],[77.64347415809654,12.888090128001835],[77.64447849524542,12.888175622820986],[77.64856758958781,12.883835246597792],[77.65492362926207,12.880777435288913],[77.65639064279974,12.885350645998221],[77.66820180085146,12.883781617883573],[77.6680920869109,12.88548555364766],[77.67448549111107,12.883778608104004],[77.67333401980011,12.89309856005573]]]}},{"type":"Feature","properties":{"type":"village","name":"Kolur Gururayanapura","taluk":"Bangalore South","district":"BANGALORE","village_code":"613001"},"geometry":{"type":"Polygon","coordinates":[[[77.39781317271898,12.882326377792378],[77.40364735409526,12.883663878291644],[77.40354662240917,12.886339865785065],[77.4014759239326,12.889239029622331],[77.39809155523564,12.888892415763783],[77.39834888124206,12.889972529208336],[77.39520725709784,12.89116369184454],[77.3943880995599,12.885233078779953],[77.39781317271898,12.882326377792378]]]}},{"type":"Feature","properties":{"type":"village","name":" ","taluk":"Bangalore South","district":"BANGALORE","village_code":" "},"geometry":{"type":"Polygon","coordinates":[[[77.59329861956148,12.872486258682244],[77.59197839702942,12.876557963097172],[77.58843977142854,12.87748309201768],[77.59029510330733,12.885485112298054],[77.5903570089085,12.890232954823775],[77.586367694038,12.888905965187009],[77.58098551437,12.89037850369155],[77.5793996869579,12.892793055404715],[77.57861123922629,12.897905264760094],[77.5745437610446,12.89598076470984],[77.57502509813675,12.888388425386873],[77.57638160092817,12.885359909966217],[77.5730027371073,12.883312731968674],[77.56866392818392,12.883291307936647],[77.56703749692097,12.880630505100196],[77.56632667800295,12.876372375913554],[77.57185198265194,12.87329228325977],[77.5710971373018,12.870449586936706],[77.57432721316218,12.872127652904496],[77.57455647939236,12.87330986191325],[77.57599095505213,12.873084980636285],[77.57685680162862,12.870997608165284],[77.57686176841385,12.870050003771178],[77.57574758796694,12.870650243079362],[77.57588247180348,12.865602630823533],[77.57374050009395,12.865377016626988],[77.57212110713125,12.860089869115571],[77.58309281919438,12.85763260357614],[77.5831783963016,12.860475437258838],[77.58714087490134,12.867794237725018],[77.59329861956148,12.872486258682244]]]}},{"type":"Feature","properties":{"type":"village","name":"Kethohalli Ramapura","taluk":"Bangalore South","district":"BANGALORE","village_code":"613000"},"geometry":{"type":"Polygon","coordinates":[[[77.39523184668207,12.891519032138488],[77.39967029044858,12.891246162789251],[77.39871091397966,12.895384089604702],[77.39556236472288,12.895290148886014],[77.39523184668207,12.891519032138488]]]}},{"type":"Feature","properties":{"type":"village","name":"Chikkanahalli","taluk":"Bangalore South","district":"BANGALORE","village_code":"612988"},"geometry":{"type":"Polygon","coordinates":[[[77.35786662815332,12.889360351627571],[77.34141014432515,12.894350380737952],[77.34338331181304,12.888038269957532],[77.346286349706,12.87015672935599],[77.36434549088314,12.87156040459668],[77.36578095828295,12.877519101688389],[77.35944803944749,12.877443722197462],[77.3595774965614,12.884304891640346],[77.35884136581362,12.883795030098499],[77.35829999431101,12.88485708766388],[77.35736903784272,12.88379491363044],[77.35890611997256,12.886747669342986],[77.35786662815332,12.889360351627571]]]}},{"type":"Feature","properties":{"type":"village","name":"Doddabele","taluk":"Bangalore South","district":"BANGALORE","village_code":"613024"},"geometry":{"type":"Polygon","coordinates":[[[77.48174368958914,12.8897648752282],[77.47919911363051,12.88975966931832],[77.47856879274508,12.892435883267664],[77.475743866061,12.894084650257817],[77.47589601102572,12.895608413208274],[77.47303952922069,12.89744299282518],[77.46856584005403,12.888760040671249],[77.46842375262722,12.88007555877994],[77.47551967171893,12.877966942636293],[77.4752175637973,12.880395254086928],[77.47915891042828,12.884085629079298],[77.47915960931756,12.88579527929639],[77.48282166343849,12.885669963279494],[77.48174368958914,12.8897648752282]]]}},{"type":"Feature","properties":{"type":"village","name":"Kumbalagodu (CT)","taluk":"Bangalore South","district":"BANGALORE","village_code":"613062"},"geometry":{"type":"Polygon","coordinates":[[[77.45189868422372,12.884720289923271],[77.45064656387167,12.888777960631248],[77.44194781585281,12.897296354375705],[77.43569612358365,12.894009702200826],[77.42855809236973,12.879565835750752],[77.42787989217798,12.875580335236014],[77.42987868680427,12.875446176255688],[77.42920759767634,12.870638959098406],[77.43500452501945,12.86935452172663],[77.44086113912496,12.865882577982141],[77.44127642309431,12.862493516737631],[77.44366352438364,12.860040100150597],[77.44860886590538,12.873330938255641],[77.45055530941187,12.874232013945107],[77.45189868422372,12.884720289923271]]]}},{"type":"Feature","properties":{"type":"village","name":"Kambipura","taluk":"Bangalore South","district":"BANGALORE","village_code":"613022"},"geometry":{"type":"Polygon","coordinates":[[[77.46856584005403,12.888760040671249],[77.46188387183173,12.8977655153257],[77.4577484890994,12.892448419349694],[77.45239000070039,12.888723767284658],[77.45119830372931,12.886989995206935],[77.45189868422372,12.884720289923271],[77.45015845168565,12.873474331248927],[77.45230400767318,12.870915982654664],[77.45405232594712,12.870473786430185],[77.4540527948677,12.871994057804988],[77.45607408690196,12.873934895957696],[77.45734317912468,12.868355978180734],[77.45888878985981,12.868736368434185],[77.45980947588944,12.866784386297546],[77.46232343905982,12.87046101016984],[77.46600807323377,12.86842593423689],[77.46635391832993,12.869391396054281],[77.46990270028343,12.868167806705564],[77.47063586479413,12.86893795862298],[77.47221795611297,12.871998486426184],[77.47231255500058,12.878711433957749],[77.46842375262722,12.88007555877994],[77.46856584005403,12.888760040671249]]]}},{"type":"Feature","properties":{"type":"village","name":" ","taluk":"Bangalore South","district":"BANGALORE","village_code":" "},"geometry":{"type":"Polygon","coordinates":[[[77.5181576910467,12.87659309717606],[77.5132701579101,12.87946117385289],[77.50711665599306,12.879437925377577],[77.50667809667472,12.880522354814413],[77.5055215912049,12.878025109699102],[77.50431193331804,12.877656173082993],[77.51086804577237,12.869529564828136],[77.51487288532762,12.869531335593432],[77.52042547181176,12.87191783769271],[77.5181576910467,12.87659309717606]]]}},{"type":"Feature","properties":{"type":"village","name":" ","taluk":"Bangalore South","district":"BANGALORE","village_code":" "},"geometry":{"type":"Polygon","coordinates":[[[77.55139757180459,12.874049666129501],[77.55178637433765,12.876386222884898],[77.55035844919297,12.878312242271786],[77.55060835601343,12.879662993611657],[77.54977349143276,12.881279462755522],[77.5478647070996,12.881729106193026],[77.54659100202794,12.88576027435909],[77.54413030176737,12.883406038795332],[77.54189004178934,12.876949939864554],[77.55139757180459,12.874049666129501]]]}},{"type":"Feature","properties":{"type":"village","name":"Chikkellur","taluk":"Bangalore South","district":"BANGALORE","village_code":"613006"},"geometry":{"type":"Polygon","coordinates":[[[77.42704756803298,12.887674579436112],[77.42384010995482,12.888022035637825],[77.42237343598033,12.878111255110051],[77.4282325222495,12.877589885371512],[77.43088816770651,12.884140890030158],[77.42704756803298,12.887674579436112]]]}},{"type":"Feature","properties":{"type":"village","name":"Kurubarapalya","taluk":"Bangalore South","district":"BANGALORE","village_code":"612990"},"geometry":{"type":"Polygon","coordinates":[[[77.36746964279509,12.883784923649607],[77.36297656618797,12.889721824233014],[77.35786662815332,12.889360351627571],[77.35890611997256,12.886747669342986],[77.35736903784272,12.88379491363044],[77.35829999431101,12.88485708766388],[77.35884136581362,12.883795030098499],[77.3595774965614,12.884304891640346],[77.35944803944749,12.877443722197462],[77.36578095828295,12.877519101688389],[77.36746964279509,12.883784923649607]]]}},{"type":"Feature","properties":{"type":"village","name":" ","taluk":"Bangalore South","district":"BANGALORE","village_code":" "},"geometry":{"type":"Polygon","coordinates":[[[77.51476612235273,12.892840676858366],[77.51246361900698,12.892901057657625],[77.51284076410258,12.889217566691611],[77.5107757483685,12.888909672823276],[77.5079172372692,12.890340903013614],[77.50260636317353,12.88897237512657],[77.50548572956043,12.887582142004838],[77.50711665599306,12.879437925377577],[77.5132701579101,12.87946117385289],[77.5181576910467,12.87659309717606],[77.51771167211822,12.883018851710522],[77.51476612235273,12.892840676858366]]]}},{"type":"Feature","properties":{"type":"village","name":" ","taluk":"Bangalore South","district":"BANGALORE","village_code":" "},"geometry":{"type":"Polygon","coordinates":[[[77.54592118671108,12.892984132240471],[77.5379308707865,12.895130284083587],[77.53229059256097,12.888336518366087],[77.5318168507245,12.885012323095257],[77.53633936063193,12.882976204130188],[77.53577713743495,12.880222209941964],[77.54226479916294,12.879078403913478],[77.54655928610852,12.887110940880346],[77.5465478406735,12.890323907880102],[77.54592118671108,12.892984132240471]]]}},{"type":"Feature","properties":{"type":"village","name":"Chunchanakuppe","taluk":"Bangalore South","district":"BANGALORE","village_code":"612993"},"geometry":{"type":"Polygon","coordinates":[[[77.56866392818392,12.883291307936647],[77.5730027371073,12.883312731968674],[77.57638160092817,12.885359909966217],[77.57502509813675,12.888388425386873],[77.5745437610446,12.89598076470984],[77.57245796727797,12.894670577088993],[77.57314649629882,12.894056782262838],[77.57137395315662,12.891273186947949],[77.56822415973319,12.890760857054543],[77.56956019710582,12.886402160660055],[77.56866392818392,12.883291307936647]]]}},{"type":"Feature","properties":{"type":"village","name":"Chikkellur","taluk":"Bangalore South","district":"BANGALORE","village_code":"613006"},"geometry":{"type":"Polygon","coordinates":[[[77.43569612358365,12.894009702200826],[77.42933988807667,12.89590952913156],[77.42469705871841,12.894858885403115],[77.42586167597524,12.893472743681393],[77.42704756803298,12.887674579436112],[77.43088816770651,12.884140890030158],[77.43569612358365,12.894009702200826]]]}},{"type":"Feature","properties":{"type":"village","name":"Kolur","taluk":"Bangalore South","district":"BANGALORE","village_code":"613004"},"geometry":{"type":"Polygon","coordinates":[[[77.41545632564763,12.896051274348459],[77.4065914036742,12.898232790123526],[77.39871091397966,12.895384089604702],[77.39967029044858,12.891246162789251],[77.39523184668207,12.891519032138488],[77.39834888124206,12.889972529208336],[77.39809155523564,12.888892415763783],[77.4014759239326,12.889239029622331],[77.40354662240917,12.886339865785065],[77.40364735409526,12.883663878291644],[77.39339343457166,12.882128442180983],[77.39738975809804,12.868383282422117],[77.40264523309015,12.865465575609262],[77.40214315928796,12.869985350821153],[77.40388157094095,12.873929680961544],[77.41037328586752,12.876640816288083],[77.41577560217094,12.875263646295846],[77.41756644938535,12.877691504920834],[77.41588300923789,12.879029024907652],[77.41939507794405,12.888295315693894],[77.41916822009715,12.890921772830199],[77.41545632564763,12.896051274348459]],[[77.40769019059039,12.88222067583436],[77.40592074034772,12.876586207849464],[77.40302842384764,12.87756643180384],[77.40540126707678,12.883017119571385],[77.40769019059039,12.88222067583436]]]}},{"type":"Feature","properties":{"type":"village","name":"Kommaghatta - Krishnasagara","taluk":"Bangalore South","district":"BANGALORE","village_code":"613018"},"geometry":{"type":"Polygon","coordinates":[[[77.45714321593904,12.90682653036858],[77.45752716217972,12.912754432966807],[77.4512164649694,12.916879644182762],[77.44981212868575,12.910664134877557],[77.44969406400627,12.903782476749807],[77.45714321593904,12.90682653036858]]]}},{"type":"Feature","properties":{"type":"village","name":" ","taluk":"Bangalore South","district":"BANGALORE","village_code":" "},"geometry":{"type":"Polygon","coordinates":[[[77.55505204055127,12.911410499047262],[77.55065871466992,12.912491263029086],[77.54924311890247,12.913960690054461],[77.55094818958372,12.918779051315786],[77.54697322080828,12.919591689737196],[77.54494361037449,12.916438996636373],[77.54663554858456,12.90984988607242],[77.54909751367305,12.908991126415996],[77.54907711562788,12.907476728276126],[77.55166411632243,12.906965884214527],[77.55112084578131,12.909871720242267],[77.55391640923371,12.909626958703969],[77.55505204055127,12.911410499047262]]]}},{"type":"Feature","properties":{"type":"village","name":" ","taluk":"Bangalore South","district":"BANGALORE","village_code":" "},"geometry":{"type":"Polygon","coordinates":[[[77.54697322080828,12.919591689737196],[77.54532846571018,12.919856732051759],[77.54257511409301,12.918280054174149],[77.53946669527492,12.917974011160071],[77.54208782296713,12.917163285002305],[77.54581935458877,12.91793320300327],[77.54697322080828,12.919591689737196]]]}},{"type":"Feature","properties":{"type":"village","name":" ","taluk":"Bangalore South","district":"BANGALORE","village_code":" "},"geometry":{"type":"Polygon","coordinates":[[[77.6811763670277,12.91183284313318],[77.67913724882493,12.912813076150279],[77.67832542423469,12.911588441636612],[77.67493351687588,12.911731954563399],[77.66831674298703,12.91544823487857],[77.66140697997501,12.908814913062637],[77.66388313215678,12.907875586250887],[77.66777385692487,12.904384382962744],[77.6731004802841,12.902056432278995],[77.67333401980011,12.89309856005573],[77.67727361291962,12.894262665594928],[77.67620081516294,12.901300600805952],[77.67846973768677,12.905097028925274],[77.6790531296834,12.908628395375432],[77.68105107270681,12.909832379157711],[77.6811763670277,12.91183284313318]]]}},{"type":"Feature","properties":{"type":"village","name":"Kathriguppe","taluk":"Anekal","district":"BANGALORE","village_code":"613214"},"geometry":{"type":"Polygon","coordinates":[[[77.77365771083043,12.920155733158069],[77.7659534283738,12.92151743083051],[77.76574701797941,12.919406703594117],[77.76408006820559,12.917277261335892],[77.7567042196983,12.91596324690921],[77.75625899398224,12.912415176079392],[77.76487102672843,12.910285830970283],[77.76282550174102,12.899804042865519],[77.76663083355652,12.900099472570881],[77.76838249985154,12.908606055868448],[77.76976892372842,12.909456318179457],[77.77365771083043,12.920155733158069]]]}},{"type":"Feature","properties":{"type":"village","name":"BBMP (M Corp. + OG)","taluk":"Bangalore South","district":"BANGALORE","village_code":"803162"},"geometry":{"type":"Polygon","coordinates":[[[77.54208782296713,12.917163285002305],[77.53519989979631,12.919085874357362],[77.53036011840526,12.918163182757457],[77.53818257064425,12.90947824694952],[77.53901302359859,12.910183769337982],[77.54091168661341,12.909509077164815],[77.54141191617431,12.910859917572136],[77.54322687327267,12.910962842274387],[77.54362251198502,12.913214093587182],[77.54542454232644,12.913021538437194],[77.54494361037449,12.916438996636373],[77.54581935458877,12.91793320300327],[77.54208782296713,12.917163285002305]]]}},{"type":"Feature","properties":{"type":"village","name":"Chunchanakuppe","taluk":"Bangalore South","district":"BANGALORE","village_code":"612993"},"geometry":{"type":"Polygon","coordinates":[[[77.38904084728844,12.914989918896742],[77.38282486215353,12.914974561040989],[77.3828028031234,12.916582003316167],[77.38061789733318,12.916445750901289],[77.38074416812276,12.91520687433831],[77.37922863657658,12.915132549026712],[77.37922861771199,12.913695452356263],[77.37463153326297,12.91367064237306],[77.37436397364884,12.91234515438538],[77.36890873040552,12.910326810243687],[77.3679343502747,12.908563691093354],[77.36728481622201,12.906120839142599],[77.37024060139184,12.904357870710978],[77.37325050915922,12.900013973943906],[77.38463038963631,12.900786289727987],[77.38225597615208,12.891866412075679],[77.39343409860965,12.891519585563513],[77.39420429526963,12.893114012951317],[77.39342069933885,12.911390733186133],[77.39263031933108,12.913291881577338],[77.38893948588336,12.913990231718268],[77.38904084728844,12.914989918896742]]]}},{"type":"Feature","properties":{"type":"village","name":"Ramohalli","taluk":"Bangalore South","district":"BANGALORE","village_code":"613016"},"geometry":{"type":"Polygon","coordinates":[[[77.43069049702152,12.915598165401867],[77.42639679161023,12.917135190176564],[77.41573756840013,12.917756352403428],[77.41343766837205,12.908861537646839],[77.40929577644717,12.912330906627506],[77.40775814544668,12.912207194866793],[77.41000247030141,12.908267309962728],[77.40838530875388,12.903287213131328],[77.40934478044423,12.900858903050585],[77.4065914036742,12.898232790123526],[77.41545632564763,12.896051274348459],[77.41608794190363,12.897265285353054],[77.41886637897515,12.898206420826217],[77.41871521227576,12.900436422216794],[77.42121569802194,12.900460807075964],[77.42265513956859,12.899221691932238],[77.43053598140273,12.90189622592358],[77.42753162073221,12.90819029620305],[77.42844158986051,12.911435979966617],[77.4300581441469,12.911485222989496],[77.43069049702152,12.915598165401867]]]}},{"type":"Feature","properties":{"type":"village","name":"Kugur","taluk":"Anekal","district":"BANGALORE","village_code":"613245"},"geometry":{"type":"Polygon","coordinates":[[[77.81644817875349,12.916287123692712],[77.81395506278592,12.918370041774235],[77.81090480718754,12.918884498794952],[77.80619282372211,12.913735439021703],[77.79287430160673,12.909722541058297],[77.7909244283325,12.899051173027582],[77.79760439510832,12.900016001057075],[77.803502161037,12.897658542310756],[77.81161072579567,12.897082240649215],[77.81454893542697,12.901525725567089],[77.81606748621081,12.909073790247495],[77.81839778971967,12.913309180733433],[77.81643484056815,12.914244272896196],[77.81644817875349,12.916287123692712]]]}},{"type":"Feature","properties":{"type":"village","name":"Kethohalli","taluk":"Bangalore South","district":"BANGALORE","village_code":"612998"},"geometry":{"type":"Polygon","coordinates":[[[77.39923339391184,12.91235666501807],[77.39263031933108,12.913291881577338],[77.39437952064893,12.89758958740613],[77.39430345490393,12.893501293884894],[77.39273728981678,12.889710415013136],[77.39339343457166,12.882128442180983],[77.39781317271898,12.882326377792378],[77.3943880995599,12.885233078779953],[77.39556236472288,12.895290148886014],[77.40297946835959,12.896721719125892],[77.4065914036742,12.898232790123526],[77.40934478044423,12.900858903050585],[77.40838530875388,12.903287213131328],[77.4099772914223,12.908861973701548],[77.40338840303649,12.912108533100124],[77.4001554040582,12.913099918390838],[77.39923339391184,12.91235666501807]]]}},{"type":"Feature","properties":{"type":"village","name":"Neriga","taluk":"Anekal","district":"BANGALORE","village_code":"613237"},"geometry":{"type":"Polygon","coordinates":[[[77.78573049063229,12.916775151119584],[77.77888215980927,12.921237960034569],[77.77456057518314,12.920648728894385],[77.77307747910695,12.919400732173209],[77.76976892372842,12.909456318179457],[77.76838249985154,12.908606055868448],[77.76663083355652,12.900099472570881],[77.7711249126835,12.894926445257134],[77.78141190997248,12.896114602708536],[77.7832484059764,12.900747847372182],[77.78238026510265,12.906130343137642],[77.7840696017917,12.910257331716519],[77.78446410144029,12.914998505811477],[77.78573049063229,12.916775151119584]]]}},{"type":"Feature","properties":{"type":"village","name":"Sulivara","taluk":"Bangalore South","district":"BANGALORE","village_code":"612986"},"geometry":{"type":"Polygon","coordinates":[[[77.36680815486088,12.913597981111133],[77.35647915414586,12.911409384404761],[77.33811596738106,12.91389247777115],[77.3365386703709,12.912198869660592],[77.34141014432515,12.894350380737952],[77.35786662815332,12.889360351627571],[77.36297656618797,12.889721824233014],[77.36890873040552,12.910326810243687],[77.36715472130426,12.910942754155323],[77.36680815486088,12.913597981111133]]]}},{"type":"Feature","properties":{"type":"village","name":" ","taluk":"Bangalore East","district":"BANGALORE","village_code":" "},"geometry":{"type":"Polygon","coordinates":[[[77.70420484821936,12.915769771883904],[77.70224877567135,12.915557136208692],[77.69955477933827,12.918798399817826],[77.68334242077336,12.920058898347973],[77.68146915133498,12.918426232020378],[77.68067787570688,12.916140118041302],[77.68140564403765,12.913527089406589],[77.68744633282637,12.907823330399674],[77.68770539886948,12.906134033881855],[77.69957224079074,12.90417341267913],[77.7058956545522,12.90189046686397],[77.70696152090817,12.904960119659865],[77.70707252213455,12.912229938579175],[77.70420484821936,12.915769771883904]]]}},{"type":"Feature","properties":{"type":"village","name":" ","taluk":"Bangalore East","district":"BANGALORE","village_code":" "},"geometry":{"type":"Polygon","coordinates":[[[77.68162687932922,12.918645767431633],[77.6772252152854,12.920345194668508],[77.67741341233742,12.922463261708105],[77.67334528377546,12.923221183938981],[77.67223856922689,12.917900535984456],[77.66831674298703,12.91544823487857],[77.67493351687588,12.911731954563399],[77.67832542423469,12.911588441636612],[77.67913724882493,12.912813076150279],[77.6811763670277,12.91183284313318],[77.68167639806092,12.914568106377093],[77.68076082973344,12.914833659237333],[77.68067787570688,12.916140118041302],[77.68162687932922,12.918645767431633]]]}},{"type":"Feature","properties":{"type":"village","name":"Gonighattapura","taluk":"Anekal","district":"BANGALORE","village_code":"613236"},"geometry":{"type":"Polygon","coordinates":[[[77.79749732940118,12.91829764980608],[77.79807109594957,12.925262486882264],[77.79325601194064,12.92581686277784],[77.79305094812082,12.918924451358016],[77.79067810219678,12.918959819396331],[77.78573049063229,12.916775151119584],[77.78446410144029,12.914998505811477],[77.7840696017917,12.910257331716519],[77.78230220958932,12.905411701220423],[77.78292646504991,12.899242709177136],[77.78856131026464,12.898146454613471],[77.79004516002733,12.897048703133562],[77.79287430160673,12.909722541058297],[77.79749732940118,12.91829764980608]]]}},{"type":"Feature","properties":{"type":"village","name":"Bheemanakuppe","taluk":"Bangalore South","district":"BANGALORE","village_code":"613017"},"geometry":{"type":"Polygon","coordinates":[[[77.4512164649694,12.916879644182762],[77.44505160295729,12.920773416238136],[77.4377593741282,12.922889253965518],[77.43648771901204,12.916860602862053],[77.43069049702152,12.915598165401867],[77.4300581441469,12.911485222989496],[77.42844158986051,12.911435979966617],[77.42758223361199,12.908661060103855],[77.42818781579275,12.905687642567544],[77.43053598140273,12.90189622592358],[77.44194781585281,12.897296354375705],[77.44300804528037,12.899123550429419],[77.44969406400627,12.903782476749807],[77.44981212868575,12.910664134877557],[77.4512164649694,12.916879644182762]]]}},{"type":"Feature","properties":{"type":"village","name":"Ittangur","taluk":"Anekal","district":"BANGALORE","village_code":"613233"},"geometry":{"type":"Polygon","coordinates":[[[77.79004516002733,12.897048703133562],[77.78856131026464,12.898146454613471],[77.78292646504991,12.899242709177136],[77.78141190997248,12.896114602708536],[77.78204546479289,12.88970607427288],[77.78504065186773,12.887781821174949],[77.78490752423755,12.886480133876976],[77.78397239599312,12.886308052816767],[77.78302075222214,12.880961040106879],[77.78108607664588,12.880535485224891],[77.78089468069312,12.875007962085364],[77.7865055381948,12.875095867874872],[77.78975829202453,12.873741116961218],[77.79393630161373,12.874334566635282],[77.79490747475897,12.876897485773503],[77.79662116028375,12.876893508236549],[77.79709077436148,12.877747856678546],[77.79730160985697,12.881178288645556],[77.79125551680352,12.887214503221218],[77.79004516002733,12.897048703133562]]]}},{"type":"Feature","properties":{"type":"village","name":"Kuthaganahalli","taluk":"Anekal","district":"BANGALORE","village_code":"613247"},"geometry":{"type":"Polygon","coordinates":[[[77.81161072579567,12.897082240649215],[77.803502161037,12.897658542310756],[77.79760439510832,12.900016001057075],[77.7909244283325,12.899051173027582],[77.78971382990953,12.895950333002181],[77.79125551680352,12.887214503221218],[77.79673478459078,12.88179277532258],[77.80062270571689,12.882422185122401],[77.80334474475819,12.884389002398255],[77.81071529500196,12.88573785662509],[77.81083263024942,12.895174778111546],[77.81161072579567,12.897082240649215]]]}},{"type":"Feature","properties":{"type":"village","name":" ","taluk":"Bangalore South","district":"BANGALORE","village_code":" "},"geometry":{"type":"Polygon","coordinates":[[[77.56456130431502,12.906707250896012],[77.5604777031706,12.908707838824517],[77.5572336962368,12.908706971968245],[77.55571125484948,12.907028441018525],[77.55462633432803,12.907437430595468],[77.55327903567499,12.904369889575444],[77.5613110352254,12.899363997436971],[77.56436854741463,12.899720056374516],[77.56456130431502,12.906707250896012]]]}},{"type":"Feature","properties":{"type":"village","name":" ","taluk":"Bangalore East","district":"BANGALORE","village_code":" "},"geometry":{"type":"Polygon","coordinates":[[[77.68770539886948,12.906134033881855],[77.68744633282637,12.907823330399674],[77.68140564403765,12.913527089406589],[77.68105107270681,12.909832379157711],[77.6790531296834,12.908628395375432],[77.67846973768677,12.905097028925274],[77.67620081516294,12.901300600805952],[77.67735891065082,12.894165734065169],[77.68261004228856,12.90213629987231],[77.6886304327451,12.902790057164605],[77.68565861444408,12.90424855558339],[77.68575353942013,12.906655121765478],[77.68770539886948,12.906134033881855]]]}},{"type":"Feature","properties":{"type":"village","name":"Kachamaranahalli","taluk":"Bangalore East","district":"BANGALORE","village_code":"613118"},"geometry":{"type":"Polygon","coordinates":[[[77.74431597402653,12.913048986659131],[77.73780448628227,12.91520361014018],[77.7260460485579,12.91350271720446],[77.72563025793878,12.906275661225655],[77.7275423148345,12.90525162397988],[77.72719366968956,12.902949279612148],[77.73275599840295,12.900239586719966],[77.73324403063893,12.89803285396844],[77.739912589709,12.89424214005438],[77.73934448793678,12.901062280836006],[77.74033025241717,12.906720057704975],[77.74253856471046,12.908544314654849],[77.74445528835406,12.908669416074314],[77.74431597402653,12.913048986659131]]]}},{"type":"Feature","properties":{"type":"village","name":" ","taluk":"Bangalore East","district":"BANGALORE","village_code":" "},"geometry":{"type":"Polygon","coordinates":[[[77.7260460485579,12.91350271720446],[77.72393846525576,12.914889240867685],[77.71757093343406,12.915829528106965],[77.70707252213455,12.912229938579175],[77.70683241683216,12.908989489898289],[77.71572055935734,12.907323786887],[77.7166344217841,12.91035080887145],[77.71750381760425,12.91056370728035],[77.7184596457278,12.909412143662756],[77.71980723633328,12.90981674341711],[77.7197848610962,12.908089894756033],[77.72563025793878,12.906275661225655],[77.7260460485579,12.91350271720446]]]}},{"type":"Feature","properties":{"type":"village","name":" ","taluk":"Bangalore South","district":"BANGALORE","village_code":" "},"geometry":{"type":"Polygon","coordinates":[[[77.54542454232644,12.913021538437194],[77.54362251198502,12.913214093587182],[77.54322687327267,12.910962842274387],[77.54141191617431,12.910859917572136],[77.54091168661341,12.909509077164815],[77.53901302359859,12.910183769337982],[77.53767838041128,12.90870984485249],[77.53780403944818,12.907318286259429],[77.5365730411834,12.90776807905634],[77.53661531679899,12.906212773248575],[77.53415445933327,12.904001700165416],[77.52787458871025,12.905513746412742],[77.52496202957359,12.904940871659054],[77.52433794030132,12.90060209525694],[77.5223154238633,12.898145508912163],[77.5286578890953,12.89621409215071],[77.53074355260621,12.897299513729356],[77.53128522504441,12.89918247526518],[77.53209914809918,12.898261861670765],[77.53266221032263,12.898753223722816],[77.53189010923423,12.899407811211637],[77.53364207376993,12.90039076276999],[77.53372488765935,12.902109833790913],[77.53487241895945,12.901660022935932],[77.53489367309908,12.900575397844015],[77.538169195628,12.899635174071356],[77.53963009433353,12.897814310956159],[77.5379308707865,12.895130284083587],[77.54136284121036,12.893967517967335],[77.54376120288177,12.895810137641961],[77.54244593096524,12.898961282675117],[77.54086037214944,12.899329119614382],[77.54179782074229,12.903197274390084],[77.54851572516917,12.90139596393098],[77.55391640923371,12.909626958703969],[77.55112084578131,12.909871720242267],[77.55166411632243,12.906965884214527],[77.54907711562788,12.907476728276126],[77.54909751367305,12.908991126415996],[77.54663554858456,12.90984988607242],[77.54542454232644,12.913021538437194]]]}},{"type":"Feature","properties":{"type":"village","name":"Chambenahalli","taluk":"Anekal","district":"BANGALORE","village_code":"613216"},"geometry":{"type":"Polygon","coordinates":[[[77.7711249126835,12.894926445257134],[77.76663083355652,12.900099472570881],[77.76282550174102,12.899804042865519],[77.76144432043212,12.897724422786293],[77.76191302810972,12.890235694817296],[77.75994314576084,12.886153629078695],[77.76097136911315,12.884192595634268],[77.75749585195759,12.87861384925339],[77.76581147120272,12.87744247166678],[77.76941221261056,12.881430271073693],[77.7711249126835,12.894926445257134]]]}},{"type":"Feature","properties":{"type":"village","name":"Chikkanayakanahalli","taluk":"Bangalore East","district":"BANGALORE","village_code":"613121"},"geometry":{"type":"Polygon","coordinates":[[[77.6961573733916,12.893834486183056],[77.69402810655511,12.895412649222454],[77.69481093622294,12.897203269887566],[77.69339898941217,12.899527419029605],[77.69176913107644,12.899698370177775],[77.69228928796531,12.894325795632193],[77.68772514922932,12.887732216206373],[77.68921520814727,12.886762929103234],[77.68782155822221,12.882641823940576],[77.69219635814746,12.879859869806252],[77.69896717603955,12.878848739392337],[77.69689537083852,12.890721684596775],[77.6956352509889,12.891787972051787],[77.6961573733916,12.893834486183056]]]}},{"type":"Feature","properties":{"type":"village","name":"Sulikunte","taluk":"Bangalore East","district":"BANGALORE","village_code":"613123"},"geometry":{"type":"Polygon","coordinates":[[[77.73990560171436,12.893961609862341],[77.7262040990473,12.90106289991291],[77.72463906583741,12.900253348309878],[77.72545108087051,12.892801979338147],[77.72058226413287,12.877773334895307],[77.72545948281336,12.876892410079055],[77.73232564519478,12.873692265847726],[77.73362946718466,12.87388567794932],[77.73517924071281,12.876433609260712],[77.73990560171436,12.893961609862341]]]}},{"type":"Feature","properties":{"type":"village","name":" ","taluk":"Bangalore South","district":"BANGALORE","village_code":" "},"geometry":{"type":"Polygon","coordinates":[[[77.5031961700396,12.898617953700175],[77.501777596357,12.898678664100263],[77.49973529811813,12.894543784770036],[77.49236077103261,12.896518552347539],[77.48174368958914,12.8897648752282],[77.48282166343849,12.885669963279494],[77.47941224881312,12.885993402035414],[77.47915891042828,12.884085629079298],[77.4752173886258,12.879949258227468],[77.47589878232837,12.87868535159133],[77.48116147528383,12.877480442959754],[77.48191312712306,12.872251654202373],[77.48512977855984,12.872816938417586],[77.48341126728536,12.87449037606004],[77.48344388601163,12.877335731669197],[77.48610328103662,12.87733465715811],[77.48755442313984,12.87951082074222],[77.49102718067084,12.879856240850229],[77.49503110663946,12.881886252602378],[77.498895779366,12.887912012825803],[77.50108351215442,12.889094424951981],[77.5079172372692,12.890340903013614],[77.50645612476463,12.892222984315614],[77.50553639633911,12.89613131986577],[77.5031961700396,12.898617953700175]]]}},{"type":"Feature","properties":{"type":"village","name":"Chikkavaderapura","taluk":"Anekal","district":"BANGALORE","village_code":"613209"},"geometry":{"type":"Polygon","coordinates":[[[77.75340075866572,12.896984003736637],[77.75143043344741,12.903283336711231],[77.7445016207615,12.899019458871486],[77.73984149793569,12.89372101930863],[77.74428013394169,12.890140103265887],[77.74886337535216,12.892942286717531],[77.7519837228989,12.893060330181639],[77.75340075866572,12.896984003736637]]]}},{"type":"Feature","properties":{"type":"village","name":"Hadosiddapura","taluk":"Bangalore East","district":"BANGALORE","village_code":"613120"},"geometry":{"type":"Polygon","coordinates":[[[77.7058956545522,12.90189046686397],[77.70391834493255,12.902935686292011],[77.70356978782253,12.900206924394071],[77.70165752970416,12.90076176392246],[77.6961573733916,12.893834486183056],[77.6956352509889,12.891787972051787],[77.69689537083852,12.890721684596775],[77.69802392432999,12.885562128667617],[77.70063270737353,12.88922833668712],[77.7037186215971,12.889525940929373],[77.70237172718599,12.890976033127973],[77.70245905421136,12.892297800681447],[77.7058956545522,12.90189046686397]]]}},{"type":"Feature","properties":{"type":"village","name":"Kodathi","taluk":"Bangalore East","district":"BANGALORE","village_code":"613122"},"geometry":{"type":"Polygon","coordinates":[[[77.72485456538588,12.895605677651906],[77.72293154455211,12.896213973937114],[77.72319319594659,12.898473718718037],[77.7208241984052,12.897898944316795],[77.72251965262129,12.898857706805655],[77.72130309028314,12.899988059292998],[77.72269387727738,12.899817009395079],[77.72200022157118,12.904464847866038],[77.72130448536679,12.903676283867334],[77.71876184258265,12.903805087257302],[77.7206727550247,12.89971113006086],[77.71932409093246,12.89625788721248],[77.7058956545522,12.90189046686397],[77.70245905421136,12.892297800681447],[77.70237172718599,12.890976033127973],[77.7037186215971,12.889525940929373],[77.70063270737353,12.88922833668712],[77.69802392432999,12.885562128667617],[77.69896717603955,12.878848739392337],[77.70693652887866,12.87771345836704],[77.71196236034815,12.87759281115622],[77.71258476707594,12.878338147781896],[77.71616784491034,12.876966407844233],[77.71693380601374,12.878773743865453],[77.72058088881215,12.877719732906666],[77.72545108087051,12.892801979338147],[77.72485456538588,12.895605677651906]]]}},{"type":"Feature","properties":{"type":"village","name":" ","taluk":"Bangalore South","district":"BANGALORE","village_code":" "},"geometry":{"type":"Polygon","coordinates":[[[77.53229059256097,12.888336518366087],[77.53963009433353,12.897814310956159],[77.538169195628,12.899635174071356],[77.53489367309908,12.900575397844015],[77.53487241895945,12.901660022935932],[77.53372488765935,12.902109833790913],[77.53364207376993,12.90039076276999],[77.53189010923423,12.899407811211637],[77.53266221032263,12.898753223722816],[77.53209914809918,12.898261861670765],[77.53128522504441,12.89918247526518],[77.53074355260621,12.897299513729356],[77.5286578890953,12.89621409215071],[77.52058404691729,12.897960616355059],[77.51945809674355,12.896691333042362],[77.5198138781051,12.893969667722438],[77.51487005293956,12.89368105571291],[77.51551903812161,12.888420612883356],[77.51771167211822,12.883018851710522],[77.5318168507245,12.885012323095257],[77.53229059256097,12.888336518366087]]]}},{"type":"Feature","properties":{"type":"village","name":"Chikkakannalli","taluk":"Bangalore East","district":"BANGALORE","village_code":"613116"},"geometry":{"type":"Polygon","coordinates":[[[77.70391834493255,12.902935686292011],[77.69274853458633,12.905219815166877],[77.68881483621168,12.904773043074409],[77.69087931295661,12.904346176703815],[77.69176913107644,12.899698370177775],[77.69339898941217,12.899527419029605],[77.69481093622294,12.897203269887566],[77.69402810655511,12.895412649222454],[77.6961573733916,12.893834486183056],[77.70165752970416,12.90076176392246],[77.70356978782253,12.900206924394071],[77.70391834493255,12.902935686292011]]]}},{"type":"Feature","properties":{"type":"village","name":" ","taluk":"Bangalore South","district":"BANGALORE","village_code":" "},"geometry":{"type":"Polygon","coordinates":[[[77.54851572516917,12.90139596393098],[77.54179782074229,12.903197274390084],[77.54086037214944,12.899329119614382],[77.54244593096524,12.898961282675117],[77.54376120288177,12.895810137641961],[77.54136284121036,12.893967517967335],[77.54592118671108,12.892984132240471],[77.54726457409933,12.899737930891959],[77.54851572516917,12.90139596393098]]]}},{"type":"Feature","properties":{"type":"village","name":"Halanayakanahalli","taluk":"Bangalore East","district":"BANGALORE","village_code":"613115"},"geometry":{"type":"Polygon","coordinates":[[[77.69112575766995,12.905994399373293],[77.68575353942013,12.906655121765478],[77.68565861444408,12.90424855558339],[77.6886304327451,12.902790057164605],[77.68261004228856,12.90213629987231],[77.67735891065082,12.894165734065169],[77.68228481532476,12.892068103622785],[77.68772514922932,12.887732216206373],[77.69228928796531,12.894325795632193],[77.69172635599756,12.902341967279444],[77.69077027275246,12.902875175693694],[77.69087931295661,12.904346176703815],[77.68883646315213,12.904346653920868],[77.69166186863825,12.905070844232881],[77.69112575766995,12.905994399373293]]]}},{"type":"Feature","properties":{"type":"village","name":"Heggondahalli","taluk":"Anekal","district":"BANGALORE","village_code":"613210"},"geometry":{"type":"Polygon","coordinates":[[[77.75143043344741,12.903283336711231],[77.74980236725065,12.90674905121125],[77.74253856471046,12.908544314654849],[77.74033025241717,12.906720057704975],[77.73947448224322,12.902332184688623],[77.739912589709,12.89424214005438],[77.7445016207615,12.899019458871486],[77.75143043344741,12.903283336711231]]]}},{"type":"Feature","properties":{"type":"village","name":"Mulluru","taluk":"Bangalore East","district":"BANGALORE","village_code":"613119"},"geometry":{"type":"Polygon","coordinates":[[[77.7275423148345,12.90525162397988],[77.7197848610962,12.908089894756033],[77.71980723633328,12.90981674341711],[77.7184596457278,12.909412143662756],[77.71750381760425,12.91056370728035],[77.7166344217841,12.91035080887145],[77.71572055935734,12.907323786887],[77.70683241683216,12.908989489898289],[77.70696152090817,12.904960119659865],[77.7058956545522,12.90189046686397],[77.71932409093246,12.89625788721248],[77.7206727550247,12.89971113006086],[77.71876184258265,12.903805087257302],[77.72130448536679,12.903676283867334],[77.72200022157118,12.904464847866038],[77.72269387727738,12.899817009395079],[77.72130309028314,12.899988059292998],[77.72251965262129,12.898857706805655],[77.7208241984052,12.897898944316795],[77.72319319594659,12.898473718718037],[77.72293154455211,12.896213973937114],[77.72485456538588,12.895605677651906],[77.72463906583741,12.900253348309878],[77.7262040990473,12.90106289991291],[77.73324403063893,12.89803285396844],[77.73275599840295,12.900239586719966],[77.72719366968956,12.902949279612148],[77.7275423148345,12.90525162397988]]]}},{"type":"Feature","properties":{"type":"village","name":" ","taluk":"Bangalore South","district":"BANGALORE","village_code":" "},"geometry":{"type":"Polygon","coordinates":[[[77.55462633432803,12.907437430595468],[77.55249846616842,12.90735496060991],[77.54726457409933,12.899737930891959],[77.54592118671108,12.892984132240471],[77.54655928610852,12.887110940880346],[77.54760243317264,12.886640576028537],[77.54812353329254,12.887930017787946],[77.55308817421985,12.88811568310268],[77.5536508061503,12.890162323578378],[77.55823956411497,12.89200543099198],[77.55810089926938,12.893729552662442],[77.55188395114045,12.895446841950157],[77.55263390875709,12.898967003273718],[77.5516735540228,12.901504353880796],[77.55200664034699,12.903857899972904],[77.55462633432803,12.907437430595468]]]}},{"type":"Feature","properties":{"type":"village","name":" ","taluk":"Bangalore South","district":"BANGALORE","village_code":" "},"geometry":{"type":"Polygon","coordinates":[[[77.66140697997501,12.908814913062637],[77.66038761490972,12.9103609746643],[77.65611081309713,12.909440543193357],[77.65470169238627,12.90112175511638],[77.65478502280699,12.900118972253642],[77.65639134079072,12.900241596318429],[77.65674565340676,12.89756067164672],[77.65595299616972,12.898031445047955],[77.6542839946438,12.896885584649494],[77.6537322089721,12.895136659763375],[77.65524303065122,12.894512330989974],[77.66181750916155,12.895097049284718],[77.67333401980011,12.89309856005573],[77.6731004802841,12.902056432278995],[77.66777385692487,12.904384382962744],[77.66388313215678,12.907875586250887],[77.66140697997501,12.908814913062637]]]}},{"type":"Feature","properties":{"type":"village","name":"Mugalur","taluk":"Anekal","district":"BANGALORE","village_code":"613244"},"geometry":{"type":"Polygon","coordinates":[[[77.82187318380606,12.906544152720398],[77.82076168303365,12.911827295322373],[77.81839778971967,12.913309180733433],[77.81606748621081,12.909073790247495],[77.81454893542697,12.901525725567089],[77.81083263024942,12.895174778111546],[77.81071529500196,12.88573785662509],[77.81504175298849,12.88310854637605],[77.8212700279748,12.883584541608322],[77.83046924270985,12.886682316646327],[77.82779150768002,12.892697374635999],[77.8247595866966,12.895340724338652],[77.8250309183366,12.89772259968123],[77.8229339836638,12.901148004143865],[77.82113243571771,12.901897863363343],[77.82187318380606,12.906544152720398]]]}},{"type":"Feature","properties":{"type":"village","name":"Ramnaikanahalli","taluk":"Anekal","district":"BANGALORE","village_code":"613215"},"geometry":{"type":"Polygon","coordinates":[[[77.76282550174102,12.899804042865519],[77.76487102672843,12.910285830970283],[77.75625899398224,12.912415176079392],[77.75143043344741,12.903283336711231],[77.75340075866572,12.896984003736637],[77.76144432043212,12.897724422786293],[77.76282550174102,12.899804042865519]]]}},{"type":"Feature","properties":{"type":"village","name":"Byalalu","taluk":"Bangalore South","district":"BANGALORE","village_code":"612992"},"geometry":{"type":"Polygon","coordinates":[[[77.38225597615208,12.891866412075679],[77.38463038963631,12.900786289727987],[77.37325050915922,12.900013973943906],[77.37024060139184,12.904357870710978],[77.36728481622201,12.906120839142599],[77.36297656618797,12.889721824233014],[77.3644057166347,12.88772516080579],[77.371615879871,12.889318606202131],[77.37314238793165,12.887757358020103],[77.37390019862049,12.889754119266597],[77.37530760265085,12.890040908264211],[77.37882105925412,12.888967459050805],[77.37884633604958,12.890924886729232],[77.380488003638,12.890924882350856],[77.38056379360023,12.892089427077481],[77.38225597615208,12.891866412075679]]]}},{"type":"Feature","properties":{"type":"village","name":"Chikkellur","taluk":"Bangalore South","district":"BANGALORE","village_code":"613006"},"geometry":{"type":"Polygon","coordinates":[[[77.44194781585281,12.897296354375705],[77.43053598140273,12.90189622592358],[77.42265513956859,12.899221691932238],[77.42121569802194,12.900460807075964],[77.41871521227576,12.900436422216794],[77.41886637897515,12.898206420826217],[77.41608794190363,12.897265285353054],[77.41545632564763,12.896051274348459],[77.41916822009715,12.890921772830199],[77.42384010995482,12.888022035637825],[77.42704756803298,12.887674579436112],[77.42586167597524,12.893472743681393],[77.42469705871841,12.894858885403115],[77.42933988807667,12.89590952913156],[77.4331862935619,12.894264205010403],[77.43706000603511,12.894083734313703],[77.44194781585281,12.897296354375705]]]}},{"type":"Feature","properties":{"type":"village","name":" ","taluk":"Bangalore South","district":"BANGALORE","village_code":" "},"geometry":{"type":"Polygon","coordinates":[[[77.57061496387813,12.90398548702075],[77.56456130431502,12.906707250896012],[77.56436854741463,12.899720056374516],[77.5613110352254,12.899363997436971],[77.55411375023701,12.903469678005623],[77.55327903567499,12.904369889575444],[77.55367507862927,12.905495564964177],[77.55256937738034,12.905638499099334],[77.55165260171714,12.901811318965384],[77.55263390875709,12.898967003273718],[77.55188395114045,12.895446841950157],[77.55451244411965,12.895283882667547],[77.55849733658404,12.893402222808318],[77.56060382304322,12.895039963249038],[77.57245796727797,12.894670577088993],[77.57153429435002,12.897396030737562],[77.57228431305205,12.901939374646945],[77.57061496387813,12.90398548702075]]]}},{"type":"Feature","properties":{"type":"village","name":" ","taluk":"Bangalore South","district":"BANGALORE","village_code":" "},"geometry":{"type":"Polygon","coordinates":[[[77.51284076410258,12.889217566691611],[77.51355462202123,12.896402294224725],[77.51180043235857,12.900555861419909],[77.51342682858723,12.902275622182142],[77.51065205843872,12.90276553680938],[77.51110957490451,12.90589684982171],[77.51008708639696,12.907030790302342],[77.5063948030684,12.906025148585407],[77.5031961700396,12.898617953700175],[77.50553639633911,12.89613131986577],[77.50645612476463,12.892222984315614],[77.50989951906395,12.88913438927989],[77.51284076410258,12.889217566691611]]]}},{"type":"Feature","properties":{"type":"village","name":"Chalaghatta","taluk":"Bangalore South","district":"BANGALORE","village_code":"613019"},"geometry":{"type":"Polygon","coordinates":[[[77.45792289791011,12.90651832105441],[77.4501865959035,12.90412565941131],[77.44300804528037,12.899123550429419],[77.44194781585281,12.897296354375705],[77.45064656387167,12.888777960631248],[77.45119830372931,12.886989995206935],[77.4577484890994,12.892448419349694],[77.46188387183173,12.8977655153257],[77.45912736622958,12.901480176649468],[77.45792289791011,12.90651832105441]]]}},{"type":"Feature","properties":{"type":"village","name":"Ganapathihalli","taluk":"Bangalore South","district":"BANGALORE","village_code":"612994"},"geometry":{"type":"Polygon","coordinates":[[[77.39923339391184,12.91235666501807],[77.40012623665925,12.92417687677965],[77.39080552568036,12.923321300877355],[77.39079320438792,12.921606766717819],[77.38876410329887,12.919928285644643],[77.39023079973127,12.918993023880505],[77.39035290233794,12.9167629227114],[77.38893948588336,12.913990231718268],[77.39923339391184,12.91235666501807]]]}},{"type":"Feature","properties":{"type":"village","name":" ","taluk":"Bangalore South","district":"BANGALORE","village_code":" "},"geometry":{"type":"Polygon","coordinates":[[[77.5604777031706,12.908707838824517],[77.55759808705204,12.911244701827755],[77.55505204055127,12.911410499047262],[77.55249846616842,12.90735496060991],[77.55381258734306,12.907928352574803],[77.55571125484948,12.907028441018525],[77.5572336962368,12.908706971968245],[77.5604777031706,12.908707838824517]]]}},{"type":"Feature","properties":{"type":"village","name":"Vaddarapalya","taluk":"Bangalore South","district":"BANGALORE","village_code":"613055"},"geometry":{"type":"Polygon","coordinates":[[[77.53818257064425,12.90947824694952],[77.53036011840526,12.918163182757457],[77.52496202957359,12.904940871659054],[77.52787458871025,12.905513746412742],[77.53415445933327,12.904001700165416],[77.53661531679899,12.906212773248575],[77.5365730411834,12.90776807905634],[77.53780403944818,12.907318286259429],[77.53818257064425,12.90947824694952]]]}},{"type":"Feature","properties":{"type":"village","name":"Maligondanahalli","taluk":"Bangalore South","district":"BANGALORE","village_code":"613015"},"geometry":{"type":"Polygon","coordinates":[[[77.4377593741282,12.922889253965518],[77.40853310677093,12.924256664632377],[77.40775814544668,12.912207194866793],[77.40929577644717,12.912330906627506],[77.41343766837205,12.908861537646839],[77.41573756840013,12.917756352403428],[77.42639679161023,12.917135190176564],[77.43069049702152,12.915598165401867],[77.43648771901204,12.916860602862053],[77.4377593741282,12.922889253965518]]]}},{"type":"Feature","properties":{"type":"village","name":" ","taluk":"Anekal","district":"BANGALORE","village_code":" "},"geometry":{"type":"Polygon","coordinates":[[[77.76574701797941,12.919406703594117],[77.76560528179387,12.927392718209465],[77.76162436886621,12.927277974259933],[77.7532672806926,12.925036908077114],[77.75209731396825,12.924322252665796],[77.75182653479216,12.92216628767126],[77.74548226304813,12.919542722366758],[77.74464208942416,12.917532153739232],[77.74445528835406,12.908669416074314],[77.74980236725065,12.90674905121125],[77.75143043344741,12.903283336711231],[77.75625899398224,12.912415176079392],[77.7567042196983,12.91596324690921],[77.76408006820559,12.917277261335892],[77.76574701797941,12.919406703594117]]]}},{"type":"Feature","properties":{"type":"village","name":" ","taluk":"Bangalore East","district":"BANGALORE","village_code":" "},"geometry":{"type":"Polygon","coordinates":[[[77.71133631993509,12.924337932152014],[77.70516558743257,12.929968077092953],[77.69608098604971,12.931718750061378],[77.69473323015426,12.930994243007783],[77.69555666187625,12.921997334170213],[77.68292686910608,12.92293723829864],[77.68250999332209,12.919957006190891],[77.69955477933827,12.918798399817826],[77.70224877567135,12.915557136208692],[77.70420484821936,12.915769771883904],[77.71133631993509,12.924337932152014]]]}},{"type":"Feature","properties":{"type":"village","name":" ","taluk":"Bangalore East","district":"BANGALORE","village_code":" "},"geometry":{"type":"Polygon","coordinates":[[[77.65872738363593,12.945701772932006],[77.65533500196666,12.945824620624851],[77.65359151123901,12.941188649745273],[77.6590546048596,12.937744997143147],[77.66080765276354,12.938801892881187],[77.66126571720164,12.940271580908197],[77.65872738363593,12.945701772932006]]]}},{"type":"Feature","properties":{"type":"village","name":" ","taluk":"Bangalore East","district":"BANGALORE","village_code":" "},"geometry":{"type":"Polygon","coordinates":[[[77.68904085233716,12.939480654042256],[77.68782806741478,12.938965916411401],[77.68795393935238,12.941749088963121],[77.6864098548549,12.941299212046644],[77.68528199935446,12.93804245080728],[77.68282609070765,12.937430579210584],[77.68174357317956,12.93600188277164],[77.68140987959423,12.932776677312905],[77.69008266630138,12.93363895621816],[77.68904085233716,12.939480654042256]]]}},{"type":"Feature","properties":{"type":"village","name":" ","taluk":"Bangalore East","district":"BANGALORE","village_code":" "},"geometry":{"type":"Polygon","coordinates":[[[77.73446933627974,12.942536154710181],[77.73435998615683,12.94097990105268],[77.7301433472138,12.941152126572383],[77.7298396313078,12.942559308892355],[77.72736165195276,12.942304428916472],[77.72644909208317,12.9431575382521],[77.72636189441518,12.942517996093633],[77.71736286025806,12.941327335670362],[77.71903359193924,12.9334599918431],[77.71872780900978,12.929409455293401],[77.7228578287999,12.930559234305248],[77.7266830861467,12.930429910631304],[77.7265530532127,12.931368003927386],[77.728422245198,12.931367295621204],[77.72837919164138,12.932390632200018],[77.73242223834231,12.933241824773654],[77.73342371435703,12.937142830750533],[77.73461956783291,12.938101711413692],[77.73446933627974,12.942536154710181]]]}},{"type":"Feature","properties":{"type":"village","name":" ","taluk":"Bangalore East","district":"BANGALORE","village_code":" "},"geometry":{"type":"Polygon","coordinates":[[[77.71736286025806,12.941327335670362],[77.7095164777982,12.941884182416251],[77.70947323290045,12.942566410021401],[77.70751701572368,12.942567007108064],[77.70729940962589,12.941799584095023],[77.70395253840553,12.943164996564676],[77.70343057590294,12.942184465120354],[77.69917049892432,12.942612032866561],[77.69608098604971,12.931718750061378],[77.70516558743257,12.929968077092953],[77.71133631993509,12.924337932152014],[77.71807506797151,12.927490951925458],[77.7184666328241,12.928428861897727],[77.71903359193924,12.9334599918431],[77.71736286025806,12.941327335670362]]]}},{"type":"Feature","properties":{"type":"village","name":" ","taluk":"Bangalore East","district":"BANGALORE","village_code":" "},"geometry":{"type":"Polygon","coordinates":[[[77.69917049892432,12.942612032866561],[77.69795379824563,12.944360530804612],[77.6951715792668,12.944275977098082],[77.68904085233716,12.939480654042256],[77.68938768468185,12.935771036054417],[77.69112544775118,12.93171998193453],[77.69473323015426,12.930994243007783],[77.69608098604971,12.931718750061378],[77.69917049892432,12.942612032866561]]]}},{"type":"Feature","properties":{"type":"village","name":" ","taluk":"Bangalore South","district":"BANGALORE","village_code":" "},"geometry":{"type":"Polygon","coordinates":[[[77.50237820726102,12.946845435159206],[77.49566627932572,12.947479319392244],[77.49250217034994,12.946868259761146],[77.48878143018977,12.949216353922024],[77.48547610515301,12.944258073375156],[77.4828786283056,12.93065348133756],[77.48035041785484,12.92542643438408],[77.4748695304051,12.926716936052575],[77.47085389040517,12.920208102005928],[77.4696393941922,12.91470792522399],[77.46327154885844,12.907128145899947],[77.45792289791011,12.90651832105441],[77.45912736622958,12.901480176649468],[77.46856584005403,12.888760040671249],[77.47303952922069,12.89744299282518],[77.47589601102572,12.895608413208274],[77.47541249282406,12.894394492240028],[77.47856879274508,12.892435883267664],[77.47988090169348,12.889437300253649],[77.48174368958914,12.8897648752282],[77.49236077103261,12.896518552347539],[77.49973529811813,12.894543784770036],[77.501777596357,12.898678664100263],[77.49813930626861,12.905095189237068],[77.49550050781643,12.90645914226582],[77.48979199625687,12.906003244029872],[77.48698870908967,12.90678490869258],[77.4886316549808,12.909410639364918],[77.48769822994211,12.911963109828255],[77.49007264522298,12.912209884710386],[77.49072997575404,12.91354758797215],[77.49237437961087,12.919146586791594],[77.49222474723399,12.923309266288674],[77.49735318966516,12.924818413191268],[77.50002173762458,12.939018963331675],[77.50345848798403,12.944548420823734],[77.50237820726102,12.946845435159206]]]}},{"type":"Feature","properties":{"type":"village","name":"Madappanahalli","taluk":"Anekal","district":"BANGALORE","village_code":"613241"},"geometry":{"type":"Polygon","coordinates":[[[77.81545121228153,12.923626671913242],[77.81620136393424,12.927296744242268],[77.80593624870725,12.925097574411241],[77.80304897085765,12.919379495102568],[77.79749732940118,12.91829764980608],[77.79287430160673,12.909722541058297],[77.80619282372211,12.913735439021703],[77.81090480718754,12.918884498794952],[77.81395506278592,12.918370041774235],[77.81644817875349,12.916287123692712],[77.8177975812609,12.918723493315824],[77.81545121228153,12.923626671913242]]]}},{"type":"Feature","properties":{"type":"village","name":"Janthagondanahalli","taluk":"Anekal","district":"BANGALORE","village_code":"613238"},"geometry":{"type":"Polygon","coordinates":[[[77.79325601194064,12.92581686277784],[77.78206336731822,12.928099862290967],[77.77888215980927,12.921237960034569],[77.78573049063229,12.916775151119584],[77.79067810219678,12.918959819396331],[77.79305094812082,12.918924451358016],[77.79325601194064,12.92581686277784]]]}},{"type":"Feature","properties":{"type":"village","name":"Doddamaranahalli","taluk":"Bangalore South","district":"BANGALORE","village_code":"612983"},"geometry":{"type":"Polygon","coordinates":[[[77.38564521192123,12.936998604002],[77.37809215455448,12.940602740082822],[77.37678245398935,12.939928313964364],[77.37395381097495,12.940383681872015],[77.3730876311235,12.939364633037135],[77.37447374059005,12.92676821171463],[77.37819308476823,12.922726856295826],[77.38473534160761,12.92319756216344],[77.38473540808293,12.925130208093135],[77.38738769204413,12.925080578138033],[77.38964650492774,12.93038451494847],[77.38963642583025,12.93637903056254],[77.3912784320836,12.937072726688868],[77.38564521192123,12.936998604002]]]}},{"type":"Feature","properties":{"type":"village","name":"Ajjanahalli","taluk":"Bangalore South","district":"BANGALORE","village_code":"612984"},"geometry":{"type":"Polygon","coordinates":[[[77.3605101337776,12.942672779850076],[77.35433463481418,12.942946134088817],[77.3538132373519,12.938917421237981],[77.35844772764938,12.939300176608036],[77.35864282286447,12.936644955956378],[77.36176135042442,12.936645176586024],[77.3623679485998,12.932651739434661],[77.3652265710902,12.932205823642345],[77.366699334744,12.928148692273899],[77.36845345882963,12.92776641272789],[77.36905992315603,12.924070344091371],[77.36596331089576,12.921521179134967],[77.36754423889629,12.918462416168122],[77.36715472130426,12.910942754155323],[77.36890873040552,12.910326810243687],[77.37436397364884,12.91234515438538],[77.37463153326297,12.91367064237306],[77.37922861771199,12.913695452356263],[77.37922863657658,12.915132549026712],[77.38074416812276,12.91520687433831],[77.38061789733318,12.916445750901289],[77.3828028031234,12.916582003316167],[77.38282486215353,12.914974561040989],[77.38904084728844,12.914989918896742],[77.39035290233794,12.9167629227114],[77.39023079973127,12.918993023880505],[77.38876410329887,12.919928285644643],[77.39079320438792,12.921606766717819],[77.39080552568036,12.923321300877355],[77.40012623665925,12.92417687677965],[77.40052332525248,12.930320254945887],[77.3894427786994,12.933915269123467],[77.38964650492774,12.93038451494847],[77.38738769204413,12.925080578138033],[77.38473540808293,12.925130208093135],[77.38473534160761,12.92319756216344],[77.37713218340082,12.923098515112175],[77.37447374059005,12.92676821171463],[77.37399729662121,12.929274749077498],[77.3730876311235,12.939364633037135],[77.37395381097495,12.940383681872015],[77.36980627224017,12.939651305565993],[77.36368009527746,12.940594876336837],[77.3605101337776,12.942672779850076]]]}},{"type":"Feature","properties":{"type":"village","name":"Madapatna","taluk":"Bangalore South","district":"BANGALORE","village_code":"612975"},"geometry":{"type":"Polygon","coordinates":[[[77.34677339110023,12.943331571031901],[77.33947059988004,12.944136411196691],[77.33904546498533,12.942160529086316],[77.3355292316895,12.938036117371276],[77.33642461666919,12.928453544336653],[77.33956444508115,12.930195870052735],[77.35264528465045,12.922805321636245],[77.3623679485998,12.932651739434661],[77.36176135042442,12.936645176586024],[77.35864282286447,12.936644955956378],[77.35844772764938,12.939300176608036],[77.3538132373519,12.938917421237981],[77.35387494083217,12.940900201719842],[77.34677339110023,12.943331571031901]]]}},{"type":"Feature","properties":{"type":"village","name":" ","taluk":"Bangalore East","district":"BANGALORE","village_code":" "},"geometry":{"type":"Polygon","coordinates":[[[77.75245898109152,12.952438607409489],[77.74886285073603,12.952534071814002],[77.74844784434615,12.947497470643569],[77.74657834783196,12.94711457815199],[77.74757763195736,12.94592025302934],[77.74701216584221,12.94523829812336],[77.74201346169762,12.946477028232355],[77.74040413705265,12.94460163815164],[77.73644806703417,12.94430483404453],[77.73446933627974,12.942536154710181],[77.73461956783291,12.938101711413692],[77.73592283196903,12.936139815135082],[77.73905216177027,12.934944638969242],[77.7394428363924,12.933707963336781],[77.74224619632314,12.932726077041979],[77.74411453490892,12.930891810731119],[77.74624451860102,12.93084822311164],[77.74886307980644,12.926592219281442],[77.75209731396825,12.924322252665796],[77.75548770676748,12.925905720826538],[77.76560528179387,12.927392718209465],[77.76572241761536,12.933453505073775],[77.75879051023325,12.937540615244794],[77.75766522481284,12.939628132728211],[77.75498805482331,12.93967659186778],[77.75532748684667,12.94289467877388],[77.75416162182992,12.943038749776745],[77.75198816596628,12.949387681647359],[77.75245898109152,12.952438607409489]]]}},{"type":"Feature","properties":{"type":"village","name":" ","taluk":"Bangalore South","district":"BANGALORE","village_code":" "},"geometry":{"type":"Polygon","coordinates":[[[77.48547610515301,12.944258073375156],[77.4830410050814,12.944687779004193],[77.4791709253952,12.948098651632025],[77.47662331582585,12.94809881271927],[77.47646357111383,12.94449127780128],[77.47459357423801,12.941115394149962],[77.47888240539056,12.936785492618196],[77.48417858484484,12.937538905371257],[77.48547610515301,12.944258073375156]]]}},{"type":"Feature","properties":{"type":"village","name":"Deshapande Guttahalli","taluk":"Anekal","district":"BANGALORE","village_code":"613242"},"geometry":{"type":"Polygon","coordinates":[[[77.83226356191285,12.92665831714662],[77.82292340689965,12.929390828182944],[77.81976773130775,12.926913410982145],[77.81631675522743,12.926456131678046],[77.81545121228153,12.923626671913242],[77.81673722337425,12.92146210458954],[77.82666639563445,12.921315125624016],[77.82727482367804,12.920081403189858],[77.82991497319638,12.919697747148282],[77.83133833489946,12.921623347333114],[77.83226356191285,12.92665831714662]]]}},{"type":"Feature","properties":{"type":"village","name":"Nekkundi Dommasandra","taluk":"Anekal","district":"BANGALORE","village_code":"613213"},"geometry":{"type":"Polygon","coordinates":[[[77.78212308462335,12.928583478412449],[77.77880085778452,12.928921195149007],[77.77791078094984,12.930981775399546],[77.77090302431674,12.92978128977518],[77.76560528179387,12.927392718209465],[77.7659534283738,12.92151743083051],[77.77365771083043,12.920155733158069],[77.77888215980927,12.921237960034569],[77.78212308462335,12.928583478412449]]]}},{"type":"Feature","properties":{"type":"village","name":"Seeganaikanahalli","taluk":"Anekal","district":"BANGALORE","village_code":"613240"},"geometry":{"type":"Polygon","coordinates":[[[77.81334390116889,12.930306079131958],[77.81094717622791,12.933179913669251],[77.80962489026568,12.932705011832903],[77.80593624870725,12.925097574411241],[77.81620136393424,12.927296744242268],[77.81327969408395,12.929108377103898],[77.81334390116889,12.930306079131958]]]}},{"type":"Feature","properties":{"type":"village","name":" ","taluk":"Bangalore East","district":"BANGALORE","village_code":" "},"geometry":{"type":"Polygon","coordinates":[[[77.69473323015426,12.930994243007783],[77.69112544775118,12.93171998193453],[77.69008266630138,12.93363895621816],[77.68140987959423,12.932776677312905],[77.68090995815547,12.930694639380553],[77.68199213791699,12.930735246705158],[77.68292686910608,12.92293723829864],[77.69555666187625,12.921997334170213],[77.69473323015426,12.930994243007783]]]}},{"type":"Feature","properties":{"type":"village","name":" ","taluk":"Bangalore East","district":"BANGALORE","village_code":" "},"geometry":{"type":"Polygon","coordinates":[[[77.68140987959423,12.932776677312905],[77.67893856214535,12.932715805345065],[77.67678988181724,12.934148739749933],[77.67667092241574,12.93169467293787],[77.67241251540521,12.930758241759882],[77.66734048986885,12.931314406420885],[77.66911017457186,12.923672096842955],[77.6699445289094,12.922710124281332],[77.6708625020269,12.922730441727346],[77.67069574237082,12.923549058751153],[77.67741341233742,12.922463261708105],[77.6772252152854,12.920345194668508],[77.68162687932922,12.918645767431633],[77.68292686910608,12.92293723829864],[77.68199213791699,12.930735246705158],[77.68090995815547,12.930694639380553],[77.68140987959423,12.932776677312905]]]}},{"type":"Feature","properties":{"type":"village","name":"Punagumaranahalli","taluk":"Bangalore South","district":"BANGALORE","village_code":"612997"},"geometry":{"type":"Polygon","coordinates":[[[77.40699935200091,12.929477201929144],[77.40318536491765,12.932426106896303],[77.40052332525248,12.930320254945887],[77.39923339391184,12.91235666501807],[77.4001554040582,12.913099918390838],[77.40855352996891,12.91018773671426],[77.40775814544668,12.912207194866793],[77.40773377055976,12.91924401296881],[77.40929157682321,12.929076459259075],[77.40699935200091,12.929477201929144]]]}},{"type":"Feature","properties":{"type":"village","name":" ","taluk":"Bangalore East","district":"BANGALORE","village_code":" "},"geometry":{"type":"Polygon","coordinates":[[[77.75209731396825,12.924322252665796],[77.74886307980644,12.926592219281442],[77.74624451860102,12.93084822311164],[77.74411453490892,12.930891810731119],[77.74224619632314,12.932726077041979],[77.7394428363924,12.933707963336781],[77.73905216177027,12.934944638969242],[77.73592283196903,12.936139815135082],[77.73461956783291,12.938101711413692],[77.73342371435703,12.937142830750533],[77.73242223834231,12.933241824773654],[77.72837919164138,12.932390632200018],[77.728422245198,12.931367295621204],[77.7265530532127,12.931368003927386],[77.7266830861467,12.930429910631304],[77.7228578287999,12.930559234305248],[77.71872780900978,12.929409455293401],[77.71807506797151,12.927490951925458],[77.71133631993509,12.924337932152014],[77.70420484821936,12.915769771883904],[77.70707252213455,12.912229938579175],[77.71757093343406,12.915829528106965],[77.72393846525576,12.914889240867685],[77.7260460485579,12.91350271720446],[77.73780448628227,12.91520361014018],[77.74431597402653,12.913048986659131],[77.74548226304813,12.919542722366758],[77.75182653479216,12.92216628767126],[77.75209731396825,12.924322252665796]]]}},{"type":"Feature","properties":{"type":"village","name":"Kommaghatta","taluk":"Bangalore South","district":"BANGALORE","village_code":"613011"},"geometry":{"type":"Polygon","coordinates":[[[77.4748695304051,12.926716936052575],[77.46594134906938,12.930176526811612],[77.46116853708278,12.934303524323042],[77.4588439980631,12.932644157358178],[77.45576234814219,12.933103467928474],[77.4565183639971,12.927466370079232],[77.45399258887903,12.928222822843136],[77.45302104293296,12.93139461575003],[77.43618404802179,12.927719408183073],[77.43607836033031,12.923355671028942],[77.44505160295729,12.920773416238136],[77.45752716217972,12.912754432966807],[77.45714321593904,12.90682653036858],[77.45792289791011,12.90651832105441],[77.46327154885844,12.907128145899947],[77.4696393941922,12.91470792522399],[77.47085389040517,12.920208102005928],[77.4748695304051,12.926716936052575]]]}},{"type":"Feature","properties":{"type":"village","name":"Huluvenahalli","taluk":"Bangalore South","district":"BANGALORE","village_code":"612985"},"geometry":{"type":"Polygon","coordinates":[[[77.36680815486088,12.913597981111133],[77.36754423889629,12.918462416168122],[77.36596331089576,12.921521179134967],[77.36905991327457,12.92441021380016],[77.36845345882963,12.92776641272789],[77.366699334744,12.928148692273899],[77.3652265710902,12.932205823642345],[77.3623679485998,12.932651739434661],[77.35264528465045,12.922805321636245],[77.33956444508115,12.930195870052735],[77.33642461666919,12.928453544336653],[77.33930552995504,12.923674565921967],[77.33658486892934,12.912390075270087],[77.33811596738106,12.91389247777115],[77.35647915414586,12.911409384404761],[77.36680815486088,12.913597981111133]]]}},{"type":"Feature","properties":{"type":"village","name":"Chikkanekkundi","taluk":"Anekal","district":"BANGALORE","village_code":"613212"},"geometry":{"type":"Polygon","coordinates":[[[77.77542873581984,12.938768014265358],[77.76509176076001,12.942519472176212],[77.76517674497916,12.937895998156879],[77.76681386080409,12.934796286370686],[77.76572241761536,12.933453505073775],[77.76560528179387,12.927392718209465],[77.77090302431674,12.92978128977518],[77.77791078094984,12.930981775399546],[77.77661116038054,12.931636606786187],[77.77741190515009,12.934158837158721],[77.77542873581984,12.938768014265358]]]}},{"type":"Feature","properties":{"type":"village","name":"Muniyanapalya","taluk":"Bangalore South","district":"BANGALORE","village_code":"612771"},"geometry":{"type":"Polygon","coordinates":[[[77.4236167366729,12.949364566620218],[77.41752904084198,12.949257086924748],[77.41465586833894,12.944500727806561],[77.40927509633099,12.942602789406159],[77.40965285677261,12.938272906696392],[77.40699935200091,12.929477201929144],[77.40929157682321,12.929076459259075],[77.40853310677093,12.924256664632377],[77.42195552803207,12.923565723291286],[77.42176639403718,12.92530017861948],[77.42022557581409,12.92549864917502],[77.41877344017415,12.927307631671871],[77.42126279309903,12.934182991090475],[77.41717092206409,12.936475542980379],[77.41416474859334,12.93572025428314],[77.41376073039599,12.93676096159189],[77.41476900036919,12.939974890714716],[77.41624693382748,12.940832126371761],[77.42068037936771,12.941076436203993],[77.42405256062118,12.942627436298443],[77.42307468873888,12.944750798243515],[77.4236167366729,12.949364566620218]]]}},{"type":"Feature","properties":{"type":"village","name":"Sulikere","taluk":"Bangalore South","district":"BANGALORE","village_code":"613012"},"geometry":{"type":"Polygon","coordinates":[[[77.45527521871307,12.946723622785726],[77.44680406875291,12.948093796251978],[77.44322449255147,12.950156651885129],[77.43850958237482,12.948774637623616],[77.43509478234931,12.940392542820605],[77.43741384613732,12.93396925305281],[77.43618404802179,12.927719408183073],[77.45302104293296,12.93139461575003],[77.45239114874732,12.936721950434833],[77.45035815615645,12.938481714563054],[77.45360801561434,12.940129962339066],[77.45335897027822,12.942477794289902],[77.45527521871307,12.946723622785726]]]}},{"type":"Feature","properties":{"type":"village","name":"Chalaghatta","taluk":"Bangalore East","district":"BANGALORE","village_code":"613019"},"geometry":{"type":"Polygon","coordinates":[[[77.65754340319312,12.947140625362263],[77.65183801238085,12.947300725646725],[77.65033569684914,12.946932490111163],[77.6495844339804,12.945581879933941],[77.64587073930704,12.94873371631558],[77.6440766590559,12.953195134125068],[77.64261604870957,12.95455534525849],[77.63968429706686,12.951980258695963],[77.65359151123901,12.941188649745273],[77.65533500196666,12.945824620624851],[77.65745783327243,12.945661090126196],[77.65754340319312,12.947140625362263]]]}},{"type":"Feature","properties":{"type":"village","name":"Puradapalya","taluk":"Bangalore South","district":"BANGALORE","village_code":"612982"},"geometry":{"type":"Polygon","coordinates":[[[77.38363409959577,12.9501489328926],[77.36088742889184,12.950260313282632],[77.3605101337776,12.942672779850076],[77.36368009527746,12.940594876336837],[77.36980627224017,12.939651305565993],[77.3772572190069,12.939960431786497],[77.37972931080357,12.942979262715657],[77.38161214819806,12.948832241913035],[77.38363409959577,12.9501489328926]]]}},{"type":"Feature","properties":{"type":"village","name":" ","taluk":"Bangalore South","district":"BANGALORE","village_code":" "},"geometry":{"type":"Polygon","coordinates":[[[77.66829670606461,12.939890379296],[77.66236899838921,12.942047381828743],[77.65983046000757,12.945905775185295],[77.65872738363593,12.945701772932006],[77.66118237240788,12.939577545228676],[77.65445957755257,12.935383207765431],[77.66010072894058,12.928208244159794],[77.66309549829882,12.927818237141375],[77.66115287712384,12.921848740975378],[77.66330395056384,12.920528068239333],[77.66212213326428,12.915683607915371],[77.66119138430682,12.915566512009061],[77.65613948911765,12.920919868429547],[77.6543673609971,12.92487523763999],[77.64262517289794,12.931148490209015],[77.64030736136141,12.930765171620028],[77.6347059361702,12.936134595307399],[77.63358445960658,12.935119250070485],[77.63062926283325,12.936017466092743],[77.62725780741853,12.935486725592137],[77.62854809539034,12.93364954919472],[77.63741345304665,12.928505295937384],[77.63870352901606,12.924606340322422],[77.64132558736289,12.923544743114023],[77.64777690415283,12.92460583512622],[77.64000373169367,12.916430820420674],[77.62167299117863,12.916976749905013],[77.61752140283853,12.915707789026632],[77.61708334388182,12.91429570172098],[77.61539346640701,12.915134675834505],[77.61405855821671,12.909281681252693],[77.61160750316733,12.905637522779514],[77.61126607059585,12.902679060135416],[77.61343616676031,12.892283082422528],[77.61268523806487,12.891423516384963],[77.60408024900883,12.892487015346964],[77.60282843228734,12.894553839120615],[77.59859338686412,12.897684498358544],[77.5999488350334,12.902575735360974],[77.5971534943632,12.90196146782016],[77.57061496387813,12.90398548702075],[77.57228431305205,12.901939374646945],[77.57153429435002,12.897396030737562],[77.57245796727797,12.894670577088993],[77.57861123922629,12.897905264760094],[77.5793996869579,12.892793055404715],[77.58098551437,12.89037850369155],[77.586367694038,12.888905965187009],[77.5903570089085,12.890232954823775],[77.59029510330733,12.885485112298054],[77.58843977142854,12.87748309201768],[77.59197839702942,12.876557963097172],[77.59329861956148,12.872486258682244],[77.59656912499952,12.87237409399544],[77.60119786607916,12.869053311705004],[77.60374158594335,12.868603219913268],[77.60489682568692,12.865420596386796],[77.60522177956285,12.868004804281515],[77.6068276995929,12.870337933650577],[77.6084755511838,12.870041327739644],[77.6084861728637,12.86727857485984],[77.61200075685267,12.868138346333746],[77.61225115864482,12.86631699241092],[77.61344006095706,12.866700781075446],[77.61550485121401,12.871018972821865],[77.61492067319149,12.874083550012482],[77.6156714940891,12.87648309036205],[77.6169647294334,12.877319650782997],[77.61803885040851,12.88128987230055],[77.61707576030419,12.881616895727303],[77.61710533733492,12.882666091437482],[77.61895120636052,12.890013032813643],[77.62416627692778,12.888336342353657],[77.62871899717821,12.888670214050256],[77.62978293125799,12.893315721882141],[77.63278685983884,12.893929636740305],[77.63293276959719,12.889734350818518],[77.63405923001402,12.890000373139037],[77.63698470333122,12.886769128106938],[77.63693748159167,12.87929720234911],[77.64257076643271,12.873635884278967],[77.64254706887552,12.870082679663208],[77.64906541705365,12.87052225021531],[77.65396700523117,12.868823243035271],[77.65956753300539,12.869017060862477],[77.65425175500657,12.873778262997208],[77.65492362926207,12.880777435288913],[77.64856758958781,12.883835246597792],[77.64447849524542,12.888175622820986],[77.64347415809654,12.888090128001835],[77.64387162218556,12.891249171603395],[77.64527205618761,12.891054301774126],[77.64500522690383,12.891976398123122],[77.6487595999882,12.891260854838961],[77.6537322089721,12.895136659763375],[77.6542839946438,12.896885584649494],[77.65595299616972,12.898031445047955],[77.65674565340676,12.89756067164672],[77.65639134079072,12.900241596318429],[77.65478502280699,12.900118972253642],[77.65470169238627,12.90112175511638],[77.65611081309713,12.909440543193357],[77.66038761490972,12.9103609746643],[77.66140697997501,12.908814913062637],[77.66831674298703,12.91544823487857],[77.67223856922689,12.917900535984456],[77.67334528377546,12.923221183938981],[77.67069574237082,12.923549058751153],[77.6708625020269,12.922730441727346],[77.6699445289094,12.922710124281332],[77.66831827371627,12.928993050832538],[77.66733779492303,12.92962760382497],[77.66829670606461,12.939890379296]]]}},{"type":"Feature","properties":{"type":"village","name":" ","taluk":"Bangalore East","district":"BANGALORE","village_code":" "},"geometry":{"type":"Polygon","coordinates":[[[77.66049661738462,12.947110068566454],[77.65754340319312,12.947140625362263],[77.65745783327243,12.945661090126196],[77.65983046000757,12.945905775185295],[77.66049661738462,12.947110068566454]]]}},{"type":"Feature","properties":{"type":"village","name":"Kambipura","taluk":"Bangalore East","district":"BANGALORE","village_code":"613022"},"geometry":{"type":"Polygon","coordinates":[[[77.66829670606461,12.939890379296],[77.67190069128894,12.941086563099297],[77.67720770622218,12.941044804427584],[77.6786098407351,12.942552683156185],[77.68005887718729,12.940799301258057],[77.68105806070139,12.941778932011033],[77.68222338223742,12.941125477268761],[77.68313954884286,12.943084945107119],[77.68853931662584,12.946455838115723],[77.68947797974091,12.949052858041354],[77.67136770825446,12.94766662924635],[77.67104836256087,12.946434936030187],[77.66560865298543,12.945702895300748],[77.66049661738462,12.947110068566454],[77.6598095319564,12.945048427401877],[77.66066263323563,12.943598993103505],[77.6646164987884,12.940822295385061],[77.66829670606461,12.939890379296]]]}},{"type":"Feature","properties":{"type":"village","name":"Mallasandra","taluk":"Bangalore South","district":"BANGALORE","village_code":"613040"},"geometry":{"type":"Polygon","coordinates":[[[77.53815241240353,12.917807868063322],[77.53773437689452,12.920038379302921],[77.53975671097452,12.923968305601587],[77.53677339603448,12.923680764886246],[77.53378747418348,12.930510874081223],[77.53311862455554,12.933789023781852],[77.53385783382981,12.936289889073977],[77.52788730975301,12.944843532327031],[77.52032788512751,12.936772364286313],[77.51328377187822,12.935692235964803],[77.51239179331012,12.938008634249442],[77.51615975970138,12.944818410265093],[77.512005067682,12.94858508213991],[77.50506041590099,12.947709187868949],[77.50237820726102,12.946845435159206],[77.50345848798403,12.944548420823734],[77.50002173762458,12.939018963331675],[77.49735318966516,12.924818413191268],[77.49222474723399,12.923309266288674],[77.49237437961087,12.919146586791594],[77.49072997575404,12.91354758797215],[77.49007264522298,12.912209884710386],[77.48769822994211,12.911963109828255],[77.4886316549808,12.909410639364918],[77.48698870908967,12.90678490869258],[77.48979199625687,12.906003244029872],[77.49550050781643,12.90645914226582],[77.4990238566676,12.904027562738396],[77.501777596357,12.898678664100263],[77.5031961700396,12.898617953700175],[77.5063948030684,12.906025148585407],[77.51008708639696,12.907030790302342],[77.51110957490451,12.90589684982171],[77.51065205843872,12.90276553680938],[77.51342682858723,12.902275622182142],[77.51180043235857,12.900555861419909],[77.51355462202123,12.896402294224725],[77.51278411903574,12.89341409771421],[77.51455761529047,12.89261675270605],[77.515036827867,12.893926705892486],[77.5198138781051,12.893969667722438],[77.51945809674355,12.896691333042362],[77.52371263920169,12.899292099958343],[77.52514936514126,12.9059846475721],[77.53036011840526,12.918163182757457],[77.53519989979631,12.919085874357362],[77.53815241240353,12.917807868063322]]]}},{"type":"Feature","properties":{"type":"village","name":" ","taluk":"Bangalore South","district":"BANGALORE","village_code":" "},"geometry":{"type":"Polygon","coordinates":[[[77.43850958237482,12.948774637623616],[77.43086791069686,12.948624543184492],[77.43068249842221,12.942395252706062],[77.42951467238318,12.940879272028019],[77.42755876422684,12.940495972769119],[77.42774230980233,12.934813681219772],[77.43561229190303,12.938768093936497],[77.43509478234931,12.940392542820605],[77.43850958237482,12.948774637623616]]]}},{"type":"Feature","properties":{"type":"village","name":"Maragondanahalli","taluk":"Bangalore South","district":"BANGALORE","village_code":"613013"},"geometry":{"type":"Polygon","coordinates":[[[77.43086791069686,12.948624543184492],[77.4236167366729,12.949364566620218],[77.42307468873888,12.944750798243515],[77.42405256062118,12.942627436298443],[77.41476900036919,12.939974890714716],[77.41416474859334,12.93572025428314],[77.41717092206409,12.936475542980379],[77.42126279309903,12.934182991090475],[77.41877344017415,12.927307631671871],[77.42022557581409,12.92549864917502],[77.42176639403718,12.92530017861948],[77.42195552803207,12.923565723291286],[77.43607836033031,12.923355671028942],[77.43608348611731,12.929726404886006],[77.43741384613732,12.93396925305281],[77.43561229190303,12.938768093936497],[77.42774230980233,12.934813681219772],[77.42755876422684,12.940495972769119],[77.42951467238318,12.940879272028019],[77.43068249842221,12.942395252706062],[77.43086791069686,12.948624543184492]]]}},{"type":"Feature","properties":{"type":"village","name":" ","taluk":"Bangalore South","district":"BANGALORE","village_code":" "},"geometry":{"type":"Polygon","coordinates":[[[77.47060622488134,12.948017301679318],[77.45787832440404,12.95065789474943],[77.45335897027822,12.942477794289902],[77.45360801561434,12.940129962339066],[77.45035815615645,12.938481714563054],[77.45239114874732,12.936721950434833],[77.45399258887903,12.928222822843136],[77.4565183639971,12.927466370079232],[77.45576234814219,12.933103467928474],[77.4588439980631,12.932644157358178],[77.46116853708278,12.934303524323042],[77.46594134906938,12.930176526811612],[77.48035041785484,12.92542643438408],[77.4828786283056,12.93065348133756],[77.48417858484484,12.937538905371257],[77.47888240539056,12.936785492618196],[77.47772146224321,12.937553277764268],[77.47459357423801,12.941115394149962],[77.47646357111383,12.94449127780128],[77.47662331582585,12.94809881271927],[77.47060622488134,12.948017301679318]]]}},{"type":"Feature","properties":{"type":"village","name":" ","taluk":"Bangalore South","district":"BANGALORE","village_code":" "},"geometry":{"type":"Polygon","coordinates":[[[77.38401681424614,12.960102074317023],[77.38098205817968,12.960353560423485],[77.37950855161913,12.961927210334693],[77.37749471829666,12.961333079276024],[77.37688893399493,12.961951290665688],[77.37487510696064,12.960787095432966],[77.37381092314924,12.957414986871806],[77.37012606978637,12.959209523369061],[77.36905869066747,12.950011049426724],[77.3846164100539,12.950108768213866],[77.38401681424614,12.960102074317023]]]}},{"type":"Feature","properties":{"type":"village","name":"Peddanapalya","taluk":"Bangalore South","district":"BANGALORE","village_code":"612978"},"geometry":{"type":"Polygon","coordinates":[[[77.39164147722252,12.962749063790897],[77.38836301181274,12.963637271347572],[77.38827971462968,12.962922738843194],[77.38565689540981,12.962596177294353],[77.3836586289929,12.964586712859946],[77.3846164100539,12.950108768213866],[77.38268452374656,12.9498037106227],[77.3810227446755,12.947876821250587],[77.37972931080357,12.942979262715657],[77.37809215455448,12.940602740082822],[77.37867748511552,12.940002892792924],[77.38210870364944,12.938609208629964],[77.39145285975893,12.941915245889343],[77.39612635131277,12.950785435116707],[77.39277505499132,12.94936677192853],[77.39164147722252,12.962749063790897]]]}},{"type":"Feature","properties":{"type":"village","name":"Manganahalli","taluk":"Bangalore North","district":"BANGALORE","village_code":"612825"},"geometry":{"type":"Polygon","coordinates":[[[77.47232289101625,12.966744177370586],[77.4691140639056,12.96708599007831],[77.46758866885763,12.96543798192675],[77.4654539573322,12.962468279674795],[77.46588967887257,12.958527984780462],[77.46330833576765,12.957916377962041],[77.46305785582204,12.955915760821897],[77.45974057959873,12.957135467006966],[77.45920061485783,12.952300922189165],[77.45787832440404,12.95065789474943],[77.47060622488134,12.948017301679318],[77.47101222386388,12.949842070135423],[77.47276061490136,12.949698538851887],[77.47280299292488,12.951637976137848],[77.47140847343066,12.951863044127405],[77.47082650167046,12.954108931114805],[77.47116041893631,12.956415740211527],[77.47359694732921,12.959313834073317],[77.47243225191893,12.96186616514873],[77.47232289101625,12.966744177370586]]]}},{"type":"Feature","properties":{"type":"village","name":"Gangappanahalli","taluk":"Bangalore South","district":"BANGALORE","village_code":"612972"},"geometry":{"type":"Polygon","coordinates":[[[77.35440927583115,12.96639599733727],[77.34070327440111,12.966585700338793],[77.33775396518621,12.955989513697315],[77.3454847470454,12.95474687121686],[77.35055695493975,12.956995776992304],[77.3539956312872,12.95565671074304],[77.35492224170613,12.956685277320608],[77.35406832026504,12.961014383120645],[77.35545818199452,12.963621589080482],[77.35440927583115,12.96639599733727]]]}},{"type":"Feature","properties":{"type":"village","name":"Yelachaguppe","taluk":"Bangalore South","district":"BANGALORE","village_code":"612981"},"geometry":{"type":"Polygon","coordinates":[[[77.42508781778217,12.967983059631528],[77.41861414192483,12.969209048960883],[77.41823858415232,12.964084868606086],[77.41598968417787,12.9592467748834],[77.4168324763909,12.957766544659599],[77.41642602375916,12.954347039359972],[77.41753946399425,12.953295487661203],[77.4182257472269,12.949620629138684],[77.43850958237482,12.948774637623616],[77.43817869512642,12.957461424660455],[77.4389913847943,12.960993083936621],[77.4405842900325,12.962932161886568],[77.44070083925412,12.967806838056168],[77.43671438461945,12.967923313280489],[77.4362545136693,12.959961453631045],[77.42936448484745,12.95977914474198],[77.42530546969404,12.95998405642226],[77.42508781778217,12.967983059631528]]]}},{"type":"Feature","properties":{"type":"village","name":" ","taluk":"Bangalore South","district":"BANGALORE","village_code":" "},"geometry":{"type":"Polygon","coordinates":[[[77.38161896102118,12.97854569481898],[77.3763105680723,12.980138089318618],[77.37508237434785,12.972992729181415],[77.37730975607799,12.970297933867606],[77.37907917398132,12.971420778352732],[77.38161896102118,12.97854569481898]]]}},{"type":"Feature","properties":{"type":"village","name":"Valepura","taluk":"Bangalore East","district":"BANGALORE","village_code":"613117"},"geometry":{"type":"Polygon","coordinates":[[[77.76712107025821,12.959486768278566],[77.76398680511276,12.961040133857992],[77.76372052290299,12.958825433773505],[77.7613475467232,12.958309147180143],[77.75489375417636,12.953655538797294],[77.75466705802621,12.955512968324907],[77.75293488068128,12.954544952773206],[77.75198816596628,12.949387681647359],[77.75416162182992,12.943038749776745],[77.75532748684667,12.94289467877388],[77.75498805482331,12.93967659186778],[77.75766522481284,12.939628132728211],[77.75879051023325,12.937540615244794],[77.76572241761536,12.933453505073775],[77.76681386080409,12.934796286370686],[77.76517674497916,12.937895998156879],[77.76568964527715,12.945109439939063],[77.77256678686796,12.951145941619682],[77.76712107025821,12.959486768278566]]]}},{"type":"Feature","properties":{"type":"village","name":"Kempagondanahalli","taluk":"Bangalore South","district":"BANGALORE","village_code":"612974"},"geometry":{"type":"Polygon","coordinates":[[[77.3454847470454,12.95474687121686],[77.33775396518621,12.955989513697315],[77.33460864986446,12.952449112916838],[77.33277973294658,12.952042187893905],[77.33297209368993,12.95019603914158],[77.33947059988004,12.944136411196691],[77.34677339110023,12.943331571031901],[77.34770495482965,12.951117187019145],[77.3454847470454,12.95474687121686]]]}},{"type":"Feature","properties":{"type":"village","name":" ","taluk":"Bangalore East","district":"BANGALORE","village_code":" "},"geometry":{"type":"Polygon","coordinates":[[[77.72379179731932,12.956866727914042],[77.72375055835957,12.962601587410003],[77.72205458491723,12.961429649437394],[77.71545786591713,12.96305218309928],[77.71771171291383,12.944290580231517],[77.72142953085435,12.946868903237865],[77.72542907933257,12.94712328039987],[77.7244439230116,12.956909127385222],[77.72379179731932,12.956866727914042]]]}},{"type":"Feature","properties":{"type":"village","name":" ","taluk":"Bangalore East","district":"BANGALORE","village_code":" "},"geometry":{"type":"Polygon","coordinates":[[[77.74675775666552,12.95858418436372],[77.74542136894996,12.959522828285623],[77.73815480768351,12.957521984181136],[77.73881440556232,12.962083997260745],[77.7324025203218,12.963642923056426],[77.73270249384633,12.953409625204982],[77.73183297136372,12.953282054664712],[77.73171170508854,12.949210150339503],[77.73258097783952,12.948783422107905],[77.73810361359376,12.952405416131564],[77.74197335910674,12.953768186152875],[77.74514866198928,12.957433675795707],[77.74510239426057,12.951549620142199],[77.74736334333791,12.952273450270148],[77.74688643314346,12.954959877072634],[77.74847379397974,12.956131702799256],[77.74675705777625,12.9571344847605],[77.74675775666552,12.95858418436372]]]}},{"type":"Feature","properties":{"type":"village","name":" ","taluk":"Bangalore East","district":"BANGALORE","village_code":" "},"geometry":{"type":"Polygon","coordinates":[[[77.7324025203218,12.963642923056426],[77.730011477225,12.963857055844501],[77.72700170779818,12.96148307763872],[77.72424976833264,12.96068268379611],[77.72379179731932,12.956866727914042],[77.7244439230116,12.956909127385222],[77.72562492464093,12.947677505281131],[77.72610376711154,12.9492975809175],[77.72871157009314,12.9479321687735],[77.73171170508854,12.949210150339503],[77.73183297136372,12.953282054664712],[77.73270249384633,12.953409625204982],[77.7324025203218,12.963642923056426]]]}},{"type":"Feature","properties":{"type":"village","name":"Kenchanapura","taluk":"Bangalore South","district":"BANGALORE","village_code":"613010"},"geometry":{"type":"Polygon","coordinates":[[[77.45974057959873,12.957135467006966],[77.44722390987566,12.960603158848212],[77.4389913847943,12.960993083936621],[77.4380637125667,12.955450543610617],[77.43850958237482,12.948774637623616],[77.44322449255147,12.950156651885129],[77.44680406875291,12.948093796251978],[77.45527521871307,12.946723622785726],[77.45920061485783,12.952300922189165],[77.45974057959873,12.957135467006966]]]}},{"type":"Feature","properties":{"type":"village","name":"Thippagondanahalli","taluk":"Bangalore South","district":"BANGALORE","village_code":"612973"},"geometry":{"type":"Polygon","coordinates":[[[77.34070327440111,12.966585700338793],[77.33982511012545,12.967972820902567],[77.33199707395866,12.965053521136175],[77.32899741956194,12.964861618798876],[77.33006777929094,12.962967803818286],[77.33114215718425,12.955577296247332],[77.333166012112,12.951755659184094],[77.33716891579782,12.954482576841613],[77.34070327440111,12.966585700338793]]]}},{"type":"Feature","properties":{"type":"village","name":"Cholanaikanahalli","taluk":"Bangalore South","district":"BANGALORE","village_code":"612976"},"geometry":{"type":"Polygon","coordinates":[[[77.3690253092715,12.968778427076522],[77.3538314569825,12.968133041730612],[77.35545814696025,12.964052115714177],[77.35406832026504,12.961014383120645],[77.35492224170613,12.956685277320608],[77.3539956312872,12.95565671074304],[77.35055695493975,12.956995776992304],[77.3454847470454,12.95474687121686],[77.34770495482965,12.951117187019145],[77.34677339110023,12.943331571031901],[77.35387494083217,12.940900201719842],[77.35433463481418,12.942946134088817],[77.3605101337776,12.942672779850076],[77.36088742889184,12.950260313282632],[77.36905869066747,12.950011049426724],[77.37012606978637,12.959209523369061],[77.3690253092715,12.968778427076522]]]}},{"type":"Feature","properties":{"type":"village","name":" ","taluk":"Bangalore East","district":"BANGALORE","village_code":" "},"geometry":{"type":"Polygon","coordinates":[[[77.77701739112844,12.976371351273494],[77.76849596605508,12.977086489424961],[77.76783626037839,12.97867709089158],[77.7585038156053,12.97898479521434],[77.75712179077831,12.977849746340565],[77.76732455394144,12.968435572338349],[77.77316310202826,12.964976038176824],[77.77908453317482,12.969832359236365],[77.7792079419319,12.972462786155216],[77.77652487719749,12.974875185955463],[77.77701739112844,12.976371351273494]]]}},{"type":"Feature","properties":{"type":"village","name":"Kannahalli","taluk":"Bangalore North","district":"BANGALORE","village_code":"612824"},"geometry":{"type":"Polygon","coordinates":[[[77.4691140639056,12.96708599007831],[77.46232812287572,12.967565464289724],[77.46061198584853,12.97114888926256],[77.45618272555919,12.974819530161001],[77.45470062661292,12.970858486164184],[77.4530771103831,12.971430582745286],[77.45232702700233,12.969185116399348],[77.44094158685193,12.973659028857703],[77.4405842900325,12.962932161886568],[77.4389913847943,12.960993083936621],[77.44722390987566,12.960603158848212],[77.46305785582204,12.955915760821897],[77.46330833576765,12.957916377962041],[77.46588967887257,12.958527984780462],[77.4654539573322,12.962468279674795],[77.4691140639056,12.96708599007831]]]}},{"type":"Feature","properties":{"type":"village","name":" ","taluk":"Bangalore North","district":"BANGALORE","village_code":" "},"geometry":{"type":"Polygon","coordinates":[[[77.49136553920742,12.977362773390503],[77.48601110580361,12.977641916008443],[77.48434498337818,12.975907303287993],[77.48428186055978,12.974355769906339],[77.48305388332933,12.974866646622935],[77.48217866462949,12.972723393564506],[77.48518586936618,12.970854187103317],[77.48533756517325,12.966232004997854],[77.49174366885663,12.962234909989593],[77.49293094521818,12.963888028160415],[77.49259903838194,12.966358418614107],[77.49493078278854,12.967051507776],[77.49714931880806,12.970367985684678],[77.49431863032973,12.971134828697123],[77.49408101785225,12.974911754079006],[77.49205142089318,12.975024931047932],[77.49136553920742,12.977362773390503]]]}},{"type":"Feature","properties":{"type":"village","name":"Tavarekere","taluk":"Bangalore South","district":"BANGALORE","village_code":"612979"},"geometry":{"type":"Polygon","coordinates":[[[77.39767356913396,12.978234964680144],[77.39199724241438,12.978480255865371],[77.39283960702934,12.967145560673563],[77.39163098939157,12.96147310914934],[77.39277505499132,12.94936677192853],[77.39612635131277,12.950785435116707],[77.39145285975893,12.941915245889343],[77.38210870364944,12.938609208629964],[77.38564521192123,12.936998604002],[77.3912784320836,12.937072726688868],[77.38963642583025,12.93637903056254],[77.3894427786994,12.933915269123467],[77.40052332525248,12.930320254945887],[77.40318536491765,12.932426106896303],[77.40699935200091,12.929477201929144],[77.40965285677261,12.938272906696392],[77.40927509633099,12.942602789406159],[77.41364557805466,12.944012210042033],[77.41003044473764,12.948803848615292],[77.40660665257617,12.950733484156164],[77.40844092974133,12.970617782409496],[77.39986455831529,12.971190247209217],[77.39767356913396,12.978234964680144]]]}},{"type":"Feature","properties":{"type":"village","name":"Devamachahalli Narayanapura","taluk":"Bangalore South","district":"BANGALORE","village_code":"612969"},"geometry":{"type":"Polygon","coordinates":[[[77.38084866195327,12.975340503415069],[77.37795506715052,12.970134613778534],[77.37508237434785,12.972992729181415],[77.3763105680723,12.980138089318618],[77.36820371101096,12.978411768864575],[77.37012606978637,12.959209523369061],[77.37381092314924,12.957414986871806],[77.37487510696064,12.960787095432966],[77.37688893399493,12.961951290665688],[77.37749471829666,12.961333079276024],[77.37950855161913,12.961927210334693],[77.38098205817968,12.960353560423485],[77.38401681424614,12.960102074317023],[77.38347158717433,12.974932164436412],[77.38084866195327,12.975340503415069]]]}},{"type":"Feature","properties":{"type":"village","name":"Bychaguppe","taluk":"Bangalore South","district":"BANGALORE","village_code":"612968"},"geometry":{"type":"Polygon","coordinates":[[[77.39164147722252,12.962749063790897],[77.39283960702934,12.967145560673563],[77.39210813314797,12.978839052929896],[77.38161896102118,12.97854569481898],[77.38084866195327,12.975340503415069],[77.38347158717433,12.974932164436412],[77.3836586289929,12.964586712859946],[77.38565689540981,12.962596177294353],[77.38827971462968,12.962922738843194],[77.38836301181274,12.963637271347572],[77.39164147722252,12.962749063790897]]]}},{"type":"Feature","properties":{"type":"village","name":" ","taluk":"Bangalore South","district":"BANGALORE","village_code":" "},"geometry":{"type":"Polygon","coordinates":[[[77.33604329889906,12.978400530019696],[77.32872367864033,12.977689156238112],[77.32616358518348,12.97394546582593],[77.32560316400696,12.971386113694237],[77.32899741956194,12.964861618798876],[77.33855706264345,12.967111577361711],[77.33709341060158,12.96952707719773],[77.33804403927627,12.972875765238506],[77.33762577110357,12.976877500336364],[77.33604329889906,12.978400530019696]]]}},{"type":"Feature","properties":{"type":"village","name":" ","taluk":"Bangalore East","district":"BANGALORE","village_code":" "},"geometry":{"type":"Polygon","coordinates":[[[77.74847379397974,12.956131702799256],[77.74688643314346,12.954959877072634],[77.74736334333791,12.952273450270148],[77.74510239426057,12.951549620142199],[77.74514866198928,12.957433675795707],[77.74197335910674,12.953768186152875],[77.73810361359376,12.952405416131564],[77.73258097783952,12.948783422107905],[77.73171170508854,12.949210150339503],[77.72871157009314,12.9479321687735],[77.72610376711154,12.9492975809175],[77.72542907933257,12.94712328039987],[77.72142953085435,12.946868903237865],[77.71771171291383,12.944290580231517],[77.71712522262776,12.9453354182],[77.71403880175437,12.945592276294997],[77.71351750939498,12.946658403090332],[77.71008200589714,12.94307787988801],[77.70351870332726,12.946021888573927],[77.70082331909705,12.945638902765193],[77.69925910874393,12.94832554467882],[77.69634687030585,12.94981865661577],[77.69004356982357,12.950800896699612],[77.68853931662584,12.946455838115723],[77.68313954884286,12.943084945107119],[77.68222338223742,12.941125477268761],[77.68105806070139,12.941778932011033],[77.68005887718729,12.940799301258057],[77.6786098407351,12.942552683156185],[77.67720770622218,12.941044804427584],[77.67190069128894,12.941086563099297],[77.66829670606461,12.939890379296],[77.66734048986885,12.931314406420885],[77.67241251540521,12.930758241759882],[77.67667092241574,12.93169467293787],[77.67678988181724,12.934148739749933],[77.67893856214535,12.932715805345065],[77.68140987959423,12.932776677312905],[77.68174357317956,12.93600188277164],[77.68282609070765,12.937430579210584],[77.68528199935446,12.93804245080728],[77.6864098548549,12.941299212046644],[77.68795393935238,12.941749088963121],[77.68782806741478,12.938965916411401],[77.6909537680223,12.940226376124686],[77.69208462209916,12.942528573809689],[77.6951715792668,12.944275977098082],[77.69795379824563,12.944360530804612],[77.69917049892432,12.942612032866561],[77.70343057590294,12.942184465120354],[77.70395253840553,12.943164996564676],[77.70729940962589,12.941799584095023],[77.70751701572368,12.942567007108064],[77.70947323290045,12.942566410021401],[77.7095164777982,12.941884182416251],[77.71736286025806,12.941327335670362],[77.72636189441518,12.942517996093633],[77.72644909208317,12.9431575382521],[77.72736165195276,12.942304428916472],[77.7298396313078,12.942559308892355],[77.7301433472138,12.941152126572383],[77.73435998615683,12.94097990105268],[77.73446933627974,12.942536154710181],[77.73644806703417,12.94430483404453],[77.74040413705265,12.94460163815164],[77.74201346169762,12.946477028232355],[77.74701216584221,12.94523829812336],[77.74757763195736,12.94592025302934],[77.74657834783196,12.94711457815199],[77.74844784434615,12.947497470643569],[77.74886285073603,12.952534071814002],[77.75245898109152,12.952438607409489],[77.75293488068128,12.954544952773206],[77.74847379397974,12.956131702799256]]]}},{"type":"Feature","properties":{"type":"village","name":"Marenahalli","taluk":"Bangalore South","district":"BANGALORE","village_code":"612971"},"geometry":{"type":"Polygon","coordinates":[[[77.6347059361702,12.936134595307399],[77.62867858556682,12.947129955041303],[77.62651356129047,12.949295504302626],[77.61816963702903,12.95325255879938],[77.61723809216424,12.950848404663565],[77.61066209280615,12.949647906996157],[77.60606808418866,12.950385689701074],[77.59396871605104,12.956900878083301],[77.59308353323806,12.954808480187513],[77.59991160255981,12.949727172801518],[77.59674913570436,12.943373291674524],[77.59717222423689,12.939495420300375],[77.5948083893134,12.939419036904882],[77.59139357401654,12.937286413914247],[77.58820499313578,12.937345700965672],[77.58721409478353,12.936089417790553],[77.56735921776021,12.936132459923302],[77.56727193744719,12.938866807329065],[77.5656499806927,12.938826254733955],[77.56335484083732,12.933384855099295],[77.56158099064638,12.935007491695433],[77.55884394434992,12.934329703324481],[77.55841088990762,12.935513850029283],[77.55542964827929,12.935089133063446],[77.55323166391682,12.932987602427579],[77.55055002480877,12.934632783660396],[77.54715871662627,12.934099509951343],[77.54739842487331,12.9398709974089],[77.54950420974824,12.93996588879533],[77.55006180123164,12.941452819891007],[77.5501772446271,12.949949600355673],[77.54889164496277,12.951576658787344],[77.54584111088664,12.951395888952009],[77.54509456866472,12.947093262020726],[77.54197036195552,12.947518068849712],[77.54184134681275,12.945538497118367],[77.54053269278494,12.945267297662358],[77.53976775755756,12.946740657856408],[77.53900746482358,12.945344091619067],[77.53778175224598,12.945420888178536],[77.53740372769967,12.95327135484122],[77.52898926323056,12.955101355021872],[77.5279344218981,12.948100483124056],[77.52121118507165,12.950160842745523],[77.512005067682,12.94858508213991],[77.51622214230795,12.944310368001222],[77.51526910165676,12.944127049601938],[77.51249524329823,12.93833384384685],[77.51328377187822,12.935692235964803],[77.52032788512751,12.936772364286313],[77.52788730975301,12.944843532327031],[77.53385783382981,12.936289889073977],[77.53311862455554,12.933789023781852],[77.53378747418348,12.930510874081223],[77.53677339603448,12.923680764886246],[77.53975671097452,12.923968305601587],[77.53773437689452,12.920038379302921],[77.53815241240353,12.917807868063322],[77.54257511409301,12.918280054174149],[77.54532846571018,12.919856732051759],[77.54911650226153,12.919676742129996],[77.55094818958372,12.918779051315786],[77.54924311890247,12.913960690054461],[77.55065871466992,12.912491263029086],[77.55759808705204,12.911244701827755],[77.5604777031706,12.908707838824517],[77.57061496387813,12.90398548702075],[77.5971534943632,12.90196146782016],[77.5999488350334,12.902575735360974],[77.59859338686412,12.897684498358544],[77.60282843228734,12.894553839120615],[77.60408024900883,12.892487015346964],[77.6071050858779,12.89152543768314],[77.6113084665857,12.891218778725769],[77.61343616676031,12.892283082422528],[77.61126607059585,12.902679060135416],[77.61160750316733,12.905637522779514],[77.61405855821671,12.909281681252693],[77.61539346640701,12.915134675834505],[77.61708334388182,12.91429570172098],[77.61752140283853,12.915707789026632],[77.62167299117863,12.916976749905013],[77.64000373169367,12.916430820420674],[77.64777690415283,12.92460583512622],[77.64132558736289,12.923544743114023],[77.63870352901606,12.924606340322422],[77.63741345304665,12.928505295937384],[77.62854809539034,12.93364954919472],[77.62725780741853,12.935486725592137],[77.63062926283325,12.936017466092743],[77.63358445960658,12.935119250070485],[77.6347059361702,12.936134595307399]]]}},{"type":"Feature","properties":{"type":"village","name":"Yalachaguppe Ramapura","taluk":"Bangalore South","district":"BANGALORE","village_code":"612980"},"geometry":{"type":"Polygon","coordinates":[[[77.43671438461945,12.967923313280489],[77.42508781778217,12.967983059631528],[77.42530546969404,12.95998405642226],[77.4362545136693,12.959961453631045],[77.43671438461945,12.967923313280489]]]}},{"type":"Feature","properties":{"type":"village","name":" ","taluk":"Bangalore East","district":"BANGALORE","village_code":" "},"geometry":{"type":"Polygon","coordinates":[[[77.67886345041117,12.972366172129265],[77.66709494886068,12.975601589266358],[77.66198204818225,12.972798633119435],[77.66277483028509,12.971652508568786],[77.65972822993163,12.971530103435494],[77.66702994856334,12.960928425625657],[77.67203786403282,12.961173219123808],[77.67253811156004,12.958267148022735],[77.68034112605295,12.954418358067912],[77.68856655264693,12.955065071134847],[77.68791627119589,12.958223179121324],[77.68916806905274,12.957608952235416],[77.68950229623735,12.959082332237044],[77.69295906555293,12.96133185367724],[77.69261182267816,12.9634212141965],[77.69059034469262,12.963869403626626],[77.69067778400743,12.965766786054353],[77.68680960156308,12.970468545894567],[77.6872622707196,12.971637921921577],[77.68375689625896,12.972866566670819],[77.67886345041117,12.972366172129265]]]}},{"type":"Feature","properties":{"type":"village","name":" ","taluk":"Bangalore East","district":"BANGALORE","village_code":" "},"geometry":{"type":"Polygon","coordinates":[[[77.77316310202826,12.964976038176824],[77.76732455394144,12.968435572338349],[77.75712179077831,12.977849746340565],[77.75524230409987,12.97620826539641],[77.75242543620219,12.969056988434186],[77.75489164044049,12.96755316221208],[77.75327966307049,12.965631582119986],[77.75340512627464,12.963511973385069],[77.75104145664119,12.962769617840026],[77.75044355595438,12.960432716019254],[77.74944820465329,12.96039154800409],[77.74886279414218,12.958921646854167],[77.74675775666552,12.95858418436372],[77.74675705777625,12.9571344847605],[77.75293488068128,12.954544952773206],[77.75466705802621,12.955512968324907],[77.75489375417636,12.953655538797294],[77.7613475467232,12.958309147180143],[77.76407065116646,12.959033488177742],[77.76398680511276,12.961040133857992],[77.76712107025821,12.959486768278566],[77.7683603869225,12.960151670162636],[77.77316310202826,12.964976038176824]]]}},{"type":"Feature","properties":{"type":"village","name":" ","taluk":"Bangalore North","district":"BANGALORE","village_code":" "},"geometry":{"type":"Polygon","coordinates":[[[77.4852273832104,12.970578563833431],[77.4792650526673,12.974500662197313],[77.4746024145587,12.975380277105428],[77.47461135728739,12.971654489579494],[77.47216307084574,12.965581840296913],[77.47359694732921,12.959313834073317],[77.47116041893631,12.956415740211527],[77.47082650167046,12.954108931114805],[77.47140847343066,12.951863044127405],[77.47280299292488,12.951637976137848],[77.47276061490136,12.949698538851887],[77.47101222386388,12.949842070135423],[77.47060622488134,12.948017301679318],[77.4791709253952,12.948098651632025],[77.4830410050814,12.944687779004193],[77.48547610515301,12.944258073375156],[77.48878143018977,12.949216353922024],[77.48886630391614,12.951620201636699],[77.48853410692406,12.953498546960457],[77.48424632769873,12.953826962396214],[77.48272767181201,12.955828268658948],[77.4843736081947,12.959359450350124],[77.4852273832104,12.970578563833431]]]}},{"type":"Feature","properties":{"type":"village","name":"Marenahalli","taluk":"Bangalore South","district":"BANGALORE","village_code":"612971"},"geometry":{"type":"Polygon","coordinates":[[[77.3690253092715,12.968778427076522],[77.36822021485938,12.9759631540479],[77.35548160287061,12.975341475085083],[77.35289675903108,12.971466495706638],[77.3538314569825,12.968133041730612],[77.3690253092715,12.968778427076522]]]}},{"type":"Feature","properties":{"type":"village","name":" ","taluk":"Bangalore South","district":"BANGALORE","village_code":" "},"geometry":{"type":"Polygon","coordinates":[[[77.35548160287061,12.975341475085083],[77.35360346905499,12.977589604748621],[77.35249084898174,12.976269512776494],[77.34757672211948,12.974331603237621],[77.34465002260191,12.974845476430175],[77.33804403927627,12.972875765238506],[77.33709341060158,12.96952707719773],[77.33855706264345,12.967111577361711],[77.33982511012545,12.967972820902567],[77.34070327440111,12.966585700338793],[77.35440927583115,12.96639599733727],[77.35289675903108,12.971466495706638],[77.35548160287061,12.975341475085083]]]}},{"type":"Feature","properties":{"type":"village","name":"Kadabagere","taluk":"Bangalore North","district":"BANGALORE","village_code":"612813"},"geometry":{"type":"Polygon","coordinates":[[[77.44481886024694,12.995478148712357],[77.43700862779075,13.001287345841716],[77.43577754777934,13.007323652314557],[77.43290842039,13.006426017591146],[77.42984839471458,13.00710772942779],[77.41972237732118,12.997688164185053],[77.42382289014913,12.993522775906252],[77.42221963811548,12.992277718635874],[77.42405068404058,12.9872144251074],[77.42883023967998,12.983579633342567],[77.43563737556072,12.982598299953086],[77.44076534817297,12.982569218978822],[77.44626457472923,12.985887336008442],[77.44481886024694,12.995478148712357]]]}},{"type":"Feature","properties":{"type":"village","name":" ","taluk":"Bangalore East","district":"BANGALORE","village_code":" "},"geometry":{"type":"Polygon","coordinates":[[[77.77600231372199,12.986949909627446],[77.770418297881,12.98661902306912],[77.77050232898763,12.984074551898381],[77.76793557991284,12.983463334394218],[77.76645908914894,12.987408263943673],[77.76004351632416,12.987961318938273],[77.75848836098912,12.982451279145405],[77.7585038156053,12.97898479521434],[77.76783626037839,12.97867709089158],[77.76849596605508,12.977086489424961],[77.77834004180669,12.976340227321126],[77.77877272075315,12.977678180847038],[77.77748660455752,12.97853639841991],[77.77600231372199,12.986949909627446]]]}},{"type":"Feature","properties":{"type":"village","name":" ","taluk":"Bangalore East","district":"BANGALORE","village_code":" "},"geometry":{"type":"Polygon","coordinates":[[[77.68611872075283,12.972038744957953],[77.6905724116246,12.978643559969193],[77.6900294581888,12.980669004267202],[77.68802941670087,12.980477596301634],[77.68454315120294,12.982502298236186],[77.68183719829342,12.982666167801398],[77.68050627862296,12.988463739991463],[77.67492734275493,12.986913400171908],[77.68061866505153,12.98329395414858],[77.67886345041117,12.972366172129265],[77.68375689625896,12.972866566670819],[77.68611872075283,12.972038744957953]]]}},{"type":"Feature","properties":{"type":"village","name":"Seegehalli","taluk":"Bangalore North","district":"BANGALORE","village_code":"612823"},"geometry":{"type":"Polygon","coordinates":[[[77.45162291490622,12.98343133773062],[77.44626457472923,12.985887336008442],[77.44097713408604,12.98280123117199],[77.44094158685193,12.973659028857703],[77.45232702700233,12.969185116399348],[77.4530771103831,12.971430582745286],[77.45470062661292,12.970858486164184],[77.45618272555919,12.974819530161001],[77.45295365760856,12.978265902817268],[77.45162291490622,12.98343133773062]]]}},{"type":"Feature","properties":{"type":"village","name":"Channenahalli","taluk":"Bangalore South","district":"BANGALORE","village_code":"612966"},"geometry":{"type":"Polygon","coordinates":[[[77.44076534817297,12.982569218978822],[77.42883023967998,12.983579633342567],[77.42588221775084,12.985593873297962],[77.42255044631213,12.979967265085369],[77.42479775537018,12.975005965949851],[77.42508781778217,12.967983059631528],[77.44070083925412,12.967806838056168],[77.44076534817297,12.982569218978822]]]}},{"type":"Feature","properties":{"type":"village","name":"Kodigehalli(Part)","taluk":"Bangalore North","district":"BANGALORE","village_code":"612822"},"geometry":{"type":"Polygon","coordinates":[[[77.47408320629079,12.978483584887403],[77.46884113326439,12.98891764220914],[77.46721589406587,12.984998475254203],[77.45759828719062,12.985614026303],[77.45162291490622,12.98343133773062],[77.45153929432966,12.982267692965324],[77.45295365760856,12.978265902817268],[77.46061198584853,12.97114888926256],[77.46232812287572,12.967565464289724],[77.47232289101625,12.966744177370586],[77.47487212114636,12.973063047232428],[77.47408320629079,12.978483584887403]]]}},{"type":"Feature","properties":{"type":"village","name":"Honniganahatti","taluk":"Bangalore South","district":"BANGALORE","village_code":"612965"},"geometry":{"type":"Polygon","coordinates":[[[77.42405068404058,12.9872144251074],[77.41390497467779,12.990114961148535],[77.41414034765528,12.9806830791746],[77.41141272558446,12.97684536626676],[77.4141391133701,12.972557800809374],[77.4167828112338,12.972394105786911],[77.41634524096057,12.969781013648593],[77.42508781778217,12.967983059631528],[77.42479775537018,12.975005965949851],[77.42255044631213,12.979967265085369],[77.42588221775084,12.985593873297962],[77.42405068404058,12.9872144251074]]]}},{"type":"Feature","properties":{"type":"village","name":"Naganahalli","taluk":"Bangalore South","district":"BANGALORE","village_code":"612960"},"geometry":{"type":"Polygon","coordinates":[[[77.36926994387957,12.991219483147951],[77.36658701928236,12.991051944618254],[77.36492865201275,12.987272803048617],[77.36072125314071,12.989592600833365],[77.35805073787083,12.986793983954446],[77.3558922928556,12.98610017777291],[77.35524639877642,12.980885972566162],[77.35360346905499,12.977589604748621],[77.35548160287061,12.975341475085083],[77.36822021485938,12.9759631540479],[77.36926994387957,12.991219483147951]]]}},{"type":"Feature","properties":{"type":"village","name":"Kurubarahalli","taluk":"Bangalore South","district":"BANGALORE","village_code":"612967"},"geometry":{"type":"Polygon","coordinates":[[[77.41390497467779,12.990114961148535],[77.41146699281079,12.992585524283344],[77.41192473205875,12.990727678349357],[77.41101885026498,12.988665852361512],[77.40724822126722,12.987598343063889],[77.40672963643013,12.983011321724408],[77.40425212958893,12.98113337162365],[77.40271165272563,12.98125601100202],[77.40181629469542,12.979234979823817],[77.39767356913396,12.978234964680144],[77.39986455831529,12.971190247209217],[77.40844092974133,12.970617782409496],[77.40660665257617,12.950733484156164],[77.41003044473764,12.948803848615292],[77.41364557805466,12.944012210042033],[77.41661276464208,12.946623644809806],[77.41752904084198,12.949257086924748],[77.41863156474976,12.949202053114496],[77.41753946399425,12.953295487661203],[77.41642602375916,12.954347039359972],[77.4168324763909,12.957766544659599],[77.41598968417787,12.9592467748834],[77.41823858415232,12.964084868606086],[77.41861414192483,12.969209048960883],[77.41634524096057,12.969781013648593],[77.4167828112338,12.972394105786911],[77.4141391133701,12.972557800809374],[77.41141272558446,12.97684536626676],[77.41414034765528,12.9806830791746],[77.41390497467779,12.990114961148535]]]}},{"type":"Feature","properties":{"type":"village","name":"Jogerahalli","taluk":"Bangalore South","district":"BANGALORE","village_code":"612961"},"geometry":{"type":"Polygon","coordinates":[[[77.3763105680723,12.980138089318618],[77.37654932680007,12.985605555616067],[77.37634896206754,12.993638957229459],[77.36926994387957,12.991219483147951],[77.36820371101096,12.978411768864575],[77.3763105680723,12.980138089318618]]]}},{"type":"Feature","properties":{"type":"village","name":"Gangenahalli","taluk":"Bangalore South","district":"BANGALORE","village_code":"612962"},"geometry":{"type":"Polygon","coordinates":[[[77.38694556641411,12.993536764304674],[77.38182428175914,12.996190856290651],[77.3790345519662,12.994128934737635],[77.37634896206754,12.993638957229459],[77.3763105680723,12.980138089318618],[77.38161896102118,12.97854569481898],[77.39767356913396,12.978234964680144],[77.39781982833695,12.984441196245399],[77.3945306630938,12.984910967059044],[77.394280954801,12.986360466267334],[77.39074206599373,12.988932976249982],[77.39002668632904,12.99329166479747],[77.38694556641411,12.993536764304674]]]}},{"type":"Feature","properties":{"type":"village","name":"Varthur","taluk":"Bangalore South","district":"BANGALORE","village_code":"612964"},"geometry":{"type":"Polygon","coordinates":[[[77.39845583555808,12.996404488377692],[77.39208793273218,12.996721329039518],[77.3901754006277,12.992675773019386],[77.39074206599373,12.988932976249982],[77.394280954801,12.986360466267334],[77.3945306630938,12.984910967059044],[77.39781982833695,12.984441196245399],[77.39767356913396,12.978234964680144],[77.40181629469542,12.979234979823817],[77.40271165272563,12.98125601100202],[77.40425212958893,12.98113337162365],[77.40743759511227,12.984297407433381],[77.40724822126722,12.987598343063889],[77.40453426975841,12.990851007999018],[77.40251472404904,12.989187356802585],[77.39930870237704,12.988830363855849],[77.39845583555808,12.996404488377692]]]}},{"type":"Feature","properties":{"type":"village","name":" ","taluk":"Bangalore North","district":"BANGALORE","village_code":" "},"geometry":{"type":"Polygon","coordinates":[[[77.49055483840962,12.979915026094531],[77.49374504703766,12.99087661121822],[77.49541060621945,12.991080019728816],[77.4954743857063,12.99385645864601],[77.49889454777575,12.998522234092972],[77.49766265299232,12.99863262474183],[77.49577547314176,13.001284690221008],[77.49356174580394,13.001931872201316],[77.49137645283984,13.001285721309088],[77.49098625162988,12.99996386113173],[77.48721712192032,12.997964770982302],[77.48064364233659,12.99714903589456],[77.48090786381113,12.995229137618042],[77.47706714286502,12.996006397957313],[77.4763064306178,12.993934540071024],[77.47860643574874,12.992861868043468],[77.47783423135412,12.988136039036895],[77.47570036694002,12.988096012665753],[77.47090551478789,12.984132098121915],[77.47408320629079,12.978483584887403],[77.4746024145587,12.975380277105428],[77.4792650526673,12.974500662197313],[77.48217866462949,12.972723393564506],[77.48305388332933,12.974866646622935],[77.48428186055978,12.974355769906339],[77.48434498337818,12.975907303287993],[77.48601110580361,12.977641916008443],[77.49136553920742,12.977362773390503],[77.49055483840962,12.979915026094531]]]}},{"type":"Feature","properties":{"type":"village","name":"Giddenahalli","taluk":"Bangalore North","district":"BANGALORE","village_code":"612812"},"geometry":{"type":"Polygon","coordinates":[[[77.42174214311777,12.999545623671825],[77.41299109967464,13.00212307106974],[77.40979696091722,13.00395233005557],[77.408050696192,13.001987484284257],[77.4053998171959,13.001284736611229],[77.40652362039611,13.000772611791797],[77.40604433864932,12.997077503613609],[77.40487850866687,12.997261361569745],[77.40425378608231,12.995852771272503],[77.40655681134925,12.995515682769005],[77.41215657555547,12.992401698752568],[77.4124894408941,12.990829681609574],[77.41390497467779,12.990114961148535],[77.42405068404058,12.9872144251074],[77.42221963811548,12.992277718635874],[77.42382289014913,12.993522775906252],[77.41972237732118,12.997688164185053],[77.42174214311777,12.999545623671825]]]}},{"type":"Feature","properties":{"type":"village","name":"Kachohalli","taluk":"Bangalore North","district":"BANGALORE","village_code":"612817"},"geometry":{"type":"Polygon","coordinates":[[[77.47469413704081,13.007423838705622],[77.46632472577812,13.007628101042357],[77.46410980188436,13.006740462103313],[77.46318206497807,13.002061977112007],[77.46478161595277,13.001289086787528],[77.46258653494529,12.992494951646789],[77.45759828719062,12.985614026303],[77.4677781163645,12.98538617198948],[77.47142621785245,12.998463401891375],[77.47502675444443,13.003191991887046],[77.47469413704081,13.007423838705622]]]}},{"type":"Feature","properties":{"type":"village","name":" ","taluk":"Bangalore North","district":"BANGALORE","village_code":" "},"geometry":{"type":"Polygon","coordinates":[[[77.49137645283984,13.001285721309088],[77.48198735042344,13.005964040632833],[77.47469413704081,13.007423838705622],[77.47502675444443,13.003191991887046],[77.47142621785245,12.998463401891375],[77.4771095711942,12.997961139367959],[77.47882671702946,12.996970344764199],[77.4861760266083,12.997618144577725],[77.49098625162988,12.99996386113173],[77.49137645283984,13.001285721309088]]]}},{"type":"Feature","properties":{"type":"village","name":"Hanumantha Sagara","taluk":"Bangalore North","district":"BANGALORE","village_code":"612776"},"geometry":{"type":"Polygon","coordinates":[[[77.52003785056331,12.986849024331157],[77.51641100411328,12.988098163360137],[77.50936140844583,12.988238617579865],[77.50341961788169,12.990143599199797],[77.49328554260018,12.987671624368769],[77.49059607108116,12.979037152575001],[77.49205142089318,12.975024931047932],[77.49408101785225,12.974911754079006],[77.49431863032973,12.971134828697123],[77.49714931880806,12.970367985684678],[77.49493078278854,12.967051507776],[77.49259903838194,12.966358418614107],[77.49293094521818,12.963888028160415],[77.49174366885663,12.962234909989593],[77.48533756517325,12.966232004997854],[77.4841858180795,12.958318347161384],[77.48272767181201,12.955828268658948],[77.48424632769873,12.953826962396214],[77.48853410692406,12.953498546960457],[77.48878143018977,12.949216353922024],[77.49250217034994,12.946868259761146],[77.49566627932572,12.947479319392244],[77.50133275062831,12.9465380071516],[77.512005067682,12.94858508213991],[77.51072793284256,12.951705415575875],[77.51124282829882,12.958513762421443],[77.51221641072563,12.95920517158083],[77.5139160358196,12.958128822576855],[77.51534430591738,12.96150301986882],[77.51731263058754,12.961991613637435],[77.5179120970379,12.965365440796432],[77.5171438263659,12.968962233312284],[77.51811712402677,12.970446206674264],[77.51718335134008,12.973372278171599],[77.5194809867153,12.97936844926994],[77.51840219629733,12.982152202230536],[77.52003785056331,12.986849024331157]]]}},{"type":"Feature","properties":{"type":"village","name":"Varthur","taluk":"Bangalore South","district":"BANGALORE","village_code":"612964"},"geometry":{"type":"Polygon","coordinates":[[[77.40655681134925,12.995515682769005],[77.39845583555808,12.996404488377692],[77.39930870237704,12.988830363855849],[77.40251472404904,12.989187356802585],[77.40453426975841,12.990851007999018],[77.40676141702824,12.987533298644337],[77.41101885026498,12.988665852361512],[77.41192473205875,12.990727678349357],[77.41146699281079,12.992585524283344],[77.40655681134925,12.995515682769005]]]}},{"type":"Feature","properties":{"type":"village","name":" ","taluk":"Bangalore North","district":"BANGALORE","village_code":" "},"geometry":{"type":"Polygon","coordinates":[[[77.48064364233659,12.99714903589456],[77.47142621785245,12.998463401891375],[77.46884113326439,12.98891764220914],[77.47090551478789,12.984132098121915],[77.47570036694002,12.988096012665753],[77.47783423135412,12.988136039036895],[77.47860643574874,12.992861868043468],[77.47641076903973,12.994546958119724],[77.47706714286502,12.996006397957313],[77.48090786381113,12.995229137618042],[77.48064364233659,12.99714903589456]]]}},{"type":"Feature","properties":{"type":"village","name":" ","taluk":"Bangalore East","district":"BANGALORE","village_code":" "},"geometry":{"type":"Polygon","coordinates":[[[77.66718054483252,13.00233156713997],[77.66326286072444,13.003004554049179],[77.66326260380627,13.001287578668077],[77.66204854327619,12.999873355958723],[77.66592914942093,12.992996713168939],[77.67036924698586,12.989935301221],[77.67051601822857,12.995895882722388],[77.6689131776233,12.996039026722185],[77.66895547659507,12.999917495178162],[77.66718054483252,13.00233156713997]]]}},{"type":"Feature","properties":{"type":"village","name":"Machohalli","taluk":"Bangalore North","district":"BANGALORE","village_code":"612816"},"geometry":{"type":"Polygon","coordinates":[[[77.45543464901475,13.013218451125798],[77.45203173639541,13.015943616103764],[77.44928241821383,13.012203325158831],[77.44191829990754,13.01066043237003],[77.44555655675828,13.00781177787859],[77.44481886024694,12.995478148712357],[77.44626457472923,12.985887336008442],[77.45162291490622,12.98343133773062],[77.45722344717203,12.985246665029518],[77.46235736303821,12.992005060196993],[77.46478161595277,13.001289086787528],[77.46318206497807,13.002061977112007],[77.46334339341995,13.002831852310061],[77.45623711405804,13.004294957227675],[77.45517157109559,13.00897406005192],[77.45543464901475,13.013218451125798]]]}},{"type":"Feature","properties":{"type":"village","name":"Kittana Halli","taluk":"Bangalore North","district":"BANGALORE","village_code":"612810"},"geometry":{"type":"Polygon","coordinates":[[[77.43047426804102,13.017383346786028],[77.40729141855432,13.018940975024048],[77.40420250934756,13.010412308266005],[77.40825021560988,13.010625893973156],[77.40949995183313,13.008485598049182],[77.40979696091722,13.00395233005557],[77.41299109967464,13.00212307106974],[77.42174214311777,12.999545623671825],[77.42960165086224,13.006559943317315],[77.43095646661757,13.010611664092709],[77.43047426804102,13.017383346786028]]]}},{"type":"Feature","properties":{"type":"village","name":"Veerenahalli","taluk":"Bangalore East","district":"BANGALORE","village_code":"613102"},"geometry":{"type":"Polygon","coordinates":[[[77.74020094532192,13.026507778028058],[77.73371418460415,13.028071864703428],[77.7249688131237,13.025804145017979],[77.72918782002587,13.019713063767158],[77.73509879388418,13.018888508800416],[77.73698540330452,13.019931569830796],[77.7376854172863,13.019402575087243],[77.73758497306112,13.021599199261653],[77.74020094532192,13.026507778028058]]]}},{"type":"Feature","properties":{"type":"village","name":"Seegehalli","taluk":"Bangalore East","district":"BANGALORE","village_code":"613038"},"geometry":{"type":"Polygon","coordinates":[[[77.77129837377159,13.014242091659499],[77.76341609912457,13.020706534955911],[77.75728478020515,13.022642619095],[77.75744755673128,13.01959652793794],[77.75459982811034,13.008445484807524],[77.76170051276465,13.002595977829323],[77.7657384184072,13.001617025089983],[77.76887234937931,13.002007050393473],[77.7698488899584,13.003327168383366],[77.77021441175255,13.010870433701783],[77.77129837377159,13.014242091659499]]]}},{"type":"Feature","properties":{"type":"village","name":" ","taluk":"Bangalore East","district":"BANGALORE","village_code":" "},"geometry":{"type":"Polygon","coordinates":[[[77.66184540005446,13.016124622565739],[77.63699685484205,13.026703541350122],[77.64149896400936,13.020450249860524],[77.64112842422604,13.016274887175365],[77.64077346033139,13.014414136024591],[77.63919976736216,13.014293178611576],[77.63886028143986,13.013082936924265],[77.63935363619393,13.006517278356508],[77.63524380693816,13.001292014622447],[77.63333084004904,12.99324603636382],[77.63204964662114,12.993413683702915],[77.63135259528319,12.990241186680613],[77.63368460559106,12.990172622391256],[77.63359642786112,12.988482339049174],[77.63714998975023,12.98908674376726],[77.6452011898915,12.98841039811731],[77.64333009257946,12.977030860386648],[77.63694643060855,12.974746261698986],[77.6371580413501,12.973733806802194],[77.6389412259352,12.972978413982652],[77.64308396227646,12.972326090695292],[77.64242799898125,12.968385276945751],[77.6431736617525,12.96615685800125],[77.64219518260907,12.962333670112436],[77.64398570732834,12.95715810419696],[77.64261604870957,12.95455534525849],[77.6440766590559,12.953195134125068],[77.64587073930704,12.94873371631558],[77.6495844339804,12.945581879933941],[77.65033569684914,12.946932490111163],[77.65183801238085,12.947300725646725],[77.66049661738462,12.947110068566454],[77.66560865298543,12.945702895300748],[77.67104836256087,12.946434936030187],[77.67136770825446,12.94766662924635],[77.68947797974091,12.949052858041354],[77.69004402706607,12.952591705875284],[77.68856655264693,12.955065071134847],[77.68034112605295,12.954418358067912],[77.67253811156004,12.958267148022735],[77.67203786403282,12.961173219123808],[77.66702994856334,12.960928425625657],[77.65972822993163,12.971530103435494],[77.66277483028509,12.971652508568786],[77.66198204818225,12.972798633119435],[77.66709494886068,12.975601589266358],[77.67886345041117,12.972366172129265],[77.68061866505153,12.98329395414858],[77.66592914942093,12.992996713168939],[77.66204854327619,12.999873355958723],[77.66326260380627,13.001287578668077],[77.66326292989473,13.003477264816711],[77.66184540005446,13.016124622565739]]]}},{"type":"Feature","properties":{"type":"village","name":"Vaddarahalli","taluk":"Bangalore North","district":"BANGALORE","village_code":"612808"},"geometry":{"type":"Polygon","coordinates":[[[77.45203173639541,13.015943616103764],[77.45273452886634,13.02620416380071],[77.44594157468904,13.025710004941677],[77.4424619791821,13.020449720352824],[77.4409219541714,13.011588533247407],[77.44191829990754,13.01066043237003],[77.4487689510789,13.011956692273149],[77.45203173639541,13.015943616103764]]]}},{"type":"Feature","properties":{"type":"village","name":"Chikkabanahalli","taluk":"Bangalore East","district":"BANGALORE","village_code":"613113"},"geometry":{"type":"Polygon","coordinates":[[[77.75744755673128,13.01959652793794],[77.75804695401136,13.028934164027426],[77.75313548795897,13.026648185993373],[77.75212317916025,13.02087753332416],[77.75010449583354,13.020478821394224],[77.74994499995486,13.016858594979123],[77.74909699661484,13.016663833021013],[77.75204910767516,13.013375748334878],[77.75271952216832,13.008033300961628],[77.75459982811034,13.008445484807524],[77.75503703097259,13.009810594379175],[77.75744755673128,13.01959652793794]]]}},{"type":"Feature","properties":{"type":"village","name":"Gollarapalya","taluk":"Bangalore North","district":"BANGALORE","village_code":"612801"},"geometry":{"type":"Polygon","coordinates":[[[77.40729141855432,13.018940975024048],[77.40280994818067,13.023878089207264],[77.39854152764966,13.024056126423586],[77.397975373425,13.023152348805096],[77.39794686898273,13.019627916035287],[77.40540837185236,13.014570890701371],[77.40729141855432,13.018940975024048]]]}},{"type":"Feature","properties":{"type":"village","name":"Gangondanahalli","taluk":"Bangalore North","district":"BANGALORE","village_code":"612806"},"geometry":{"type":"Polygon","coordinates":[[[77.47098597778621,13.028808088591816],[77.46554947339975,13.028296684027527],[77.4642611311788,13.029047296229638],[77.46226690358742,13.026422301806756],[77.45873652721579,13.026352392711935],[77.45795492015505,13.02422862608367],[77.45997711409785,13.020398112163763],[77.46009624507761,13.015433036588439],[77.46817962377067,13.014892416071396],[77.47003050000563,13.011180330895877],[77.47314778789053,13.01084380412275],[77.47567511978896,13.013834775921632],[77.47695504210071,13.017437155055918],[77.47754888509736,13.026476152748582],[77.47098597778621,13.028808088591816]]]}},{"type":"Feature","properties":{"type":"village","name":" ","taluk":"Bangalore East","district":"BANGALORE","village_code":" "},"geometry":{"type":"Polygon","coordinates":[[[77.7249688131237,13.025804145017979],[77.72427620395483,13.032115703719041],[77.72105288791695,13.03379323594468],[77.71716036561997,13.03273363033245],[77.71730265337109,13.031434554280594],[77.71469502106942,13.031238765818003],[77.71049790521243,13.025695039008285],[77.70482461210358,13.026007979988009],[77.70123531433413,13.024834421925014],[77.701877606169,13.027639985753988],[77.69431502216865,13.026755502680341],[77.69056859198804,13.024763226707135],[77.69086145894032,13.023673928657425],[77.68882447333803,13.02219184707946],[77.68355761669127,13.023098387739376],[77.67236822486846,13.019602547717248],[77.66621231456817,13.015148144136344],[77.6669187802503,13.003375582729428],[77.66744230492317,13.001287552409455],[77.66895547659507,12.999917495178162],[77.6689131776233,12.996039026722185],[77.67051601822857,12.995895882722388],[77.6718693724249,12.997467465151722],[77.68301998397686,13.002861489340992],[77.6868574745812,12.99824023783364],[77.70075621584364,12.99523477110247],[77.7061243530471,13.00129377394922],[77.70720047636702,13.004457116126893],[77.71876612664825,13.00454579730445],[77.71954439556937,13.009953669958854],[77.72806100926607,13.010782599405164],[77.72874465235012,13.015434249666994],[77.73025774676688,13.018103782702507],[77.7249688131237,13.025804145017979]]]}},{"type":"Feature","properties":{"type":"village","name":" ","taluk":"Bangalore East","district":"BANGALORE","village_code":" "},"geometry":{"type":"Polygon","coordinates":[[[77.66542397463436,13.031180236316956],[77.66544164359772,13.03056495063088],[77.66209544791043,13.030488643361265],[77.65940224568804,13.03295502436368],[77.65424864683567,13.031533535427586],[77.65067178983459,13.021435281887884],[77.65971647098455,13.017546936003448],[77.66184540005446,13.016124622565739],[77.6625616977974,13.014447417923543],[77.66621231456817,13.015148144136344],[77.66949809855257,13.017303531032866],[77.67236822486846,13.019602547717248],[77.66701202627512,13.030905225280362],[77.66542397463436,13.031180236316956]]]}},{"type":"Feature","properties":{"type":"village","name":"Kannamangala","taluk":"Bangalore East","district":"BANGALORE","village_code":"613112"},"geometry":{"type":"Polygon","coordinates":[[[77.77813036783286,13.02908735712593],[77.77054139671937,13.033273909101208],[77.75446268411254,13.034486972585206],[77.75313548795897,13.026648185993373],[77.75804695401136,13.028934164027426],[77.75728478020515,13.022642619095],[77.76341609912457,13.020706534955911],[77.77129837377159,13.014242091659499],[77.77398574682611,13.0195449782111],[77.77626206967126,13.021218113606142],[77.77813036783286,13.02908735712593]]]}},{"type":"Feature","properties":{"type":"village","name":"Dommasandra","taluk":"Bangalore East","district":"BANGALORE","village_code":"613104"},"geometry":{"type":"Polygon","coordinates":[[[77.74304690785499,13.015379822169571],[77.73764403818937,13.017832262437306],[77.73393263691494,13.01102966670879],[77.73616286899944,13.0112086330453],[77.73620772637317,13.007971186151718],[77.74122206839019,13.00855905786777],[77.74115965164764,13.007031140100795],[77.74683795016928,13.006792241187],[77.74774952009541,13.00951489478343],[77.7467320468821,13.011118945959401],[77.74752019098317,13.013811399063213],[77.74701152085181,13.014764706419731],[77.74304690785499,13.015379822169571]]]}},{"type":"Feature","properties":{"type":"village","name":"Nagasandra","taluk":"Bangalore North","district":"BANGALORE","village_code":"612799"},"geometry":{"type":"Polygon","coordinates":[[[77.37984648165934,12.994578066661822],[77.37915688094834,12.995772361260382],[77.37994375123832,13.001287602300806],[77.3779768521945,13.002324751308816],[77.3797557086965,13.010673276720782],[77.37481682606166,13.011645632841525],[77.36966722561061,13.01136360073495],[77.36906701805015,13.006513143587917],[77.3713622091095,13.003433508727577],[77.37019045922932,13.00037416338126],[77.37192841633477,12.99520192865665],[77.37180651405238,12.992188246163133],[77.37984648165934,12.994578066661822]]]}},{"type":"Feature","properties":{"type":"village","name":" ","taluk":"Bangalore North","district":"BANGALORE","village_code":" "},"geometry":{"type":"Polygon","coordinates":[[[77.49889445524924,13.008558498575804],[77.49812220234557,13.01038812059886],[77.4923047754477,13.012582058882916],[77.47579601416156,13.014071632238059],[77.47410430592018,13.012779179336263],[77.47213960056231,13.008014959821],[77.48198735042344,13.005964040632833],[77.49137645283984,13.001285721309088],[77.49356174580394,13.001931872201316],[77.49889445524924,13.008558498575804]]]}},{"type":"Feature","properties":{"type":"village","name":"Kurudusonnenahalli","taluk":"Bangalore East","district":"BANGALORE","village_code":"613103"},"geometry":{"type":"Polygon","coordinates":[[[77.7376854172863,13.019402575087243],[77.73698540330452,13.019931569830796],[77.73509879388418,13.018888508800416],[77.72918782002587,13.019713063767158],[77.73025774676688,13.018103782702507],[77.72874465235012,13.015434249666994],[77.72806100926607,13.010782599405164],[77.73452954316672,13.011494848152546],[77.7376854172863,13.019402575087243]]]}},{"type":"Feature","properties":{"type":"village","name":" ","taluk":"Bangalore North","district":"BANGALORE","village_code":" "},"geometry":{"type":"Polygon","coordinates":[[[77.40979696091722,13.00395233005557],[77.40949995183313,13.008485598049182],[77.40825021560988,13.010625893973156],[77.40420250934756,13.010412308266005],[77.40261430319661,13.002124232571644],[77.40031251131654,13.001285671417737],[77.40047976684268,12.99636989372734],[77.40425378608231,12.995852771272503],[77.40487850866687,12.997261361569745],[77.40604433864932,12.997077503613609],[77.40652362039611,13.000772611791797],[77.4053998171959,13.001284736611229],[77.408050696192,13.001987484284257],[77.40979696091722,13.00395233005557]]]}},{"type":"Feature","properties":{"type":"village","name":" ","taluk":"Bangalore North","district":"BANGALORE","village_code":" "},"geometry":{"type":"Polygon","coordinates":[[[77.49889445524924,13.008558498575804],[77.50084589069377,13.01060690883725],[77.49577699488783,13.024358981855306],[77.49407070968435,13.02453988939806],[77.49234145366076,13.029436586975386],[77.48422770831782,13.03056529107729],[77.47838804003183,13.029067234783742],[77.47744914515137,13.01948023186499],[77.47579601416156,13.014071632238059],[77.4923047754477,13.012582058882916],[77.49812220234557,13.01038812059886],[77.49889445524924,13.008558498575804]]]}},{"type":"Feature","properties":{"type":"village","name":"Mallasandra","taluk":"Bangalore North","district":"BANGALORE","village_code":"612800"},"geometry":{"type":"Polygon","coordinates":[[[77.40261430319661,13.002124232571644],[77.40540837185236,13.014570890701371],[77.40098335789936,13.011866934562601],[77.39659840611313,13.012596869814343],[77.39319534796667,13.00969814922349],[77.39309596914345,13.007159155702494],[77.39020888263494,13.004065806266768],[77.38652834208378,13.003511447095134],[77.38684574831471,13.002344081940247],[77.38531937410308,13.00036570895304],[77.3858422097681,12.99412883670266],[77.38927724434537,12.993700001616922],[77.3901754006277,12.992675773019386],[77.39208793273218,12.996721329039518],[77.40047976684268,12.99636989372734],[77.40031251131654,13.001285671417737],[77.40261430319661,13.002124232571644]]]}},{"type":"Feature","properties":{"type":"village","name":" ","taluk":"Bangalore East","district":"BANGALORE","village_code":" "},"geometry":{"type":"Polygon","coordinates":[[[77.74909699661484,13.016663833021013],[77.74905783994993,13.018038040845772],[77.7476466540122,13.018062354674505],[77.74831135611849,13.020664092109522],[77.74667588421053,13.020604328676498],[77.74557912030038,13.017832589772832],[77.7418031768694,13.018238943192914],[77.73763049967971,13.020486006944084],[77.73764403818937,13.017832262437306],[77.73988047224262,13.016295805269154],[77.74304690785499,13.015379822169571],[77.7434028392352,13.016006836088694],[77.74192235815478,13.017399276849854],[77.7455572337468,13.016458431572385],[77.74594967086351,13.014929598845692],[77.74701152085181,13.014764706419731],[77.74764282898573,13.01219262962241],[77.7467320468821,13.011118945959401],[77.74774952009541,13.00951489478343],[77.74683795016928,13.006792241187],[77.74866657333804,13.00765370778247],[77.74849771970902,13.009393526234652],[77.75216075029867,13.010193369311944],[77.75204910767516,13.013375748334878],[77.74909699661484,13.016663833021013]]]}},{"type":"Feature","properties":{"type":"village","name":"Byandahalli","taluk":"Bangalore North","district":"BANGALORE","village_code":"612814"},"geometry":{"type":"Polygon","coordinates":[[[77.44555655675828,13.00781177787859],[77.4409219541714,13.011588533247407],[77.44231589155733,13.020010503390047],[77.44594157468904,13.025710004941677],[77.44196478413022,13.024684437320508],[77.42962258699826,13.024973406883104],[77.43100701032702,13.011569127189631],[77.42984839471458,13.00710772942779],[77.43290842039,13.006426017591146],[77.43577754777934,13.007323652314557],[77.43700862779075,13.001287345841716],[77.44481886024694,12.995478148712357],[77.44555655675828,13.00781177787859]]]}},{"type":"Feature","properties":{"type":"village","name":" ","taluk":"Bangalore East","district":"BANGALORE","village_code":" "},"geometry":{"type":"Polygon","coordinates":[[[77.69431502216865,13.026755502680341],[77.69143469188941,13.032690178718857],[77.6833804329846,13.031977971649718],[77.68355761669127,13.023098387739376],[77.68882447333803,13.02219184707946],[77.69086145894032,13.023673928657425],[77.69056859198804,13.024763226707135],[77.69431502216865,13.026755502680341]]]}},{"type":"Feature","properties":{"type":"village","name":"Avalahalli","taluk":"Bangalore East","district":"BANGALORE","village_code":"613101"},"geometry":{"type":"Polygon","coordinates":[[[77.74319406896653,13.037173050824585],[77.73911720788168,13.038534513722297],[77.73785948204228,13.040240744968713],[77.73437200561534,13.039516040581775],[77.7294856322038,13.036480876002686],[77.72763609805183,13.030525016875279],[77.72914670593194,13.026984447124361],[77.73459367928476,13.02814714699266],[77.73895975836521,13.027320842578797],[77.74319406896653,13.037173050824585]]]}},{"type":"Feature","properties":{"type":"village","name":"Ravuthanahalli","taluk":"Bangalore North","district":"BANGALORE","village_code":"612802"},"geometry":{"type":"Polygon","coordinates":[[[77.42900544619471,13.038381407860376],[77.42158408634018,13.039589007239496],[77.41922161595761,13.033538607092355],[77.41396243182167,13.02906452082297],[77.407438471868,13.02620585030918],[77.40729141855432,13.018940975024048],[77.43047426804102,13.017383346786028],[77.42859646929699,13.028428402956148],[77.42984447716165,13.033759940891871],[77.42900544619471,13.038381407860376]]]}},{"type":"Feature","properties":{"type":"village","name":"Hunnigere","taluk":"Bangalore North","district":"BANGALORE","village_code":"612797"},"geometry":{"type":"Polygon","coordinates":[[[77.40609928500199,13.035365015690843],[77.39960762756762,13.037948626232954],[77.39059720007775,13.039716076606178],[77.38905542425059,13.027569910716004],[77.39202598311357,13.026716101305471],[77.391874858635,13.024860388346703],[77.39390831565487,13.023488227839955],[77.40280994818067,13.023878089207264],[77.40729141855432,13.018940975024048],[77.40769634494839,13.023992169817753],[77.40609928500199,13.035365015690843]]]}},{"type":"Feature","properties":{"type":"village","name":" ","taluk":"Bangalore East","district":"BANGALORE","village_code":" "},"geometry":{"type":"Polygon","coordinates":[[[77.74594967086351,13.014929598845692],[77.74603755125112,13.016181652846804],[77.74192235815478,13.017399276849854],[77.7434028392352,13.016006836088694],[77.74304690785499,13.015379822169571],[77.74594967086351,13.014929598845692]]]}},{"type":"Feature","properties":{"type":"village","name":"Bylakonenahalli","taluk":"Bangalore North","district":"BANGALORE","village_code":"612815"},"geometry":{"type":"Polygon","coordinates":[[[77.47314778789053,13.01084380412275],[77.47003050000563,13.011180330895877],[77.46817962377067,13.014892416071396],[77.46009624507761,13.015433036588439],[77.45543464901475,13.013218451125798],[77.45517157109559,13.00897406005192],[77.45623711405804,13.004294957227675],[77.46334339341995,13.002831852310061],[77.46410980188436,13.006740462103313],[77.46632472577812,13.007628101042357],[77.47238325421007,13.00770365299675],[77.47314778789053,13.01084380412275]]]}},{"type":"Feature","properties":{"type":"village","name":" ","taluk":"Bangalore East","district":"BANGALORE","village_code":" "},"geometry":{"type":"Polygon","coordinates":[[[77.74683795016928,13.006792241187],[77.74115965164764,13.007031140100795],[77.74122206839019,13.00855905786777],[77.73620772637317,13.007971186151718],[77.73563844062143,13.0114962835641],[77.73276905182237,13.00981255057834],[77.7321078827901,13.005992949064638],[77.73365070695122,13.00609822831418],[77.73349542596785,13.00376854970461],[77.7328945320945,13.005599302900972],[77.73315577295891,13.003193816846398],[77.73252338055848,13.003526891394994],[77.7321989000947,13.002347022016675],[77.73113514927121,13.004132568899934],[77.73059440209772,13.002272014607836],[77.72682728102116,13.000389045064813],[77.72467834736815,13.000192131837071],[77.72506486997703,13.00129302032717],[77.72399627184427,13.002384198794367],[77.72058746717501,13.004200809857497],[77.71077008037047,13.004672599306987],[77.70720047636702,13.004457116126893],[77.7061243530471,13.00129377394922],[77.70075621584364,12.99523477110247],[77.6868574745812,12.99824023783364],[77.68301998397686,13.002861489340992],[77.6718693724249,12.997467465151722],[77.67051601822857,12.995895882722388],[77.67036924698586,12.989935301221],[77.67492734275493,12.986913400171908],[77.68050627862296,12.988463739991463],[77.68183719829342,12.982666167801398],[77.68454315120294,12.982502298236186],[77.68802941670087,12.980477596301634],[77.6900294581888,12.980669004267202],[77.6905724116246,12.978643559969193],[77.68611872075283,12.972038744957953],[77.6872622707196,12.971637921921577],[77.68680960156308,12.970468545894567],[77.69067778400743,12.965766786054353],[77.69059034469262,12.963869403626626],[77.69261182267816,12.9634212141965],[77.69295906555293,12.96133185367724],[77.68950229623735,12.959082332237044],[77.68916806905274,12.957608952235416],[77.68791627119589,12.958223179121324],[77.69004356982357,12.950800896699612],[77.69634687030585,12.94981865661577],[77.69925910874393,12.94832554467882],[77.70082331909705,12.945638902765193],[77.70351870332726,12.946021888573927],[77.71008200589714,12.94307787988801],[77.71351750939498,12.946658403090332],[77.71403880175437,12.945592276294997],[77.71712522262776,12.9453354182],[77.71658576094345,12.957519289573442],[77.71545786591713,12.96305218309928],[77.72205458491723,12.961429649437394],[77.72375055835957,12.962601587410003],[77.72424976833264,12.96068268379611],[77.72700170779818,12.96148307763872],[77.730011477225,12.963857055844501],[77.73881440556232,12.962083997260745],[77.73815480768351,12.957521984181136],[77.74542136894996,12.959522828285623],[77.74675775666552,12.95858418436372],[77.74886279414218,12.958921646854167],[77.74944820465329,12.96039154800409],[77.75044355595438,12.960432716019254],[77.75104145664119,12.962769617840026],[77.75340512627464,12.963511973385069],[77.75327966307049,12.965631582119986],[77.75489164044049,12.96755316221208],[77.75242543620219,12.969056988434186],[77.75524230409987,12.97620826539641],[77.7585038156053,12.97898479521434],[77.75848836098912,12.982451279145405],[77.76004351632416,12.987961318938273],[77.75360372402102,12.990857581680485],[77.7536747681836,12.996360162969003],[77.75543032957367,12.99722423391684],[77.75689014491095,12.99974230633533],[77.76170051276465,13.002595977829323],[77.75645766628877,13.007669007405806],[77.75271952216832,13.008033300961628],[77.75216075029867,13.010193369311944],[77.74849771970902,13.009393526234652],[77.74866657333804,13.00765370778247],[77.74683795016928,13.006792241187]]]}},{"type":"Feature","properties":{"type":"village","name":"Kodigehalli","taluk":"Bangalore East","district":"BANGALORE","village_code":"613093"},"geometry":{"type":"Polygon","coordinates":[[[77.73393263691494,13.01102966670879],[77.73127806674134,13.011499935111093],[77.71954439556937,13.009953669958854],[77.71876612664825,13.00454579730445],[77.72399627184427,13.002384198794367],[77.72506486997703,13.00129302032717],[77.72467834736815,13.000192131837071],[77.73059440209772,13.002272014607836],[77.73113514927121,13.004132568899934],[77.7324920679826,13.002452801724639],[77.73365070695122,13.00609822831418],[77.7321078827901,13.005992949064638],[77.73217001207176,13.006976257370518],[77.73393263691494,13.01102966670879]]]}},{"type":"Feature","properties":{"type":"village","name":" ","taluk":"Bangalore East","district":"BANGALORE","village_code":" "},"geometry":{"type":"Polygon","coordinates":[[[77.77508935320378,13.003252478997478],[77.7757381766891,13.005851472945846],[77.77318456278043,13.006343078851392],[77.77307699132177,13.010134929366767],[77.7743524319386,13.01329008378198],[77.77129837377159,13.014242091659499],[77.76947587172317,13.00259936429678],[77.7657384184072,13.001617025089983],[77.76170051276465,13.002595977829323],[77.76001903633436,13.00097758858812],[77.75811107306139,13.000673901078132],[77.75543032957367,12.99722423391684],[77.7536747681836,12.996360162969003],[77.75360372402102,12.990857581680485],[77.76004351632416,12.987961318938273],[77.76645908914894,12.987408263943673],[77.76793557991284,12.983463334394218],[77.77050232898763,12.984074551898381],[77.770418297881,12.98661902306912],[77.77600231372199,12.986949909627446],[77.77627346480064,12.992826731953704],[77.77567328508795,12.995402635050404],[77.77464993868931,12.995849662185051],[77.77475836534411,13.00124151931232],[77.77242101185689,13.00260510614894],[77.77508935320378,13.003252478997478]]]}},{"type":"Feature","properties":{"type":"village","name":" ","taluk":"Bangalore East","district":"BANGALORE","village_code":" "},"geometry":{"type":"Polygon","coordinates":[[[77.66718054483252,13.00233156713997],[77.66621231456817,13.015148144136344],[77.6625616977974,13.014447417923543],[77.66326286072444,13.003004554049179],[77.66718054483252,13.00233156713997]]]}},{"type":"Feature","properties":{"type":"village","name":"Lakkenahalli","taluk":"Bangalore North","district":"BANGALORE","village_code":"612785"},"geometry":{"type":"Polygon","coordinates":[[[77.45873652721579,13.026352392711935],[77.45273452886634,13.02620416380071],[77.45203173639541,13.015943616103764],[77.45543464901475,13.013218451125798],[77.46009624507761,13.015433036588439],[77.45997711409785,13.020398112163763],[77.45795492015505,13.02422862608367],[77.45873652721579,13.026352392711935]]]}},{"type":"Feature","properties":{"type":"village","name":"Sondekoppa","taluk":"Bangalore North","district":"BANGALORE","village_code":"612798"},"geometry":{"type":"Polygon","coordinates":[[[77.38905542425059,13.027569910716004],[77.38893455143754,13.026266961947323],[77.38756541024837,13.026128819656828],[77.37927008125055,13.026583030160873],[77.37556535625532,13.028813822835339],[77.37689421429218,13.021766045870573],[77.37568618684753,13.014915658041076],[77.37095932907762,13.014518478692736],[77.36968090874903,13.012635570611119],[77.36966722561061,13.01136360073495],[77.37481682606166,13.011645632841525],[77.3797557086965,13.010673276720782],[77.3779768521945,13.002324751308816],[77.37994375123832,13.001287602300806],[77.37915688094834,12.995772361260382],[77.37984648165934,12.994578066661822],[77.38182428175914,12.996190856290651],[77.38523590174854,12.994996500683047],[77.38531937410308,13.00036570895304],[77.38684574831471,13.002344081940247],[77.38652834208378,13.003511447095134],[77.39020888263494,13.004065806266768],[77.39309596914345,13.007159155702494],[77.39319534796667,13.00969814922349],[77.39659840611313,13.012596869814343],[77.40098335789936,13.011866934562601],[77.40540837185236,13.014570890701371],[77.39794686898273,13.019627916035287],[77.397975373425,13.023152348805096],[77.39720027376022,13.023892719170867],[77.39390831565487,13.023488227839955],[77.391874858635,13.024860388346703],[77.39202598311357,13.026716101305471],[77.38905542425059,13.027569910716004]]]}},{"type":"Feature","properties":{"type":"village","name":" ","taluk":"Bangalore East","district":"BANGALORE","village_code":" "},"geometry":{"type":"Polygon","coordinates":[[[77.69431502216865,13.026755502680341],[77.70805174867634,13.029165401201487],[77.7088426227575,13.034586685903532],[77.70762359813716,13.034310140977283],[77.7056801343425,13.036368155023917],[77.70190000296569,13.036823095879575],[77.69863036979176,13.035224196089718],[77.69431502216865,13.026755502680341]]]}},{"type":"Feature","properties":{"type":"village","name":"Doddanagamangala","taluk":"Bangalore East","district":"BANGALORE","village_code":"613056"},"geometry":{"type":"Polygon","coordinates":[[[77.75446268411254,13.034486972585206],[77.75311509710032,13.03770874719944],[77.74749028067744,13.027638546935156],[77.74410711212973,13.028971352570993],[77.74020094532192,13.026507778028058],[77.73763049967971,13.020486006944084],[77.7418031768694,13.018238943192914],[77.74557912030038,13.017832589772832],[77.74667588421053,13.020604328676498],[77.74831135611849,13.020664092109522],[77.7476466540122,13.018062354674505],[77.74905783994993,13.018038040845772],[77.74909699661484,13.016663833021013],[77.74994499995486,13.016858594979123],[77.75010449583354,13.020478821394224],[77.75212317916025,13.02087753332416],[77.75446268411254,13.034486972585206]]]}},{"type":"Feature","properties":{"type":"village","name":" ","taluk":"Bangalore East","district":"BANGALORE","village_code":" "},"geometry":{"type":"Polygon","coordinates":[[[77.65323902399963,13.028867129764356],[77.65096826981097,13.028915778923835],[77.65096835694756,13.029784225243462],[77.6477022119319,13.031028248763812],[77.6441307070933,13.036380077370213],[77.64001510706012,13.032476275964628],[77.63699685484205,13.026703541350122],[77.65067178983459,13.021435281887884],[77.65323902399963,13.028867129764356]]]}},{"type":"Feature","properties":{"type":"village","name":"Bidare Agrahara","taluk":"Bangalore East","district":"BANGALORE","village_code":"613106"},"geometry":{"type":"Polygon","coordinates":[[[77.75311509710032,13.03770874719944],[77.75204548836291,13.038607814978796],[77.74309936228107,13.037122086738405],[77.73895975836521,13.027320842578797],[77.74020094532192,13.026507778028058],[77.74410711212973,13.028971352570993],[77.74749028067744,13.027638546935156],[77.75311509710032,13.03770874719944]]]}},{"type":"Feature","properties":{"type":"village","name":" ","taluk":"Bangalore East","district":"BANGALORE","village_code":" "},"geometry":{"type":"Polygon","coordinates":[[[77.70876061825017,13.051898153077362],[77.70383777683134,13.050394380207267],[77.70334349681258,13.048775812333442],[77.70204740482568,13.04898797613557],[77.70229464903963,13.050152772643045],[77.69879670364638,13.04921835357911],[77.69727940511406,13.047013322155138],[77.69725327312247,13.048696182601368],[77.69419803816247,13.04865915366895],[77.69397918610137,13.049713183085743],[77.69272058530287,13.04964477264428],[77.69287072882115,13.047570260093408],[77.69217631763179,13.047404020712973],[77.69183747759821,13.049779222820074],[77.69263250908253,13.051125433147513],[77.6889982506331,13.049719386781986],[77.68442077371179,13.050042832008847],[77.68482368698135,13.045260852797242],[77.69278476543836,13.043478116628346],[77.69263100620107,13.045505325944582],[77.69464283987371,13.044328274906643],[77.69462157675093,13.045762006036693],[77.69562752098587,13.046289771778753],[77.69701597775025,13.045131677210838],[77.70129039902734,13.045962561211967],[77.70021103009432,13.047937188579679],[77.70116543708309,13.048117411168572],[77.7016801717409,13.045967989637944],[77.70769433866917,13.047125551713412],[77.71269664505803,13.045003201662956],[77.7135102626856,13.048811542571709],[77.70905199310079,13.049369773382558],[77.70876061825017,13.051898153077362]]]}},{"type":"Feature","properties":{"type":"village","name":"BBMP (M Corp. + OG)","taluk":"Bangalore North","district":"BANGALORE","village_code":"803162"},"geometry":{"type":"Polygon","coordinates":[[[77.63699685484205,13.026703541350122],[77.6337504529997,13.0224918761049],[77.63162124904531,13.02116062674574],[77.63137433990293,13.018861144893785],[77.63381199657982,13.01698521388859],[77.63362680978234,13.015442141679408],[77.62995824736717,13.016426462793778],[77.62899188919184,13.01404839719116],[77.63064270971473,13.01026094603374],[77.63441857858555,13.010717998688117],[77.6298282593489,13.00725488705651],[77.62810677105757,13.008453905700446],[77.62742796180808,13.012281336917205],[77.62393811113384,13.013855792248506],[77.62134878290438,13.012004200802338],[77.62344693479434,13.019507836389486],[77.62261371772392,13.024530375045476],[77.6158247951856,13.029189606289894],[77.60888857768678,13.040505040815539],[77.58759504334606,13.042060735681094],[77.57939297474609,13.047452492078135],[77.5576400509522,13.045629219924436],[77.55584215825098,13.046581793935804],[77.55155073995041,13.052571294954708],[77.546765958811,13.0565636517298],[77.54204474156272,13.054655970054242],[77.53208595813587,13.05494494836502],[77.52769527330145,13.05167808691453],[77.51824651825862,13.03992572512209],[77.51826250827065,13.03250839670291],[77.52202949010835,13.023833441381624],[77.51699579119358,13.021601106355737],[77.51859659801303,13.01894947695637],[77.52031890556792,13.019785767568115],[77.52205974985871,13.01255708195446],[77.5309763159778,13.009075727590659],[77.5291164413186,13.003927190331668],[77.52951305290645,13.002599233879712],[77.52778305936596,12.99925754878221],[77.5251101887134,12.997772942195866],[77.52069929627667,12.989672560302116],[77.51840219629733,12.982152202230536],[77.5194809867153,12.97936844926994],[77.51718335134008,12.973372278171599],[77.51811712402677,12.970446206674264],[77.5171438263659,12.968962233312284],[77.5179120970379,12.965365440796432],[77.51737469878378,12.962215191051405],[77.51534430591738,12.96150301986882],[77.5139160358196,12.958128822576855],[77.51221641072563,12.95920517158083],[77.51124282829882,12.958513762421443],[77.51072793284256,12.951705415575875],[77.51151652430461,12.949063817185353],[77.52121118507165,12.950160842745523],[77.5279344218981,12.948100483124056],[77.52898926323056,12.955101355021872],[77.53740372769967,12.95327135484122],[77.53778175224598,12.945420888178536],[77.53900746482358,12.945344091619067],[77.53976775755756,12.946740657856408],[77.54053269278494,12.945267297662358],[77.54184134681275,12.945538497118367],[77.54197036195552,12.947518068849712],[77.54509456866472,12.947093262020726],[77.54584111088664,12.951395888952009],[77.54889164496277,12.951576658787344],[77.5501772446271,12.949949600355673],[77.55006180123164,12.941452819891007],[77.54950420974824,12.93996588879533],[77.54739842487331,12.9398709974089],[77.54715871662627,12.934099509951343],[77.55055002480877,12.934632783660396],[77.55323166391682,12.932987602427579],[77.55542964827929,12.935089133063446],[77.55841088990762,12.935513850029283],[77.55884394434992,12.934329703324481],[77.56158099064638,12.935007491695433],[77.56335484083732,12.933384855099295],[77.5656499806927,12.938826254733955],[77.56727193744719,12.938866807329065],[77.56735921776021,12.936132459923302],[77.58721409478353,12.936089417790553],[77.58820499313578,12.937345700965672],[77.59139357401654,12.937286413914247],[77.5948083893134,12.939419036904882],[77.59717222423689,12.939495420300375],[77.59674913570436,12.943373291674524],[77.59991160255981,12.949727172801518],[77.59308353323806,12.954808480187513],[77.59396871605104,12.956900878083301],[77.60606808418866,12.950385689701074],[77.61066209280615,12.949647906996157],[77.61723809216424,12.950848404663565],[77.61816963702903,12.95325255879938],[77.62749941739902,12.94852687196626],[77.6344899227854,12.936385035722363],[77.63904060835172,12.93169214002436],[77.64030736136141,12.930765171620028],[77.64262517289794,12.931148490209015],[77.6543673609971,12.92487523763999],[77.65613948911765,12.920919868429547],[77.66089660214634,12.915760982734948],[77.66212213326428,12.915683607915371],[77.66330395056384,12.920528068239333],[77.66115287712384,12.921848740975378],[77.66309549829882,12.927818237141375],[77.66010072894058,12.928208244159794],[77.65445957755257,12.935383207765431],[77.6590546048596,12.937744997143147],[77.64907677625041,12.94404488327321],[77.63968429706686,12.951980258695963],[77.64389786736488,12.956453084940927],[77.64219518260907,12.962333670112436],[77.64319422868095,12.971489930826047],[77.64308396227646,12.972326090695292],[77.6371580413501,12.973733806802194],[77.63694643060855,12.974746261698986],[77.64333009257946,12.977030860386648],[77.6452011898915,12.98841039811731],[77.63714998975023,12.98908674376726],[77.63359642786112,12.988482339049174],[77.63368460559106,12.990172622391256],[77.63135259528319,12.990241186680613],[77.63204964662114,12.993413683702915],[77.63333084004904,12.99324603636382],[77.63524380693816,13.001292014622447],[77.63935363619393,13.006517278356508],[77.63886028143986,13.013082936924265],[77.63919976736216,13.014293178611576],[77.64077346033139,13.014414136024591],[77.64112842422604,13.016274887175365],[77.64149896400936,13.020450249860524],[77.63699685484205,13.026703541350122]]]}},{"type":"Feature","properties":{"type":"village","name":" ","taluk":"Bangalore North","district":"BANGALORE","village_code":" "},"geometry":{"type":"Polygon","coordinates":[[[77.49120433024152,13.055614972730627],[77.48181212414578,13.054633977956446],[77.47774579131608,13.055877931625504],[77.47853139228656,13.048567524255342],[77.49017850000111,13.043730482648785],[77.49186565108906,13.049739903871926],[77.49120433024152,13.055614972730627]]]}},{"type":"Feature","properties":{"type":"village","name":"Cheemasandra","taluk":"Bangalore East","district":"BANGALORE","village_code":"613100"},"geometry":{"type":"Polygon","coordinates":[[[77.74556502303864,13.06194318288795],[77.74010907910937,13.062728896147577],[77.73157050609555,13.055401707621266],[77.73256265669933,13.045873080116932],[77.73437200561534,13.039516040581775],[77.73900130814202,13.040270516673706],[77.74340935291933,13.044175443047651],[77.74886200721798,13.047196198795795],[77.74556502303864,13.06194318288795]]]}},{"type":"Feature","properties":{"type":"village","name":" ","taluk":"Bangalore North","district":"BANGALORE","village_code":" "},"geometry":{"type":"Polygon","coordinates":[[[77.44107384311627,13.040380223612184],[77.44052068661543,13.046203217231149],[77.43790370285164,13.048967661135618],[77.43598593087408,13.058935469365563],[77.43100439982283,13.058257903766831],[77.4291328003525,13.05287180258237],[77.42892879205318,13.04041484975065],[77.42984447716165,13.033759940891871],[77.43645205859019,13.041377318111193],[77.43857608375697,13.040281171615906],[77.44107384311627,13.040380223612184]]]}},{"type":"Feature","properties":{"type":"village","name":" ","taluk":"Bangalore North","district":"BANGALORE","village_code":" "},"geometry":{"type":"Polygon","coordinates":[[[77.49212395086923,13.061058216065105],[77.48832885086482,13.060336718615142],[77.48842757661285,13.059227696226204],[77.48658166356981,13.058586429934058],[77.48285174711906,13.06096156918803],[77.47890252855125,13.061099320116426],[77.4761434016651,13.059641187078656],[77.47481761406988,13.05686436277378],[77.48181212414578,13.054633977956446],[77.49120433024152,13.055614972730627],[77.49212395086923,13.061058216065105]]]}},{"type":"Feature","properties":{"type":"village","name":"Katamnallur","taluk":"Bangalore East","district":"BANGALORE","village_code":"613109"},"geometry":{"type":"Polygon","coordinates":[[[77.77098000095344,13.053437331330612],[77.76152489302493,13.053784123775104],[77.75588400304667,13.050333111757066],[77.76313668713858,13.047335486240005],[77.76803721530408,13.046655178569832],[77.77130961978065,13.047967219269403],[77.77098000095344,13.053437331330612]]]}},{"type":"Feature","properties":{"type":"village","name":" ","taluk":"Bangalore East","district":"BANGALORE","village_code":" "},"geometry":{"type":"Polygon","coordinates":[[[77.68442077371179,13.050042832008847],[77.67616599825918,13.052767544339607],[77.67341119765942,13.050551762309652],[77.67211523143668,13.051626080062112],[77.66893626342778,13.050113779296892],[77.6643625630239,13.050335135894953],[77.66542397463436,13.031180236316956],[77.66701202627512,13.030905225280362],[77.67236822486846,13.019602547717248],[77.68355761669127,13.023098387739376],[77.68336761133057,13.03315246992442],[77.68418584989196,13.037030221132964],[77.67926418077457,13.036935344064156],[77.67785242620329,13.037238180240415],[77.67782945628147,13.038077796819028],[77.6760395828408,13.037979796715234],[77.67386499869316,13.04326747696577],[77.6748222398667,13.046202169702564],[77.68482368698135,13.045260852797242],[77.68442077371179,13.050042832008847]]]}},{"type":"Feature","properties":{"type":"village","name":"Hirandahalli","taluk":"Bangalore East","district":"BANGALORE","village_code":"613082"},"geometry":{"type":"Polygon","coordinates":[[[77.73437200561534,13.039516040581775],[77.73256265669933,13.045873080116932],[77.73157050609555,13.055401707621266],[77.72137594904257,13.05395893222759],[77.72052666470499,13.052401037823898],[77.71788840793693,13.053445803199441],[77.71750225004408,13.052386965238396],[77.7144775191762,13.051480298221836],[77.71233629306835,13.045950718089129],[77.71296569857047,13.044285473804381],[77.71537215316427,13.042469301951844],[77.71646644041923,13.039034843943494],[77.71887318337222,13.038201970193578],[77.7214384574133,13.033354382214453],[77.72313569388696,13.033338641339153],[77.72427620395483,13.032115703719041],[77.7249688131237,13.025804145017979],[77.72914670593194,13.026984447124361],[77.72763609805183,13.030525016875279],[77.7294856322038,13.036480876002686],[77.73437200561534,13.039516040581775]]]}},{"type":"Feature","properties":{"type":"village","name":" ","taluk":"Bangalore East","district":"BANGALORE","village_code":" "},"geometry":{"type":"Polygon","coordinates":[[[77.64715023132577,13.04842712610233],[77.64803000628076,13.051165256814132],[77.64710744277215,13.054714361860272],[77.64796145763805,13.055551491583852],[77.6392988227919,13.054775215303046],[77.63740642283123,13.042668722989536],[77.63863471806529,13.043270280034895],[77.64132689530996,13.042572161686163],[77.64715023132577,13.04842712610233]]]}},{"type":"Feature","properties":{"type":"village","name":" ","taluk":"Bangalore North","district":"BANGALORE","village_code":" "},"geometry":{"type":"Polygon","coordinates":[[[77.47838804003183,13.029067234783742],[77.47616353560554,13.03310432657326],[77.4778924412862,13.035749979310904],[77.47517808912878,13.036026462241908],[77.47233101537967,13.041318272046732],[77.47010645885113,13.037122044730708],[77.47099203243125,13.036134648277026],[77.46940013779773,13.032877833903646],[77.47014416024527,13.030311155134239],[77.47098597778621,13.028808088591816],[77.47754888509736,13.026476152748582],[77.47838804003183,13.029067234783742]]]}},{"type":"Feature","properties":{"type":"village","name":"Maragondanahalli","taluk":"Bangalore East","district":"BANGALORE","village_code":"613013"},"geometry":{"type":"Polygon","coordinates":[[[77.69464283987371,13.044328274906643],[77.69263100620107,13.045505325944582],[77.69320926163091,13.044105830387778],[77.69163519226758,13.043364937639845],[77.68482368698135,13.045260852797242],[77.68336761133057,13.03315246992442],[77.6833804329846,13.031977971649718],[77.69143469188941,13.032690178718857],[77.69431502216865,13.026755502680341],[77.69863036979176,13.035224196089718],[77.69389238279378,13.041026551726178],[77.69464283987371,13.044328274906643]]]}},{"type":"Feature","properties":{"type":"village","name":" ","taluk":"Bangalore East","district":"BANGALORE","village_code":" "},"geometry":{"type":"Polygon","coordinates":[[[77.68482368698135,13.045260852797242],[77.6748222398667,13.046202169702564],[77.67386499869316,13.04326747696577],[77.6760395828408,13.037979796715234],[77.67782945628147,13.038077796819028],[77.67785242620329,13.037238180240415],[77.67926418077457,13.036935344064156],[77.68418584989196,13.037030221132964],[77.68482368698135,13.045260852797242]]]}},{"type":"Feature","properties":{"type":"village","name":" ","taluk":"Bangalore East","district":"BANGALORE","village_code":" "},"geometry":{"type":"Polygon","coordinates":[[[77.66544164359772,13.03056495063088],[77.66467361906408,13.047235330871828],[77.65264899974126,13.046386005207928],[77.64914616930946,13.045225922791404],[77.64876013089253,13.042124680617283],[77.64450131874185,13.04043062168114],[77.64449187385496,13.035483879043056],[77.6477022119319,13.031028248763812],[77.65096835694756,13.029784225243462],[77.65096826981097,13.028915778923835],[77.65323902399963,13.028867129764356],[77.65424864683567,13.031533535427586],[77.65940224568804,13.03295502436368],[77.66209544791043,13.030488643361265],[77.66544164359772,13.03056495063088]]]}},{"type":"Feature","properties":{"type":"village","name":" ","taluk":"Bangalore North","district":"BANGALORE","village_code":" "},"geometry":{"type":"Polygon","coordinates":[[[77.47594618822258,13.059339831854418],[77.47520613812519,13.061660872073476],[77.46706243306924,13.058505066320055],[77.46225550037319,13.059056746241188],[77.46100320934129,13.05495553791761],[77.45899168558738,13.053691252741789],[77.46107876933478,13.054072324266121],[77.46134634062699,13.053089719302227],[77.4629139511034,13.05268064114283],[77.46344702486773,13.044878671147815],[77.47134533623922,13.043728786633217],[77.47853139228656,13.048567524255342],[77.47774579131608,13.055877931625504],[77.47481761406988,13.05686436277378],[77.47594618822258,13.059339831854418]]]}},{"type":"Feature","properties":{"type":"village","name":" ","taluk":"Bangalore East","district":"BANGALORE","village_code":" "},"geometry":{"type":"Polygon","coordinates":[[[77.67859851387767,13.06434856970166],[77.6763833887613,13.06426382498735],[77.67616779668636,13.066487699930398],[77.67317419064644,13.067078230185023],[77.66962842523566,13.067079877912368],[77.66794517912426,13.065651949614578],[77.66660558621976,13.063042310058123],[77.6643625630239,13.050335135894953],[77.66893626342778,13.050113779296892],[77.67211523143668,13.051626080062112],[77.67341119765942,13.050551762309652],[77.67616599825918,13.052767544339607],[77.67850371197079,13.052608259418363],[77.67924327338466,13.063196866384386],[77.67859851387767,13.06434856970166]]]}},{"type":"Feature","properties":{"type":"village","name":"Chikkabidarakallu (CT)","taluk":"Bangalore East","district":"BANGALORE","village_code":"612952"},"geometry":{"type":"Polygon","coordinates":[[[77.61976934790384,13.063182687655566],[77.6165795569924,13.062448899043282],[77.6091425772317,13.06690901386828],[77.60796988591709,13.063800902402994],[77.60560791769277,13.062387638832766],[77.60517596458506,13.060935299404502],[77.60332426998484,13.06040563889218],[77.60005340791561,13.055216344777232],[77.60727527170849,13.05213090109959],[77.6086641300198,13.050708965788917],[77.60921144297969,13.046950865321506],[77.61358659773948,13.048311487664172],[77.61718284577428,13.048224526892982],[77.61791187444142,13.056138802268416],[77.61976934790384,13.063182687655566]]]}},{"type":"Feature","properties":{"type":"village","name":"Kammasandra","taluk":"Bangalore North","district":"BANGALORE","village_code":"612803"},"geometry":{"type":"Polygon","coordinates":[[[77.44222821778223,13.040233811160112],[77.43857608375697,13.040281171615906],[77.43645205859019,13.041377318111193],[77.42984447716165,13.033759940891871],[77.42859646929699,13.028428402956148],[77.42962258699826,13.024973406883104],[77.44196478413022,13.024684437320508],[77.44594157468904,13.025710004941677],[77.44328472908283,13.038012611614105],[77.44222821778223,13.040233811160112]]]}},{"type":"Feature","properties":{"type":"village","name":"Bandapura","taluk":"Bangalore East","district":"BANGALORE","village_code":"613107"},"geometry":{"type":"Polygon","coordinates":[[[77.75204548836291,13.038607814978796],[77.74886200721798,13.047196198795795],[77.74340935291933,13.044175443047651],[77.73828456483473,13.039790502956722],[77.73911720788168,13.038534513722297],[77.74319406896653,13.037173050824585],[77.75204548836291,13.038607814978796]]]}},{"type":"Feature","properties":{"type":"village","name":"Goravigere","taluk":"Bangalore East","district":"BANGALORE","village_code":"613110"},"geometry":{"type":"Polygon","coordinates":[[[77.77790707539931,13.037494223043996],[77.77345765871164,13.048307065678632],[77.76803721530408,13.046655178569832],[77.76494853696438,13.046902413985874],[77.75711316874825,13.040884292229656],[77.76577291281578,13.03825691776927],[77.77790707539931,13.037494223043996]]]}},{"type":"Feature","properties":{"type":"village","name":"Kithiganur","taluk":"Bangalore East","district":"BANGALORE","village_code":"613081"},"geometry":{"type":"Polygon","coordinates":[[[77.71269664505803,13.045003201662956],[77.70769433866917,13.047125551713412],[77.7016801717409,13.045967989637944],[77.70116543708309,13.048117411168572],[77.70021103009432,13.047937188579679],[77.70129039902734,13.045962561211967],[77.69701597775025,13.045131677210838],[77.69562752098587,13.046289771778753],[77.69462157675093,13.045762006036693],[77.69389238279378,13.041026551726178],[77.69792076180273,13.035753872045975],[77.69863036979176,13.035224196089718],[77.70190000296569,13.036823095879575],[77.70387012426642,13.036687940281166],[77.70637433802102,13.03595948678517],[77.70762359813716,13.034310140977283],[77.7088426227575,13.034586685903532],[77.70805174867634,13.029165401201487],[77.701877606169,13.027639985753988],[77.70123531433413,13.024834421925014],[77.70482461210358,13.026007979988009],[77.71049790521243,13.025695039008285],[77.71469502106942,13.031238765818003],[77.71730265337109,13.031434554280594],[77.71716036561997,13.03273363033245],[77.72105288791695,13.03379323594468],[77.71887318337222,13.038201970193578],[77.71646644041923,13.039034843943494],[77.71537215316427,13.042469301951844],[77.71332029685075,13.043438182331261],[77.71269664505803,13.045003201662956]]]}},{"type":"Feature","properties":{"type":"village","name":"Konadasapura","taluk":"Bangalore East","district":"BANGALORE","village_code":"613108"},"geometry":{"type":"Polygon","coordinates":[[[77.76494853696438,13.046902413985874],[77.75220025910318,13.051253320065065],[77.74886200721798,13.047196198795795],[77.7510947491954,13.040356204274685],[77.75311509710032,13.03770874719944],[77.76494853696438,13.046902413985874]]]}},{"type":"Feature","properties":{"type":"village","name":"Kadaranahalli","taluk":"Bangalore North","district":"BANGALORE","village_code":"612795"},"geometry":{"type":"Polygon","coordinates":[[[77.46344702486773,13.044878671147815],[77.4629139511034,13.05268064114283],[77.46134634062699,13.053089719302227],[77.46107876933478,13.054072324266121],[77.45471230022007,13.052517916999301],[77.45118884985926,13.05393045469489],[77.44897659306355,13.050482755273126],[77.4442441136366,13.0488256958717],[77.44460531004268,13.044265280061857],[77.44222821778223,13.040233811160112],[77.44594157468904,13.025710004941677],[77.44975716975667,13.034733406255954],[77.45114685990794,13.035976745904136],[77.45292202523247,13.046597260928909],[77.46344702486773,13.044878671147815]]]}},{"type":"Feature","properties":{"type":"village","name":"Lakkenahalli","taluk":"Bangalore North","district":"BANGALORE","village_code":"612785"},"geometry":{"type":"Polygon","coordinates":[[[77.40132683413816,13.05137118603216],[77.39400771693599,13.052998635845869],[77.39179046999891,13.051759906957964],[77.39059720007775,13.039716076606178],[77.39960762756762,13.037948626232954],[77.40609928500199,13.035365015690843],[77.405722175839,13.043078080257084],[77.4044823408468,13.046804006069234],[77.40506793281756,13.04836041741464],[77.40132683413816,13.05137118603216]]]}},{"type":"Feature","properties":{"type":"village","name":"Nimbekaipura","taluk":"Bangalore East","district":"BANGALORE","village_code":"613099"},"geometry":{"type":"Polygon","coordinates":[[[77.75303398911163,13.061901719322224],[77.74556502303864,13.06194318288795],[77.74886200721798,13.047196198795795],[77.75220025910318,13.051253320065065],[77.75588400304667,13.050333111757066],[77.76152489302493,13.053784123775104],[77.75880187032834,13.06048984675775],[77.75303398911163,13.061901719322224]]]}},{"type":"Feature","properties":{"type":"village","name":"Kenganahalli","taluk":"Bangalore North","district":"BANGALORE","village_code":"612786"},"geometry":{"type":"Polygon","coordinates":[[[77.42158408634018,13.039589007239496],[77.42126690917966,13.042660732078856],[77.41485756437473,13.044665660190587],[77.41325056816301,13.047292422245791],[77.41408432781584,13.04919898460028],[77.41688276318217,13.051260909022371],[77.41739917679128,13.05396519619924],[77.4147799140016,13.0557749697908],[77.41525650798904,13.057739944433289],[77.41434126934331,13.059079104604917],[77.40805498744412,13.057246180230829],[77.40374863465195,13.057947044288703],[77.40132683413816,13.05137118603216],[77.40506793281756,13.04836041741464],[77.4044823408468,13.046804006069234],[77.405722175839,13.043078080257084],[77.407438471868,13.02620585030918],[77.41396243182167,13.02906452082297],[77.41922161595761,13.033538607092355],[77.42158408634018,13.039589007239496]]]}},{"type":"Feature","properties":{"type":"village","name":"Dombarahalli","taluk":"Bangalore North","district":"BANGALORE","village_code":"612793"},"geometry":{"type":"Polygon","coordinates":[[[77.46225550037319,13.059056746241188],[77.45102304241736,13.0606842355646],[77.45056617094197,13.059122681968864],[77.45239802355417,13.057128261935313],[77.45118884985926,13.05393045469489],[77.45471230022007,13.052517916999301],[77.45899168558738,13.053691252741789],[77.46100320934129,13.05495553791761],[77.46225550037319,13.059056746241188]]]}},{"type":"Feature","properties":{"type":"village","name":"Huskur","taluk":"Bangalore East","district":"BANGALORE","village_code":"613098"},"geometry":{"type":"Polygon","coordinates":[[[77.77098000095344,13.053437331330612],[77.76753895934188,13.058130038851264],[77.7677531599264,13.06379761215495],[77.76673456112407,13.066287327676164],[77.75545770034206,13.064361504022584],[77.75303398911163,13.061901719322224],[77.75880187032834,13.06048984675775],[77.76152489302493,13.053784123775104],[77.77098000095344,13.053437331330612]]]}},{"type":"Feature","properties":{"type":"village","name":"Narayanappana Palya","taluk":"Bangalore North","district":"BANGALORE","village_code":"612790"},"geometry":{"type":"Polygon","coordinates":[[[77.436157294396,13.064101940660569],[77.4327285129914,13.066318685347039],[77.43100439982283,13.058257903766831],[77.43598593087408,13.058935469365563],[77.436157294396,13.064101940660569]]]}},{"type":"Feature","properties":{"type":"village","name":" ","taluk":"Bangalore East","district":"BANGALORE","village_code":" "},"geometry":{"type":"Polygon","coordinates":[[[77.65264899974126,13.046386005207928],[77.64648668984285,13.04801871231993],[77.64132689530996,13.042572161686163],[77.64164769268106,13.03832752187675],[77.6443369773505,13.037502916874297],[77.64450131874185,13.04043062168114],[77.64876013089253,13.042124680617283],[77.64914616930946,13.045225922791404],[77.65264899974126,13.046386005207928]]]}},{"type":"Feature","properties":{"type":"village","name":" ","taluk":"Bangalore North","district":"BANGALORE","village_code":" "},"geometry":{"type":"Polygon","coordinates":[[[77.45737746692076,13.045936181317954],[77.45292202523247,13.046597260928909],[77.4516141850783,13.040499144065263],[77.45511158070259,13.040353218266366],[77.45512667868758,13.043030910242067],[77.45737746692076,13.045936181317954]]]}},{"type":"Feature","properties":{"type":"village","name":"Lakshmipura","taluk":"Bangalore North","district":"BANGALORE","village_code":"612804"},"geometry":{"type":"Polygon","coordinates":[[[77.47134533623922,13.043728786633217],[77.45737746692076,13.045936181317954],[77.45512667868758,13.043030910242067],[77.45511158070259,13.040353218266366],[77.4516141850783,13.040499144065263],[77.45114685990794,13.035976745904136],[77.44975716975667,13.034733406255954],[77.44594157468904,13.025710004941677],[77.4568509104338,13.026858307681895],[77.46226690358742,13.026422301806756],[77.4642611311788,13.029047296229638],[77.46554947339975,13.028296684027527],[77.47098597778621,13.028808088591816],[77.46940013779773,13.032877833903646],[77.4708304192234,13.034733047436704],[77.47010645885113,13.037122044730708],[77.47233101537967,13.041318272046732],[77.47134533623922,13.043728786633217]]]}},{"type":"Feature","properties":{"type":"village","name":"Khaji Sonnenahalli","taluk":"Bangalore East","district":"BANGALORE","village_code":"613111"},"geometry":{"type":"Polygon","coordinates":[[[77.77790707539931,13.037494223043996],[77.76577291281578,13.03825691776927],[77.75711316874825,13.040884292229656],[77.75311509710032,13.03770874719944],[77.75446268411254,13.034486972585206],[77.77054139671937,13.033273909101208],[77.77813036783286,13.02908735712593],[77.7813700098527,13.031239892176215],[77.78042915215332,13.032586358308631],[77.78064479273728,13.035216807928741],[77.77830746440291,13.035898361786636],[77.77790707539931,13.037494223043996]]]}},{"type":"Feature","properties":{"type":"village","name":"Harokyathanahalli","taluk":"Bangalore North","district":"BANGALORE","village_code":"612789"},"geometry":{"type":"Polygon","coordinates":[[[77.45102304241736,13.0606842355646],[77.44265898331716,13.063867467786466],[77.43642782743372,13.063421070105612],[77.43633459488362,13.05521625026686],[77.43790370285164,13.048967661135618],[77.44052068661543,13.046203217231149],[77.44107384311627,13.040380223612184],[77.44222821778223,13.040233811160112],[77.44392015599232,13.042291287605858],[77.4442441136366,13.0488256958717],[77.44897659306355,13.050482755273126],[77.45118884985926,13.05393045469489],[77.45239802355417,13.057128261935313],[77.45056617094197,13.059122681968864],[77.45102304241736,13.0606842355646]]]}},{"type":"Feature","properties":{"type":"village","name":"Kada Agrahara","taluk":"Bangalore East","district":"BANGALORE","village_code":"613071"},"geometry":{"type":"Polygon","coordinates":[[[77.70104713165512,13.087930377000772],[77.69386946856751,13.087946320017547],[77.68555047435186,13.077394977875558],[77.68558418093795,13.0736430263237],[77.69936635141919,13.071228313778459],[77.70361870827627,13.074071203153851],[77.70481518069137,13.075621483757812],[77.7045494626236,13.077157063932438],[77.70104713165512,13.087930377000772]]]}},{"type":"Feature","properties":{"type":"village","name":"Kodigehalli","taluk":"Bangalore East","district":"BANGALORE","village_code":"613093"},"geometry":{"type":"Polygon","coordinates":[[[77.75337546300565,13.089231432625244],[77.74519063397429,13.090033168100028],[77.74463714689345,13.08024049208455],[77.75268407464723,13.07955478087642],[77.75447254491944,13.080310405186857],[77.75337546300565,13.089231432625244]]]}},{"type":"Feature","properties":{"type":"village","name":"Heggadadevanapura","taluk":"Bangalore North","district":"BANGALORE","village_code":"612777"},"geometry":{"type":"Polygon","coordinates":[[[77.46226727459162,13.081217736330917],[77.44759092826308,13.08525774022414],[77.44621304377125,13.083921469593436],[77.4492953871916,13.080869459915295],[77.44846854456641,13.075781226346448],[77.45056588617602,13.073046334917736],[77.45719518437656,13.070841356950261],[77.45910436307011,13.073915886235238],[77.46208822508416,13.075981518265278],[77.46226727459162,13.081217736330917]]]}},{"type":"Feature","properties":{"type":"village","name":" ","taluk":"Bangalore East","district":"BANGALORE","village_code":" "},"geometry":{"type":"Polygon","coordinates":[[[77.67025098288039,13.078934266686568],[77.66471269218566,13.089765203128108],[77.65448069874157,13.083335938262085],[77.65494324128133,13.07958411821316],[77.6576409683178,13.075859484934224],[77.66752432560018,13.076441673061462],[77.668956177281,13.075575559866358],[77.67025098288039,13.078934266686568]]]}},{"type":"Feature","properties":{"type":"village","name":"Gejjagadahalli","taluk":"Bangalore North","district":"BANGALORE","village_code":"612781"},"geometry":{"type":"Polygon","coordinates":[[[77.4327285129914,13.066318685347039],[77.42730123070963,13.069739348853377],[77.42489959108575,13.061849894011859],[77.42746915009074,13.059641183578341],[77.43106220102146,13.058629994258633],[77.4327285129914,13.066318685347039]]]}},{"type":"Feature","properties":{"type":"village","name":" ","taluk":"Bangalore East","district":"BANGALORE","village_code":" "},"geometry":{"type":"Polygon","coordinates":[[[77.63209583709474,13.072523314779742],[77.62817613896381,13.073234359351272],[77.6258802759646,13.068709378594386],[77.62238168827594,13.064567044213229],[77.61976934790384,13.063182687655566],[77.61791187444142,13.056138802268416],[77.61718284577428,13.048224526892982],[77.62169529365217,13.047343631896604],[77.62951128430936,13.06414423866862],[77.63209583709474,13.072523314779742]]]}},{"type":"Feature","properties":{"type":"village","name":"Bidarahalli","taluk":"Bangalore East","district":"BANGALORE","village_code":"613083"},"geometry":{"type":"Polygon","coordinates":[[[77.73157050609555,13.055401707621266],[77.72656311614051,13.05997801591078],[77.71897249302518,13.063974601184633],[77.70469060322611,13.07529636223289],[77.70361870827627,13.074071203153851],[77.70959002915873,13.063425530323622],[77.7080609330518,13.059205257368362],[77.70802975162995,13.058237067102734],[77.7096036449235,13.058024785228737],[77.70810588385028,13.055135777266422],[77.70905199310079,13.049369773382558],[77.7135102626856,13.048811542571709],[77.7144775191762,13.051480298221836],[77.71750225004408,13.052386965238396],[77.71788840793693,13.053445803199441],[77.72052666470499,13.052401037823898],[77.72137594904257,13.05395893222759],[77.73157050609555,13.055401707621266]]]}},{"type":"Feature","properties":{"type":"village","name":"Byappanahalli","taluk":"Bangalore East","district":"BANGALORE","village_code":"613084"},"geometry":{"type":"Polygon","coordinates":[[[77.72414738464475,13.074700758984386],[77.71768114324469,13.07412063531812],[77.70469060322611,13.07529636223289],[77.71897249302518,13.063974601184633],[77.72656311614051,13.05997801591078],[77.73157050609555,13.055401707621266],[77.74010907910937,13.062728896147577],[77.738110073379,13.06735052857027],[77.73502489038405,13.069938723380126],[77.73246363360892,13.070907963312242],[77.7277100868919,13.069563426261988],[77.72548811840967,13.070063495026336],[77.72530407876079,13.072922775826257],[77.72414738464475,13.074700758984386]]]}},{"type":"Feature","properties":{"type":"village","name":"Lagumenahalli","taluk":"Bangalore East","district":"BANGALORE","village_code":"613096"},"geometry":{"type":"Polygon","coordinates":[[[77.75819241461203,13.072163480859212],[77.76124275734699,13.075753382222663],[77.76077304804788,13.077756365195011],[77.75508718660987,13.077323301660472],[77.7544627874188,13.071994493788516],[77.75819241461203,13.072163480859212]]]}},{"type":"Feature","properties":{"type":"village","name":"Madanaiyakanahalli (CT)","taluk":"Bangalore North","district":"BANGALORE","village_code":"612951"},"geometry":{"type":"Polygon","coordinates":[[[77.47192345602346,13.064938539782988],[77.45897103511564,13.073541009930704],[77.45719518437656,13.070841356950261],[77.45703977942564,13.068158953184982],[77.45499744166092,13.063988256578929],[77.45102304241736,13.0606842355646],[77.4563213814216,13.05934997492695],[77.46706243306924,13.058505066320055],[77.47555953266304,13.061781989222665],[77.47623897612311,13.065083169100918],[77.47192345602346,13.064938539782988]]]}},{"type":"Feature","properties":{"type":"village","name":"Adakamaranahalli","taluk":"Bangalore North","district":"BANGALORE","village_code":"612779"},"geometry":{"type":"Polygon","coordinates":[[[77.44848862730292,13.071486842351522],[77.44498546359615,13.074211114213666],[77.44127570893365,13.071521588386291],[77.43642782743372,13.063421070105612],[77.44265898331716,13.063867467786466],[77.45102304241736,13.0606842355646],[77.45275553507093,13.062059865908239],[77.44950142388684,13.06653457582417],[77.44848862730292,13.071486842351522]]]}},{"type":"Feature","properties":{"type":"village","name":" ","taluk":"Bangalore East","district":"BANGALORE","village_code":" "},"geometry":{"type":"Polygon","coordinates":[[[77.63976927859103,13.075068040926134],[77.63382798389694,13.077467007576828],[77.62951128430936,13.06414423866862],[77.62169529365217,13.047343631896604],[77.62501281960715,13.047116777709839],[77.62781823757818,13.045706102735931],[77.62917607616444,13.04383021061957],[77.62909890459332,13.042166114245644],[77.63207691138835,13.042604809699066],[77.6362738035648,13.040607803350097],[77.63702987242033,13.040653164021322],[77.63917281071711,13.050409360398808],[77.6391329246202,13.063633693867866],[77.63820623155624,13.066771755336962],[77.63976927859103,13.075068040926134]]]}},{"type":"Feature","properties":{"type":"village","name":"Hullegowdanahalli","taluk":"Bangalore North","district":"BANGALORE","village_code":"612782"},"geometry":{"type":"Polygon","coordinates":[[[77.41599553670193,13.070783794121343],[77.41306502203936,13.073399106043173],[77.40744804431567,13.07360571762132],[77.40026955028642,13.07253268727984],[77.39770412173506,13.073254241839281],[77.39533732506612,13.071012360903744],[77.39320873016948,13.070501383161012],[77.3957745342166,13.067035140755316],[77.39895599415208,13.058093382368948],[77.39818199222856,13.057723778942592],[77.3977648667129,13.053443521806855],[77.39400771693599,13.052998635845869],[77.40132683413816,13.05137118603216],[77.40374863465195,13.057947044288703],[77.40805498744412,13.057246180230829],[77.41434126934331,13.059079104604917],[77.41577828184545,13.064645012335918],[77.41599553670193,13.070783794121343]]]}},{"type":"Feature","properties":{"type":"village","name":" ","taluk":"Bangalore East","district":"BANGALORE","village_code":" "},"geometry":{"type":"Polygon","coordinates":[[[77.67681638571136,13.077625019936885],[77.67025098288039,13.078934266686568],[77.668956177281,13.075575559866358],[77.66752432560018,13.076441673061462],[77.6576409683178,13.075859484934224],[77.65994445262389,13.066883036985912],[77.66606943572559,13.067343585021602],[77.66745182437022,13.064690863005966],[77.66962842523566,13.067079877912368],[77.67317419064644,13.067078230185023],[77.67616779668636,13.066487699930398],[77.6763833887613,13.06426382498735],[77.67859851387767,13.06434856970166],[77.67844036277697,13.066062620774202],[77.67714410639837,13.066017482656198],[77.67632678411859,13.06872557136746],[77.67737624094929,13.069224602273854],[77.678838507789,13.068142019206906],[77.6789494506249,13.069125782351367],[77.67856243484091,13.071744757252223],[77.67663885705169,13.073916229247043],[77.6785077732542,13.075082846365836],[77.67681638571136,13.077625019936885]]]}},{"type":"Feature","properties":{"type":"village","name":" ","taluk":"Bangalore North","district":"BANGALORE","village_code":" "},"geometry":{"type":"Polygon","coordinates":[[[77.52730832489114,13.084158747014758],[77.52422659681677,13.083627918355488],[77.52405955598802,13.08481829630184],[77.5215309152442,13.085066183870392],[77.52002095235447,13.079354698361774],[77.52779637689007,13.071371933116033],[77.52707348012305,13.070107390717572],[77.52870897089562,13.069646432192219],[77.52975977609752,13.076726321649158],[77.5268572762954,13.079856710800135],[77.52730832489114,13.084158747014758]]]}},{"type":"Feature","properties":{"type":"village","name":" ","taluk":"Bangalore North","district":"BANGALORE","village_code":" "},"geometry":{"type":"Polygon","coordinates":[[[77.52392414304377,13.075347519701031],[77.51139974870757,13.076898194793287],[77.5105955517124,13.07034786133324],[77.52387779895828,13.064517102598714],[77.52779637689007,13.071371933116033],[77.52392414304377,13.075347519701031]]]}},{"type":"Feature","properties":{"type":"village","name":" ","taluk":"Bangalore East","district":"BANGALORE","village_code":" "},"geometry":{"type":"Polygon","coordinates":[[[77.6576409683178,13.075859484934224],[77.65460944528807,13.08062070537096],[77.64971085658527,13.080087600198263],[77.65404676125536,13.068197362649169],[77.65156969009706,13.058387993957698],[77.64963140419165,13.058650222706072],[77.64970137127418,13.057238237046176],[77.64716141984266,13.057469222861014],[77.64803000628076,13.051165256814132],[77.64704224933703,13.048790208918604],[77.65264899974126,13.046386005207928],[77.655693082117,13.046585912283192],[77.65570790970905,13.058375474989381],[77.65889290541354,13.07001091714138],[77.6576409683178,13.075859484934224]]]}},{"type":"Feature","properties":{"type":"village","name":" ","taluk":"Bangalore East","district":"BANGALORE","village_code":" "},"geometry":{"type":"Polygon","coordinates":[[[77.65404676125536,13.068197362649169],[77.64753497527039,13.085147913222878],[77.64666990843158,13.085222311007321],[77.64858106431707,13.077481879373856],[77.64843764918027,13.070069108431973],[77.64525842425319,13.066408322673247],[77.64554666039021,13.063661277714152],[77.64716141984266,13.057469222861014],[77.64970137127418,13.057238237046176],[77.64963140419165,13.058650222706072],[77.65156969009706,13.058387993957698],[77.65404676125536,13.068197362649169]]]}},{"type":"Feature","properties":{"type":"village","name":" ","taluk":"Bangalore North","district":"BANGALORE","village_code":" "},"geometry":{"type":"Polygon","coordinates":[[[77.52392414304377,13.075347519701031],[77.51488167893595,13.084104033649028],[77.51054270921414,13.082207747339538],[77.50693081612036,13.078598819994175],[77.51253753328685,13.076590563113648],[77.52392414304377,13.075347519701031]]]}},{"type":"Feature","properties":{"type":"village","name":" ","taluk":"Bangalore East","district":"BANGALORE","village_code":" "},"geometry":{"type":"Polygon","coordinates":[[[77.76688652642574,13.084614133595128],[77.76661135987781,13.089618236350965],[77.75337546300565,13.089231432625244],[77.75447254491944,13.080310405186857],[77.76560985781192,13.083623805875956],[77.76688652642574,13.084614133595128]]]}},{"type":"Feature","properties":{"type":"village","name":" ","taluk":"Bangalore East","district":"BANGALORE","village_code":" "},"geometry":{"type":"Polygon","coordinates":[[[77.72193184899827,13.091545526121237],[77.71811010855579,13.091193904418278],[77.71956684177337,13.082069797318484],[77.723405578341,13.082612436572628],[77.72231506131534,13.085245714363257],[77.72193184899827,13.091545526121237]]]}},{"type":"Feature","properties":{"type":"village","name":"Rampura","taluk":"Bangalore East","district":"BANGALORE","village_code":"613076"},"geometry":{"type":"Polygon","coordinates":[[[77.69725327312247,13.048696182601368],[77.69844280066212,13.057601610573023],[77.69449300268094,13.05953904676335],[77.69731810633314,13.06376284315631],[77.69742735943801,13.068059200906667],[77.69657303285672,13.068718403845073],[77.69234405914649,13.066475752784578],[77.69188630822043,13.063926854989665],[77.68211427376133,13.05525938026289],[77.68047600090632,13.055072813178784],[77.67999795074978,13.056479826691195],[77.67887150111272,13.056510302639719],[77.67850371197079,13.052608259418363],[77.68703085661758,13.049697145712024],[77.69263250908253,13.051125433147513],[77.69183747759821,13.049779222820074],[77.69217631763179,13.047404020712973],[77.69287072882115,13.047570260093408],[77.69272058530287,13.04964477264428],[77.69397918610137,13.049713183085743],[77.69419803816247,13.04865915366895],[77.69725327312247,13.048696182601368]]]}},{"type":"Feature","properties":{"type":"village","name":" ","taluk":"Bangalore East","district":"BANGALORE","village_code":" "},"geometry":{"type":"Polygon","coordinates":[[[77.64525842425319,13.066408322673247],[77.64130424339174,13.068829047581367],[77.63859602582937,13.069194622295873],[77.6392988227919,13.054775215303046],[77.64796145763805,13.055551491583852],[77.64691668641991,13.05977501488379],[77.64593216610616,13.060181780714744],[77.64525842425319,13.066408322673247]]]}},{"type":"Feature","properties":{"type":"village","name":"Shivanapura","taluk":"Bangalore North","district":"BANGALORE","village_code":"612787"},"geometry":{"type":"Polygon","coordinates":[[[77.42730123070963,13.069739348853377],[77.42087335905029,13.0697796087913],[77.41599553670193,13.070783794121343],[77.41577828184545,13.064645012335918],[77.41434126934331,13.059079104604917],[77.41525650798904,13.057739944433289],[77.4147799140016,13.0557749697908],[77.41739917679128,13.05396519619924],[77.41688276318217,13.051260909022371],[77.41301253707057,13.04799286384429],[77.41485756437473,13.044665660190587],[77.42126690917966,13.042660732078856],[77.42158408634018,13.039589007239496],[77.42900544619471,13.038381407860376],[77.4291328003525,13.05287180258237],[77.43106220102146,13.058629994258633],[77.42746915009074,13.059641183578341],[77.42489959108575,13.061849894011859],[77.42730123070963,13.069739348853377]]]}},{"type":"Feature","properties":{"type":"village","name":"Guddadahalli","taluk":"Bangalore North","district":"BANGALORE","village_code":"612866"},"geometry":{"type":"Polygon","coordinates":[[[77.49240330626134,13.072118659745096],[77.4789612487264,13.071686400099518],[77.47520613812519,13.061660872073476],[77.47594618822258,13.059339831854418],[77.47719560105233,13.060594123618692],[77.48164127266358,13.06121497882244],[77.48658166356981,13.058586429934058],[77.48842757661285,13.059227696226204],[77.48832885086482,13.060336718615142],[77.49212395086923,13.061058216065105],[77.49240330626134,13.072118659745096]]]}},{"type":"Feature","properties":{"type":"village","name":"Venkatapura","taluk":"Bangalore North","district":"BANGALORE","village_code":"612784"},"geometry":{"type":"Polygon","coordinates":[[[77.39320873016948,13.070501383161012],[77.38936017860902,13.069969048035096],[77.38364347531237,13.067459451690485],[77.38272159901497,13.06446621678049],[77.38301649615984,13.057267035355334],[77.38605275241282,13.055399203972408],[77.39008134162755,13.05580763181178],[77.39337544670643,13.052986366884326],[77.3977648667129,13.053443521806855],[77.39885688033186,13.05931910816716],[77.3957745342166,13.067035140755316],[77.39320873016948,13.070501383161012]]]}},{"type":"Feature","properties":{"type":"village","name":" ","taluk":"Bangalore North","district":"BANGALORE","village_code":" "},"geometry":{"type":"Polygon","coordinates":[[[77.546765958811,13.0565636517298],[77.54593846400891,13.063169306113032],[77.54134726442331,13.067534238083063],[77.5414219485594,13.074431864693995],[77.53248351295476,13.074918596938279],[77.52975977609752,13.076726321649158],[77.52929140618647,13.070093641157039],[77.52707348012305,13.070107390717572],[77.52387779895828,13.064517102598714],[77.52475317935487,13.063875948923304],[77.52232173273153,13.060510759363545],[77.52381717794795,13.05499173281423],[77.50910421988168,13.061750081429656],[77.50363238924663,13.059671968915385],[77.50296729996647,13.062445196618926],[77.4988939566843,13.061218379364371],[77.49579237763878,13.063660392146904],[77.49224027820692,13.063715953610261],[77.49120433024152,13.055614972730627],[77.49205563489016,13.052872208630937],[77.49175594433495,13.048533691242051],[77.49017850000111,13.043730482648785],[77.4779342884054,13.048839296970838],[77.47134533623922,13.043728786633217],[77.47517808912878,13.036026462241908],[77.4778924412862,13.035749979310904],[77.47616353560554,13.03310432657326],[77.47838804003183,13.029067234783742],[77.48422770831782,13.03056529107729],[77.49234145366076,13.029436586975386],[77.49407070968435,13.02453988939806],[77.49577699488783,13.024358981855306],[77.49889437889246,13.016556086599252],[77.50084589069377,13.01060690883725],[77.49356174580394,13.001931872201316],[77.49577547314176,13.001284690221008],[77.49766265299232,12.99863262474183],[77.49889454777575,12.998522234092972],[77.4954743857063,12.99385645864601],[77.49541060621945,12.991080019728816],[77.49374504703766,12.99087661121822],[77.49328554260018,12.987671624368769],[77.50341961788169,12.990143599199797],[77.50936140844583,12.988238617579865],[77.51641100411328,12.988098163360137],[77.52003785056331,12.986849024331157],[77.5235051247778,12.995140511756986],[77.5251101887134,12.997772942195866],[77.52778305936596,12.99925754878221],[77.52951305290645,13.002599233879712],[77.5291164413186,13.003927190331668],[77.5309763159778,13.009075727590659],[77.52205974985871,13.01255708195446],[77.52031890556792,13.019785767568115],[77.51859659801303,13.01894947695637],[77.51699579119358,13.021601106355737],[77.52202949010835,13.023833441381624],[77.51826250827065,13.03250839670291],[77.51824651825862,13.03992572512209],[77.52769527330145,13.05167808691453],[77.53208595813587,13.05494494836502],[77.54204474156272,13.054655970054242],[77.546765958811,13.0565636517298]]]}},{"type":"Feature","properties":{"type":"village","name":" ","taluk":"Bangalore North","district":"BANGALORE","village_code":" "},"geometry":{"type":"Polygon","coordinates":[[[77.55485425039032,13.09249034487426],[77.54239818910116,13.09500902925026],[77.54226930421407,13.0934755210682],[77.53572446471824,13.0948013454145],[77.53551972069869,13.092262149736584],[77.53963661879745,13.08820412758174],[77.54056480126813,13.085152408047739],[77.54330076958624,13.084954668926294],[77.5442626146256,13.087338899186632],[77.54943020114527,13.088234505114565],[77.55130544508063,13.086173982399432],[77.55065631167655,13.082901195779485],[77.55985588304273,13.088570271188043],[77.55485425039032,13.09249034487426]]]}},{"type":"Feature","properties":{"type":"village","name":" ","taluk":"Bangalore East","district":"BANGALORE","village_code":" "},"geometry":{"type":"Polygon","coordinates":[[[77.66745182437022,13.064690863005966],[77.66606943572559,13.067343585021602],[77.65994445262389,13.066883036985912],[77.65889290541354,13.07001091714138],[77.65570790970905,13.058375474989381],[77.655693082117,13.046585912283192],[77.66467361906408,13.047235330871828],[77.66428827055327,13.049913067342994],[77.66745182437022,13.064690863005966]]]}},{"type":"Feature","properties":{"type":"village","name":"Anagalapura","taluk":"Bangalore East","district":"BANGALORE","village_code":"613073"},"geometry":{"type":"Polygon","coordinates":[[[77.69234405914649,13.066475752784578],[77.68188678978869,13.071366980394563],[77.67870036127132,13.069417572754476],[77.678838507789,13.068142019206906],[77.67632688023835,13.06919454179157],[77.67714410639837,13.066017482656198],[77.67844036277697,13.066062620774202],[77.67916623925576,13.063771751328973],[77.67887150111272,13.056510302639719],[77.67999795074978,13.056479826691195],[77.68047600090632,13.055072813178784],[77.68211427376133,13.05525938026289],[77.69188630822043,13.063926854989665],[77.69234405914649,13.066475752784578]]]}},{"type":"Feature","properties":{"type":"village","name":"Bendiganahalli","taluk":"Bangalore East","district":"BANGALORE","village_code":"613095"},"geometry":{"type":"Polygon","coordinates":[[[77.76673456112407,13.066287327676164],[77.7602478246608,13.073818574993814],[77.75712299092756,13.071833056425607],[77.75177061466572,13.071541233876886],[77.75545770034206,13.064361504022584],[77.76673456112407,13.066287327676164]]]}},{"type":"Feature","properties":{"type":"village","name":"Adur","taluk":"Bangalore East","district":"BANGALORE","village_code":"613077"},"geometry":{"type":"Polygon","coordinates":[[[77.70876061825017,13.051898153077362],[77.70810588385028,13.055135777266422],[77.7096036449235,13.058024785228737],[77.70802975162995,13.058237067102734],[77.7080609330518,13.059205257368362],[77.70959002915873,13.063425530323622],[77.70361870827627,13.074071203153851],[77.69657303285672,13.068718403845073],[77.69742735943801,13.068059200906667],[77.69731810633314,13.06376284315631],[77.69449300268094,13.05953904676335],[77.69844280066212,13.057601610573023],[77.69727940511406,13.047013322155138],[77.69879670364638,13.04921835357911],[77.70229464903963,13.050152772643045],[77.70204740482568,13.04898797613557],[77.70334349681258,13.048775812333442],[77.70383777683134,13.050394380207267],[77.70876061825017,13.051898153077362]]]}},{"type":"Feature","properties":{"type":"village","name":"Makali","taluk":"Bangalore North","district":"BANGALORE","village_code":"612778"},"geometry":{"type":"Polygon","coordinates":[[[77.45719518437656,13.070841356950261],[77.45056588617602,13.073046334917736],[77.44848862730292,13.071486842351522],[77.44950142388684,13.06653457582417],[77.45275553507093,13.062059865908239],[77.45627808891312,13.06619222557212],[77.45719518437656,13.070841356950261]]]}},{"type":"Feature","properties":{"type":"village","name":"Hanumantha Sagara","taluk":"Bangalore North","district":"BANGALORE","village_code":"612776"},"geometry":{"type":"Polygon","coordinates":[[[77.46558603303518,13.069195752856388],[77.46807342763269,13.073211084360295],[77.46634382485938,13.074907827986372],[77.46208822508416,13.075981518265278],[77.45910436307011,13.073915886235238],[77.46558603303518,13.069195752856388]]]}},{"type":"Feature","properties":{"type":"village","name":"Bommenahalli","taluk":"Bangalore East","district":"BANGALORE","village_code":"613097"},"geometry":{"type":"Polygon","coordinates":[[[77.76077304804788,13.077756365195011],[77.75954791039202,13.081831353259096],[77.75268407464723,13.07955478087642],[77.74463714689345,13.08024049208455],[77.74302899814319,13.074559232900887],[77.7410080762148,13.073229362915558],[77.73918628203883,13.064179594781956],[77.74010907910937,13.062728896147577],[77.74203278356109,13.061951590584826],[77.75303398911163,13.061901719322224],[77.75545770034206,13.064361504022584],[77.75177061466572,13.071541233876886],[77.7544627874188,13.071994493788516],[77.75508718660987,13.077323301660472],[77.76077304804788,13.077756365195011]]]}},{"type":"Feature","properties":{"type":"village","name":"Bandebommasandra","taluk":"Bangalore East","district":"BANGALORE","village_code":"613072"},"geometry":{"type":"Polygon","coordinates":[[[77.68558418093795,13.0736430263237],[77.68528454068841,13.079613636673459],[77.68186595965386,13.081704052682715],[77.6801137903023,13.081357886587961],[77.67698044323508,13.07863543143079],[77.67726222587508,13.076236484893947],[77.6785077732542,13.075082846365836],[77.67663885705169,13.073916229247043],[77.67856243484091,13.071744757252223],[77.67870036127132,13.069417572754476],[77.68188678978869,13.071366980394563],[77.69234405914649,13.066475752784578],[77.69936635141919,13.071228313778459],[77.68558418093795,13.0736430263237]]]}},{"type":"Feature","properties":{"type":"village","name":"Kammasandra","taluk":"Bangalore East","district":"BANGALORE","village_code":"613085"},"geometry":{"type":"Polygon","coordinates":[[[77.72414738464475,13.074700758984386],[77.723405578341,13.082612436572628],[77.709720364825,13.080469494608604],[77.7027146419777,13.082377739788352],[77.70469060322611,13.07529636223289],[77.71768114324469,13.07412063531812],[77.72414738464475,13.074700758984386]]]}},{"type":"Feature","properties":{"type":"village","name":" ","taluk":"Bangalore North","district":"BANGALORE","village_code":" "},"geometry":{"type":"Polygon","coordinates":[[[77.4988939566843,13.061218379364371],[77.50569333471418,13.063226445434491],[77.50241548105713,13.07368121967674],[77.502752398696,13.07888544799565],[77.50123921085441,13.08051853873767],[77.49889383631,13.074170838373185],[77.49242432683899,13.074536153166097],[77.49202228763019,13.06535371256526],[77.49224027820692,13.063715953610261],[77.49579237763878,13.063660392146904],[77.4988939566843,13.061218379364371]]]}},{"type":"Feature","properties":{"type":"village","name":" ","taluk":"Bangalore North","district":"BANGALORE","village_code":" "},"geometry":{"type":"Polygon","coordinates":[[[77.51139974870757,13.076898194793287],[77.50123921085441,13.08051853873767],[77.502752398696,13.07888544799565],[77.50241548105713,13.07368121967674],[77.50569333471418,13.063226445434491],[77.50296729996647,13.062445196618926],[77.50363238924663,13.059671968915385],[77.50910421988168,13.061750081429656],[77.50980884761076,13.063003377375871],[77.51139974870757,13.076898194793287]]]}},{"type":"Feature","properties":{"type":"village","name":" ","taluk":"Bangalore East","district":"BANGALORE","village_code":" "},"geometry":{"type":"Polygon","coordinates":[[[77.64525842425319,13.066408322673247],[77.64843764918027,13.070069108431973],[77.64858106431707,13.077481879373856],[77.64666990843158,13.085222311007321],[77.64350059192205,13.080684535323263],[77.64467335779683,13.079383446840126],[77.64453429679422,13.077099109693583],[77.64098491207116,13.077401866015249],[77.6385717946729,13.075581137270598],[77.63976927859103,13.075068040926134],[77.63859602582937,13.069194622295873],[77.64130424339174,13.068829047581367],[77.64525842425319,13.066408322673247]]]}},{"type":"Feature","properties":{"type":"village","name":"Thammenahalli","taluk":"Bangalore North","district":"BANGALORE","village_code":"612775"},"geometry":{"type":"Polygon","coordinates":[[[77.4905591278651,13.083739073401745],[77.47942390265729,13.083636663936796],[77.47873402077362,13.075264004673802],[77.47968716832436,13.071754352916527],[77.49240330626134,13.072118659745096],[77.49204829116273,13.078455012360651],[77.4905591278651,13.083739073401745]]]}},{"type":"Feature","properties":{"type":"village","name":"Kuduragere","taluk":"Bangalore North","district":"BANGALORE","village_code":"612885"},"geometry":{"type":"Polygon","coordinates":[[[77.47942390265729,13.083636663936796],[77.4692745946435,13.086554838399252],[77.46546458440203,13.081986772818405],[77.46226727459162,13.081217736330917],[77.46208822508416,13.075981518265278],[77.46634382485938,13.074907827986372],[77.46807342763269,13.073211084360295],[77.46558603303518,13.069195752856388],[77.47192345602346,13.064938539782988],[77.47673126278029,13.065292565083181],[77.4789612487264,13.071686400099518],[77.47968716832436,13.071754352916527],[77.47873402077362,13.075264004673802],[77.47942390265729,13.083636663936796]]]}},{"type":"Feature","properties":{"type":"village","name":"Dasanapura","taluk":"Bangalore North","district":"BANGALORE","village_code":"612780"},"geometry":{"type":"Polygon","coordinates":[[[77.44621304377125,13.083921469593436],[77.42876627963179,13.086078469718196],[77.42369248890587,13.070320147852723],[77.4268744267451,13.070134362185101],[77.436157294396,13.064101940660569],[77.44127570893365,13.071521588386291],[77.44498546359615,13.074211114213666],[77.44848862730292,13.071486842351522],[77.45056588617602,13.073046334917736],[77.44846854456641,13.075781226346448],[77.4492953871916,13.080869459915295],[77.44621304377125,13.083921469593436]]]}},{"type":"Feature","properties":{"type":"village","name":"Mandur","taluk":"Bangalore East","district":"BANGALORE","village_code":"613094"},"geometry":{"type":"Polygon","coordinates":[[[77.74519063397429,13.090033168100028],[77.74044963312855,13.091914711394931],[77.73777964966129,13.091794828743998],[77.73166691598679,13.088923006105574],[77.72193184899827,13.091545526121237],[77.72231506131534,13.085245714363257],[77.72336371864539,13.08329380804342],[77.72548811840967,13.070063495026336],[77.7277100868919,13.069563426261988],[77.73246363360892,13.070907963312242],[77.73502489038405,13.069938723380126],[77.738110073379,13.06735052857027],[77.73918628203883,13.064179594781956],[77.7410080762148,13.073229362915558],[77.74302899814319,13.074559232900887],[77.74463714689345,13.08024049208455],[77.74519063397429,13.090033168100028]]]}},{"type":"Feature","properties":{"type":"village","name":"Gundur","taluk":"Bangalore East","district":"BANGALORE","village_code":"613070"},"geometry":{"type":"Polygon","coordinates":[[[77.71811010855579,13.091193904418278],[77.70870555601482,13.091664603048754],[77.70104713165512,13.087930377000772],[77.7027146419777,13.082377739788352],[77.709720364825,13.080469494608604],[77.71956684177337,13.082069797318484],[77.71811010855579,13.091193904418278]]]}},{"type":"Feature","properties":{"type":"village","name":"Somashetti Halli","taluk":"Bangalore North","district":"BANGALORE","village_code":"612819"},"geometry":{"type":"Polygon","coordinates":[[[77.52322426560592,13.09138482340715],[77.51594665955302,13.091555500750896],[77.51088636331932,13.087219466675686],[77.52002095235447,13.079354698361774],[77.52322426560592,13.09138482340715]]]}},{"type":"Feature","properties":{"type":"village","name":"Chikkabanavara (CT)","taluk":"Bangalore North","district":"BANGALORE","village_code":"612950"},"geometry":{"type":"Polygon","coordinates":[[[77.49889366113854,13.092841544744719],[77.49225377180083,13.093776550230318],[77.48937626223159,13.083874603128267],[77.4905591278651,13.083739073401745],[77.49242432683899,13.074536153166097],[77.49889383631,13.074170838373185],[77.50123921085441,13.08051853873767],[77.50693081612036,13.078598819994175],[77.51054270921414,13.082207747339538],[77.51488167893595,13.084104033649028],[77.51135986261063,13.087028414087067],[77.50604989311844,13.089264901320359],[77.49913481387657,13.08961163466923],[77.49889366113854,13.092841544744719]]]}},{"type":"Feature","properties":{"type":"village","name":"Ganigarahalli","taluk":"Bangalore North","district":"BANGALORE","village_code":"612818"},"geometry":{"type":"Polygon","coordinates":[[[77.51594665955302,13.091555500750896],[77.50599474464484,13.095033484247748],[77.50303892623735,13.094190773259688],[77.5023611608302,13.091588415275961],[77.50109587566767,13.091133948925233],[77.49889366113854,13.092841544744719],[77.49913481387657,13.08961163466923],[77.50604989311844,13.089264901320359],[77.51088636331932,13.087219466675686],[77.51594665955302,13.091555500750896]]]}},{"type":"Feature","properties":{"type":"village","name":" ","taluk":"Bangalore North","district":"BANGALORE","village_code":" "},"geometry":{"type":"Polygon","coordinates":[[[77.52475317935487,13.063875948923304],[77.5105955517124,13.07034786133324],[77.50910421988168,13.061750081429656],[77.52381717794795,13.05499173281423],[77.52232173273153,13.060510759363545],[77.52475317935487,13.063875948923304]]]}},{"type":"Feature","properties":{"type":"village","name":"Pillahalli","taluk":"Bangalore North","district":"BANGALORE","village_code":"612763"},"geometry":{"type":"Polygon","coordinates":[[[77.42785742710937,13.107207009946903],[77.42535368676691,13.110973929960606],[77.42332109931627,13.111353781717956],[77.42028667921971,13.105791031862744],[77.41663165261926,13.104553602262698],[77.41576419266849,13.100264611376398],[77.41874742137028,13.098899445831094],[77.4185084991491,13.09745677958963],[77.4218698323472,13.097475735305556],[77.42443594271984,13.099327411674901],[77.43452094932559,13.099429615131877],[77.43416487331665,13.102990748106667],[77.43579612943097,13.104150403194359],[77.43633620915621,13.106446271141298],[77.43157387691572,13.105612409635585],[77.43004489040322,13.107054788356331],[77.42785742710937,13.107207009946903]]]}},{"type":"Feature","properties":{"type":"village","name":"Kalathammanahalli","taluk":"Bangalore North","district":"BANGALORE","village_code":"612882"},"geometry":{"type":"Polygon","coordinates":[[[77.5351224641205,13.114003843110467],[77.52475567577304,13.114881497397212],[77.5243717717532,13.115883679147789],[77.5207153913916,13.116859451261227],[77.52005109622218,13.115856835171954],[77.51915579209086,13.116984085410367],[77.51413201686505,13.116972502037221],[77.5139242994219,13.115402261396962],[77.5094987096488,13.111350586593586],[77.51232141839245,13.10458970676298],[77.51849578188532,13.102746794751754],[77.52232436210036,13.100358168324714],[77.52397943434951,13.106336261106607],[77.53366658430247,13.10624186738667],[77.5351224641205,13.114003843110467]]]}},{"type":"Feature","properties":{"type":"village","name":" ","taluk":"Bangalore North","district":"BANGALORE","village_code":" "},"geometry":{"type":"Polygon","coordinates":[[[77.5743895903789,13.123179069005795],[77.57010455820168,13.12496057189586],[77.56486260195625,13.124814443246859],[77.56292536618143,13.11644171874883],[77.56097095910994,13.112696284084635],[77.57505360527396,13.112172861675976],[77.5743895903789,13.123179069005795]]]}},{"type":"Feature","properties":{"type":"village","name":"Mathahalli","taluk":"Bangalore North","district":"BANGALORE","village_code":"612768"},"geometry":{"type":"Polygon","coordinates":[[[77.45970938829545,13.116804472200192],[77.45074633975028,13.124117642339497],[77.45245342804765,13.118414226232433],[77.44888961817774,13.112609004807393],[77.44401094063323,13.111661559838424],[77.44346046021366,13.10788664843112],[77.45129986725532,13.105398891164496],[77.4514542193807,13.103710109302241],[77.45998994922665,13.102457854072027],[77.4587461086466,13.108052250363793],[77.45876795836926,13.113920526665025],[77.4598025723365,13.114778024775475],[77.45970938829545,13.116804472200192]]]}},{"type":"Feature","properties":{"type":"village","name":"Vaderahalli","taluk":"Bangalore North","district":"BANGALORE","village_code":"612772"},"geometry":{"type":"Polygon","coordinates":[[[77.5401358647031,13.102690410027352],[77.53460318219072,13.105520030573864],[77.53214073291032,13.098849220689354],[77.5331773779684,13.095523979237909],[77.54226930421407,13.0934755210682],[77.5401358647031,13.102690410027352]]]}},{"type":"Feature","properties":{"type":"village","name":" ","taluk":"Bangalore North","district":"BANGALORE","village_code":" "},"geometry":{"type":"Polygon","coordinates":[[[77.53366658430247,13.10624186738667],[77.52397943434951,13.106336261106607],[77.52232436210036,13.100358168324714],[77.53109149526857,13.09821344793915],[77.53377548167447,13.102087236593913],[77.53460318219072,13.105520030573864],[77.53366658430247,13.10624186738667]]]}},{"type":"Feature","properties":{"type":"village","name":"Vaddarahalli","taluk":"Bangalore North","district":"BANGALORE","village_code":"612808"},"geometry":{"type":"Polygon","coordinates":[[[77.45998994922665,13.102457854072027],[77.4514542193807,13.103710109302241],[77.45129986725532,13.105398891164496],[77.44346046021366,13.10788664843112],[77.44424931128884,13.097668588305483],[77.4468157243937,13.09595786912222],[77.45670239466284,13.097285695109706],[77.46046344222975,13.099726859907012],[77.45998994922665,13.102457854072027]]]}},{"type":"Feature","properties":{"type":"village","name":"Tharabanahalli","taluk":"Bangalore North","district":"BANGALORE","village_code":"612887"},"geometry":{"type":"Polygon","coordinates":[[[77.4847619489937,13.104868676099679],[77.48153938304912,13.104012158362169],[77.47597075894222,13.105476515654436],[77.47808083506928,13.109647843627526],[77.47411155083297,13.110369448731083],[77.4715589556138,13.10501671167697],[77.47276155543749,13.103086177236664],[77.47239141630274,13.097490968998041],[77.47398081900968,13.098418503193296],[77.47414037507546,13.09952971256784],[77.47893329674802,13.098338640997406],[77.48307793572108,13.098443440820732],[77.4847619489937,13.104868676099679]]]}},{"type":"Feature","properties":{"type":"village","name":"Bagalur","taluk":"Bangalore North","district":"BANGALORE","village_code":"612915"},"geometry":{"type":"Polygon","coordinates":[[[77.66461709616807,13.10892673510373],[77.66687044190485,13.1142789181507],[77.6573010799503,13.114552463582951],[77.65264316698011,13.11346511116663],[77.65242172417774,13.11269170402311],[77.66055909161936,13.111100869823982],[77.66021927062549,13.109164517752664],[77.66461709616807,13.10892673510373]]]}},{"type":"Feature","properties":{"type":"village","name":"Marasandra","taluk":"Bangalore North","district":"BANGALORE","village_code":"612930"},"geometry":{"type":"Polygon","coordinates":[[[77.72304898580079,13.112121421389986],[77.71494434308663,13.115886031702843],[77.70220954893784,13.108548531423699],[77.70082275765,13.10333068233335],[77.70227267804442,13.10053157799864],[77.71136175034245,13.096610649715648],[77.71352131196359,13.093448180295436],[77.71389078814164,13.090846026210212],[77.722753570328,13.091749081983625],[77.72159565629984,13.105647136860515],[77.72304898580079,13.112121421389986]]]}},{"type":"Feature","properties":{"type":"village","name":"Nagarur","taluk":"Bangalore North","district":"BANGALORE","village_code":"612764"},"geometry":{"type":"Polygon","coordinates":[[[77.43955192724336,13.09866142578033],[77.43525746634893,13.09959318414673],[77.42443594271984,13.099327411674901],[77.4218698323472,13.097475735305556],[77.4185084991491,13.09745677958963],[77.41594513043474,13.09325089143616],[77.42134877804138,13.091285233642662],[77.42047282002805,13.086586840982777],[77.42277980057719,13.086040568780861],[77.42393362188095,13.087502570727887],[77.42876627963179,13.086078469718196],[77.44621304377125,13.083921469593436],[77.44704717083508,13.085240105677958],[77.44556470088462,13.092179653648989],[77.4468157243937,13.09595786912222],[77.44424931128884,13.097668588305483],[77.44378729785672,13.094566235009177],[77.43898901593688,13.095030050048766],[77.43955192724336,13.09866142578033]]]}},{"type":"Feature","properties":{"type":"village","name":" ","taluk":"Bangalore North","district":"BANGALORE","village_code":" "},"geometry":{"type":"Polygon","coordinates":[[[77.54934553223477,13.102722108664452],[77.5401358647031,13.102690410027352],[77.54239818910116,13.09500902925026],[77.55485425039032,13.09249034487426],[77.56188309138146,13.097954391804135],[77.54934553223477,13.102722108664452]]]}},{"type":"Feature","properties":{"type":"village","name":"Rampalya","taluk":"Bangalore North","district":"BANGALORE","village_code":"612756"},"geometry":{"type":"Polygon","coordinates":[[[77.42712534956016,13.117784586160084],[77.4233764085883,13.121418891945245],[77.4213261386996,13.120481073812218],[77.41909736727571,13.115081052366078],[77.41883821499435,13.111786273612571],[77.42332109931627,13.111353781717956],[77.42712534956016,13.117784586160084]]]}},{"type":"Feature","properties":{"type":"village","name":"Veerasagara","taluk":"Bangalore North","district":"BANGALORE","village_code":"612946"},"geometry":{"type":"Polygon","coordinates":[[[77.55983456512271,13.107114315640485],[77.54728431367937,13.110722503255278],[77.54559800521118,13.109423707323765],[77.54945348907069,13.102530230793455],[77.55646286087467,13.099800786946869],[77.55983456512271,13.107114315640485]]]}},{"type":"Feature","properties":{"type":"village","name":"Jothipura","taluk":"Bangalore East","district":"BANGALORE","village_code":"613089"},"geometry":{"type":"Polygon","coordinates":[[[77.7650181042966,13.10780744198973],[77.74608417920425,13.110852543890138],[77.74546731687843,13.111911787852552],[77.73805573069419,13.112097417785954],[77.73570271867327,13.11485098929491],[77.73229944762612,13.114820882760966],[77.72304898580079,13.112121421389986],[77.72166052274818,13.10639403611029],[77.73534735862161,13.105721236230915],[77.7357522616595,13.10669415269159],[77.7460897586405,13.106442713738582],[77.74654943914778,13.099574365084289],[77.75492051319203,13.097638423672871],[77.7648186989648,13.09687007911738],[77.76338468144583,13.100200386650046],[77.76349824376909,13.103960668249293],[77.7649590831858,13.10575104028225],[77.7650181042966,13.10780744198973]]]}},{"type":"Feature","properties":{"type":"village","name":"Mittaganahalli","taluk":"Bangalore East","district":"BANGALORE","village_code":"613065"},"geometry":{"type":"Polygon","coordinates":[[[77.65485909608869,13.112059535726546],[77.64969356132111,13.113454401642523],[77.64551079425415,13.113091635375536],[77.64563435302993,13.114150593231253],[77.6432574619921,13.114468427292147],[77.63955314932358,13.113954256219936],[77.63856882035101,13.11330640963714],[77.63685775431357,13.106593756323601],[77.64420606227088,13.10595126234447],[77.6493446682412,13.104217765237266],[77.65297652279891,13.106939852834511],[77.65485909608869,13.112059535726546]]]}},{"type":"Feature","properties":{"type":"village","name":"Thirumenahalli","taluk":"Bangalore East","district":"BANGALORE","village_code":"613090"},"geometry":{"type":"Polygon","coordinates":[[[77.76136824480567,13.113437107697958],[77.75473298807985,13.113375250362003],[77.75002820820467,13.116355815236252],[77.74272512593033,13.114600136978114],[77.73570271867327,13.11485098929491],[77.73805573069419,13.112097417785954],[77.74546731687843,13.111911787852552],[77.74608417920425,13.110852543890138],[77.7630305511878,13.108330820316944],[77.76136824480567,13.113437107697958]]]}},{"type":"Feature","properties":{"type":"village","name":"Donnenahalli","taluk":"Bangalore East","district":"BANGALORE","village_code":"612991"},"geometry":{"type":"Polygon","coordinates":[[[77.67797446502956,13.100364753094677],[77.672612835222,13.106959960080363],[77.66971351186274,13.100833199615897],[77.66680624919297,13.100046621711563],[77.66633216959,13.097742741699246],[77.66924170859068,13.095788348890995],[77.66741863341713,13.094689036040815],[77.66616236015349,13.090693961624352],[77.67797446502956,13.100364753094677]]]}},{"type":"Feature","properties":{"type":"village","name":"Alur","taluk":"Bangalore North","district":"BANGALORE","village_code":"612773"},"geometry":{"type":"Polygon","coordinates":[[[77.47255995013153,13.101511356066691],[77.46413503825565,13.101583570329087],[77.45670239466284,13.097285695109706],[77.4468157243937,13.09595786912222],[77.44556470088462,13.092179653648989],[77.44704717083508,13.085240105677958],[77.46226727459162,13.081217736330917],[77.46546458440203,13.081986772818405],[77.4692745946435,13.086554838399252],[77.46898870041446,13.093203067787194],[77.47239141630274,13.097490968998041],[77.47255995013153,13.101511356066691]]]}},{"type":"Feature","properties":{"type":"village","name":"Guniagrahara","taluk":"Bangalore North","district":"BANGALORE","village_code":"612883"},"geometry":{"type":"Polygon","coordinates":[[[77.52800470967915,13.09842405470731],[77.51849578188532,13.102746794751754],[77.51594665955302,13.091555500750896],[77.52202338875097,13.09120933799211],[77.52917778277777,13.092490392122341],[77.5331773779684,13.095523979237909],[77.53214073291032,13.098849220689354],[77.52800470967915,13.09842405470731]]]}},{"type":"Feature","properties":{"type":"village","name":"Kattugollahalli","taluk":"Bangalore East","district":"BANGALORE","village_code":"613087"},"geometry":{"type":"Polygon","coordinates":[[[77.73534735862161,13.105721236230915],[77.72166052274818,13.10639403611029],[77.72289900757252,13.091616308359512],[77.73166691598679,13.088923006105574],[77.73777964966129,13.091794828743998],[77.74044963312855,13.091914711394931],[77.74156299610853,13.096588802224673],[77.73654914457163,13.1010915484005],[77.73534735862161,13.105721236230915]]]}},{"type":"Feature","properties":{"type":"village","name":"Shringaripura","taluk":"Bangalore East","district":"BANGALORE","village_code":"613088"},"geometry":{"type":"Polygon","coordinates":[[[77.74632025017273,13.099801492147074],[77.7460897586405,13.106442713738582],[77.7357522616595,13.10669415269159],[77.73654914457163,13.1010915484005],[77.74156299610853,13.096588802224673],[77.74301100937961,13.097236747936845],[77.74315355764216,13.098539620664303],[77.74632025017273,13.099801492147074]]]}},{"type":"Feature","properties":{"type":"village","name":"Yerappanahalli","taluk":"Bangalore East","district":"BANGALORE","village_code":"613068"},"geometry":{"type":"Polygon","coordinates":[[[77.69718755776616,13.088021101073537],[77.70189191992473,13.106684000192772],[77.69164335885183,13.104431273359019],[77.68590923991674,13.102166310137072],[77.68488437267037,13.09899761511251],[77.68538705642864,13.0942383613532],[77.67612700418931,13.093771259349515],[77.67575766814846,13.087423665723657],[77.68149626788016,13.087053338867797],[77.68198984541637,13.085842989619662],[77.6801137903023,13.081357886587961],[77.68186595965386,13.081704052682715],[77.68528454068841,13.079613636673459],[77.68555047435186,13.077394977875558],[77.69386946856751,13.087946320017547],[77.69718755776616,13.088021101073537]]]}},{"type":"Feature","properties":{"type":"village","name":"Kadusonnappanahalli","taluk":"Bangalore East","district":"BANGALORE","village_code":"613066"},"geometry":{"type":"Polygon","coordinates":[[[77.672612835222,13.106959960080363],[77.66965519772606,13.10933013019903],[77.66461709616807,13.10892673510373],[77.66081109870098,13.099557243402192],[77.6615586227815,13.099088218742336],[77.66081068367932,13.096599112630756],[77.66484313744641,13.091415624032395],[77.66471269218566,13.089765203128108],[77.66616236015349,13.090693961624352],[77.66741863341713,13.094689036040815],[77.66924170859068,13.095788348890995],[77.66633216959,13.097742741699246],[77.66680624919297,13.100046621711563],[77.66971351186274,13.100833199615897],[77.672612835222,13.106959960080363]]]}},{"type":"Feature","properties":{"type":"village","name":"Kempapura","taluk":"Bangalore North","district":"BANGALORE","village_code":"612881"},"geometry":{"type":"Polygon","coordinates":[[[77.50472409025184,13.100624504017155],[77.49848708364094,13.106792761570636],[77.49454355769711,13.099058937098901],[77.49410472259596,13.096407684087303],[77.4926924802395,13.09621335230784],[77.49225377180083,13.093776550230318],[77.49889366113854,13.092841544744719],[77.50109587566767,13.091133948925233],[77.5023611608302,13.091588415275961],[77.50303892623735,13.094190773259688],[77.50599474464484,13.095033484247748],[77.50472409025184,13.100624504017155]]]}},{"type":"Feature","properties":{"type":"village","name":"Kalathammanahalli","taluk":"Bangalore North","district":"BANGALORE","village_code":"612882"},"geometry":{"type":"Polygon","coordinates":[[[77.51849578188532,13.102746794751754],[77.51232141839245,13.10458970676298],[77.51131955610217,13.107421036047445],[77.50645991655345,13.104948473183011],[77.50436165327237,13.103419535392751],[77.50599474464484,13.095033484247748],[77.51594665955302,13.091555500750896],[77.51849578188532,13.102746794751754]]]}},{"type":"Feature","properties":{"type":"village","name":"Lakshmipura","taluk":"Bangalore North","district":"BANGALORE","village_code":"612820"},"geometry":{"type":"Polygon","coordinates":[[[77.53572446471824,13.0948013454145],[77.5331773779684,13.095523979237909],[77.52917778277777,13.092490392122341],[77.52322426560592,13.09138482340715],[77.5215309152442,13.085066183870392],[77.52405955598802,13.08481829630184],[77.52422659681677,13.083627918355488],[77.53501828020879,13.086043154367664],[77.53572446471824,13.0948013454145]]]}},{"type":"Feature","properties":{"type":"village","name":"Hancharahalli","taluk":"Bangalore East","district":"BANGALORE","village_code":"613091"},"geometry":{"type":"Polygon","coordinates":[[[77.7648186989648,13.09687007911738],[77.75492051319203,13.097638423672871],[77.74632025017273,13.099801492147074],[77.74315355764216,13.098539620664303],[77.74301100937961,13.097236747936845],[77.74156299610853,13.096588802224673],[77.74044963312855,13.091914711394931],[77.74886162633231,13.08951709191733],[77.75746520503336,13.088921499395463],[77.76661135987781,13.089618236350965],[77.76462769108424,13.094180952729355],[77.7648186989648,13.09687007911738]]]}},{"type":"Feature","properties":{"type":"village","name":"Sasiveghatta","taluk":"Bangalore North","district":"BANGALORE","village_code":"612878"},"geometry":{"type":"Polygon","coordinates":[[[77.4926924802395,13.09621335230784],[77.4903389013816,13.095994442107239],[77.48791329111269,13.097984069053867],[77.48307793572108,13.098443440820732],[77.47942390265729,13.083636663936796],[77.48937626223159,13.083874603128267],[77.4926924802395,13.09621335230784]]]}},{"type":"Feature","properties":{"type":"village","name":"Nadagowdagollahalli","taluk":"Bangalore East","district":"BANGALORE","village_code":"613074"},"geometry":{"type":"Polygon","coordinates":[[[77.6801137903023,13.081357886587961],[77.68198984541637,13.085842989619662],[77.68149626788016,13.087053338867797],[77.67575766814846,13.087423665723657],[77.67612700418931,13.093771259349515],[77.68538705642864,13.0942383613532],[77.68488437267037,13.09899761511251],[77.68590923991674,13.102166310137072],[77.68166308592673,13.100273252249712],[77.67797446502956,13.100364753094677],[77.66471269218566,13.089765203128108],[77.67025098288039,13.078934266686568],[77.67681638571136,13.077625019936885],[77.6801137903023,13.081357886587961]]]}},{"type":"Feature","properties":{"type":"village","name":"Kodipalya","taluk":"Bangalore North","district":"BANGALORE","village_code":"612765"},"geometry":{"type":"Polygon","coordinates":[[[77.44424931128884,13.097668588305483],[77.43955192724336,13.09866142578033],[77.43898901593688,13.095030050048766],[77.44378729785672,13.094566235009177],[77.44424931128884,13.097668588305483]]]}},{"type":"Feature","properties":{"type":"village","name":"Chikkasandra","taluk":"Bangalore East","district":"BANGALORE","village_code":"613069"},"geometry":{"type":"Polygon","coordinates":[[[77.71389078814164,13.090846026210212],[77.71352131196359,13.093448180295436],[77.71136175034245,13.096610649715648],[77.70227267804442,13.10053157799864],[77.70082275765,13.10333068233335],[77.69718755776616,13.088021101073537],[77.70179037167009,13.087884632147867],[77.70870555601482,13.091664603048754],[77.71389078814164,13.090846026210212]]]}},{"type":"Feature","properties":{"type":"village","name":"Soladevanahalli","taluk":"Bangalore North","district":"BANGALORE","village_code":"612879"},"geometry":{"type":"Polygon","coordinates":[[[77.48307793572108,13.098443440820732],[77.47893329674802,13.098338640997406],[77.47414037507546,13.09952971256784],[77.47398081900968,13.098418503193296],[77.46918784074325,13.093865862591088],[77.4692745946435,13.086554838399252],[77.47942390265729,13.083636663936796],[77.48307793572108,13.098443440820732]]]}},{"type":"Feature","properties":{"type":"village","name":"Kumbarahalli","taluk":"Bangalore North","district":"BANGALORE","village_code":"612880"},"geometry":{"type":"Polygon","coordinates":[[[77.49848708364094,13.106792761570636],[77.49698497202682,13.10813076029915],[77.4847619489937,13.104868676099679],[77.48307793572108,13.098443440820732],[77.48791329111269,13.097984069053867],[77.4903389013816,13.095994442107239],[77.49410472259596,13.096407684087303],[77.49454355769711,13.099058937098901],[77.49848708364094,13.106792761570636]]]}},{"type":"Feature","properties":{"type":"village","name":"Shamarajpura","taluk":"Bangalore North","district":"BANGALORE","village_code":"612943"},"geometry":{"type":"Polygon","coordinates":[[[77.54934553223477,13.102722108664452],[77.54559800521118,13.109423707323765],[77.54117824101272,13.106893958402818],[77.53407161040955,13.108392035864217],[77.53366658430247,13.10624186738667],[77.5401358647031,13.102690410027352],[77.54934553223477,13.102722108664452]]]}},{"type":"Feature","properties":{"type":"village","name":" ","taluk":"Bangalore East","district":"BANGALORE","village_code":" "},"geometry":{"type":"Polygon","coordinates":[[[77.66461709616807,13.10892673510373],[77.66021927062549,13.109164517752664],[77.66055909161936,13.111100869823982],[77.65485909608869,13.112059535726546],[77.65297652279891,13.106939852834511],[77.6493446682412,13.104217765237266],[77.64709768886482,13.096538560862562],[77.64139314606216,13.087263363688507],[77.64619138216791,13.086562071902247],[77.64971085658527,13.080087600198263],[77.65460944528807,13.08062070537096],[77.65448069874157,13.083335938262085],[77.66471269218566,13.089765203128108],[77.66484313744641,13.091415624032395],[77.66081068367932,13.096599112630756],[77.6615586227815,13.099088218742336],[77.66081109870098,13.099557243402192],[77.66461709616807,13.10892673510373]]]}},{"type":"Feature","properties":{"type":"village","name":"Seshagiri Rao Palya","taluk":"Bangalore North","district":"BANGALORE","village_code":"612766"},"geometry":{"type":"Polygon","coordinates":[[[77.44326630912792,13.105799493184064],[77.43819508758371,13.108362281127585],[77.43633620915621,13.106446271141298],[77.43579612943097,13.104150403194359],[77.43416487331665,13.102990748106667],[77.43452094932559,13.099429615131877],[77.44424931128884,13.097668588305483],[77.44326630912792,13.105799493184064]]]}},{"type":"Feature","properties":{"type":"village","name":"Kempanahalli","taluk":"Bangalore North","district":"BANGALORE","village_code":"612947"},"geometry":{"type":"Polygon","coordinates":[[[77.56097095910994,13.112696284084635],[77.55488039316174,13.115119604121043],[77.54728431367937,13.110722503255278],[77.55983456512271,13.107114315640485],[77.56097095910994,13.112696284084635]]]}},{"type":"Feature","properties":{"type":"village","name":"Mariyanapalya","taluk":"Bangalore North","district":"BANGALORE","village_code":"612767"},"geometry":{"type":"Polygon","coordinates":[[[77.44377832638202,13.110523144227397],[77.43183034143775,13.11554228721343],[77.42926365973659,13.10875316686226],[77.42651490929028,13.109512673670517],[77.42785742710937,13.107207009946903],[77.43004489040322,13.107054788356331],[77.43157387691572,13.105612409635585],[77.43633620915621,13.106446271141298],[77.43819508758371,13.108362281127585],[77.44326630912792,13.105799493184064],[77.44377832638202,13.110523144227397]]]}},{"type":"Feature","properties":{"type":"village","name":"Huchana Palya","taluk":"Bangalore North","district":"BANGALORE","village_code":"612762"},"geometry":{"type":"Polygon","coordinates":[[[77.43183034143775,13.11554228721343],[77.42712534956016,13.117784586160084],[77.42332109931627,13.111353781717956],[77.42926365973659,13.10875316686226],[77.43183034143775,13.11554228721343]]]}},{"type":"Feature","properties":{"type":"village","name":"Torenagasandra","taluk":"Bangalore North","district":"BANGALORE","village_code":"612770"},"geometry":{"type":"Polygon","coordinates":[[[77.47531685009406,13.120280657109364],[77.46946635621056,13.120419257617232],[77.46745151767331,13.118382741336292],[77.467168987635,13.112918611630484],[77.46413503825565,13.101583570329087],[77.47255995013153,13.101511356066691],[77.47169848823192,13.105796500968331],[77.47374848413448,13.109110066289162],[77.47554452361126,13.115243093054893],[77.47531685009406,13.120280657109364]]]}},{"type":"Feature","properties":{"type":"village","name":"Narasipura","taluk":"Bangalore North","district":"BANGALORE","village_code":"612769"},"geometry":{"type":"Polygon","coordinates":[[[77.46745151767331,13.118382741336292],[77.46487029943422,13.121327314069486],[77.45970938829545,13.116804472200192],[77.4598025723365,13.114778024775475],[77.45876795836926,13.113920526665025],[77.4587461086466,13.108052250363793],[77.46046344222975,13.099726859907012],[77.46413503825565,13.101583570329087],[77.467168987635,13.112918611630484],[77.46745151767331,13.118382741336292]]]}},{"type":"Feature","properties":{"type":"village","name":"Honnasandra","taluk":"Bangalore North","district":"BANGALORE","village_code":"612761"},"geometry":{"type":"Polygon","coordinates":[[[77.45074633975028,13.124117642339497],[77.44745853455652,13.12608607181432],[77.43944228876128,13.121135728917112],[77.43611058379787,13.113394870643127],[77.44377832638202,13.110523144227397],[77.44401094063323,13.111661559838424],[77.44888961817774,13.112609004807393],[77.45245342804765,13.118414226232433],[77.45074633975028,13.124117642339497]]]}},{"type":"Feature","properties":{"type":"village","name":"Hurali Chikkanahalli","taluk":"Bangalore North","district":"BANGALORE","village_code":"612876"},"geometry":{"type":"Polygon","coordinates":[[[77.49854392543887,13.117073950145587],[77.4856123544288,13.11783862276263],[77.48450989340309,13.120153973071067],[77.4830193934123,13.120553046292754],[77.47937783525292,13.115791884864214],[77.47554452361126,13.115243093054893],[77.47411155083297,13.110369448731083],[77.47808083506928,13.109647843627526],[77.47597075894222,13.105476515654436],[77.48233501101478,13.104070327626774],[77.49698497202682,13.10813076029915],[77.49667801679591,13.111216713295516],[77.49854392543887,13.117073950145587]]]}},{"type":"Feature","properties":{"type":"village","name":"Kasagattapura","taluk":"Bangalore North","district":"BANGALORE","village_code":"612875"},"geometry":{"type":"Polygon","coordinates":[[[77.50553468415016,13.11580589783835],[77.49854392543887,13.117073950145587],[77.49667801679591,13.111216713295516],[77.49698497202682,13.10813076029915],[77.50472409025184,13.100624504017155],[77.50436165327237,13.103419535392751],[77.51131955610217,13.107421036047445],[77.5094987096488,13.111350586593586],[77.50553468415016,13.11580589783835]]]}},{"type":"Feature","properties":{"type":"village","name":" ","taluk":"Bangalore North","district":"BANGALORE","village_code":" "},"geometry":{"type":"Polygon","coordinates":[[[77.6493446682412,13.104217765237266],[77.64420606227088,13.10595126234447],[77.63685775431357,13.106593756323601],[77.6350902911443,13.100719339983604],[77.63239483415055,13.097962268931731],[77.63162466264338,13.09761184456522],[77.62936429208106,13.100366367351937],[77.62656333334712,13.100205478782073],[77.62347129530824,13.098611478821747],[77.62194915216156,13.091988645154498],[77.62349487338948,13.08902387516549],[77.62092161602047,13.089435798876284],[77.61198736925998,13.08642131561365],[77.61191939464075,13.090025498962426],[77.60267076268362,13.086974343596422],[77.593869525874,13.087519141134326],[77.59320589366123,13.077322218388192],[77.59087530987797,13.077843368942876],[77.58968574371075,13.073357157883859],[77.58262980503909,13.073554546666507],[77.58210266824047,13.076512428135725],[77.58458396597217,13.083652198608352],[77.58331728303109,13.08404929927132],[77.58378564216234,13.08575040364543],[77.57920025826988,13.086817360959582],[77.57876992572292,13.085128672186604],[77.57588185376258,13.085997233292069],[77.5764387903741,13.087884612898286],[77.57175191841412,13.089348736221138],[77.57084548056318,13.08666449590158],[77.56699031021571,13.090169766206735],[77.56877877779297,13.09782501281257],[77.56188309138146,13.097954391804135],[77.55485425039032,13.09249034487426],[77.55985588304273,13.088570271188043],[77.55065631167655,13.082901195779485],[77.55130544508063,13.086173982399432],[77.54943020114527,13.088234505114565],[77.5442626146256,13.087338899186632],[77.54330076958624,13.084954668926294],[77.54056480126813,13.085152408047739],[77.53963661879745,13.08820412758174],[77.53551972069869,13.092262149736584],[77.53501828020879,13.086043154367664],[77.52730832489114,13.084158747014758],[77.5268572762954,13.079856710800135],[77.53248351295476,13.074918596938279],[77.5414219485594,13.074431864693995],[77.54134726442331,13.067534238083063],[77.54593846400891,13.063169306113032],[77.546765958811,13.0565636517298],[77.55155073995041,13.052571294954708],[77.55645568423385,13.045969276077736],[77.57939297474609,13.047452492078135],[77.58759504334606,13.042060735681094],[77.60888857768678,13.040505040815539],[77.6158247951856,13.029189606289894],[77.62261371772392,13.024530375045476],[77.62344693479434,13.019507836389486],[77.62134878290438,13.012004200802338],[77.62393811113384,13.013855792248506],[77.62742796180808,13.012281336917205],[77.62810677105757,13.008453905700446],[77.6298282593489,13.00725488705651],[77.63441857858555,13.010717998688117],[77.63064270971473,13.01026094603374],[77.62899188919184,13.01404839719116],[77.62995824736717,13.016426462793778],[77.63362680978234,13.015442141679408],[77.63408968739371,13.016259054190249],[77.63137433990293,13.018861144893785],[77.63162124904531,13.02116062674574],[77.6337504529997,13.0224918761049],[77.64001510706012,13.032476275964628],[77.6441307070933,13.036380077370213],[77.6443369773505,13.037502916874297],[77.64164769268106,13.03832752187675],[77.64144294057668,13.042392722683392],[77.63863471806529,13.043270280034895],[77.6362738035648,13.040607803350097],[77.63207691138835,13.042604809699066],[77.62909890459332,13.042166114245644],[77.62917607616444,13.04383021061957],[77.62781823757818,13.045706102735931],[77.61929584861252,13.048326886289663],[77.61358659773948,13.048311487664172],[77.60921144297969,13.046950865321506],[77.6086641300198,13.050708965788917],[77.60727527170849,13.05213090109959],[77.60005340791561,13.055216344777232],[77.60028473577938,13.056502262296235],[77.60332426998484,13.06040563889218],[77.60517596458506,13.060935299404502],[77.60560791769277,13.062387638832766],[77.60796988591709,13.063800902402994],[77.6091425772317,13.06690901386828],[77.6165795569924,13.062448899043282],[77.61880165123875,13.062812068888832],[77.62238168827594,13.064567044213229],[77.6258802759646,13.068709378594386],[77.62817613896381,13.073234359351272],[77.63209583709474,13.072523314779742],[77.63382798389694,13.077467007576828],[77.6385717946729,13.075581137270598],[77.64098491207116,13.077401866015249],[77.64453429679422,13.077099109693583],[77.64467335779683,13.079383446840126],[77.64350059192205,13.080684535323263],[77.64666990843158,13.085222311007321],[77.64619138216791,13.086562071902247],[77.64139314606216,13.087263363688507],[77.64709768886482,13.096538560862562],[77.6493446682412,13.104217765237266]]]}},{"type":"Feature","properties":{"type":"village","name":"Bommasettihalli","taluk":"Bangalore North","district":"BANGALORE","village_code":"612753"},"geometry":{"type":"Polygon","coordinates":[[[77.42570331556709,13.133722888121303],[77.42260695842833,13.136016539566974],[77.42008978737407,13.136332736574046],[77.41719466813032,13.139709625259332],[77.41302890257842,13.132300798156173],[77.41670346484138,13.129043800738664],[77.4232224553149,13.12625743108702],[77.42570331556709,13.133722888121303]]]}},{"type":"Feature","properties":{"type":"village","name":"Manchappanahosahalli","taluk":"Bangalore North","district":"BANGALORE","village_code":"612926"},"geometry":{"type":"Polygon","coordinates":[[[77.72818768609416,13.146697635567813],[77.72412459708094,13.146699530322364],[77.717532596931,13.145083196149114],[77.71041438973877,13.139193188793005],[77.71047541499095,13.137090372679108],[77.71312928178372,13.13392775367508],[77.71479610669171,13.133276696668073],[77.71494434308663,13.115886031702843],[77.72975053460131,13.13243826861206],[77.72898723520608,13.134276623360535],[77.73194775180248,13.144933145600843],[77.72818768609416,13.146697635567813]]]}},{"type":"Feature","properties":{"type":"village","name":"Krishnarajapura","taluk":"Bangalore North","district":"BANGALORE","village_code":"612860"},"geometry":{"type":"Polygon","coordinates":[[[77.55041673099025,13.143221163210644],[77.55199656124954,13.14713354157435],[77.53824448163535,13.1461538552781],[77.53741005183927,13.14519224232919],[77.53944604031159,13.140079061029555],[77.54070248066184,13.1401110680218],[77.54126545934197,13.138192631272446],[77.53968296917115,13.137273596251058],[77.54070375087964,13.136437099421828],[77.55041673099025,13.143221163210644]]]}},{"type":"Feature","properties":{"type":"village","name":"Avalahalli","taluk":"Bangalore North","district":"BANGALORE","village_code":"612939"},"geometry":{"type":"Polygon","coordinates":[[[77.57395164910146,13.142077072984739],[77.57046706884299,13.143289299225668],[77.56349325235796,13.140825129566844],[77.5560910086527,13.143208946856545],[77.55199656124954,13.14713354157435],[77.54900985427098,13.139851085883926],[77.55012134695853,13.13954886741244],[77.54894963121433,13.134979837574054],[77.56185350716422,13.12498104685434],[77.56934124443342,13.1246754620334],[77.57395164910146,13.142077072984739]]]}},{"type":"Feature","properties":{"type":"village","name":"Shivakote","taluk":"Bangalore North","district":"BANGALORE","village_code":"612863"},"geometry":{"type":"Polygon","coordinates":[[[77.5244207586823,13.146554960333152],[77.51853589615435,13.147160851883138],[77.51812657699848,13.14807125179649],[77.51634176466612,13.148231576299269],[77.5151151340103,13.147218339985788],[77.51467077696512,13.144965017244266],[77.50906677810065,13.144518186643332],[77.50819102759816,13.141625039126545],[77.50394062906838,13.14164602619691],[77.50527982401921,13.140265834909904],[77.50503646322223,13.132561118972054],[77.50700606619505,13.13238538386164],[77.50801828067068,13.12786260466757],[77.51085818227054,13.127319927822004],[77.51050941585308,13.131363873637932],[77.51547608337968,13.129375504390689],[77.51528729433787,13.131686231028493],[77.51632033176179,13.132054908152432],[77.52442366024066,13.132314349157514],[77.52562203438926,13.134842301180356],[77.52069433937292,13.137758493106773],[77.5244207586823,13.146554960333152]]]}},{"type":"Feature","properties":{"type":"village","name":"Guddadahalli","taluk":"Bangalore North","district":"BANGALORE","village_code":"612866"},"geometry":{"type":"Polygon","coordinates":[[[77.46441880437582,13.148986687841036],[77.45890688282795,13.152254808126786],[77.45604182301022,13.152011951638126],[77.45177520090644,13.1449575072798],[77.45566607030331,13.142143960995675],[77.45628977958822,13.140367513967634],[77.45424266997267,13.135631290728535],[77.46182624400794,13.135944871676315],[77.46530780323211,13.139562349779588],[77.46441880437582,13.148986687841036]]]}},{"type":"Feature","properties":{"type":"village","name":" ","taluk":"Bangalore North","district":"BANGALORE","village_code":" "},"geometry":{"type":"Polygon","coordinates":[[[77.67466678371181,13.12709206243364],[77.67304912539593,13.127270100411934],[77.67295681900892,13.128888817691605],[77.671876450251,13.129478996237351],[77.67154403407,13.126468567620682],[77.66657419369382,13.128405738728697],[77.6567416370391,13.126701311709224],[77.65449226185589,13.116874920845582],[77.65264316698011,13.11346511116663],[77.6573010799503,13.114552463582951],[77.66687044190485,13.1142789181507],[77.66461709616807,13.10892673510373],[77.66965519772606,13.10933013019903],[77.67441122918314,13.122629328719421],[77.67466678371181,13.12709206243364]]]}},{"type":"Feature","properties":{"type":"village","name":" ","taluk":"Bangalore North","district":"BANGALORE","village_code":" "},"geometry":{"type":"Polygon","coordinates":[[[77.61503246224042,13.130068225923678],[77.61421058819707,13.130367362667746],[77.61236707365582,13.12754299625397],[77.61293647798519,13.12726988432636],[77.60814616322361,13.118526364677294],[77.60510556900611,13.117852905956184],[77.60127094312921,13.119497659226159],[77.60100587903496,13.117627645041658],[77.59849755458961,13.115384817109511],[77.59516648293847,13.116567150998957],[77.59120059433396,13.119893774713983],[77.58631565912516,13.116995655659833],[77.58460078782419,13.116931736258334],[77.57966365780246,13.121304193224741],[77.5743895903789,13.123179069005795],[77.57505360527396,13.112172861675976],[77.56097095910994,13.112696284084635],[77.56052309324528,13.108633862849194],[77.55646286087467,13.099800786946869],[77.56188309138146,13.097954391804135],[77.56877877779297,13.09782501281257],[77.56699031021571,13.090169766206735],[77.57084548056318,13.08666449590158],[77.57175191841412,13.089348736221138],[77.5764387903741,13.087884612898286],[77.57588185376258,13.085997233292069],[77.57876992572292,13.085128672186604],[77.57920025826988,13.086817360959582],[77.58378564216234,13.08575040364543],[77.58331728303109,13.08404929927132],[77.58458396597217,13.083652198608352],[77.58210266824047,13.076512428135725],[77.58262980503909,13.073554546666507],[77.58968574371075,13.073357157883859],[77.59087530987797,13.077843368942876],[77.59320589366123,13.077322218388192],[77.593869525874,13.087519141134326],[77.60267076268362,13.086974343596422],[77.61191939464075,13.090025498962426],[77.61198736925998,13.08642131561365],[77.62092161602047,13.089435798876284],[77.62349487338948,13.08902387516549],[77.62194915216156,13.091988645154498],[77.62347129530824,13.098611478821747],[77.62656333334712,13.100205478782073],[77.62936429208106,13.100366367351937],[77.63162466264338,13.09761184456522],[77.63239483415055,13.097962268931731],[77.6350902911443,13.100719339983604],[77.63856882035101,13.11330640963714],[77.62992017227383,13.110953567572427],[77.62207552176585,13.110008497710554],[77.61677447074777,13.111378891264398],[77.61024578565572,13.110803639660505],[77.61503246224042,13.130068225923678]]]}},{"type":"Feature","properties":{"type":"village","name":"Dasanayakanahalli","taluk":"Bangalore North","district":"BANGALORE","village_code":"612928"},"geometry":{"type":"Polygon","coordinates":[[[77.70035084119021,13.12412060458738],[77.69733440536565,13.12592130000731],[77.6898777075845,13.128140293085565],[77.68469109205213,13.126749693995077],[77.68358766174426,13.121355832807861],[77.68488308987614,13.116696108943998],[77.68624085480053,13.114698903667046],[77.69481886744857,13.114490677393306],[77.70220954893784,13.108548531423699],[77.70503335003288,13.110145816153064],[77.70003805229987,13.11788126937006],[77.70035084119021,13.12412060458738]]]}},{"type":"Feature","properties":{"type":"village","name":"Madhugirihalli","taluk":"Bangalore North","district":"BANGALORE","village_code":"612870"},"geometry":{"type":"Polygon","coordinates":[[[77.50700606619505,13.13238538386164],[77.50183371141786,13.133175105654713],[77.4969050740688,13.127190338566756],[77.4917336059288,13.12584326291975],[77.49479083604704,13.122464437363705],[77.49817805779334,13.121039796744352],[77.49889274934853,13.1216804315987],[77.50007012986893,13.120383538631259],[77.50091973041351,13.119037564754958],[77.49894934321144,13.116393791995758],[77.50553468415016,13.11580589783835],[77.50617445531236,13.117387084970373],[77.50813807191213,13.124238606306887],[77.50521693206787,13.125006266114868],[77.50473406065319,13.127884060077983],[77.50801828067068,13.12786260466757],[77.50797406828734,13.12880615804359],[77.50700606619505,13.13238538386164]]]}},{"type":"Feature","properties":{"type":"village","name":"Thirumalapura","taluk":"Bangalore North","district":"BANGALORE","village_code":"612821"},"geometry":{"type":"Polygon","coordinates":[[[77.48291639437846,13.13166946588613],[77.4778990358187,13.133163269347115],[77.47772637063797,13.129522003005512],[77.48046441226774,13.128030850903203],[77.4802126378498,13.121408021793076],[77.48450989340309,13.120153973071067],[77.4856123544288,13.11783862276263],[77.49854392543887,13.117073950145587],[77.49889344733951,13.116335168082948],[77.50005613591344,13.11755458685961],[77.50091973041351,13.119037564754958],[77.49889274934853,13.1216804315987],[77.49817805779334,13.121039796744352],[77.49479083604704,13.122464437363705],[77.4917336059288,13.12584326291975],[77.490203872018,13.125179822008917],[77.48791341687682,13.126947240316031],[77.48662452039538,13.126671476078187],[77.48656495580383,13.128566179306812],[77.48291639437846,13.13166946588613]]]}},{"type":"Feature","properties":{"type":"village","name":"Maralakunte","taluk":"Bangalore North","district":"BANGALORE","village_code":"612927"},"geometry":{"type":"Polygon","coordinates":[[[77.71494434308663,13.115886031702843],[77.71461099804763,13.13360957473275],[77.71312928178372,13.13392775367508],[77.71047541499095,13.137090372679108],[77.70308159838136,13.137077490292787],[77.70053173404067,13.127335751933094],[77.70003805229987,13.11788126937006],[77.70503335003288,13.110145816153064],[77.71494434308663,13.115886031702843]]]}},{"type":"Feature","properties":{"type":"village","name":"Bethanagere","taluk":"Bangalore North","district":"BANGALORE","village_code":"612755"},"geometry":{"type":"Polygon","coordinates":[[[77.4232224553149,13.12625743108702],[77.41670346484138,13.129043800738664],[77.41302890257842,13.132300798156173],[77.41116346375439,13.128107088630042],[77.40858558904479,13.125699577365978],[77.40858533392326,13.12375282890289],[77.40747848013581,13.123117306855509],[77.40410033766209,13.124094853326094],[77.39754491780884,13.123562348831722],[77.39706535758432,13.118742842815017],[77.39404628700105,13.119483147787541],[77.39271327515429,13.115077134636058],[77.40129995115495,13.118186132119122],[77.40029857934482,13.112477735876206],[77.40162401300381,13.111157807306512],[77.41068975785055,13.106494255827053],[77.41789474499417,13.10497257635039],[77.42028667921971,13.105791031862744],[77.42332109931627,13.111353781717956],[77.41883821499435,13.111786273612571],[77.41909736727571,13.115081052366078],[77.42092824072428,13.120091219812283],[77.4233764085883,13.121418891945245],[77.4232224553149,13.12625743108702]]]}},{"type":"Feature","properties":{"type":"village","name":"Marenahalli","taluk":"Bangalore North","district":"BANGALORE","village_code":"612929"},"geometry":{"type":"Polygon","coordinates":[[[77.6898777075845,13.128140293085565],[77.69164695570625,13.135287870421827],[77.68767089637606,13.135320452790154],[77.68680842566839,13.13773218865002],[77.68395219628992,13.135282074792682],[77.6803556769639,13.13540384683697],[77.68010794226979,13.131924444821612],[77.67586981023526,13.126675822296287],[77.67466678371181,13.12709206243364],[77.67441122918314,13.122629328719421],[77.66965519772606,13.10933013019903],[77.67797446502956,13.100364753094677],[77.68166308592673,13.100273252249712],[77.69164335885183,13.104431273359019],[77.70189191992473,13.106684000192772],[77.70220954893784,13.108548531423699],[77.69481886744857,13.114490677393306],[77.68624085480053,13.114698903667046],[77.68488308987614,13.116696108943998],[77.68358766174426,13.121355832807861],[77.68469109205213,13.126749693995077],[77.6898777075845,13.128140293085565]]]}},{"type":"Feature","properties":{"type":"village","name":"Challamakunte","taluk":"Bangalore North","district":"BANGALORE","village_code":"612931"},"geometry":{"type":"Polygon","coordinates":[[[77.73229944762612,13.114820882760966],[77.73366893287003,13.123514406844647],[77.7289930859335,13.125880442104076],[77.72598933971064,13.125524238026589],[77.72446152370296,13.126653815629503],[77.71494434308663,13.115886031702843],[77.72304898580079,13.112121421389986],[77.73229944762612,13.114820882760966]]]}},{"type":"Feature","properties":{"type":"village","name":" ","taluk":"Bangalore North","district":"BANGALORE","village_code":" "},"geometry":{"type":"Polygon","coordinates":[[[77.53219178686285,13.153248403037182],[77.53113071301892,13.153259409989726],[77.5235092920624,13.145573665638885],[77.52115511133329,13.140134413668099],[77.52069433937292,13.137758493106773],[77.52680609837535,13.134210128622575],[77.53647069073318,13.148374072981381],[77.53219178686285,13.153248403037182]]]}},{"type":"Feature","properties":{"type":"village","name":"Vaderahalli","taluk":"Bangalore North","district":"BANGALORE","village_code":"612772"},"geometry":{"type":"Polygon","coordinates":[[[77.60957880542186,13.135659763191088],[77.6013390102749,13.136350121637022],[77.6004136646839,13.133991477945516],[77.60090920234408,13.130186943896948],[77.5998342908515,13.120138823019117],[77.60293693080737,13.118465385243157],[77.60510556900611,13.117852905956184],[77.60814616322361,13.118526364677294],[77.61421058819707,13.130367362667746],[77.60957880542186,13.135659763191088]]]}},{"type":"Feature","properties":{"type":"village","name":"Hosahalli Palya","taluk":"Bangalore North","district":"BANGALORE","village_code":"612759"},"geometry":{"type":"Polygon","coordinates":[[[77.46182624400794,13.135944871676315],[77.45424266997267,13.135631290728535],[77.45286508012829,13.131783164217788],[77.45507869517668,13.131624729965003],[77.45705149435527,13.129571568383957],[77.46283059912317,13.128721087321598],[77.46305291418967,13.131010416595103],[77.4641407488459,13.132174494739523],[77.46182624400794,13.135944871676315]]]}},{"type":"Feature","properties":{"type":"village","name":" ","taluk":"Bangalore North","district":"BANGALORE","village_code":" "},"geometry":{"type":"Polygon","coordinates":[[[77.6098302564463,13.145395222790597],[77.59790057467598,13.14741930417846],[77.59559993533443,13.141504423141352],[77.59579354204111,13.136718609798686],[77.60957880542186,13.135659763191088],[77.61094521842752,13.141211653572055],[77.6098302564463,13.145395222790597]]]}},{"type":"Feature","properties":{"type":"village","name":" ","taluk":"Bangalore North","district":"BANGALORE","village_code":" "},"geometry":{"type":"Polygon","coordinates":[[[77.50299051782329,13.14647552491993],[77.50046880937856,13.146078630019712],[77.49992786727066,13.147379368360191],[77.49889316886177,13.146808301105919],[77.49804957535152,13.141547529278744],[77.49724413239304,13.14172552790812],[77.49540983097336,13.138173851906124],[77.49315430233042,13.138016976300484],[77.49253047985779,13.138984327178278],[77.48965036607254,13.138176400203342],[77.48686952600768,13.134171136330789],[77.48366704369788,13.132810662595302],[77.48291639437846,13.13166946588613],[77.48656495580383,13.128566179306812],[77.48662452039538,13.126671476078187],[77.48791341687682,13.126947240316031],[77.490203872018,13.125179822008917],[77.4969050740688,13.127190338566756],[77.50183371141786,13.133175105654713],[77.50503646322223,13.132561118972054],[77.50527982401921,13.140265834909904],[77.50206005992,13.143507655566703],[77.50299051782329,13.14647552491993]]]}},{"type":"Feature","properties":{"type":"village","name":"Mylappanahalli","taluk":"Bangalore North","district":"BANGALORE","village_code":"612861"},"geometry":{"type":"Polygon","coordinates":[[[77.53741005183927,13.14519224232919],[77.5391124778803,13.14866268062314],[77.53647069073318,13.148374072981381],[77.52680609837535,13.134210128622575],[77.52562203438926,13.134842301180356],[77.52423534730598,13.131778631752411],[77.52717782842645,13.131927089414306],[77.52947948376257,13.130823316361727],[77.53255538985557,13.131376819311452],[77.53541778077857,13.129919355967637],[77.53557168464462,13.133497806221055],[77.54569181358137,13.131387241111792],[77.55041673099025,13.143221163210644],[77.54070375087964,13.136437099421828],[77.53968296917115,13.137273596251058],[77.54126545934197,13.138192631272446],[77.54070248066184,13.1401110680218],[77.53944604031159,13.140079061029555],[77.53741005183927,13.14519224232919]]]}},{"type":"Feature","properties":{"type":"village","name":" ","taluk":"Bangalore North","district":"BANGALORE","village_code":" "},"geometry":{"type":"Polygon","coordinates":[[[77.50236308861481,13.150010823350405],[77.48725699364422,13.151451797233761],[77.48352952330596,13.146512577637107],[77.48340754197186,13.143867979145599],[77.48965036607254,13.138176400203342],[77.49253047985779,13.138984327178278],[77.49315430233042,13.138016976300484],[77.49540983097336,13.138173851906124],[77.49724413239304,13.14172552790812],[77.49804957535152,13.141547529278744],[77.49889316886177,13.146808301105919],[77.49992786727066,13.147379368360191],[77.50046880937856,13.146078630019712],[77.50299051782329,13.14647552491993],[77.50372588230816,13.14852708600263],[77.50236308861481,13.150010823350405]]]}},{"type":"Feature","properties":{"type":"village","name":"Sathnur","taluk":"Bangalore North","district":"BANGALORE","village_code":"612912"},"geometry":{"type":"Polygon","coordinates":[[[77.65628742008536,13.134685022780989],[77.64742083712703,13.138119242407033],[77.64399420359429,13.135979643605545],[77.64323242414851,13.134190818813243],[77.64111772439269,13.134175802598818],[77.63985207271752,13.13561302468023],[77.63659514262005,13.136369549375635],[77.62833539858559,13.126221663083443],[77.63856882035101,13.11330640963714],[77.6432574619921,13.114468427292147],[77.64563435302993,13.114150593231253],[77.64551079425415,13.113091635375536],[77.64969356132111,13.113454401642523],[77.65242172417774,13.11269170402311],[77.65449226185589,13.116874920845582],[77.65656158591007,13.125618729326606],[77.65628742008536,13.134685022780989]]]}},{"type":"Feature","properties":{"type":"village","name":"Huskur","taluk":"Bangalore North","district":"BANGALORE","village_code":"612757"},"geometry":{"type":"Polygon","coordinates":[[[77.44833240398678,13.130797722397165],[77.44281504493654,13.131864912172079],[77.43676050682109,13.135710734900739],[77.43369359825398,13.135439281949878],[77.42992550879352,13.13288853475287],[77.42570331556709,13.133722888121303],[77.4232224553149,13.12625743108702],[77.4233764085883,13.121418891945245],[77.42659686798356,13.118101641261243],[77.43611058379787,13.113394870643127],[77.43944228876128,13.121135728917112],[77.44745853455652,13.12608607181432],[77.44833240398678,13.130797722397165]]]}},{"type":"Feature","properties":{"type":"village","name":"Bilijaji","taluk":"Bangalore North","district":"BANGALORE","village_code":"612867"},"geometry":{"type":"Polygon","coordinates":[[[77.47427617070204,13.120741569001336],[77.47450244374569,13.123554331672343],[77.47587734583075,13.124464596037464],[77.47603511514748,13.126098283771302],[77.47486602338223,13.127391574608842],[77.4757428312018,13.12948328729135],[77.47136351634396,13.130896039914349],[77.4720692058817,13.133165451146954],[77.46586814895014,13.136799091139594],[77.46248538284766,13.13456094174471],[77.4641407488459,13.132174494739523],[77.46305291418967,13.131010416595103],[77.46319315288362,13.128957801899583],[77.45705149435527,13.129571568383957],[77.46745151767331,13.118382741336292],[77.46946635621056,13.120419257617232],[77.47427617070204,13.120741569001336]]]}},{"type":"Feature","properties":{"type":"village","name":"Jarakbandekaval","taluk":"Bangalore North","district":"BANGALORE","village_code":"612942"},"geometry":{"type":"Polygon","coordinates":[[[77.55392220336728,13.131128889161468],[77.54894963121433,13.134979837574054],[77.55012134695853,13.13954886741244],[77.54900985427098,13.139851085883926],[77.54455678862662,13.12787634225432],[77.53804608690822,13.12897568526542],[77.53407161040955,13.108392035864217],[77.54117824101272,13.106893958402818],[77.55530383832543,13.115327400294708],[77.55022774162416,13.120089239115558],[77.55392220336728,13.131128889161468]]]}},{"type":"Feature","properties":{"type":"village","name":" ","taluk":"Bangalore North","district":"BANGALORE","village_code":" "},"geometry":{"type":"Polygon","coordinates":[[[77.58565705927461,13.134216353811532],[77.58293936628262,13.139949417271852],[77.57960935644014,13.142423851720952],[77.57395164910146,13.142077072984739],[77.56934124443342,13.1246754620334],[77.57966365780246,13.121304193224741],[77.58563584555918,13.124895349290897],[77.58423912429416,13.128618851419658],[77.58620676714304,13.130918648082444],[77.58565705927461,13.134216353811532]]]}},{"type":"Feature","properties":{"type":"village","name":"Mavallipura","taluk":"Bangalore North","district":"BANGALORE","village_code":"612871"},"geometry":{"type":"Polygon","coordinates":[[[77.53746014369615,13.126332356223534],[77.52642382120449,13.128409490027376],[77.5161999934463,13.123488597779476],[77.51387478518177,13.120430447138794],[77.51413201686505,13.116972502037221],[77.51915579209086,13.116984085410367],[77.52005109622218,13.115856835171954],[77.5207153913916,13.116859451261227],[77.5243717717532,13.115883679147789],[77.52475567577304,13.114881497397212],[77.5351224641205,13.114003843110467],[77.53746014369615,13.126332356223534]]]}},{"type":"Feature","properties":{"type":"village","name":" ","taluk":"Bangalore North","district":"BANGALORE","village_code":" "},"geometry":{"type":"Polygon","coordinates":[[[77.59220705240521,13.120648948910121],[77.5877963719709,13.121083929187911],[77.58749848433447,13.122288252352726],[77.58897615907796,13.122559451255153],[77.5888987332836,13.126976879074245],[77.58620676714304,13.130918648082444],[77.58423912429416,13.128618851419658],[77.58563584555918,13.124895349290897],[77.57966365780246,13.121304193224741],[77.58492578841252,13.116832905725223],[77.59220705240521,13.120648948910121]]]}},{"type":"Feature","properties":{"type":"village","name":" ","taluk":"Bangalore North","district":"BANGALORE","village_code":" "},"geometry":{"type":"Polygon","coordinates":[[[77.46487029943422,13.121327314069486],[77.46114489342452,13.125323589227438],[77.45691160869926,13.128902038193697],[77.4541894681483,13.12160196710731],[77.45573214498572,13.120088289885883],[77.45970938829545,13.116804472200192],[77.46487029943422,13.121327314069486]]]}},{"type":"Feature","properties":{"type":"village","name":" ","taluk":"Bangalore North","district":"BANGALORE","village_code":" "},"geometry":{"type":"Polygon","coordinates":[[[77.63856882035101,13.11330640963714],[77.62547827179013,13.12888297204591],[77.61958786755521,13.131852013764771],[77.61503246224042,13.130068225923678],[77.61024578565572,13.110803639660505],[77.61677447074777,13.111378891264398],[77.62207552176585,13.110008497710554],[77.62992017227383,13.110953567572427],[77.63856882035101,13.11330640963714]]]}},{"type":"Feature","properties":{"type":"village","name":"Ramagondanahalli","taluk":"Bangalore North","district":"BANGALORE","village_code":"612941"},"geometry":{"type":"Polygon","coordinates":[[[77.56486260195625,13.124814443246859],[77.56185350716422,13.12498104685434],[77.55392220336728,13.131128889161468],[77.55022774162416,13.120089239115558],[77.55262527415056,13.117049389728347],[77.55522703326695,13.115696989965713],[77.55488039316174,13.115119604121043],[77.56097095910994,13.112696284084635],[77.56292536618143,13.11644171874883],[77.56486260195625,13.124814443246859]]]}},{"type":"Feature","properties":{"type":"village","name":" ","taluk":"Bangalore North","district":"BANGALORE","village_code":" "},"geometry":{"type":"Polygon","coordinates":[[[77.6011079671771,13.11933787762769],[77.5998342908515,13.120138823019117],[77.60090920234408,13.130186943896948],[77.6004136646839,13.133991477945516],[77.59704172956883,13.12627322639671],[77.59120059433396,13.119893774713983],[77.59516648293847,13.116567150998957],[77.59849755458961,13.115384817109511],[77.60100587903496,13.117627645041658],[77.6011079671771,13.11933787762769]]]}},{"type":"Feature","properties":{"type":"village","name":"Kondashetti Halli","taluk":"Bangalore North","district":"BANGALORE","village_code":"612873"},"geometry":{"type":"Polygon","coordinates":[[[77.52442366024066,13.132314349157514],[77.51632033176179,13.132054908152432],[77.51528729433787,13.131686231028493],[77.51547608337968,13.129375504390689],[77.51050941585308,13.131363873637932],[77.51085818227054,13.127319927822004],[77.50473406065319,13.127884060077983],[77.50521693206787,13.125006266114868],[77.50813807191213,13.124238606306887],[77.50553468415016,13.11580589783835],[77.5094987096488,13.111350586593586],[77.5139242994219,13.115402261396962],[77.51387478518177,13.120430447138794],[77.51469219639475,13.122034547709735],[77.51985519970984,13.125519899661711],[77.52642382120449,13.128409490027376],[77.53746014369615,13.126332356223534],[77.53804608690822,13.12897568526542],[77.53255538985557,13.131376819311452],[77.52947948376257,13.130823316361727],[77.52442366024066,13.132314349157514]]]}},{"type":"Feature","properties":{"type":"village","name":"Agrahara Palya","taluk":"Bangalore North","district":"BANGALORE","village_code":"612758"},"geometry":{"type":"Polygon","coordinates":[[[77.45705149435527,13.129571568383957],[77.45507869517668,13.131624729965003],[77.44833240398678,13.130797722397165],[77.44745853455652,13.12608607181432],[77.4541894681483,13.12160196710731],[77.45705149435527,13.129571568383957]]]}},{"type":"Feature","properties":{"type":"village","name":"Govindapura","taluk":"Bangalore North","district":"BANGALORE","village_code":"612760"},"geometry":{"type":"Polygon","coordinates":[[[77.6004136646839,13.133991477945516],[77.58565705927461,13.134216353811532],[77.58620676714304,13.130918648082444],[77.5888987332836,13.126976879074245],[77.58897615907796,13.122559451255153],[77.58749848433447,13.122288252352726],[77.5877963719709,13.121083929187911],[77.59220705240521,13.120648948910121],[77.59300910242689,13.1212836952135],[77.59704172956883,13.12627322639671],[77.6004136646839,13.133991477945516]]]}},{"type":"Feature","properties":{"type":"village","name":"Lingarajapura","taluk":"Bangalore North","district":"BANGALORE","village_code":"612862"},"geometry":{"type":"Polygon","coordinates":[[[77.54569181358137,13.131387241111792],[77.53557168464462,13.133497806221055],[77.53520045944673,13.130594001132689],[77.53804608690822,13.12897568526542],[77.54455678862662,13.12787634225432],[77.54569181358137,13.131387241111792]]]}},{"type":"Feature","properties":{"type":"village","name":"Kalenahalli","taluk":"Bangalore North","district":"BANGALORE","village_code":"612855"},"geometry":{"type":"Polygon","coordinates":[[[77.51467077696512,13.144965017244266],[77.51481012003873,13.148417170913667],[77.50372588230816,13.14852708600263],[77.50206005992,13.143507655566703],[77.50394062906838,13.14164602619691],[77.50819102759816,13.141625039126545],[77.50906677810065,13.144518186643332],[77.51467077696512,13.144965017244266]]]}},{"type":"Feature","properties":{"type":"village","name":"Hesaraghatta","taluk":"Bangalore North","district":"BANGALORE","village_code":"612865"},"geometry":{"type":"Polygon","coordinates":[[[77.48340754197186,13.143867979145599],[77.47605806800131,13.1464957811408],[77.47007706866995,13.146991381832873],[77.46441880437582,13.148986687841036],[77.46530780323211,13.139562349779588],[77.46182624400794,13.135944871676315],[77.46248538284766,13.13456094174471],[77.46586814895014,13.136799091139594],[77.4720692058817,13.133165451146954],[77.47136351634396,13.130896039914349],[77.4757428312018,13.12948328729135],[77.47486602338223,13.127391574608842],[77.47603511514748,13.126098283771302],[77.47587734583075,13.124464596037464],[77.47450244374569,13.123554331672343],[77.47427617070204,13.120741569001336],[77.47531685009406,13.120280657109364],[77.47554452361126,13.115243093054893],[77.47937783525292,13.115791884864214],[77.4830193934123,13.120553046292754],[77.4802126378498,13.121408021793076],[77.48046441226774,13.128030850903203],[77.47772637063797,13.129522003005512],[77.4778990358187,13.133163269347115],[77.48291639437846,13.13166946588613],[77.48686952600768,13.134171136330789],[77.48965036607254,13.138176400203342],[77.48340754197186,13.143867979145599]]]}},{"type":"Feature","properties":{"type":"village","name":"Hunasamaranahalli (CT)","taluk":"Bangalore North","district":"BANGALORE","village_code":"612949"},"geometry":{"type":"Polygon","coordinates":[[[77.63844021483997,13.146036307600777],[77.63436510457164,13.149708761729004],[77.631710004392,13.150434952726167],[77.6313154742007,13.152542867981536],[77.62397497439983,13.15086584061117],[77.62035063784272,13.14873280608971],[77.61065976257628,13.147615276780385],[77.6098302564463,13.145395222790597],[77.61094521842752,13.141211653572055],[77.60957880542186,13.135659763191088],[77.61421058819707,13.130367362667746],[77.6163239476665,13.130275417199174],[77.61958786755521,13.131852013764771],[77.62547827179013,13.12888297204591],[77.62833539858559,13.126221663083443],[77.63758310527795,13.13776886214806],[77.63844021483997,13.146036307600777]]]}},{"type":"Feature","properties":{"type":"village","name":"Muddanahalli","taluk":"Bangalore North","district":"BANGALORE","village_code":"612936"},"geometry":{"type":"Polygon","coordinates":[[[77.58054425291927,13.15145770007574],[77.57533185483997,13.153307187838413],[77.57454560887912,13.151074667618103],[77.57399293657024,13.149292872230376],[77.5774012570476,13.141994439646286],[77.57960935644014,13.142423851720952],[77.58113368878118,13.149811113937632],[77.58054425291927,13.15145770007574]]]}},{"type":"Feature","properties":{"type":"village","name":"Totagere","taluk":"Bangalore North","district":"BANGALORE","village_code":"612752"},"geometry":{"type":"Polygon","coordinates":[[[77.45566607030331,13.142143960995675],[77.44768281873014,13.149813129385036],[77.44137401786341,13.151448634122158],[77.43676050682109,13.135710734900739],[77.4409827620313,13.132733756215478],[77.44623813731042,13.13087722499687],[77.45286508012829,13.131783164217788],[77.45628977958822,13.140367513967634],[77.45566607030331,13.142143960995675]]]}},{"type":"Feature","properties":{"type":"village","name":"Shamabhattara Palya","taluk":"Bangalore North","district":"BANGALORE","village_code":"612751"},"geometry":{"type":"Polygon","coordinates":[[[77.44137401786341,13.151448634122158],[77.43956751301357,13.152489434721321],[77.43289881470469,13.141041456834879],[77.43759864037106,13.139577906288856],[77.44137401786341,13.151448634122158]]]}},{"type":"Feature","properties":{"type":"village","name":" ","taluk":"Bangalore North","district":"BANGALORE","village_code":" "},"geometry":{"type":"Polygon","coordinates":[[[77.68271843031577,13.175827215371879],[77.68117372508243,13.175964408644766],[77.67380004420994,13.172868222586793],[77.67624813032727,13.159487051904925],[77.68066298613101,13.1584877466822],[77.68121899478287,13.159682748070033],[77.68387623115623,13.168259775406948],[77.68389289041318,13.173463804878647],[77.68271843031577,13.175827215371879]]]}},{"type":"Feature","properties":{"type":"village","name":" ","taluk":"Bangalore North","district":"BANGALORE","village_code":" "},"geometry":{"type":"Polygon","coordinates":[[[77.71366449264009,13.176116303231405],[77.70220934861352,13.176543426875057],[77.69967766258092,13.174830423273239],[77.6992456403029,13.175670146070965],[77.69818794502275,13.175095570847088],[77.69764647021391,13.171192692713781],[77.69931190722477,13.164883861573362],[77.70263043300466,13.16303731098449],[77.70441156673593,13.159327118767045],[77.70706835484995,13.161511685245344],[77.71366449264009,13.176116303231405]]]}},{"type":"Feature","properties":{"type":"village","name":"Bandi Kodige Halli","taluk":"Bangalore North","district":"BANGALORE","village_code":"612917"},"geometry":{"type":"Polygon","coordinates":[[[77.69818794502275,13.175095570847088],[77.69391932237083,13.17535386772645],[77.69090935890789,13.1772909999158],[77.68271843031577,13.175827215371879],[77.68389289041318,13.173463804878647],[77.68387623115623,13.168259775406948],[77.68066298613101,13.1584877466822],[77.67624813032727,13.159487051904925],[77.67795920624617,13.156928203646245],[77.6909575660993,13.15790870238313],[77.69795722082688,13.154026571409306],[77.70311611973942,13.158146940576701],[77.70441156673593,13.159327118767045],[77.70263043300466,13.16303731098449],[77.69931190722477,13.164883861573362],[77.69801643597377,13.169316721368059],[77.69818794502275,13.175095570847088]]]}},{"type":"Feature","properties":{"type":"village","name":"Doddajala","taluk":"Bangalore North","district":"BANGALORE","village_code":"612899"},"geometry":{"type":"Polygon","coordinates":[[[77.64441766672427,13.17724559620494],[77.63684756202836,13.17845100195715],[77.6415941692598,13.174189896608002],[77.65296900569659,13.171584346957053],[77.66060200863205,13.172258112160472],[77.66595907230304,13.170953897787749],[77.66687781258177,13.172020287419963],[77.66880749172842,13.171520768031922],[77.67380004420994,13.172868222586793],[77.66913814271989,13.175312174002606],[77.66413587316195,13.173679089593682],[77.66263662358031,13.174726018166519],[77.65105001201026,13.17331182030366],[77.64441766672427,13.17724559620494]]]}},{"type":"Feature","properties":{"type":"village","name":"Ittagallpura","taluk":"Bangalore North","district":"BANGALORE","village_code":"612849"},"geometry":{"type":"Polygon","coordinates":[[[77.54498357911642,13.172510700379307],[77.5415896667179,13.17315396130481],[77.53998160510419,13.171105171833679],[77.53513455005432,13.171067158932358],[77.53455676983324,13.170182681836005],[77.53528618208101,13.166489213656464],[77.5367902645989,13.16389913878244],[77.54430596013468,13.163095092766456],[77.55480457535175,13.159376835575399],[77.55646724824649,13.161854521263484],[77.55334738219676,13.16692150869744],[77.54735233590932,13.167625057905578],[77.54652507916082,13.168794462335311],[77.5458265491959,13.168093823972509],[77.54498357911642,13.172510700379307]]]}},{"type":"Feature","properties":{"type":"village","name":"Singahalli","taluk":"Bangalore North","district":"BANGALORE","village_code":"612922"},"geometry":{"type":"Polygon","coordinates":[[[77.72682241394897,13.176312760187711],[77.72500323926033,13.174266680650971],[77.72026485341036,13.17730157720365],[77.71960058608872,13.176212597842989],[77.71366449264009,13.176116303231405],[77.70706835484995,13.161511685245344],[77.71789288244538,13.159182381277928],[77.72078670542017,13.15742651067067],[77.7298839478957,13.156053057065549],[77.73263359306402,13.159445395717173],[77.73013810464579,13.161097673675432],[77.73076779491387,13.165311044173812],[77.72735745592205,13.168701047793075],[77.73036991759979,13.173586212216392],[77.72682241394897,13.176312760187711]]]}},{"type":"Feature","properties":{"type":"village","name":"Chikkajala","taluk":"Bangalore North","district":"BANGALORE","village_code":"612897"},"geometry":{"type":"Polygon","coordinates":[[[77.6415941692598,13.174189896608002],[77.63684756202836,13.17845100195715],[77.6310325515986,13.17812349308577],[77.63052062237941,13.175547244713144],[77.62636121689974,13.171323650342453],[77.63155920959517,13.17006025880156],[77.63412186414887,13.168396134963926],[77.63517150423588,13.164704873842764],[77.63480085306142,13.160559805203198],[77.63686929407172,13.156656715564937],[77.64383148366205,13.15711024025749],[77.64279778417978,13.16582404140723],[77.64086844190133,13.172056883190502],[77.6415941692598,13.174189896608002]]]}},{"type":"Feature","properties":{"type":"village","name":"Rajanukunte","taluk":"Bangalore North","district":"BANGALORE","village_code":"612848"},"geometry":{"type":"Polygon","coordinates":[[[77.56683965825098,13.164800754832562],[77.56351826594708,13.177271846565612],[77.55336268230269,13.167390480790182],[77.55646724824649,13.161854521263484],[77.56683965825098,13.164800754832562]]]}},{"type":"Feature","properties":{"type":"village","name":"Seethakempanahalli","taluk":"Bangalore North","district":"BANGALORE","village_code":"612852"},"geometry":{"type":"Polygon","coordinates":[[[77.51594485304099,13.176350155635344],[77.51074245860069,13.17765414620672],[77.5101501481299,13.176285641181172],[77.50770646375747,13.16445580701891],[77.51253034227302,13.163672229311643],[77.51248267227415,13.165191127358797],[77.51443179455681,13.165491181697483],[77.51480669386423,13.167401503726758],[77.52115901181826,13.168451376246185],[77.5232737888292,13.16582866596198],[77.52322509025934,13.169971150832241],[77.52129642980222,13.176667398321698],[77.51594485304099,13.176350155635344]]]}},{"type":"Feature","properties":{"type":"village","name":"Thimmasandra","taluk":"Bangalore North","district":"BANGALORE","village_code":"612893"},"geometry":{"type":"Polygon","coordinates":[[[77.59100486670489,13.170927146429795],[77.58752893362934,13.171340864110526],[77.57529131297288,13.179117318934397],[77.57324860959383,13.17626315964928],[77.57388683385709,13.165935468048966],[77.59121764435803,13.16204846435545],[77.59100486670489,13.170927146429795]]]}},{"type":"Feature","properties":{"type":"village","name":"Channahalli","taluk":"Bangalore North","district":"BANGALORE","village_code":"612890"},"geometry":{"type":"Polygon","coordinates":[[[77.63141086989397,13.181587801577077],[77.62509995259644,13.181660975382288],[77.6220058071099,13.174036706308856],[77.62636121689974,13.171323650342453],[77.63052062237941,13.175547244713144],[77.63141086989397,13.181587801577077]]]}},{"type":"Feature","properties":{"type":"village","name":"Hesaraghatta Grass Farm","taluk":"Bangalore North","district":"BANGALORE","village_code":"612853"},"geometry":{"type":"Polygon","coordinates":[[[77.51213994343371,13.177303330026303],[77.51206346626032,13.17890141537319],[77.5009424218576,13.178305455341194],[77.49696654758036,13.167330484412343],[77.50770646375747,13.16445580701891],[77.5101501481299,13.176285641181172],[77.51074245860069,13.17765414620672],[77.51213994343371,13.177303330026303]]]}},{"type":"Feature","properties":{"type":"village","name":"Dibburu","taluk":"Bangalore North","district":"BANGALORE","village_code":"612850"},"geometry":{"type":"Polygon","coordinates":[[[77.53513455005432,13.171067158932358],[77.52322509025934,13.169971150832241],[77.5232737888292,13.16582866596198],[77.52485986956621,13.1637925798518],[77.52384036975366,13.158740608021066],[77.53254145878216,13.156215551821253],[77.53534045020567,13.160595714280136],[77.53549898129374,13.162588429749514],[77.5367904999575,13.162991638717696],[77.53528618208101,13.166489213656464],[77.53455676983324,13.170182681836005],[77.53513455005432,13.171067158932358]]]}},{"type":"Feature","properties":{"type":"village","name":"Bettahalasur","taluk":"Bangalore North","district":"BANGALORE","village_code":"612895"},"geometry":{"type":"Polygon","coordinates":[[[77.61530062911565,13.17301232309583],[77.60987545338321,13.172344580388714],[77.60921775903444,13.173725366891592],[77.60858374068336,13.172298454149402],[77.60461485799394,13.169950690999753],[77.5910281716983,13.172192917001214],[77.59121764435803,13.16204846435545],[77.5923718959548,13.15931749502917],[77.609949173627,13.15124600332373],[77.61065976257628,13.147615276780385],[77.61329181917225,13.147922747914276],[77.6126859225811,13.152668280041757],[77.61663197907912,13.157966507242703],[77.61620075630171,13.159476032111106],[77.62148043100925,13.158282194855584],[77.62375799263116,13.16229480538883],[77.62284302797157,13.168845448150085],[77.61985702437387,13.167028893731908],[77.61862401028964,13.168317630305934],[77.61547281459606,13.168307876591765],[77.61530062911565,13.17301232309583]]]}},{"type":"Feature","properties":{"type":"village","name":" ","taluk":"Bangalore North","district":"BANGALORE","village_code":" "},"geometry":{"type":"Polygon","coordinates":[[[77.65296900569659,13.171584346957053],[77.6415941692598,13.174189896608002],[77.64086844190133,13.172056883190502],[77.64279778417978,13.16582404140723],[77.64383148366205,13.15711024025749],[77.64924978818087,13.155521419665318],[77.64881840191008,13.164764678428257],[77.65296900569659,13.171584346957053]]]}},{"type":"Feature","properties":{"type":"village","name":"Madappanahalli","taluk":"Bangalore North","district":"BANGALORE","village_code":"612859"},"geometry":{"type":"Polygon","coordinates":[[[77.55480457535175,13.159376835575399],[77.54430596013468,13.163095092766456],[77.5367902645989,13.16389913878244],[77.53254145878216,13.156215551821253],[77.53219178686285,13.153248403037182],[77.53647069073318,13.148374072981381],[77.53890103602198,13.14891576116385],[77.53824448163535,13.1461538552781],[77.55199656124954,13.14713354157435],[77.555763388577,13.1550226740215],[77.55480457535175,13.159376835575399]]]}},{"type":"Feature","properties":{"type":"village","name":"Honnenahalli","taluk":"Bangalore North","district":"BANGALORE","village_code":"612932"},"geometry":{"type":"Polygon","coordinates":[[[77.57070504334155,13.155446484195194],[77.56683965825098,13.164800754832562],[77.55646724824649,13.161854521263484],[77.55480457535175,13.159376835575399],[77.555763388577,13.1550226740215],[77.57070504334155,13.155446484195194]]]}},{"type":"Feature","properties":{"type":"village","name":"Dasenahalli","taluk":"Bangalore North","district":"BANGALORE","village_code":"612854"},"geometry":{"type":"Polygon","coordinates":[[[77.48730285623274,13.153090440136086],[77.48212823500606,13.154825049702634],[77.46821005599753,13.163257628337762],[77.46787243318116,13.162517638214924],[77.46159869625491,13.162134886329586],[77.45604182301022,13.152011951638126],[77.45890688282795,13.152254808126786],[77.46441880437582,13.148986687841036],[77.47007706866995,13.146991381832873],[77.47605806800131,13.1464957811408],[77.48340754197186,13.143867979145599],[77.48352952330596,13.146512577637107],[77.48725699364422,13.151451797233761],[77.48730285623274,13.153090440136086]]]}},{"type":"Feature","properties":{"type":"village","name":"Nagadasanahalli","taluk":"Bangalore North","district":"BANGALORE","village_code":"612934"},"geometry":{"type":"Polygon","coordinates":[[[77.59121764435803,13.16204846435545],[77.57388683385709,13.165935468048966],[77.5731100768006,13.165170411713014],[77.57533185483997,13.153307187838413],[77.57917184096416,13.151386290373923],[77.58054425291927,13.15145770007574],[77.58196608119816,13.153204915816312],[77.58198922808806,13.155092067260224],[77.58490122128612,13.155299703644705],[77.58476004205606,13.156933671613222],[77.58210636480786,13.156680050889076],[77.58196513617048,13.158498127968139],[77.59274448389698,13.158476848430823],[77.59121764435803,13.16204846435545]]]}},{"type":"Feature","properties":{"type":"village","name":"Kukkanahalli","taluk":"Bangalore North","district":"BANGALORE","village_code":"612750"},"geometry":{"type":"Polygon","coordinates":[[[77.46065833801886,13.160812879585361],[77.44361814329211,13.166653171862103],[77.43822806922938,13.16656813175912],[77.43178527924815,13.165134954654585],[77.430242455087,13.162045324123245],[77.43352686644567,13.157227486091713],[77.43942689343393,13.15387100318849],[77.43956751301357,13.152489434721321],[77.44768281873014,13.149813129385036],[77.45188389076762,13.145527138962079],[77.45831864981022,13.155326937816382],[77.46065833801886,13.160812879585361]]]}},{"type":"Feature","properties":{"type":"village","name":"Gollahalli","taluk":"Bangalore North","district":"BANGALORE","village_code":"612923"},"geometry":{"type":"Polygon","coordinates":[[[77.7298839478957,13.156053057065549],[77.72078670542017,13.15742651067067],[77.72110418082138,13.14982235110641],[77.72360163116021,13.149790202795137],[77.72334558794803,13.148061338943839],[77.72651914181073,13.148044453327433],[77.72692639034983,13.146849753869605],[77.72818768609416,13.146697635567813],[77.7298839478957,13.156053057065549]]]}},{"type":"Feature","properties":{"type":"village","name":"Bagalur","taluk":"Bangalore North","district":"BANGALORE","village_code":"612915"},"geometry":{"type":"Polygon","coordinates":[[[77.68680842566839,13.13773218865002],[77.68529701020286,13.143193748364022],[77.67795920624617,13.156928203646245],[77.66385950376987,13.15594209041581],[77.65601543896342,13.152426634617763],[77.65516512695314,13.141935882203176],[77.65638869794712,13.138530777718389],[77.6567416370391,13.126701311709224],[77.66657419369382,13.128405738728697],[77.67154403407,13.126468567620682],[77.671876450251,13.129478996237351],[77.67295681900892,13.128888817691605],[77.67304912539593,13.127270100411934],[77.67586981023526,13.126675822296287],[77.68010794226979,13.131924444821612],[77.6803556769639,13.13540384683697],[77.68395219628992,13.135282074792682],[77.68680842566839,13.13773218865002]]]}},{"type":"Feature","properties":{"type":"village","name":"Singanayakanahalli","taluk":"Bangalore North","district":"BANGALORE","village_code":"612937"},"geometry":{"type":"Polygon","coordinates":[[[77.57533185483997,13.153307187838413],[77.57068209497932,13.153053027141524],[77.57070504334155,13.155446484195194],[77.555763388577,13.1550226740215],[77.55199656124954,13.14713354157435],[77.5560910086527,13.143208946856545],[77.56349325235796,13.140825129566844],[77.57046706884299,13.143289299225668],[77.57716309480116,13.142111378658276],[77.57399293657024,13.149292872230376],[77.57533185483997,13.153307187838413]]]}},{"type":"Feature","properties":{"type":"village","name":"Bilmaranahalli","taluk":"Bangalore North","district":"BANGALORE","village_code":"612910"},"geometry":{"type":"Polygon","coordinates":[[[77.63844021483997,13.146036307600777],[77.64388954896536,13.149500363066759],[77.64383148366205,13.15711024025749],[77.63686929407172,13.156656715564937],[77.6313154742007,13.152542867981536],[77.631710004392,13.150434952726167],[77.63436510457164,13.149708761729004],[77.63844021483997,13.146036307600777]]]}},{"type":"Feature","properties":{"type":"village","name":"Huvinayakanahalli","taluk":"Bangalore North","district":"BANGALORE","village_code":"612916"},"geometry":{"type":"Polygon","coordinates":[[[77.69795722082688,13.154026571409306],[77.6909575660993,13.15790870238313],[77.67795920624617,13.156928203646245],[77.68529701020286,13.143193748364022],[77.68642288581644,13.139199696415382],[77.69553942769754,13.14570944471994],[77.69795722082688,13.154026571409306]]]}},{"type":"Feature","properties":{"type":"village","name":"Gantiganahalli","taluk":"Bangalore North","district":"BANGALORE","village_code":"612940"},"geometry":{"type":"Polygon","coordinates":[[[77.59579354204111,13.136718609798686],[77.59203988491402,13.143281993034455],[77.59294071817587,13.157040788982881],[77.59158508495366,13.156867736723228],[77.58699610241015,13.152410214669409],[77.58113368878118,13.149811113937632],[77.57960935644014,13.142423851720952],[77.58293936628262,13.139949417271852],[77.58565705927461,13.134216353811532],[77.6004136646839,13.133991477945516],[77.6013390102749,13.136350121637022],[77.59579354204111,13.136718609798686]]]}},{"type":"Feature","properties":{"type":"village","name":"Mahadevakodigehalli","taluk":"Bangalore North","district":"BANGALORE","village_code":"612925"},"geometry":{"type":"Polygon","coordinates":[[[77.71467605673546,13.142852782787255],[77.71317255902085,13.147217717149978],[77.71086470081768,13.146953724721694],[77.70441156673593,13.159327118767045],[77.69795722082688,13.154026571409306],[77.69553942769754,13.14570944471994],[77.68642288581644,13.139199696415382],[77.68767089637606,13.135320452790154],[77.69164695570625,13.135287870421827],[77.6898777075845,13.128140293085565],[77.69733440536565,13.12592130000731],[77.70035084119021,13.12412060458738],[77.70308159838136,13.137077490292787],[77.71047541499095,13.137090372679108],[77.71041438973877,13.139193188793005],[77.71467605673546,13.142852782787255]]]}},{"type":"Feature","properties":{"type":"village","name":"Sonnappanahalli","taluk":"Bangalore North","district":"BANGALORE","village_code":"612911"},"geometry":{"type":"Polygon","coordinates":[[[77.62148043100925,13.158282194855584],[77.61620075630171,13.159476032111106],[77.61663197907912,13.157966507242703],[77.6126859225811,13.152668280041757],[77.61329181917225,13.147922747914276],[77.62035063784272,13.14873280608971],[77.62397497439983,13.15086584061117],[77.6313154742007,13.152542867981536],[77.62767982426092,13.153723190368943],[77.62148043100925,13.158282194855584]]]}},{"type":"Feature","properties":{"type":"village","name":"Arebinnamangala","taluk":"Bangalore North","district":"BANGALORE","village_code":"612924"},"geometry":{"type":"Polygon","coordinates":[[[77.72078670542017,13.15742651067067],[77.71789288244538,13.159182381277928],[77.70706835484995,13.161511685245344],[77.70441156673593,13.159327118767045],[77.71086470081768,13.146953724721694],[77.71317255902085,13.147217717149978],[77.71467605673546,13.142852782787255],[77.717532596931,13.145083196149114],[77.72692639034983,13.146849753869605],[77.72651914181073,13.148044453327433],[77.72334558794803,13.148061338943839],[77.72360163116021,13.149790202795137],[77.72110418082138,13.14982235110641],[77.72078670542017,13.15742651067067]]]}},{"type":"Feature","properties":{"type":"village","name":"Linganahalli","taluk":"Bangalore North","district":"BANGALORE","village_code":"612857"},"geometry":{"type":"Polygon","coordinates":[[[77.53254145878216,13.156215551821253],[77.52384036975366,13.158740608021066],[77.51578536524715,13.157041696957135],[77.51634176466612,13.148231576299269],[77.51812657699848,13.14807125179649],[77.51853589615435,13.147160851883138],[77.5244207586823,13.146554960333152],[77.53113071301892,13.153259409989726],[77.53219178686285,13.153248403037182],[77.53254145878216,13.156215551821253]]]}},{"type":"Feature","properties":{"type":"village","name":"Gopalapura","taluk":"Bangalore North","district":"BANGALORE","village_code":"612749"},"geometry":{"type":"Polygon","coordinates":[[[77.43956751301357,13.152489434721321],[77.43942689343393,13.15387100318849],[77.43352686644567,13.157227486091713],[77.430242455087,13.162045324123245],[77.42508725903006,13.151515516078744],[77.41719466813032,13.139709625259332],[77.42008978737407,13.136332736574046],[77.42260695842833,13.136016539566974],[77.42516405420706,13.133963522306166],[77.42911998139344,13.132770277366438],[77.43369359825398,13.135439281949878],[77.43676050682109,13.135710734900739],[77.43759864037106,13.139577906288856],[77.43289881470469,13.141041456834879],[77.43956751301357,13.152489434721321]]]}},{"type":"Feature","properties":{"type":"village","name":"Koluvarayanahalli","taluk":"Bangalore North","district":"BANGALORE","village_code":"612851"},"geometry":{"type":"Polygon","coordinates":[[[77.52485986956621,13.1637925798518],[77.52115901181826,13.168451376246185],[77.51480669386423,13.167401503726758],[77.51443179455681,13.165491181697483],[77.51248267227415,13.165191127358797],[77.51365848703101,13.161762582347212],[77.51572548444864,13.161004040142094],[77.51578536524715,13.157041696957135],[77.52384036975366,13.158740608021066],[77.52485986956621,13.1637925798518]]]}},{"type":"Feature","properties":{"type":"village","name":"Huttanahalli","taluk":"Bangalore North","district":"BANGALORE","village_code":"612908"},"geometry":{"type":"Polygon","coordinates":[[[77.66595907230304,13.170953897787749],[77.66060200863205,13.172258112160472],[77.65296900569659,13.171584346957053],[77.64881840191008,13.164764678428257],[77.64924978818087,13.155521419665318],[77.65601543896342,13.152426634617763],[77.66385950376987,13.15594209041581],[77.66595907230304,13.170953897787749]]]}},{"type":"Feature","properties":{"type":"village","name":"Meesaganahalli","taluk":"Bangalore North","district":"BANGALORE","village_code":"612907"},"geometry":{"type":"Polygon","coordinates":[[[77.67624813032727,13.159487051904925],[77.67380004420994,13.172868222586793],[77.66648409087423,13.171717785848948],[77.66385950376987,13.15594209041581],[77.67795920624617,13.156928203646245],[77.67624813032727,13.159487051904925]]]}},{"type":"Feature","properties":{"type":"village","name":"Hosahalli","taluk":"Bangalore North","district":"BANGALORE","village_code":"612909"},"geometry":{"type":"Polygon","coordinates":[[[77.65601543896342,13.152426634617763],[77.64383148366205,13.15711024025749],[77.64388954896536,13.149500363066759],[77.63844021483997,13.146036307600777],[77.63772977680763,13.138411798714477],[77.63659514262005,13.136369549375635],[77.63985207271752,13.13561302468023],[77.64111772439269,13.134175802598818],[77.64323242414851,13.134190818813243],[77.64399420359429,13.135979643605545],[77.64742083712703,13.138119242407033],[77.65628742008536,13.134685022780989],[77.65638869794712,13.138530777718389],[77.65516512695314,13.141935882203176],[77.65601543896342,13.152426634617763]]]}},{"type":"Feature","properties":{"type":"village","name":" ","taluk":"Bangalore North","district":"BANGALORE","village_code":" "},"geometry":{"type":"Polygon","coordinates":[[[77.59274448389698,13.158476848430823],[77.58196513617048,13.158498127968139],[77.58210636480786,13.156680050889076],[77.58476004205606,13.156933671613222],[77.58490122128612,13.155299703644705],[77.58198922808806,13.155092067260224],[77.58227129100247,13.153665250672526],[77.58054425291927,13.15145770007574],[77.58113368878118,13.149811113937632],[77.58699610241015,13.152410214669409],[77.58914954470755,13.155080030819377],[77.59294071817587,13.157040788982881],[77.59274448389698,13.158476848430823]]]}},{"type":"Feature","properties":{"type":"village","name":"Nellukunte","taluk":"Bangalore North","district":"BANGALORE","village_code":"612830"},"geometry":{"type":"Polygon","coordinates":[[[77.61065976257628,13.147615276780385],[77.609949173627,13.15124600332373],[77.5923718959548,13.15931749502917],[77.59304985899132,13.157901540958132],[77.59203988491402,13.143281993034455],[77.59579354204111,13.136718609798686],[77.59559993533443,13.141504423141352],[77.59790057467598,13.14741930417846],[77.6098302564463,13.145395222790597],[77.61065976257628,13.147615276780385]]]}},{"type":"Feature","properties":{"type":"village","name":" ","taluk":"Bangalore North","district":"BANGALORE","village_code":" "},"geometry":{"type":"Polygon","coordinates":[[[77.57533185483997,13.153307187838413],[77.5731100768006,13.165170411713014],[77.56683965825098,13.164800754832562],[77.57070504334155,13.155446484195194],[77.57068209497932,13.153053027141524],[77.57533185483997,13.153307187838413]]]}},{"type":"Feature","properties":{"type":"village","name":"Kalenahalli","taluk":"Bangalore North","district":"BANGALORE","village_code":"612855"},"geometry":{"type":"Polygon","coordinates":[[[77.51253034227302,13.163672229311643],[77.49696654758036,13.167330484412343],[77.49282694905436,13.150572320299991],[77.50236308861481,13.150010823350405],[77.50372588230816,13.14852708600263],[77.51481012003873,13.148417170913667],[77.5151151340103,13.147218339985788],[77.51565261401109,13.147530222199022],[77.51634176466612,13.148231576299269],[77.51572548444864,13.161004040142094],[77.51365848703101,13.161762582347212],[77.51253034227302,13.163672229311643]]]}},{"type":"Feature","properties":{"type":"village","name":"Kadigenahalli (CT)","taluk":"Bangalore North","district":"BANGALORE","village_code":"612948"},"geometry":{"type":"Polygon","coordinates":[[[77.63686929407172,13.156656715564937],[77.63480085306142,13.160559805203198],[77.63517150423588,13.164704873842764],[77.63412186414887,13.168396134963926],[77.63155920959517,13.17006025880156],[77.62636121689974,13.171323650342453],[77.62284302797157,13.168845448150085],[77.62375799263116,13.16229480538883],[77.62148043100925,13.158282194855584],[77.62767982426092,13.153723190368943],[77.6313154742007,13.152542867981536],[77.63686929407172,13.156656715564937]]]}},{"type":"Feature","properties":{"type":"village","name":"Chokkanahalli","taluk":"Bangalore North","district":"BANGALORE","village_code":"612844"},"geometry":{"type":"Polygon","coordinates":[[[77.6220058071099,13.174036706308856],[77.61530062911565,13.17301232309583],[77.61547281459606,13.168307876591765],[77.61862401028964,13.168317630305934],[77.6189176048773,13.16735105467566],[77.62089036991993,13.16719002630127],[77.62636121689974,13.171323650342453],[77.6220058071099,13.174036706308856]]]}},{"type":"Feature","properties":{"type":"village","name":"Budumanahalli","taluk":"Bangalore North","district":"BANGALORE","village_code":"612842"},"geometry":{"type":"Polygon","coordinates":[[[77.53459211764138,13.187587472749577],[77.52795362069233,13.194867464871171],[77.52241558242422,13.193487374952694],[77.5211479113363,13.191921902031815],[77.52105986655701,13.177789211281695],[77.52924231595115,13.187285760970248],[77.5337289758922,13.185653476305614],[77.53459211764138,13.187587472749577]]]}},{"type":"Feature","properties":{"type":"village","name":"Tarahunase","taluk":"Bangalore North","district":"BANGALORE","village_code":"612884"},"geometry":{"type":"Polygon","coordinates":[[[77.60005086478503,13.19652028118654],[77.59148914308464,13.19787215374874],[77.58918937241401,13.196301831305252],[77.5853679005678,13.196947533616603],[77.5799717332325,13.193968914014507],[77.57598947373025,13.188221277845631],[77.5725552584165,13.18748537772542],[77.57196902504859,13.185427842973935],[77.57266425819645,13.183219307831155],[77.57529131297288,13.179117318934397],[77.58752893362934,13.171340864110526],[77.59100486670489,13.170927146429795],[77.5910281716983,13.172192917001214],[77.6018146879808,13.170696922289155],[77.60272154534496,13.185386408108974],[77.60208380707023,13.18673583206441],[77.60001784810508,13.187710242987327],[77.60080786788845,13.193733052875636],[77.60005086478503,13.19652028118654]]]}},{"type":"Feature","properties":{"type":"village","name":"Doddajala","taluk":"Bangalore North","district":"BANGALORE","village_code":"612899"},"geometry":{"type":"Polygon","coordinates":[[[77.65447911411339,13.189101348123415],[77.64969482884399,13.188409679430384],[77.64518171711107,13.190061983157854],[77.64488017512808,13.186569572170072],[77.64575380380987,13.18613320894268],[77.64615512795969,13.18330197099853],[77.64441766672427,13.17724559620494],[77.65105001201026,13.17331182030366],[77.66263662358031,13.174726018166519],[77.66299861769038,13.184048069740337],[77.66016423533961,13.18649113281668],[77.65451760782163,13.188197446118062],[77.65447911411339,13.189101348123415]]]}},{"type":"Feature","properties":{"type":"village","name":"Meenakunte","taluk":"Bangalore North","district":"BANGALORE","village_code":"612889"},"geometry":{"type":"Polygon","coordinates":[[[77.64518171711107,13.190061983157854],[77.6400763892305,13.19103121273725],[77.63268472857757,13.187714623982858],[77.6310325515986,13.17812349308577],[77.63684756202836,13.17845100195715],[77.64441766672427,13.17724559620494],[77.64615512795969,13.18330197099853],[77.64575380380987,13.18613320894268],[77.64488017512808,13.186569572170072],[77.64518171711107,13.190061983157854]]]}},{"type":"Feature","properties":{"type":"village","name":"Begur","taluk":"Bangalore North","district":"BANGALORE","village_code":"612902"},"geometry":{"type":"Polygon","coordinates":[[[77.68517615715274,13.181360339980243],[77.68455575276975,13.192185876595392],[77.67562050169276,13.190574467584575],[77.67578885765512,13.183756060337423],[77.67420210407995,13.176279516772315],[77.67250003826337,13.17636679964277],[77.6714311751276,13.174365260634831],[77.67380004420994,13.172868222586793],[77.6809824180629,13.175823875892208],[77.68517615715274,13.181360339980243]]]}},{"type":"Feature","properties":{"type":"village","name":"Chikkanahalli","taluk":"Bangalore North","district":"BANGALORE","village_code":"612904"},"geometry":{"type":"Polygon","coordinates":[[[77.6906335653359,13.180963535704793],[77.69152155807907,13.18896634876884],[77.68596475041142,13.193133599079422],[77.68455575276975,13.192185876595392],[77.68486779875337,13.183100126616024],[77.6906335653359,13.180963535704793]]]}},{"type":"Feature","properties":{"type":"village","name":"Hunachur","taluk":"Bangalore North","district":"BANGALORE","village_code":"612920"},"geometry":{"type":"Polygon","coordinates":[[[77.71236419563938,13.196155899997365],[77.70852970810303,13.190544247901027],[77.70641863484599,13.183652340383262],[77.70220934861352,13.176543426875057],[77.71960058608872,13.176212597842989],[77.72026485341036,13.17730157720365],[77.71916236094363,13.179613477268187],[77.7285361659491,13.184872739923042],[77.72561233295559,13.192764940386862],[77.71236419563938,13.196155899997365]]]}},{"type":"Feature","properties":{"type":"village","name":"Byatha","taluk":"Bangalore North","district":"BANGALORE","village_code":"612840"},"geometry":{"type":"Polygon","coordinates":[[[77.50060117523732,13.186441758246938],[77.49693143962241,13.195407049114658],[77.49264466291693,13.197133634422855],[77.48886232976933,13.194516387388825],[77.49018323232602,13.192140975925872],[77.48740483208547,13.191532893685036],[77.48844226496607,13.19021562871755],[77.4814216992553,13.188539020289157],[77.48210296809208,13.186877976610164],[77.4810891519203,13.184824534413728],[77.47648595174081,13.185130968754807],[77.47512242232725,13.18416772629636],[77.48739270482913,13.174415102967465],[77.48773209283503,13.170916531255049],[77.48887556195348,13.171407396012388],[77.4893555291148,13.168360806077805],[77.49059872470453,13.167672372863017],[77.49019691007456,13.16619849098332],[77.48871269829077,13.166140167618195],[77.48925106762371,13.159261000828407],[77.48725699364422,13.151451797233761],[77.49085170286492,13.150998208713608],[77.49319713220655,13.169921618983942],[77.4968608392276,13.176720270896558],[77.4943145259272,13.178755629369185],[77.49679247833278,13.180474231247608],[77.50060117523732,13.186441758246938]]]}},{"type":"Feature","properties":{"type":"village","name":"Mylanahalli","taluk":"Bangalore North","district":"BANGALORE","village_code":"612903"},"geometry":{"type":"Polygon","coordinates":[[[77.68967809923342,13.201981579309031],[77.69012458259084,13.202752436984127],[77.68424083397386,13.203409677920433],[77.68668117571515,13.19334056211184],[77.69152155807907,13.18896634876884],[77.6906335653359,13.180963535704793],[77.69150987818375,13.179532612017804],[77.70436389224547,13.17932635189203],[77.70852970810303,13.190544247901027],[77.70272785799216,13.189119130018158],[77.69845913472894,13.189459782802931],[77.69263681560601,13.198873983116552],[77.68967809923342,13.201981579309031]]]}},{"type":"Feature","properties":{"type":"village","name":"Gadenahalli","taluk":"Bangalore North","district":"BANGALORE","village_code":"612886"},"geometry":{"type":"Polygon","coordinates":[[[77.62321565813455,13.19694806974132],[77.61721055161426,13.202065533123676],[77.615822437108,13.20539571018649],[77.61204707668364,13.204551137701364],[77.61494861169514,13.196497021377548],[77.61355601100234,13.186597755334471],[77.61785990869885,13.185598349984565],[77.61912233632046,13.186854176238246],[77.62222317425584,13.184770241433286],[77.62070777476204,13.188708535933845],[77.62321565813455,13.19694806974132]]]}},{"type":"Feature","properties":{"type":"village","name":"Byrapura","taluk":"Bangalore North","district":"BANGALORE","village_code":"612836"},"geometry":{"type":"Polygon","coordinates":[[[77.5238612268379,13.195168436128913],[77.52596494019782,13.196995553945714],[77.52622185297918,13.204857772945166],[77.52434279300047,13.204741944864617],[77.52378554736849,13.203268831230526],[77.5184193136951,13.201137795254555],[77.51843409726973,13.197801493115819],[77.52004729365356,13.197874028866329],[77.5205806503872,13.20021816209327],[77.5238612268379,13.195168436128913]]]}},{"type":"Feature","properties":{"type":"village","name":"Kamakshipura","taluk":"Bangalore North","district":"BANGALORE","village_code":"612838"},"geometry":{"type":"Polygon","coordinates":[[[77.49264466291693,13.197133634422855],[77.49288765989621,13.201948767050236],[77.49182525025746,13.203521562330346],[77.4845049338044,13.2067676099477],[77.48133540259755,13.20659201379211],[77.48386901012657,13.19755626619838],[77.4870431128599,13.197004628707639],[77.48886232976933,13.194516387388825],[77.49264466291693,13.197133634422855]]]}},{"type":"Feature","properties":{"type":"village","name":"Adde Vishwanathapura","taluk":"Bangalore North","district":"BANGALORE","village_code":"612834"},"geometry":{"type":"Polygon","coordinates":[[[77.55545222114571,13.20494475175943],[77.5487360603488,13.208644566429816],[77.5442936954361,13.20892271685095],[77.54241530021068,13.206735774337252],[77.53983513928871,13.207503654015861],[77.5401424996598,13.20177330911061],[77.54312990013774,13.193357323034688],[77.54497516100388,13.17018656369882],[77.5458265491959,13.168093823972509],[77.54652507916082,13.168794462335311],[77.54735233590932,13.167625057905578],[77.55334738219676,13.16692150869744],[77.56351826594708,13.177271846565612],[77.5631230162052,13.183413712426301],[77.55921585586066,13.187588008020212],[77.55943171743019,13.188647024690505],[77.55730071055699,13.190083599300637],[77.55710458317766,13.191432412217425],[77.55511176414463,13.191280409943872],[77.55443930778081,13.199755551675038],[77.55741564909928,13.20291314371682],[77.55545222114571,13.20494475175943]]]}},{"type":"Feature","properties":{"type":"village","name":"Seeresandra","taluk":"Bangalore North","district":"BANGALORE","village_code":"612839"},"geometry":{"type":"Polygon","coordinates":[[[77.48133540259755,13.20659201379211],[77.47426638535364,13.208604880228998],[77.47440890217516,13.206252081916567],[77.47807785805244,13.206250684372215],[77.47831966925555,13.205097558875105],[77.47769495834909,13.201028279856661],[77.47835203825021,13.19970543114272],[77.47559320511314,13.184728399751412],[77.4810891519203,13.184824534413728],[77.48210296809208,13.186877976610164],[77.4814216992553,13.188539020289157],[77.48844226496607,13.19021562871755],[77.48740483208547,13.191532893685036],[77.49018323232602,13.192140975925872],[77.4870431128599,13.197004628707639],[77.48386901012657,13.19755626619838],[77.48133540259755,13.20659201379211]]]}},{"type":"Feature","properties":{"type":"village","name":"Shanubhoganahalli","taluk":"Bangalore North","district":"BANGALORE","village_code":"612843"},"geometry":{"type":"Polygon","coordinates":[[[77.5337289758922,13.185653476305614],[77.52924231595115,13.187285760970248],[77.52105986655701,13.177789211281695],[77.52322509025934,13.169971150832241],[77.53330785736512,13.171206446242005],[77.53512927694362,13.17800762259835],[77.53297836879362,13.183069886766678],[77.5337289758922,13.185653476305614]]]}},{"type":"Feature","properties":{"type":"village","name":"Bandi Kodige Halli","taluk":"Bangalore North","district":"BANGALORE","village_code":"612917"},"geometry":{"type":"Polygon","coordinates":[[[77.6906335653359,13.180963535704793],[77.68486779875337,13.183100126616024],[77.68517615715274,13.181360339980243],[77.68117372508243,13.175964408644766],[77.69090935890789,13.1772909999158],[77.69391932237083,13.17535386772645],[77.69611141109007,13.174808692950004],[77.69631234535454,13.17564068113378],[77.6992456403029,13.175670146070965],[77.69967766258092,13.174830423273239],[77.70337523788481,13.177465898150116],[77.70436389224547,13.17932635189203],[77.69150987818375,13.179532612017804],[77.6906335653359,13.180963535704793]]]}},{"type":"Feature","properties":{"type":"village","name":"Dummanur","taluk":"Bangalore North","district":"BANGALORE","village_code":"612921"},"geometry":{"type":"Polygon","coordinates":[[[77.72682241394897,13.176312760187711],[77.7285361659491,13.184872739923042],[77.71916236094363,13.179613477268187],[77.72026485341036,13.17730157720365],[77.72500323926033,13.174266680650971],[77.72682241394897,13.176312760187711]]]}},{"type":"Feature","properties":{"type":"village","name":"Papanahalli","taluk":"Bangalore North","district":"BANGALORE","village_code":"612892"},"geometry":{"type":"Polygon","coordinates":[[[77.61020775278321,13.181050109313741],[77.6087232391655,13.182217828013883],[77.60280904484688,13.183376745757363],[77.6018146879808,13.170696922289155],[77.60461485799394,13.169950690999753],[77.60858374068336,13.172298454149402],[77.61020775278321,13.181050109313741]]]}},{"type":"Feature","properties":{"type":"village","name":"Byanahalli","taluk":"Bangalore North","district":"BANGALORE","village_code":"612891"},"geometry":{"type":"Polygon","coordinates":[[[77.62509995259644,13.181660975382288],[77.61333393488769,13.183992711278337],[77.61020775278321,13.181050109313741],[77.60921775903444,13.173725366891592],[77.60987545338321,13.172344580388714],[77.6220058071099,13.174036706308856],[77.62509995259644,13.181660975382288]]]}},{"type":"Feature","properties":{"type":"village","name":" ","taluk":"Bangalore North","district":"BANGALORE","village_code":" "},"geometry":{"type":"Polygon","coordinates":[[[77.6714311751276,13.174365260634831],[77.67250003826337,13.17636679964277],[77.67420210407995,13.176279516772315],[77.67578885765512,13.183756060337423],[77.67562050169276,13.190574467584575],[77.67145077996038,13.189836563802317],[77.66955497358812,13.175281850971881],[77.6714311751276,13.174365260634831]]]}},{"type":"Feature","properties":{"type":"village","name":"Chokkanahalli","taluk":"Bangalore North","district":"BANGALORE","village_code":"612844"},"geometry":{"type":"Polygon","coordinates":[[[77.54369958384316,13.184535046639247],[77.53526353555272,13.188986502643466],[77.53301340039476,13.18359921915953],[77.53512927694362,13.17800762259835],[77.53330785736512,13.171206446242005],[77.53954716995133,13.170966936712027],[77.5415896667179,13.17315396130481],[77.54498357911642,13.172510700379307],[77.54369958384316,13.184535046639247]]]}},{"type":"Feature","properties":{"type":"village","name":"Tharabanahalli","taluk":"Bangalore North","district":"BANGALORE","village_code":"612887"},"geometry":{"type":"Polygon","coordinates":[[[77.6400763892305,13.19103121273725],[77.63169453719945,13.19284764318289],[77.62321565813455,13.19694806974132],[77.62070777476204,13.188708535933845],[77.62222317425584,13.184770241433286],[77.62509995259644,13.181660975382288],[77.63141086989397,13.181587801577077],[77.63268472857757,13.187714623982858],[77.6400763892305,13.19103121273725]]]}},{"type":"Feature","properties":{"type":"village","name":" ","taluk":"Bangalore North","district":"BANGALORE","village_code":" "},"geometry":{"type":"Polygon","coordinates":[[[77.65866118498599,13.199973379265028],[77.65719325067516,13.20067546994132],[77.64871388472339,13.200250518053824],[77.64482661667253,13.201334153395024],[77.64556738632044,13.199005838989795],[77.64518171711107,13.190061983157854],[77.64969482884399,13.188409679430384],[77.65406333517234,13.188495450999126],[77.65418567493425,13.191447215016147],[77.65699324706537,13.197879305258217],[77.66039946009505,13.200939753394644],[77.65866118498599,13.199973379265028]]]}},{"type":"Feature","properties":{"type":"village","name":"Adiganahalli","taluk":"Bangalore North","district":"BANGALORE","village_code":"612847"},"geometry":{"type":"Polygon","coordinates":[[[77.57266425819645,13.183219307831155],[77.5631230162052,13.183413712426301],[77.56355120177862,13.176287708016059],[77.56683965825098,13.164800754832562],[77.57392029969469,13.165228121266006],[77.57324860959383,13.17626315964928],[77.57529131297288,13.179117318934397],[77.57266425819645,13.183219307831155]]]}},{"type":"Feature","properties":{"type":"village","name":"Settigere","taluk":"Bangalore North","district":"BANGALORE","village_code":"612900"},"geometry":{"type":"Polygon","coordinates":[[[77.67080067996903,13.185167161982234],[77.66656581870046,13.186099302142493],[77.66357386466233,13.185021857262651],[77.66254625306274,13.177173873893592],[77.66342574235345,13.17386072277725],[77.66955497358812,13.175281850971881],[77.67080067996903,13.185167161982234]]]}},{"type":"Feature","properties":{"type":"village","name":"Hesaraghatta Grass Farm","taluk":"Bangalore North","district":"BANGALORE","village_code":"612853"},"geometry":{"type":"Polygon","coordinates":[[[77.48730285623274,13.153090440136086],[77.48925106762371,13.159261000828407],[77.48871269829077,13.166140167618195],[77.49019691007456,13.16619849098332],[77.49059872470453,13.167672372863017],[77.4893555291148,13.168360806077805],[77.48887556195348,13.171407396012388],[77.48773209283503,13.170916531255049],[77.48739270482913,13.174415102967465],[77.47512242232725,13.18416772629636],[77.46925916158693,13.174743709265801],[77.46770635534637,13.169494433054457],[77.46821005599753,13.163257628337762],[77.48212823500606,13.154825049702634],[77.48730285623274,13.153090440136086]]]}},{"type":"Feature","properties":{"type":"village","name":"Sadenahalli","taluk":"Bangalore North","district":"BANGALORE","village_code":"612846"},"geometry":{"type":"Polygon","coordinates":[[[77.5853679005678,13.196947533616603],[77.57427395564225,13.198784598780403],[77.56675706624546,13.201475517200185],[77.5626138412207,13.197479416001908],[77.5631230162052,13.183413712426301],[77.57266425819645,13.183219307831155],[77.57196902504859,13.185427842973935],[77.5725552584165,13.18748537772542],[77.57598947373025,13.188221277845631],[77.5799717332325,13.193968914014507],[77.5853679005678,13.196947533616603]]]}},{"type":"Feature","properties":{"type":"village","name":"Sreeramanahalli","taluk":"Bangalore North","district":"BANGALORE","village_code":"612845"},"geometry":{"type":"Polygon","coordinates":[[[77.5626138412207,13.197479416001908],[77.56095704240958,13.200827503103072],[77.55741564909928,13.20291314371682],[77.55443930778081,13.199755551675038],[77.55511176414463,13.191280409943872],[77.55710458317766,13.191432412217425],[77.55730071055699,13.190083599300637],[77.55943171743019,13.188647024690505],[77.55921585586066,13.187588008020212],[77.5631230162052,13.183413712426301],[77.5626138412207,13.197479416001908]]]}},{"type":"Feature","properties":{"type":"village","name":"Kuduragere","taluk":"Bangalore North","district":"BANGALORE","village_code":"612774"},"geometry":{"type":"Polygon","coordinates":[[[77.62509995259644,13.181660975382288],[77.61912233632046,13.186854176238246],[77.61785990869885,13.185598349984565],[77.61355601100234,13.186597755334471],[77.61494861169514,13.196497021377548],[77.61204707668364,13.204551137701364],[77.60430656157835,13.203691281850675],[77.60005086478503,13.19652028118654],[77.60080786788845,13.193733052875636],[77.60001784810508,13.187710242987327],[77.60208380707023,13.18673583206441],[77.60280904484688,13.183376745757363],[77.6087232391655,13.182217828013883],[77.61020775278321,13.181050109313741],[77.61333393488769,13.183992711278337],[77.62509995259644,13.181660975382288]]]}},{"type":"Feature","properties":{"type":"village","name":"Settigere","taluk":"Bangalore North","district":"BANGALORE","village_code":"612900"},"geometry":{"type":"Polygon","coordinates":[[[77.63007597607671,13.208432736371588],[77.61734903140689,13.21056815135911],[77.61308255483016,13.208818685744536],[77.61721055161426,13.202065533123676],[77.62321565813455,13.19694806974132],[77.63169453719945,13.19284764318289],[77.64518171711107,13.190061983157854],[77.64556738632044,13.199005838989795],[77.64482661667253,13.201334153395024],[77.63808553930457,13.203369511605038],[77.63761585336164,13.205268174600642],[77.63007597607671,13.208432736371588]]]}},{"type":"Feature","properties":{"type":"village","name":"Kakolu","taluk":"Bangalore North","district":"BANGALORE","village_code":"612841"},"geometry":{"type":"Polygon","coordinates":[[[77.52130596092738,13.206855088327819],[77.52226006698054,13.210652050623324],[77.5199226937304,13.211065318029659],[77.51961809388219,13.209304630287189],[77.51343794074728,13.201843068657823],[77.50799462443598,13.197248557411598],[77.50692884162333,13.197744910720044],[77.50637911578859,13.19465685167707],[77.50279518365633,13.193178831916585],[77.50193126216952,13.188521496365656],[77.5014842811454,13.18994813431769],[77.49889257597368,13.190486218961325],[77.50060117523732,13.186441758246938],[77.49679247833278,13.180474231247608],[77.4943145259272,13.178755629369185],[77.4968608392276,13.176720270896558],[77.49319713220655,13.169921618983942],[77.49085170286492,13.150998208713608],[77.49282694905436,13.150572320299991],[77.49696654758036,13.167330484412343],[77.5009424218576,13.178305455341194],[77.51206346626032,13.17890141537319],[77.51213994343371,13.177303330026303],[77.51594485304099,13.176350155635344],[77.52129642980222,13.176667398321698],[77.5211479113363,13.191921902031815],[77.52373064682988,13.194086276881908],[77.5238944977411,13.195444162646142],[77.5205806503872,13.20021816209327],[77.51987706739881,13.197743874332243],[77.51843409726973,13.197801493115819],[77.51818528908886,13.199181516688625],[77.51860701577539,13.201609661306648],[77.52432560643244,13.20370631479254],[77.52407234170946,13.205535813147412],[77.52226985412558,13.20486191575205],[77.52240141239893,13.206205404105578],[77.52130596092738,13.206855088327819]]]}},{"type":"Feature","properties":{"type":"village","name":"Arakere","taluk":"Bangalore North","district":"BANGALORE","village_code":"612835"},"geometry":{"type":"Polygon","coordinates":[[[77.54023132238014,13.207932981785918],[77.53711441178768,13.209112367943339],[77.53415693958178,13.214140629695962],[77.53016298042122,13.21129333179679],[77.52301909668324,13.21058404267868],[77.52308281418632,13.209179506122828],[77.52171634818012,13.208437460693952],[77.52130596092738,13.206855088327819],[77.52240141239893,13.206205404105578],[77.52226985412558,13.20486191575205],[77.52385504642876,13.205593258678974],[77.52434279300047,13.204741944864617],[77.52622185297918,13.204857772945166],[77.52596494019782,13.196995553945714],[77.52373064682988,13.194086276881908],[77.52795362069233,13.194867464871171],[77.53459211764138,13.187587472749577],[77.53526353555272,13.188986502643466],[77.54369958384316,13.184535046639247],[77.54312990013774,13.193357323034688],[77.5401424996598,13.20177330911061],[77.54023132238014,13.207932981785918]]]}},{"type":"Feature","properties":{"type":"village","name":"Kadathanamale","taluk":"Bangalore North","district":"BANGALORE","village_code":"612831"},"geometry":{"type":"Polygon","coordinates":[[[77.54147928712567,13.217748303149422],[77.53688210565859,13.218497773753336],[77.53513743005311,13.216503316263944],[77.53415693958178,13.214140629695962],[77.53711441178768,13.209112367943339],[77.54241530021068,13.206735774337252],[77.5442936954361,13.20892271685095],[77.54996684211956,13.20837005207415],[77.55545222114571,13.20494475175943],[77.55668771817344,13.20881561082946],[77.55294717555117,13.216646570744926],[77.54911337971758,13.218326137097314],[77.54847968475998,13.216622914946036],[77.5466004514064,13.216737388877366],[77.54296028383905,13.214434810094103],[77.54147928712567,13.217748303149422]]]}},{"type":"Feature","properties":{"type":"village","name":"Suradenpura","taluk":"Bangalore North","district":"BANGALORE","village_code":"612833"},"geometry":{"type":"Polygon","coordinates":[[[77.57108951958823,13.207057827875785],[77.5713238047059,13.209450886941037],[77.57043117396088,13.20962328982072],[77.56950184434159,13.216147506361821],[77.559800093172,13.217687007354987],[77.55660500759028,13.219228055263747],[77.55341184170828,13.21910990867491],[77.55215568432739,13.21722240028114],[77.55668771817344,13.20881561082946],[77.55545222114571,13.20494475175943],[77.56095704240958,13.200827503103072],[77.5626138412207,13.197479416001908],[77.56675706624546,13.201475517200185],[77.56899888839379,13.207206504020338],[77.57108951958823,13.207057827875785]]]}},{"type":"Feature","properties":{"type":"village","name":"Kakkehalli","taluk":"Bangalore North","district":"BANGALORE","village_code":"612829"},"geometry":{"type":"Polygon","coordinates":[[[77.53685566823978,13.219069262212345],[77.5265661134472,13.221159619694701],[77.524289462717,13.21653292231935],[77.52210579480524,13.214414750144753],[77.5221069329707,13.21172213080182],[77.52301909668324,13.21058404267868],[77.53016298042122,13.21129333179679],[77.53415693958178,13.214140629695962],[77.53685566823978,13.219069262212345]]]}},{"type":"Feature","properties":{"type":"village","name":"Sonnenahalli","taluk":"Bangalore North","district":"BANGALORE","village_code":"612826"},"geometry":{"type":"Polygon","coordinates":[[[77.47992526319716,13.223440681842535],[77.47578779098347,13.216942777008247],[77.47426638535364,13.208604880228998],[77.48133540259755,13.20659201379211],[77.4845049338044,13.2067676099477],[77.49182525025746,13.203521562330346],[77.49288765989621,13.201948767050236],[77.49264466291693,13.197133634422855],[77.49693143962241,13.195407049114658],[77.49889257597368,13.190486218961325],[77.5014842811454,13.18994813431769],[77.50193126216952,13.188521496365656],[77.50279518365633,13.193178831916585],[77.50637911578859,13.19465685167707],[77.50692884162333,13.197744910720044],[77.50799462443598,13.197248557411598],[77.50896985527139,13.197989359939422],[77.5158690936215,13.204974243774585],[77.50566189996745,13.207604629117924],[77.49969340698148,13.211997332272459],[77.49800487069137,13.216184546779095],[77.49489683635225,13.218996502762458],[77.48641213620434,13.221307108415244],[77.48542501077628,13.222481307979603],[77.47992526319716,13.223440681842535]]]}},{"type":"Feature","properties":{"type":"village","name":"Challahalli","taluk":"Bangalore North","district":"BANGALORE","village_code":"612827"},"geometry":{"type":"Polygon","coordinates":[[[77.5056417076365,13.225212005431793],[77.50093568179801,13.225877440168563],[77.49889240888703,13.2272137863287],[77.49189062964385,13.223740336736313],[77.48542501077628,13.222481307979603],[77.48641213620434,13.221307108415244],[77.49489683635225,13.218996502762458],[77.49889255890571,13.214816245283311],[77.51122258835714,13.214465379256911],[77.51217472440486,13.219252672773036],[77.50580763635092,13.221781212679161],[77.5056417076365,13.225212005431793]]]}},{"type":"Feature","properties":{"type":"village","name":"Haniyur","taluk":"Bangalore North","district":"BANGALORE","village_code":"612828"},"geometry":{"type":"Polygon","coordinates":[[[77.51795521437491,13.218719407118915],[77.51792180513117,13.220799309379279],[77.51195352055436,13.224524892823611],[77.51143481085143,13.228621112692405],[77.50649008108238,13.22887909675087],[77.50580763635092,13.221781212679161],[77.51217472440486,13.219252672773036],[77.51122258835714,13.214465379256911],[77.49889255890571,13.214816245283311],[77.49927474714332,13.212575257673931],[77.50666049418672,13.206972226365131],[77.5158690936215,13.204974243774585],[77.51961809388219,13.209304630287189],[77.51893446786612,13.209180192642972],[77.51911203425509,13.211697851853822],[77.51993415533512,13.21172121690872],[77.5209549729762,13.214000019198892],[77.51795521437491,13.218719407118915]]]}},{"type":"Feature","properties":{"type":"village","name":"Nellukunte","taluk":"Bangalore North","district":"BANGALORE","village_code":"612830"},"geometry":{"type":"Polygon","coordinates":[[[77.54147928712567,13.217748303149422],[77.54631607892344,13.22009875363117],[77.54722640558121,13.221456193016222],[77.5432880233907,13.230808541959043],[77.54155121882376,13.226297247425837],[77.53861498907933,13.22592800918512],[77.53685566823978,13.219069262212345],[77.53804962177887,13.218069304979524],[77.54147928712567,13.217748303149422]]]}},{"type":"Feature","properties":{"type":"village","name":"Marasandra","taluk":"Bangalore North","district":"BANGALORE","village_code":"612930"},"geometry":{"type":"Polygon","coordinates":[[[77.55994310137199,13.23180603341531],[77.55504044240264,13.232821591570131],[77.55232150704063,13.232130379057441],[77.5505123710253,13.233084906275836],[77.54923255471473,13.231577105769313],[77.54319335533278,13.232885507822818],[77.5432880233907,13.230808541959043],[77.54722640558121,13.221456193016222],[77.54631607892344,13.22009875363117],[77.54147928712567,13.217748303149422],[77.54296028383905,13.214434810094103],[77.5466004514064,13.216737388877366],[77.54847968475998,13.216622914946036],[77.54911337971758,13.218326137097314],[77.55215568432739,13.21722240028114],[77.55341184170828,13.21910990867491],[77.55660500759028,13.219228055263747],[77.55787264184725,13.22224322079686],[77.55749566114332,13.226293552720039],[77.55994310137199,13.23180603341531]]]}}]}
