{"type":"FeatureCollection","features":[{"type":"Feature","properties":{"type":"village","name":"Kanakawad","taluk":"Shirhatti","district":"GADAG","village_code":"602132"},"geometry":{"type":"Polygon","coordinates":[[[75.71656604100548,14.986273815699676],[75.71770612886517,14.996404638851264],[75.71702315682265,15.00075619477028],[75.71160233432607,15.005223358376236],[75.70590950914797,15.026359656976302],[75.69917026344488,15.025860232642573],[75.70005391463027,15.002470815611295],[75.70237825871556,15.001099329328108],[75.7025814791924,14.997148783395176],[75.7082057745924,14.995551745973463],[75.70955556786696,14.987546910174729],[75.71656604100548,14.986273815699676]]]}},{"type":"Feature","properties":{"type":"village","name":"Kallaganur","taluk":"Shirhatti","district":"GADAG","village_code":"602139"},"geometry":{"type":"Polygon","coordinates":[[[75.77956060871352,14.9776958116735],[75.78038890211785,14.98100389880135],[75.77997859481522,14.989146659195011],[75.77003369035948,14.988981561891801],[75.75854616835512,14.986915599073935],[75.7586938846255,14.979442675182057],[75.76064796740516,14.979681182598553],[75.76087977856255,14.976217152704194],[75.76312111472231,14.969821553383108],[75.77360093269205,14.97360363711764],[75.77956060871352,14.9776958116735]]]}},{"type":"Feature","properties":{"type":"village","name":"Balehosur","taluk":"Shirhatti","district":"GADAG","village_code":"602092"},"geometry":{"type":"Polygon","coordinates":[[[75.61322147467644,15.011266088872562],[75.59675091784104,15.022769191162013],[75.58926798386368,15.022266464959548],[75.58261270189354,15.01857794881665],[75.58016170613301,15.015450390400497],[75.55511412299971,15.012565225598305],[75.54605454688405,15.016190782902408],[75.54008584638726,15.016321314992075],[75.54280419425106,15.013586710694945],[75.54229411286646,15.00302168726598],[75.54305796382725,14.999513415054082],[75.54113156442969,14.992079238268134],[75.5405160666448,14.985025116120111],[75.54136930177302,14.978721709413705],[75.5655321243015,14.979280927006108],[75.56579324299504,14.976474789187163],[75.5638138358092,14.973405969194996],[75.56526942457307,14.971400004836095],[75.58372864393672,14.96845811185453],[75.58923376523788,14.959412458095331],[75.59792159962434,14.954813631147754],[75.6021978597528,14.954420995189638],[75.60342471678412,14.95616539008222],[75.60623683259392,14.956075299410763],[75.60778448430138,14.95785584527499],[75.61074658283104,14.958463751262412],[75.60832758955247,14.966468788039851],[75.60896388423454,14.973021188040445],[75.61810723813191,14.973871256580814],[75.61753984333386,14.980595272427673],[75.62937400903668,14.983614089888771],[75.6320367808288,14.99254134213128],[75.63126843200337,14.992703666008275],[75.63133531876278,14.995886006873382],[75.63036649111876,14.995821068237692],[75.63043332487759,14.997509556599848],[75.62134660706391,15.000042321416496],[75.61960083820874,15.006499128786404],[75.61682925618116,15.006625579161192],[75.61555083944582,15.008649902955387],[75.61398837272272,15.008961591779343],[75.61322147467644,15.011266088872562]]]}},{"type":"Feature","properties":{"type":"village","name":"Tangod","taluk":"Shirhatti","district":"GADAG","village_code":"602131"},"geometry":{"type":"Polygon","coordinates":[[[75.68830968106721,15.023771179121582],[75.68659845333303,15.024273225914527],[75.68530200920657,15.026442565576433],[75.68307553926645,15.026585262063243],[75.67971723069589,15.018590250081497],[75.68093438143056,15.006886371217801],[75.67782784727794,15.00390771780572],[75.67160162673865,15.001094398180582],[75.67389679174688,14.997118899202334],[75.67113396110679,14.984717175011419],[75.67435941693165,14.981783849432887],[75.67679058238231,14.981485079578524],[75.67981008415694,14.97884088936048],[75.68208217324212,14.981227037794596],[75.68901345000687,14.980819360334369],[75.69255558802053,14.984909863658764],[75.69965507162728,14.987586758414784],[75.69823814455663,14.995997416355351],[75.7025814791924,14.997148783395176],[75.70237825871556,15.001099329328108],[75.70005391463027,15.002470815611295],[75.69917026344488,15.025860232642573],[75.68830968106721,15.023771179121582]]]}},{"type":"Feature","properties":{"type":"village","name":"Itagi","taluk":"Shirhatti","district":"GADAG","village_code":"602136"},"geometry":{"type":"Polygon","coordinates":[[[75.70955556786696,14.987546910174729],[75.69923750414053,14.987554403251517],[75.69255558802053,14.984909863658764],[75.68901345000687,14.980819360334369],[75.68208217324212,14.981227037794596],[75.67981008415694,14.97884088936048],[75.68945604365916,14.97486196307456],[75.69279716476338,14.971404203358345],[75.69427925023487,14.96912175287674],[75.69497964420403,14.964548502302627],[75.70111899136711,14.948468637590908],[75.72138029676773,14.951195222875974],[75.72536769104016,14.950167803870283],[75.73679846916292,14.944170692286479],[75.73936400371547,14.944119773309621],[75.74334365540848,14.946169348276541],[75.73602580123763,14.95583917757404],[75.73700326797973,14.973081392719426],[75.73380148815251,14.982954384871451],[75.70955556786696,14.987546910174729]]]}},{"type":"Feature","properties":{"type":"village","name":"Chavadal","taluk":"Shirhatti","district":"GADAG","village_code":"602134"},"geometry":{"type":"Polygon","coordinates":[[[75.75626140314296,14.999799940690295],[75.73816158265653,15.000085914949517],[75.73213700066087,14.991065007992768],[75.73266536365983,14.989200018001101],[75.73385542659543,14.987870550977432],[75.74547320431596,14.982977924136561],[75.7455148960266,14.978605353198043],[75.74886658131857,14.978967975686873],[75.74910146112096,14.985065018631166],[75.75206509666805,14.98755454816685],[75.75473062089824,14.987577030866618],[75.75533269515785,14.99025919939358],[75.75626140314296,14.999799940690295]]]}},{"type":"Feature","properties":{"type":"village","name":"Kerihalli","taluk":"Shirhatti","district":"GADAG","village_code":"602121"},"geometry":{"type":"Polygon","coordinates":[[[75.7025814791924,14.997148783395176],[75.69823814455663,14.995997416355351],[75.69965507162728,14.987586758414784],[75.70955556786696,14.987546910174729],[75.7082057745924,14.995551745973463],[75.7025814791924,14.997148783395176]]]}},{"type":"Feature","properties":{"type":"village","name":"Tolali","taluk":"Shirhatti","district":"GADAG","village_code":"602135"},"geometry":{"type":"Polygon","coordinates":[[[75.78465509303028,15.001100858218084],[75.78177787182028,15.002059650569326],[75.7807171240648,15.003776245365305],[75.77810031367584,15.002392388034771],[75.77264667212867,15.003018063777203],[75.77089947135896,15.001214280652807],[75.75626140314296,14.999799940690295],[75.75473062089824,14.987577030866618],[75.75854616835512,14.986915599073935],[75.77003369035948,14.988981561891801],[75.77997859481522,14.989146659195011],[75.78112664803652,14.994867941938944],[75.78465509303028,15.001100858218084]]]}},{"type":"Feature","properties":{"type":"village","name":"Koganur","taluk":"Shirhatti","district":"GADAG","village_code":"602130"},"geometry":{"type":"Polygon","coordinates":[[[75.67782784727794,15.00390771780572],[75.66895043063727,15.00700634675411],[75.6634350918981,15.006953036642136],[75.66107824856245,15.008887418166717],[75.65970057607305,15.006067909834018],[75.65460389357878,15.001095330959691],[75.65324103610504,14.990403299757368],[75.66688552988755,14.98734789361231],[75.67113396110679,14.984717175011419],[75.67389679174688,14.997118899202334],[75.67160162673865,15.001094398180582],[75.67782784727794,15.00390771780572]]]}},{"type":"Feature","properties":{"type":"village","name":"Vithalapur","taluk":"Mundargi","district":"GADAG","village_code":"602193"},"geometry":{"type":"Polygon","coordinates":[[[75.79029749217823,15.007575964123333],[75.78895280223279,15.010151133930519],[75.78577672769744,15.011586802739071],[75.77160655059045,15.010017110056427],[75.75599581802587,15.01575716539122],[75.75076964428165,15.016151916956208],[75.75264651057444,14.999275629114585],[75.77089947135896,15.001214280652807],[75.77264667212867,15.003018063777203],[75.77810031367584,15.002392388034771],[75.7807171240648,15.003776245365305],[75.78177787182028,15.002059650569326],[75.78465509303028,15.001100858218084],[75.78648638599209,15.004632702869943],[75.79029749217823,15.007575964123333]]]}},{"type":"Feature","properties":{"type":"village","name":"Ankali","taluk":"Shirhatti","district":"GADAG","village_code":"602129"},"geometry":{"type":"Polygon","coordinates":[[[75.65621869525202,15.009308320062125],[75.64826394812114,15.015070562764475],[75.64668167264766,15.012002463006],[75.64503110904295,15.013001214811347],[75.6419375016473,15.009806627372939],[75.64014610466388,15.006738482395896],[75.6404244781974,15.004732162351901],[75.63786214793548,15.001097608676076],[75.63782041580065,14.991634800591344],[75.65324103610504,14.990403299757368],[75.65460389357878,15.001095330959691],[75.65970057607305,15.006067909834018],[75.66107824856245,15.008887418166717],[75.65621869525202,15.009308320062125]]]}},{"type":"Feature","properties":{"type":"village","name":"Basapur","taluk":"Shirhatti","district":"GADAG","village_code":"602138"},"geometry":{"type":"Polygon","coordinates":[[[75.75854616835512,14.986915599073935],[75.75206509666805,14.98755454816685],[75.74910146112096,14.985065018631166],[75.74886658131857,14.978967975686873],[75.7455148960266,14.978605353198043],[75.74547320431596,14.982977924136561],[75.73692816433041,14.987021253045627],[75.73480639034169,14.982533004166653],[75.73380148815251,14.982954384871451],[75.73700326797973,14.973081392719426],[75.73602580123763,14.95583917757404],[75.74373961212446,14.946543542095617],[75.74989193006196,14.95329295920925],[75.75887850997596,14.966754877122174],[75.76312111472231,14.969821553383108],[75.76087977856255,14.976217152704194],[75.76064796740516,14.979681182598553],[75.7586938846255,14.979442675182057],[75.75854616835512,14.986915599073935]]]}},{"type":"Feature","properties":{"type":"village","name":"Hammigi","taluk":"Mundargi","district":"GADAG","village_code":"602195"},"geometry":{"type":"Polygon","coordinates":[[[75.84179833681152,15.084142370166001],[75.82669952538126,15.093321523820364],[75.82144167704016,15.083767660973574],[75.82022400438431,15.08026075878815],[75.82048911519095,15.062199453094387],[75.81845347077339,15.057928670993446],[75.82097525916821,15.052755373714497],[75.81854480697992,15.046753772273526],[75.82259040579454,15.046289404375049],[75.82402831481535,15.042231878247911],[75.82633530704258,15.039403715812417],[75.8319848118644,15.039951696094851],[75.83342217740443,15.037249767350259],[75.83668168656509,15.037083157763272],[75.83854545542103,15.04165203573535],[75.84617093406767,15.044933806321596],[75.8502491048962,15.044125546316543],[75.8562946059599,15.037985134852798],[75.85958221621928,15.036408414716215],[75.87336424117346,15.035148432196651],[75.87497305827027,15.036061222921035],[75.87865119223483,15.041443098098064],[75.87964159741196,15.045089732305147],[75.87599603635964,15.045306653641932],[75.87267125830539,15.048700175893304],[75.86998796090734,15.056183112968888],[75.86546769319487,15.060701656595695],[75.86397011627629,15.063534826907459],[75.85228294819164,15.06962057604493],[75.84731980385756,15.077193350932873],[75.84654709371142,15.082091591037745],[75.84179833681152,15.084142370166001]]]}},{"type":"Feature","properties":{"type":"village","name":"Nelogal","taluk":"Shirhatti","district":"GADAG","village_code":"602088"},"geometry":{"type":"Polygon","coordinates":[[[75.60791182678112,15.079042568650118],[75.60566675093484,15.084749533328681],[75.59701418260977,15.08656052090126],[75.59502142825545,15.071675501961359],[75.6003468056514,15.065033704257253],[75.6030914759497,15.066159165823734],[75.6050014406691,15.063052417942313],[75.60758443397918,15.063303797732958],[75.60791182678112,15.079042568650118]]]}},{"type":"Feature","properties":{"type":"village","name":"Sheernahalli","taluk":"Mundargi","district":"GADAG","village_code":"602196"},"geometry":{"type":"Polygon","coordinates":[[[75.90628207500369,15.081622113323295],[75.90281307422721,15.085838549210024],[75.89140034685173,15.093602670856354],[75.88857736502024,15.096915083019708],[75.87420086016387,15.08367986886372],[75.86515499413603,15.08298361787037],[75.8515934750414,15.080099496418036],[75.84924937161314,15.080754368213764],[75.84782583204364,15.084378268635996],[75.84179833681152,15.084142370166001],[75.84654709371142,15.082091591037745],[75.84848285085931,15.074685635902348],[75.8503186991779,15.072086481640437],[75.85218039202721,15.071834790412778],[75.86240238901884,15.071754342109106],[75.8663414000301,15.07314187396501],[75.87432648057316,15.07391036694789],[75.87821444841165,15.076291759326802],[75.88062812366373,15.075744935970445],[75.88244639913873,15.072821300388137],[75.90628207500369,15.081622113323295]]]}},{"type":"Feature","properties":{"type":"village","name":"Undenahalli","taluk":"Shirhatti","district":"GADAG","village_code":"602085"},"geometry":{"type":"Polygon","coordinates":[[[75.54402631985575,15.083363159677527],[75.53809109417972,15.085912079356005],[75.52956262900946,15.087295933208807],[75.52351864430199,15.075051843224308],[75.51912274295071,15.074611407084834],[75.51898831276341,15.072799376606072],[75.52447736320413,15.072987251418136],[75.52660835660258,15.070611289388687],[75.52805129978222,15.066486335875418],[75.52647090538096,15.060918581988439],[75.53059390304047,15.051729206886263],[75.53560326479759,15.052607928737624],[75.5373888667491,15.055672404912857],[75.54349420728879,15.070089550255666],[75.54548430173156,15.07715308833173],[75.54402631985575,15.083363159677527]]]}},{"type":"Feature","properties":{"type":"village","name":"Hosur","taluk":"Shirhatti","district":"GADAG","village_code":"602119"},"geometry":{"type":"Polygon","coordinates":[[[75.69500098727687,15.070710190715587],[75.69238748089153,15.071962617669369],[75.68668306205639,15.069524018856445],[75.68530746916687,15.072027807233331],[75.67810644359363,15.062350295314422],[75.66978827313308,15.059780778214684],[75.664248308877,15.059676701728344],[75.6666209850195,15.050038922176897],[75.66606842589836,15.041530243093064],[75.67871113734061,15.043642572880382],[75.6867299056052,15.043984044002867],[75.68583870677475,15.047427521376532],[75.69257433316557,15.048596111343382],[75.69216181510902,15.051099651338184],[75.69779617074188,15.05397644342725],[75.69827709820228,15.057044468703161],[75.70721063888696,15.061483489129365],[75.70515201736107,15.064800966980416],[75.70268247408485,15.065551886272],[75.70409414690941,15.06905346381829],[75.6983922038312,15.070871872227645],[75.69500098727687,15.070710190715587]]]}},{"type":"Feature","properties":{"type":"village","name":" ","taluk":"Mundargi","district":"GADAG","village_code":" "},"geometry":{"type":"Polygon","coordinates":[[[75.82669952538126,15.093321523820364],[75.82182746033556,15.097222623620526],[75.82390884876402,15.09887796361278],[75.82934047619682,15.098879202989345],[75.82949159977709,15.100166325900659],[75.82677150918161,15.10395864075394],[75.81679919712654,15.103856767974808],[75.8032900102871,15.095682778228337],[75.80050579076011,15.090404013963829],[75.7979201564031,15.089621350995092],[75.79497640596313,15.084368282690255],[75.80107811281752,15.07650902879737],[75.80564182575203,15.072240346723772],[75.80621315427275,15.045823923304646],[75.81033768176322,15.045992368671945],[75.8122481315729,15.048487245081128],[75.81716379185934,15.046500409760448],[75.81854480697992,15.046753772273526],[75.82102154037166,15.053392551332585],[75.81845347077339,15.057928670993446],[75.82048911519095,15.062199453094387],[75.82022400438431,15.08026075878815],[75.82669952538126,15.093321523820364]]]}},{"type":"Feature","properties":{"type":"village","name":"Hullur","taluk":"Shirhatti","district":"GADAG","village_code":"602087"},"geometry":{"type":"Polygon","coordinates":[[[75.59571220396286,15.092312700621907],[75.58811506536678,15.091082394360289],[75.58076937869346,15.092459250755013],[75.5780244326124,15.087456353127248],[75.57713113621575,15.082765715763877],[75.57356302790724,15.078078910249367],[75.57349323330125,15.074576880128289],[75.57670521439685,15.072287895647456],[75.5826758058473,15.07274434031331],[75.58982782832176,15.067547921676605],[75.59502142825545,15.071675501961359],[75.59701418260977,15.08656052090126],[75.59571220396286,15.092312700621907]]]}},{"type":"Feature","properties":{"type":"village","name":"Doddur","taluk":"Shirhatti","district":"GADAG","village_code":"602084"},"geometry":{"type":"Polygon","coordinates":[[[75.52956262900946,15.087295933208807],[75.51434130713739,15.089656479178009],[75.50713218055697,15.091775513772985],[75.50685561623044,15.09092238135765],[75.50526366679968,15.090994948736805],[75.5008163773226,15.0791431930185],[75.50446015521908,15.074829876153393],[75.50411675264215,15.07245279318892],[75.49530881440049,15.0573552505869],[75.49518216901342,15.047120268807268],[75.50069751493915,15.0451305188807],[75.50721854728332,15.044569258826701],[75.5210863649404,15.033256728407535],[75.53253629873831,15.03453743609881],[75.5239361138724,15.039055659611085],[75.52400557700005,15.040343562577073],[75.53560326479759,15.052607928737624],[75.53059390304047,15.051729206886263],[75.52647090538096,15.060918581988439],[75.52805129978222,15.066486335875418],[75.52660835660258,15.070611289388687],[75.52447736320413,15.072987251418136],[75.51898831276341,15.072799376606072],[75.51912274295071,15.074611407084834],[75.52351864430199,15.075051843224308],[75.52956262900946,15.087295933208807]]]}},{"type":"Feature","properties":{"type":"village","name":"Shigli","taluk":"Shirhatti","district":"GADAG","village_code":"602082"},"geometry":{"type":"Polygon","coordinates":[[[75.47901275890227,15.076291831320615],[75.46063911934083,15.07509767406674],[75.45560775514748,15.064285970128898],[75.44983513082607,15.059823304710463],[75.45206778297195,15.049935390060048],[75.45578815122956,15.051368928691186],[75.46029676599613,15.04997322012624],[75.46110112289145,15.043963090617503],[75.46859816940193,15.047155015359893],[75.47534850211225,15.044056832992132],[75.48174605113918,15.045048926636278],[75.48168706775762,15.054930818725367],[75.47984105410323,15.055189180052881],[75.48051250974383,15.068487658160858],[75.47819657838122,15.068420958188156],[75.47901275890227,15.076291831320615]]]}},{"type":"Feature","properties":{"type":"village","name":"Ullatti","taluk":"Shirhatti","district":"GADAG","village_code":"602078"},"geometry":{"type":"Polygon","coordinates":[[[75.50526366679968,15.090994948736805],[75.49210916627541,15.09120249597072],[75.49207771176575,15.093168251632761],[75.49128248444869,15.093394589959752],[75.48150636984158,15.093896287034108],[75.48237684184345,15.086078409613082],[75.47946982261716,15.08558720385387],[75.47819657838122,15.068420958188156],[75.48051250974383,15.068487658160858],[75.47984105410323,15.055189180052881],[75.48168706775762,15.054930818725367],[75.48174605113918,15.045048926636278],[75.48301625367955,15.0440579989483],[75.48501143079021,15.044685161845191],[75.48506291413746,15.045489495930564],[75.48434496439273,15.069376117949666],[75.48739208037915,15.071277098153752],[75.49103329897541,15.071121614641731],[75.49431272737914,15.0725253573306],[75.50356827905888,15.070825749022468],[75.50446015521908,15.074829876153393],[75.5008163773226,15.0791431930185],[75.50526366679968,15.090994948736805]]]}},{"type":"Feature","properties":{"type":"village","name":"Govanal","taluk":"Shirhatti","district":"GADAG","village_code":"602081"},"geometry":{"type":"Polygon","coordinates":[[[75.43565308427922,15.081278062273256],[75.42451965660032,15.092297611677687],[75.42065639602541,15.090585497424478],[75.42049277777787,15.086468934403513],[75.4166821045797,15.084901476720688],[75.41856785790561,15.065904289293016],[75.4170933146892,15.063586380178403],[75.41714588230303,15.06151826630259],[75.42509111358012,15.060236449903577],[75.42710501966612,15.06154651673365],[75.43525695059513,15.061296063046864],[75.43435194825203,15.067871119366874],[75.43130230799962,15.072105982812445],[75.43565308427922,15.081278062273256]]]}},{"type":"Feature","properties":{"type":"village","name":"Suranagi","taluk":"Shirhatti","district":"GADAG","village_code":"602090"},"geometry":{"type":"Polygon","coordinates":[[[75.57353651772489,15.07453755816384],[75.54958760293016,15.073363344905335],[75.54544630569,15.077315048584076],[75.54349420728879,15.070089550255666],[75.5373888667491,15.055672404912857],[75.53560326479759,15.052607928737624],[75.52400557700005,15.040343562577073],[75.5239361138724,15.039055659611085],[75.53289017836639,15.03457696325261],[75.53721207830115,15.027637949039656],[75.5382445219387,15.027448602708208],[75.53982192674668,15.022257137224969],[75.53852043678326,15.017778474401904],[75.54008584638726,15.016321314992075],[75.54605454688405,15.016190782902408],[75.55511412299971,15.012565225598305],[75.58016170613301,15.015450390400497],[75.58261270189354,15.01857794881665],[75.58926798386368,15.022266464959548],[75.58830312856982,15.05510415035914],[75.58418219613714,15.058605447785787],[75.58487081229458,15.062866775851356],[75.57594919405037,15.063425178902637],[75.57800535778567,15.069679611963638],[75.57670521439685,15.072287895647456],[75.57353651772489,15.07453755816384]]]}},{"type":"Feature","properties":{"type":"village","name":"Mundawad","taluk":"Mundargi","district":"GADAG","village_code":"602191"},"geometry":{"type":"Polygon","coordinates":[[[75.80107811281752,15.07650902879737],[75.79407557539623,15.085123842672358],[75.7909881726642,15.083012413628037],[75.78712099543468,15.077601947639291],[75.7823834980185,15.0739668610469],[75.77760238739533,15.074516076934092],[75.77425298382418,15.076498313003079],[75.77147213118289,15.075945701170326],[75.77214349339869,15.072425925124302],[75.7699347499141,15.071860085931073],[75.7675042573016,15.06842464128601],[75.76717736036971,15.061989792198077],[75.76341974796043,15.053361588049231],[75.78460636212107,15.04152766824272],[75.80018227059539,15.04529321399359],[75.80621315427275,15.045823923304646],[75.80564182575203,15.072240346723772],[75.80107811281752,15.07650902879737]]]}},{"type":"Feature","properties":{"type":"village","name":"Narayanapura","taluk":"Shirhatti","district":"GADAG","village_code":"602114"},"geometry":{"type":"Polygon","coordinates":[[[75.67555108785162,15.081926044368215],[75.66936557177448,15.081425726785156],[75.6482112358786,15.076290754015297],[75.64965020311476,15.06765075996087],[75.6484794189235,15.058631418031114],[75.65659206383019,15.059945479857374],[75.66978827313308,15.059780778214684],[75.67810644359363,15.062350295314422],[75.68317589725335,15.069899999628564],[75.67630036724019,15.069399927863516],[75.67555108785162,15.081926044368215]]]}},{"type":"Feature","properties":{"type":"village","name":"Nagaramaduvu","taluk":"Shirhatti","district":"GADAG","village_code":"602128"},"geometry":{"type":"Polygon","coordinates":[[[75.62541487127147,15.029526995777731],[75.61912704337168,15.030276884610922],[75.61479928642127,15.01776871005149],[75.61322147467644,15.011266088872562],[75.61379318318453,15.009436039907873],[75.61555083944582,15.008649902955387],[75.61682925618116,15.006625579161192],[75.61960083820874,15.006499128786404],[75.62134660706391,15.000042321416496],[75.63043332487759,14.997509556599848],[75.63185770257525,14.99145873176076],[75.63782041580065,14.991634800591344],[75.63786214793548,15.001097608676076],[75.6404244781974,15.004732162351901],[75.64014610466388,15.006738482395896],[75.64503110904295,15.013001214811347],[75.64668167264766,15.012002463006],[75.64826394812114,15.015070562764475],[75.63465508331943,15.026097104042934],[75.62777690686944,15.027290171226971],[75.62541487127147,15.029526995777731]]]}},{"type":"Feature","properties":{"type":"village","name":"Govanakoppa","taluk":"Shirhatti","district":"GADAG","village_code":"602126"},"geometry":{"type":"Polygon","coordinates":[[[75.68307553926645,15.026585262063243],[75.67382971903616,15.028862661586222],[75.67052744198315,15.02847471113768],[75.66970611770877,15.032609548213463],[75.65780849860758,15.03085811667944],[75.65548751062822,15.01851762940052],[75.65273211444541,15.012440193016603],[75.65621869525202,15.009308320062125],[75.66107824856245,15.008887418166717],[75.6634350918981,15.006953036642136],[75.66895043063727,15.00700634675411],[75.67782784727794,15.00390771780572],[75.68093438143056,15.006886371217801],[75.67971723069589,15.018590250081497],[75.68307553926645,15.026585262063243]]]}},{"type":"Feature","properties":{"type":"village","name":"Hebbal","taluk":"Shirhatti","district":"GADAG","village_code":"602133"},"geometry":{"type":"Polygon","coordinates":[[[75.71522484909976,15.03309827260882],[75.70715232295369,15.035315398995552],[75.70590950914797,15.026359656976302],[75.71160233432607,15.005223358376236],[75.71702315682265,15.00075619477028],[75.71770612886517,14.996404638851264],[75.71656604100548,14.986273815699676],[75.72752220502771,14.98464572385686],[75.73480639034169,14.982533004166653],[75.73692816433041,14.987021253045627],[75.73385542659543,14.987870550977432],[75.73213700066087,14.991065007992768],[75.73816158265653,15.000085914949517],[75.75264651057444,14.999275629114585],[75.75076964428165,15.016151916956208],[75.74910111976115,15.019772770714576],[75.73487854302533,15.025448705710808],[75.7215427256458,15.029087653245433],[75.71522484909976,15.03309827260882]]]}},{"type":"Feature","properties":{"type":"village","name":" ","taluk":"Shirhatti","district":"GADAG","village_code":" "},"geometry":{"type":"Polygon","coordinates":[[[75.50849778418049,15.106494791637445],[75.48957963889443,15.118492562664262],[75.48876923364233,15.123297754933835],[75.47827363227302,15.122460821164559],[75.47812704338833,15.117607777169406],[75.48067020899195,15.115134848006877],[75.48086491613483,15.113801767900876],[75.4768027829291,15.110762430878012],[75.47361640112416,15.110289263043397],[75.46990405841528,15.111237247172502],[75.47007955598413,15.09573585365194],[75.47858323394075,15.0989495699043],[75.48150636984158,15.093896287034108],[75.49128248444869,15.093394589959752],[75.49207771176575,15.093168251632761],[75.49210916627541,15.09120249597072],[75.50685561623044,15.09092238135765],[75.50849778418049,15.106494791637445]]]}},{"type":"Feature","properties":{"type":"village","name":"Hire Mallapur","taluk":"Shirhatti","district":"GADAG","village_code":"602076"},"geometry":{"type":"Polygon","coordinates":[[[75.56602150490873,15.104841502301117],[75.56120158526865,15.104550961020962],[75.55907527927931,15.105675438030774],[75.54829582465328,15.102608194113206],[75.54316395425101,15.10435506227397],[75.54103868940912,15.097860825039637],[75.54402631985575,15.083363159677527],[75.55969041324656,15.089042105061068],[75.56394695535451,15.093422098930183],[75.56710582625391,15.09367150522208],[75.56851025057243,15.097624557319993],[75.56602150490873,15.104841502301117]]]}},{"type":"Feature","properties":{"type":"village","name":"Mallikarjunapura","taluk":"Mundargi","district":"GADAG","village_code":"602190"},"geometry":{"type":"Polygon","coordinates":[[[75.77644591336653,15.096162592758924],[75.77484288681,15.097750772355186],[75.76909626512283,15.09870632159797],[75.76665104642788,15.100413280229825],[75.76154791582647,15.100660634095295],[75.75609868321072,15.106198851240938],[75.75210920844007,15.108321423130604],[75.74715832970294,15.113097192967924],[75.74467886273779,15.10784315466097],[75.7426091003057,15.097003768195743],[75.74033861112004,15.090873029940006],[75.739506802608,15.080109805229656],[75.76998033671981,15.083080141193111],[75.77404019808621,15.093624248165215],[75.77644591336653,15.096162592758924]]]}},{"type":"Feature","properties":{"type":"village","name":"Haradagatti","taluk":"Shirhatti","district":"GADAG","village_code":"602077"},"geometry":{"type":"Polygon","coordinates":[[[75.54316395425101,15.10435506227397],[75.53513786381855,15.107573743268834],[75.52806645166609,15.105690955325889],[75.50849778418049,15.106494791637445],[75.50713218055697,15.091775513772985],[75.51434130713739,15.089656479178009],[75.53404358285185,15.086976878886446],[75.54402631985575,15.083363159677527],[75.54103868940912,15.097860825039637],[75.54316395425101,15.10435506227397]]]}},{"type":"Feature","properties":{"type":"village","name":"Gulaganjikoppa","taluk":"Shirhatti","district":"GADAG","village_code":"602080"},"geometry":{"type":"Polygon","coordinates":[[[75.45635648207217,15.101402953283506],[75.44917018976793,15.100930833959238],[75.44914331397123,15.103718960987253],[75.43415702102189,15.10356500681252],[75.43278807386886,15.104957515585225],[75.42249532556544,15.098529091399536],[75.42255064292229,15.09637366577808],[75.42428052956326,15.095266185780027],[75.42364770686977,15.093860990424014],[75.42461472530684,15.092139212825723],[75.43565308427922,15.081278062273256],[75.44063412125709,15.081416837929654],[75.4416470157574,15.078303092706564],[75.44760676813563,15.080455590325053],[75.44717819808325,15.082883540894331],[75.45604336889,15.097376907634859],[75.45635648207217,15.101402953283506]]]}},{"type":"Feature","properties":{"type":"village","name":"Sogiwal","taluk":"Shirhatti","district":"GADAG","village_code":"602075"},"geometry":{"type":"Polygon","coordinates":[[[75.57926160230313,15.111918899057471],[75.56853556330053,15.113318230265344],[75.56925484614514,15.11003887111936],[75.56602150490873,15.104841502301117],[75.56851025057243,15.097624557319993],[75.57172077190572,15.097463871876622],[75.57226980513937,15.095466725253857],[75.58043912206242,15.094465451867725],[75.58076937869346,15.092459250755013],[75.58509584027325,15.091334926669273],[75.59141344193482,15.091336066346415],[75.59687991322087,15.092502652791696],[75.59667570729218,15.09700335275375],[75.59969538872986,15.09980536738229],[75.59935158460603,15.102932304657564],[75.5962624059047,15.103243660405923],[75.59571375355672,15.106433839732267],[75.57909504386967,15.107117633591939],[75.57926160230313,15.111918899057471]]]}},{"type":"Feature","properties":{"type":"village","name":"Wadavi","taluk":"Shirhatti","district":"GADAG","village_code":"602124"},"geometry":{"type":"Polygon","coordinates":[[[75.71612776375817,15.04779741305993],[75.7135837752977,15.048236736133836],[75.71619029818,15.07372482714072],[75.70409414690941,15.06905346381829],[75.70268247408485,15.065551886272],[75.70515201736107,15.064800966980416],[75.70721063888696,15.061483489129365],[75.69827709820228,15.057044468703161],[75.69779617074188,15.05397644342725],[75.69216181510902,15.051099651338184],[75.69257433316557,15.048596111343382],[75.68583870677475,15.047427521376532],[75.68762069929542,15.039790378903692],[75.68692719001461,15.030192720372217],[75.68830968106721,15.023771179121582],[75.70590950914797,15.026359656976302],[75.70715232295369,15.035315398995552],[75.70944925135477,15.034352069343981],[75.70979597679994,15.038360105073997],[75.71227053626869,15.038716203718959],[75.71447240494642,15.041535090023253],[75.71612776375817,15.04779741305993]]]}},{"type":"Feature","properties":{"type":"village","name":"Shingatalur","taluk":"Mundargi","district":"GADAG","village_code":"602197"},"geometry":{"type":"Polygon","coordinates":[[[75.90943841355228,15.071694077639957],[75.90883926510556,15.076750598949529],[75.90628207500369,15.081622113323295],[75.88244639913873,15.072821300388137],[75.88062812366373,15.075744935970445],[75.87821444841165,15.076291759326802],[75.87432648057316,15.07391036694789],[75.8663414000301,15.07314187396501],[75.86240238901884,15.071754342109106],[75.8503186991779,15.072086481640437],[75.85312014210382,15.06896092168499],[75.86397011627629,15.063534826907459],[75.86546769319487,15.060701656595695],[75.86998796090734,15.056183112968888],[75.87267125830539,15.048700175893304],[75.87599603635964,15.045306653641932],[75.87964159741196,15.045089732305147],[75.88273871362713,15.051546978933523],[75.88652870581086,15.054145206789801],[75.89934946334242,15.055405075288668],[75.90352091972163,15.056710554268633],[75.90671605201577,15.059782958148887],[75.90943841355228,15.071694077639957]]]}},{"type":"Feature","properties":{"type":"village","name":"Shyabala","taluk":"Shirhatti","district":"GADAG","village_code":"602083"},"geometry":{"type":"Polygon","coordinates":[[[75.50356827905888,15.070825749022468],[75.49431272737914,15.0725253573306],[75.49103329897541,15.071121614641731],[75.48739208037915,15.071277098153752],[75.48434496439273,15.069376117949666],[75.48501143079021,15.044685161845191],[75.49518216901342,15.047120268807268],[75.49540205773035,15.057892984992305],[75.50356827905888,15.070825749022468]]]}},{"type":"Feature","properties":{"type":"village","name":"Tarikoppa","taluk":"Shirhatti","district":"GADAG","village_code":"602120"},"geometry":{"type":"Polygon","coordinates":[[[75.74212045811365,15.055747905987317],[75.74199160197266,15.069209346989336],[75.7452405352675,15.080387081283],[75.739506802608,15.080109805229656],[75.73849041276293,15.077137006014828],[75.72735397932105,15.077395108795741],[75.7216455971189,15.076584213688665],[75.72033756562357,15.07533303784375],[75.71607679424724,15.075831813649836],[75.7135837752977,15.048236736133836],[75.71936979888987,15.048004042962756],[75.72754857417453,15.050630486091286],[75.73813022965648,15.050625678405451],[75.74129531240604,15.053380520128764],[75.74212045811365,15.055747905987317]]]}},{"type":"Feature","properties":{"type":"village","name":"Kerihalli","taluk":"Shirhatti","district":"GADAG","village_code":"602121"},"geometry":{"type":"Polygon","coordinates":[[[75.77214349339869,15.072425925124302],[75.76998033671981,15.083080141193111],[75.7452405352675,15.080387081283],[75.74199160197266,15.069209346989336],[75.74212045811365,15.055747905987317],[75.74910087092782,15.054462655185144],[75.7535478253333,15.052579155758046],[75.75503475002924,15.054559180167626],[75.76341974796043,15.053361588049231],[75.76717736036971,15.061989792198077],[75.7675042573016,15.06842464128601],[75.7699347499141,15.071860085931073],[75.77214349339869,15.072425925124302]]]}},{"type":"Feature","properties":{"type":"village","name":" ","taluk":"Shirhatti","district":"GADAG","village_code":" "},"geometry":{"type":"Polygon","coordinates":[[[75.6050014406691,15.063052417942313],[75.6030914759497,15.066159165823734],[75.6003468056514,15.065033704257253],[75.59502142825545,15.071675501961359],[75.58982782832176,15.067547921676605],[75.59125298306215,15.06524472403755],[75.58390775003807,15.059228960075423],[75.58500999906136,15.057290655085835],[75.58830312856982,15.05510415035914],[75.59468485197637,15.055543552922526],[75.59990394789445,15.057482753429344],[75.6050014406691,15.063052417942313]]]}},{"type":"Feature","properties":{"type":"village","name":" ","taluk":"Shirhatti","district":"GADAG","village_code":" "},"geometry":{"type":"Polygon","coordinates":[[[75.58982782832176,15.067547921676605],[75.5826758058473,15.07274434031331],[75.57670521439685,15.072287895647456],[75.57800535778567,15.069679611963638],[75.57594919405037,15.063425178902637],[75.58452666860754,15.063051942579957],[75.5850753595831,15.060738434257004],[75.59125298306215,15.06524472403755],[75.58982782832176,15.067547921676605]]]}},{"type":"Feature","properties":{"type":"village","name":"Kondikoppa","taluk":"Shirhatti","district":"GADAG","village_code":"602070"},"geometry":{"type":"Polygon","coordinates":[[[75.44881194342922,15.059457633301408],[75.45560775514748,15.064285970128898],[75.46063911934083,15.07509767406674],[75.4478447075999,15.073384874826285],[75.44666395480392,15.06076875801824],[75.44871010412041,15.060731984699457],[75.44881194342922,15.059457633301408]]]}},{"type":"Feature","properties":{"type":"village","name":"Gumgol","taluk":"Mundargi","district":"GADAG","village_code":"602194"},"geometry":{"type":"Polygon","coordinates":[[[75.82259040579454,15.046289404375049],[75.81716379185934,15.046500409760448],[75.8122481315729,15.048487245081128],[75.81033768176322,15.045992368671945],[75.80621315427275,15.045823923304646],[75.80554041493964,15.041341069586938],[75.80787548401108,15.038603394605888],[75.80567296764801,15.034056856254786],[75.80571118198021,15.031047381035908],[75.80835410908941,15.024952352301106],[75.8134586680121,15.027308219806937],[75.82906274495876,15.027479330298606],[75.83328902192649,15.028691228592821],[75.83565516821518,15.03163341131152],[75.83668168656509,15.037083157763272],[75.83342217740443,15.037249767350259],[75.8319848118644,15.039951696094851],[75.82633530704258,15.039403715812417],[75.82402831481535,15.042231878247911],[75.82259040579454,15.046289404375049]]]}},{"type":"Feature","properties":{"type":"village","name":"Bidarahalli","taluk":"Mundargi","district":"GADAG","village_code":"602192"},"geometry":{"type":"Polygon","coordinates":[[[75.76341974796043,15.053361588049231],[75.75503475002924,15.054559180167626],[75.7535478253333,15.052579155758046],[75.74552021674805,15.05519497135983],[75.74557516130409,15.036912004655578],[75.74867160378277,15.019979844224043],[75.75076964428165,15.016151916956208],[75.75599581802587,15.01575716539122],[75.77160655059045,15.010017110056427],[75.78577672769744,15.011586802739071],[75.78895280223279,15.010151133930519],[75.79029749217823,15.007575964123333],[75.79849174184199,15.013706422174112],[75.80570449671785,15.022872964648611],[75.80835410908941,15.024952352301106],[75.80571118198021,15.031047381035908],[75.80567296764801,15.034056856254786],[75.80787548401108,15.038603394605888],[75.80554041493964,15.041341069586938],[75.80621315427275,15.045823923304646],[75.80018227059539,15.04529321399359],[75.78460636212107,15.04152766824272],[75.76341974796043,15.053361588049231]]]}},{"type":"Feature","properties":{"type":"village","name":"Belaghatti","taluk":"Shirhatti","district":"GADAG","village_code":"602123"},"geometry":{"type":"Polygon","coordinates":[[[75.74552021674805,15.05519497135983],[75.74212045811365,15.055747905987317],[75.74129531240604,15.053380520128764],[75.73813022965648,15.050625678405451],[75.72754857417453,15.050630486091286],[75.71936979888987,15.048004042962756],[75.71641647061234,15.048384754089085],[75.71447240494642,15.041535090023253],[75.71227053626869,15.038716203718959],[75.70979597679994,15.038360105073997],[75.70944925135477,15.034352069343981],[75.71522484909976,15.03309827260882],[75.7215427256458,15.029087653245433],[75.73487854302533,15.025448705710808],[75.74867160378277,15.019979844224043],[75.74530288643302,15.03954208238722],[75.74552021674805,15.05519497135983]]]}},{"type":"Feature","properties":{"type":"village","name":"Budihal","taluk":"Shirhatti","district":"GADAG","village_code":"602116"},"geometry":{"type":"Polygon","coordinates":[[[75.59675091784104,15.022769191162013],[75.5973287923852,15.032321957826571],[75.59492450901944,15.034323417962378],[75.59533873118009,15.037572466182969],[75.6008974217166,15.04282854670037],[75.60865135675391,15.04570781183297],[75.61078203125045,15.048021584898553],[75.6076242715671,15.0506467682008],[75.6069408377905,15.052896971700656],[75.60350838586967,15.05461827231181],[75.6008292683326,15.054681300212929],[75.59857599985094,15.056799521657728],[75.58782400492653,15.05491879194585],[75.58926798386368,15.022266464959548],[75.59675091784104,15.022769191162013]]]}},{"type":"Feature","properties":{"type":"village","name":"Kokkargundi","taluk":"Shirhatti","district":"GADAG","village_code":"602117"},"geometry":{"type":"Polygon","coordinates":[[[75.62110544713937,15.05590306414633],[75.61527148315542,15.052988034804747],[75.60875124132869,15.05905172993719],[75.60840773275055,15.062865555348763],[75.60498424960952,15.0630504410248],[75.59857599985094,15.056799521657728],[75.6008292683326,15.054681300212929],[75.60350838586967,15.05461827231181],[75.6069408377905,15.052896971700656],[75.6076242715671,15.0506467682008],[75.61078203125045,15.048021584898553],[75.60865135675391,15.04570781183297],[75.6008974217166,15.04282854670037],[75.59533873118009,15.037572466182969],[75.59458037880712,15.03544859495112],[75.5973287923852,15.032321957826571],[75.59675091784104,15.022769191162013],[75.61322147467644,15.011266088872562],[75.61912704337168,15.030276884610922],[75.62101541887989,15.030593301421966],[75.61389725660345,15.042567706593088],[75.61266085497226,15.047005055052228],[75.61822442515736,15.050322126003264],[75.62110544713937,15.05590306414633]]]}},{"type":"Feature","properties":{"type":"village","name":"Konchigeri","taluk":"Shirhatti","district":"GADAG","village_code":"602118"},"geometry":{"type":"Polygon","coordinates":[[[75.664248308877,15.059676701728344],[75.65659206383019,15.059945479857374],[75.6484794189235,15.058631418031114],[75.64947626142798,15.065189469798181],[75.6425402981524,15.061062953881903],[75.63965547899167,15.05824338816192],[75.63670174377732,15.058306825303125],[75.63457093363519,15.056743348305446],[75.63264574516664,15.05849672716832],[75.62989625900013,15.056680248146552],[75.62618943733702,15.057931905790642],[75.62220735300623,15.056074601044509],[75.61822442515736,15.050322126003264],[75.613693666919,15.047881682259714],[75.61280026811447,15.046069611684004],[75.61815126007241,15.034434161929273],[75.62101541887989,15.030593301421966],[75.62273151458461,15.030380914722063],[75.62468529103876,15.032048385341362],[75.63548038084231,15.033304532422695],[75.65780849860758,15.03085811667944],[75.65755166936951,15.040094466830057],[75.66606842589836,15.041530243093064],[75.6666209850195,15.050038922176897],[75.664248308877,15.059676701728344]]]}},{"type":"Feature","properties":{"type":"village","name":"Bijjur","taluk":"Shirhatti","district":"GADAG","village_code":"602127"},"geometry":{"type":"Polygon","coordinates":[[[75.65780849860758,15.03085811667944],[75.63548038084231,15.033304532422695],[75.62468529103876,15.032048385341362],[75.62273151458461,15.030380914722063],[75.62541487127147,15.029526995777731],[75.62777690686944,15.027290171226971],[75.63465508331943,15.026097104042934],[75.64468851225483,15.017578771048777],[75.65273211444541,15.012440193016603],[75.65548751062822,15.01851762940052],[75.65780849860758,15.03085811667944]]]}},{"type":"Feature","properties":{"type":"village","name":"Alagilawad","taluk":"Shirhatti","district":"GADAG","village_code":"602125"},"geometry":{"type":"Polygon","coordinates":[[[75.68830968106721,15.023771179121582],[75.68692719001461,15.030192720372217],[75.68768969619745,15.038353369415098],[75.6867299056052,15.043984044002867],[75.67493417432179,15.04315526763748],[75.65755166936951,15.040094466830057],[75.65780849860758,15.03085811667944],[75.66970611770877,15.032609548213463],[75.67052744198315,15.02847471113768],[75.67382971903616,15.028862661586222],[75.68530200920657,15.026442565576433],[75.68659845333303,15.024273225914527],[75.68830968106721,15.023771179121582]]]}},{"type":"Feature","properties":{"type":"village","name":"Chikkasavanur","taluk":"Shirhatti","district":"GADAG","village_code":"602115"},"geometry":{"type":"Polygon","coordinates":[[[75.6211122967934,15.088460522652912],[75.6210959447603,15.098433307099999],[75.61246489467952,15.092775420785255],[75.6125979522411,15.08310528878886],[75.61060621208475,15.079544419300877],[75.60786155795614,15.079042593804273],[75.60758443397918,15.063303797732958],[75.60840773275055,15.062865555348763],[75.60875124132869,15.05905172993719],[75.61527148315542,15.052988034804747],[75.6193928503727,15.054551663417408],[75.62151920037945,15.057303689735013],[75.62337061470528,15.057864100822954],[75.62462302521315,15.062852833322154],[75.62396747873625,15.064267200363528],[75.6276293397194,15.068053944020654],[75.63204883262665,15.069563183009071],[75.62747582212891,15.085979844160859],[75.62454547904457,15.087900232053048],[75.6211122967934,15.088460522652912]]]}},{"type":"Feature","properties":{"type":"village","name":"Amarapur","taluk":"Shirhatti","district":"GADAG","village_code":"602086"},"geometry":{"type":"Polygon","coordinates":[[[75.58076937869346,15.092459250755013],[75.58043912206242,15.094465451867725],[75.57226980513937,15.095466725253857],[75.57172077190572,15.097463871876622],[75.56851025057243,15.097624557319993],[75.56710582625391,15.09367150522208],[75.56394695535451,15.093422098930183],[75.56140698595667,15.090041311983368],[75.54402631985575,15.083363159677527],[75.54544630569,15.077315048584076],[75.54958760293016,15.073363344905335],[75.57353651772489,15.07453755816384],[75.57356302790724,15.078078910249367],[75.57713113621575,15.082765715763877],[75.5780244326124,15.087456353127248],[75.58076937869346,15.092459250755013]]]}},{"type":"Feature","properties":{"type":"village","name":"Gangapur","taluk":"Mundargi","district":"GADAG","village_code":"602188"},"geometry":{"type":"Polygon","coordinates":[[[75.88857736502024,15.096915083019708],[75.88493118502869,15.105631886045694],[75.88575001018997,15.109802664652033],[75.8733959948221,15.103255055670722],[75.85889811589274,15.101794675386623],[75.84486111761989,15.098544114853235],[75.83822492215461,15.092944262655195],[75.83826729119498,15.08985801098014],[75.83647242401963,15.087968835816866],[75.84179833681152,15.084142370166001],[75.84782583204364,15.084378268635996],[75.84924937161314,15.080754368213764],[75.85343986419153,15.08009967423094],[75.86515499413603,15.08298361787037],[75.87498212676309,15.083969114225242],[75.88857736502024,15.096915083019708]]]}},{"type":"Feature","properties":{"type":"village","name":"Bellatti","taluk":"Shirhatti","district":"GADAG","village_code":"602109"},"geometry":{"type":"Polygon","coordinates":[[[75.66143422216346,15.104454544588572],[75.65875399790198,15.103388463222753],[75.64047899156209,15.102829830355901],[75.64006608992491,15.106331903095574],[75.62852344909136,15.107330825733117],[75.62803784500159,15.100512100909423],[75.62099318198337,15.096535508174437],[75.62083799083152,15.089273795818054],[75.6211122967934,15.088460522652912],[75.62454547904457,15.087900232053048],[75.62747582212891,15.085979844160859],[75.63204883262665,15.069563183009071],[75.6276293397194,15.068053944020654],[75.62417690118183,15.064542808152215],[75.62378471289843,15.05855094131565],[75.62151920037945,15.057303689735013],[75.62124192099397,15.05537446796498],[75.62618943733702,15.057931905790642],[75.62989625900013,15.056680248146552],[75.63264574516664,15.05849672716832],[75.63457093363519,15.056743348305446],[75.63670174377732,15.058306825303125],[75.63965547899167,15.05824338816192],[75.6425402981524,15.061062953881903],[75.64947626142798,15.065189469798181],[75.6482112358786,15.076290754015297],[75.64937910773169,15.076918718866327],[75.66936557177448,15.081425726785156],[75.67555108785162,15.081926044368215],[75.67115216905931,15.092157387744342],[75.66950046908575,15.09165611242412],[75.66143422216346,15.104454544588572]]]}},{"type":"Feature","properties":{"type":"village","name":"Pethaban","taluk":"Shirhatti","district":"GADAG","village_code":"602068"},"geometry":{"type":"Polygon","coordinates":[[[75.46990405841528,15.111237247172502],[75.46906805656748,15.111809459869205],[75.46818359061008,15.11038642960373],[75.46740232401088,15.110671419400212],[75.46798896162065,15.11199965216988],[75.46612894682428,15.113143640019633],[75.46642269592218,15.115045942322528],[75.46237133261833,15.111432505605745],[75.46128716219017,15.102521904994058],[75.4588126081113,15.1021747898261],[75.45836219013289,15.104176776972182],[75.45607828999833,15.10377990499916],[75.4567649074043,15.099188679166229],[75.45390343635614,15.09355116475829],[75.4600318366492,15.091966474262422],[75.47007955598413,15.09573585365194],[75.46990405841528,15.111237247172502]]]}},{"type":"Feature","properties":{"type":"village","name":"Kondikoppa","taluk":"Shirhatti","district":"GADAG","village_code":"602070"},"geometry":{"type":"Polygon","coordinates":[[[75.53395017872356,15.119619857961847],[75.52195459295069,15.119072617147243],[75.52011296666821,15.120207756801172],[75.51858628972428,15.117819290227093],[75.51549684961324,15.11781778298831],[75.51494839938621,15.115630450810762],[75.51577212665396,15.114817529229455],[75.51488380422906,15.113628629818129],[75.51659624289223,15.112689639317976],[75.51522529698768,15.106688010275313],[75.52806645166609,15.105690955325889],[75.53513786381855,15.107573743268834],[75.53395017872356,15.119619857961847]]]}},{"type":"Feature","properties":{"type":"village","name":" ","taluk":"Shirhatti","district":"GADAG","village_code":" "},"geometry":{"type":"Polygon","coordinates":[[[75.44760676813563,15.080455590325053],[75.4416470157574,15.078303092706564],[75.44063412125709,15.081416837929654],[75.43532281058017,15.080943766051433],[75.43130230799962,15.072105982812445],[75.43435194825203,15.067871119366874],[75.43525695059513,15.061296063046864],[75.44666395480392,15.06076875801824],[75.4478447075999,15.073384874826285],[75.45069566296934,15.073957781917946],[75.44760676813563,15.080455590325053]]]}},{"type":"Feature","properties":{"type":"village","name":" ","taluk":"Shirhatti","district":"GADAG","village_code":" "},"geometry":{"type":"Polygon","coordinates":[[[75.4600318366492,15.091966474262422],[75.45390343635614,15.09355116475829],[75.44717819808325,15.082883540894331],[75.44799064700261,15.078581348659977],[75.45069566296934,15.073957781917946],[75.46520842608464,15.075710363225781],[75.46335003903557,15.085498912897245],[75.4619129888042,15.085653046698331],[75.4600318366492,15.091966474262422]]]}},{"type":"Feature","properties":{"type":"village","name":" ","taluk":"Shirhatti","district":"GADAG","village_code":" "},"geometry":{"type":"Polygon","coordinates":[[[75.61857413839914,15.096905939822513],[75.61582921118271,15.096969010702276],[75.6139085160872,15.100470921656749],[75.60392573237088,15.101076065062376],[75.60388255394842,15.09974261217473],[75.6017562290945,15.098427339172714],[75.59983024022708,15.09873897993153],[75.59969538872986,15.09980536738229],[75.59667570729218,15.09700335275375],[75.59687991322087,15.092502652791696],[75.59571220396286,15.092312700621907],[75.59701418260977,15.08656052090126],[75.60154505762912,15.085124165330114],[75.6047736126417,15.085246546257858],[75.60791182678112,15.079042568650118],[75.61060621208475,15.079544419300877],[75.6125979522411,15.08310528878886],[75.61246489467952,15.092775420785255],[75.61589846410459,15.094339129067071],[75.61857413839914,15.096905939822513]]]}},{"type":"Feature","properties":{"type":"village","name":" ","taluk":"Shirhatti","district":"GADAG","village_code":" "},"geometry":{"type":"Polygon","coordinates":[[[75.48150636984158,15.093896287034108],[75.47858323394075,15.0989495699043],[75.4600318366492,15.091966474262422],[75.4619129888042,15.085653046698331],[75.46335003903557,15.085498912897245],[75.46520842608464,15.075710363225781],[75.47901275890227,15.076291831320615],[75.47946982261716,15.08558720385387],[75.48237684184345,15.086078409613082],[75.48150636984158,15.093896287034108]]]}},{"type":"Feature","properties":{"type":"village","name":"Sankadal","taluk":"Shirhatti","district":"GADAG","village_code":"602072"},"geometry":{"type":"Polygon","coordinates":[[[75.56495962797092,15.138320721683199],[75.55391754817663,15.13835776685815],[75.54443853158682,15.14141359036577],[75.54130717608462,15.139302221089759],[75.54010909388846,15.13481797968336],[75.54506349491987,15.130198362303034],[75.56234018192495,15.129616692358711],[75.56522040081308,15.13162835479459],[75.56495962797092,15.138320721683199]]]}},{"type":"Feature","properties":{"type":"village","name":"Nave Bhavanur","taluk":"Shirhatti","district":"GADAG","village_code":"602105"},"geometry":{"type":"Polygon","coordinates":[[[75.705799383779,15.14411814636915],[75.70247128105986,15.146432835967145],[75.69828078398987,15.142245310682696],[75.69758989329814,15.13849493566471],[75.69326280289764,15.139246321892344],[75.68894106286297,15.14124933430654],[75.68878066327909,15.142501078025257],[75.67489080994811,15.142191539322955],[75.67486872756179,15.129739012079554],[75.6781540471172,15.124388608394385],[75.6852705259508,15.125362482054925],[75.6855092676106,15.127969742861747],[75.69015775815176,15.128320951417768],[75.705799383779,15.14411814636915]]]}},{"type":"Feature","properties":{"type":"village","name":"Virapapur","taluk":"Mundargi","district":"GADAG","village_code":"602178"},"geometry":{"type":"Polygon","coordinates":[[[75.83636971514163,15.140105958590334],[75.83257484061436,15.14250455866494],[75.83120124467972,15.147274533423353],[75.82676545094331,15.150171745253566],[75.8142840131457,15.147881997141619],[75.81828734263297,15.139265955637315],[75.81886533036487,15.134860307319881],[75.82070302292473,15.134137800147684],[75.836253781266,15.138045398680829],[75.83636971514163,15.140105958590334]]]}},{"type":"Feature","properties":{"type":"village","name":"Devihal","taluk":"Shirhatti","district":"GADAG","village_code":"602108"},"geometry":{"type":"Polygon","coordinates":[[[75.62803784500159,15.100512100909423],[75.62905421867698,15.126128782864498],[75.6372990596609,15.141013259734079],[75.63203860620546,15.147486511115806],[75.62768595514187,15.143205028868547],[75.60806180860264,15.136114262750052],[75.60170161242358,15.140885343118914],[75.60163944271768,15.128495040076418],[75.60326655939517,15.118752791918386],[75.60392573237088,15.101076065062376],[75.6139085160872,15.100470921656749],[75.61582921118271,15.096969010702276],[75.61857413839914,15.096905939822513],[75.6210959447603,15.098433307099999],[75.62099318198337,15.096535508174437],[75.62803784500159,15.100512100909423]]]}},{"type":"Feature","properties":{"type":"village","name":"Bagewadi","taluk":"Mundargi","district":"GADAG","village_code":"602168"},"geometry":{"type":"Polygon","coordinates":[[[75.81171357289341,15.125215381425512],[75.80176671370363,15.129256495036081],[75.79981628257559,15.132992845090056],[75.80042029270464,15.135112314057713],[75.80556921223268,15.13750438125276],[75.80734158918656,15.139336101039474],[75.80746543362658,15.143090162905649],[75.80486616374188,15.153229295389137],[75.79337558207568,15.151354580704398],[75.79013279595235,15.151633494348848],[75.77847319985871,15.143386498371765],[75.76986215795428,15.143215287789985],[75.76485690598962,15.133402715791977],[75.74910016934359,15.129097325965919],[75.73270341539695,15.126692164679744],[75.74910028971784,15.110655761973902],[75.75609868321072,15.106198851240938],[75.76154791582647,15.100660634095295],[75.76665104642788,15.100413280229825],[75.76909626512283,15.09870632159797],[75.77484288681,15.097750772355186],[75.77644591336653,15.096162592758924],[75.7865836986902,15.105608806967753],[75.7863121909804,15.10972529041218],[75.78502320556575,15.111075886035211],[75.79090551687831,15.11538904368422],[75.79309949385629,15.11933480213747],[75.80257364427217,15.122966715313362],[75.81171357289341,15.125215381425512]]]}},{"type":"Feature","properties":{"type":"village","name":"Bastiban","taluk":"Shirhatti","district":"GADAG","village_code":"602067"},"geometry":{"type":"Polygon","coordinates":[[[75.49913221762455,15.136944487238562],[75.49704147503903,15.15257371520891],[75.49235155329862,15.151835097317687],[75.48516410396431,15.152552532352388],[75.48389952397928,15.154193508118496],[75.4819318209433,15.154728774070744],[75.48197284071409,15.162323573885748],[75.47644088943035,15.162104653027095],[75.47577200476812,15.158882243140178],[75.47681516261204,15.155115307034778],[75.47554145574371,15.14804455286956],[75.47798470443323,15.148565530693359],[75.48200689943978,15.146548635726203],[75.48563530716177,15.14610859769204],[75.48588812542204,15.140062383327756],[75.47644894911507,15.139637395711677],[75.47629054918104,15.129477120055423],[75.4784666874141,15.127336509933828],[75.48728316863412,15.13018377814732],[75.48818782243086,15.130529311716158],[75.48799603301602,15.133269201380458],[75.49014248372559,15.135925659026203],[75.49913221762455,15.136944487238562]]]}},{"type":"Feature","properties":{"type":"village","name":"Battur","taluk":"Shirhatti","district":"GADAG","village_code":"602066"},"geometry":{"type":"Polygon","coordinates":[[[75.54861048742931,15.159765640602666],[75.54365448470179,15.158073830654295],[75.54152739717819,15.160761639943496],[75.53814932387475,15.158021975186854],[75.53370072734891,15.156339239033302],[75.52509212616714,15.15401281871397],[75.51695771777602,15.153850798222962],[75.51419882984177,15.151328000965002],[75.5045574939683,15.149162921100729],[75.5092196748344,15.133811781843105],[75.52400318927803,15.13358320859918],[75.52627610481329,15.12326347957625],[75.53012392334847,15.12351819623822],[75.52775405533954,15.131063446004557],[75.53100642289368,15.131543843039028],[75.53088035871662,15.133983920950955],[75.54010909388846,15.13481797968336],[75.54130717608462,15.139302221089759],[75.54443853158682,15.14141359036577],[75.54728002679799,15.155662200679116],[75.54891339305493,15.15599711615192],[75.54861048742931,15.159765640602666]]]}},{"type":"Feature","properties":{"type":"village","name":" ","taluk":"Mundargi","district":"GADAG","village_code":" "},"geometry":{"type":"Polygon","coordinates":[[[75.92393100769281,15.18133850710229],[75.91730192957954,15.188777550639058],[75.91662852010322,15.195686813829338],[75.90560922068622,15.193293497723593],[75.9056871558253,15.18457238676337],[75.89871238892272,15.185833825690642],[75.89146279773027,15.18487192209155],[75.89346376987282,15.186900653631598],[75.89180748220312,15.190045743827184],[75.88738690682595,15.188839539963224],[75.88660026560636,15.182784433669955],[75.89087639188584,15.182996661853556],[75.89481697315219,15.177524243908078],[75.90521626344494,15.177835027898055],[75.91417747134207,15.176600142893582],[75.91537305891664,15.17551545234262],[75.92393100769281,15.18133850710229]]]}},{"type":"Feature","properties":{"type":"village","name":" ","taluk":"Shirhatti","district":"GADAG","village_code":" "},"geometry":{"type":"Polygon","coordinates":[[[75.46380054055729,15.140038719212836],[75.4577280379328,15.148600986415598],[75.44770607419537,15.15925942511516],[75.43908912137638,15.172804608047532],[75.43874871737584,15.185841231154116],[75.43371869706215,15.18545845192555],[75.43416345295934,15.178259994247076],[75.4333206373901,15.176014397353553],[75.4316032247552,15.174053648136429],[75.42937915780846,15.173670147874502],[75.42908552638987,15.171840029349786],[75.42106060107234,15.168318099376469],[75.42540831230018,15.164818729016252],[75.42688706771695,15.161655297119635],[75.43188691631516,15.155653258574985],[75.43599887188321,15.15315787998138],[75.43664803942329,15.145746962130307],[75.44212364927074,15.1456822539099],[75.44308371923906,15.136468203201723],[75.43923960086455,15.13107843333461],[75.4462255670638,15.127690256057159],[75.44789136070585,15.129146414410863],[75.44701268978037,15.130814133959722],[75.44901789119129,15.131382884112671],[75.44872499010297,15.13200204815687],[75.45156219855363,15.130857905371483],[75.45254400236193,15.131621254410556],[75.454990343951,15.13023764794472],[75.45528453412173,15.133143141887889],[75.46297408510603,15.133235309187183],[75.46505884670837,15.135023961325453],[75.46300461165599,15.139688048630045],[75.46380054055729,15.140038719212836]]]}},{"type":"Feature","properties":{"type":"village","name":"Guddadbudihal","taluk":"Mundargi","district":"GADAG","village_code":"602162"},"geometry":{"type":"Polygon","coordinates":[[[75.71651949929063,15.166590288708516],[75.71555565370313,15.165763702407142],[75.71443049135192,15.16735472356916],[75.7090065705659,15.164026474781831],[75.6911480501412,15.160344821641173],[75.68874110596556,15.158465690789033],[75.68352377703366,15.15731928838982],[75.68708701916829,15.146062302672512],[75.68907776938121,15.144376278679413],[75.68894106286297,15.14124933430654],[75.69758989329814,15.13849493566471],[75.69828078398987,15.142245310682696],[75.70247128105986,15.146432835967145],[75.71559829403473,15.136896903367772],[75.71573681694647,15.137602974800847],[75.71967382381635,15.138175280222512],[75.72283547140825,15.141237686147313],[75.72901554459308,15.141921855079824],[75.72791512274308,15.138858639602155],[75.73031686387658,15.13979754192929],[75.73230721703415,15.138106583431808],[75.74909998518896,15.147076741377349],[75.74622665098916,15.14662412877264],[75.74576129941745,15.147711223747677],[75.74279387028491,15.148397646163877],[75.74006280856489,15.152193079850822],[75.73583679031194,15.15538361576382],[75.73312858981758,15.155441737340244],[75.73379988555801,15.160618957253602],[75.73161053400547,15.160707537740535],[75.73010778279084,15.162054932345487],[75.72457718616656,15.160798871074183],[75.7198932984099,15.161577959159036],[75.71651949929063,15.166590288708516]]]}},{"type":"Feature","properties":{"type":"village","name":" ","taluk":"Shirhatti","district":"GADAG","village_code":" "},"geometry":{"type":"Polygon","coordinates":[[[75.60154579873922,15.131454627718533],[75.58389779311145,15.132685169903748],[75.58596256899537,15.114434903358775],[75.58115637830777,15.113995608635609],[75.58108652441294,15.111934997820855],[75.57926160230313,15.111918899057471],[75.57909504386967,15.107117633591939],[75.59571375355672,15.106433839732267],[75.5962624059047,15.103243660405923],[75.59935158460603,15.102932304657564],[75.59983024022708,15.09873897993153],[75.6017562290945,15.098427339172714],[75.60388255394842,15.09974261217473],[75.60326655939517,15.118752791918386],[75.60154579873922,15.131454627718533]]]}},{"type":"Feature","properties":{"type":"village","name":" ","taluk":"Shirhatti","district":"GADAG","village_code":" "},"geometry":{"type":"Polygon","coordinates":[[[75.53012392334847,15.12351819623822],[75.52627610481329,15.12326347957625],[75.52400318927803,15.13358320859918],[75.5092196748344,15.133811781843105],[75.50814735677805,15.127090960569442],[75.5087664298578,15.126133350364741],[75.52195459295069,15.119072617147243],[75.53395017872356,15.119619857961847],[75.53286941380858,15.122077924639198],[75.53039865780674,15.122641756893707],[75.53012392334847,15.12351819623822]]]}},{"type":"Feature","properties":{"type":"village","name":"Bhavanur","taluk":"Shirhatti","district":"GADAG","village_code":"602112"},"geometry":{"type":"Polygon","coordinates":[[[75.71559829403473,15.136896903367772],[75.705799383779,15.14411814636915],[75.69015775815176,15.128320951417768],[75.69340312962647,15.120994153092221],[75.69831992179019,15.121816149762045],[75.70059020077008,15.12125055227011],[75.70367760529871,15.117996041218706],[75.70883192370162,15.116489578841497],[75.71263325082758,15.12359615167542],[75.71559829403473,15.136896903367772]]]}},{"type":"Feature","properties":{"type":"village","name":" ","taluk":"Mundargi","district":"GADAG","village_code":" "},"geometry":{"type":"Polygon","coordinates":[[[75.82461525695398,15.153813273663703],[75.81968854110131,15.153337598985836],[75.81928353385888,15.154286391997054],[75.80486616374188,15.153229295389137],[75.80746543362658,15.143090162905649],[75.80734158918656,15.139336101039474],[75.80556921223268,15.13750438125276],[75.80042029270464,15.135112314057713],[75.79981628257559,15.132992845090056],[75.80176671370363,15.129256495036081],[75.80344638272354,15.128253851384859],[75.81436977800081,15.124917896652756],[75.8178033492225,15.122849317411132],[75.82198215561735,15.11655127888026],[75.82416121607002,15.107930038296331],[75.82677150918161,15.10395864075394],[75.84834803259979,15.110202918073353],[75.85656197602948,15.114641275986024],[75.86012952917915,15.117642048237835],[75.86916277387724,15.121966995624312],[75.8667903600428,15.123168891909549],[75.8614683306679,15.129598674138832],[75.85762118407256,15.130655797678898],[75.85615551531288,15.134446832060888],[75.85064719960258,15.137848793804354],[75.84880924203968,15.140717950232425],[75.84708327744328,15.140912037763876],[75.845249453029,15.143029372401267],[75.83636971514163,15.140105958590334],[75.836253781266,15.138045398680829],[75.82070302292473,15.134137800147684],[75.81886533036487,15.134860307319881],[75.81828734263297,15.139265955637315],[75.8142840131457,15.147881997141619],[75.82676545094331,15.150171745253566],[75.82461525695398,15.153813273663703]]]}},{"type":"Feature","properties":{"type":"village","name":" ","taluk":"Mundargi","district":"GADAG","village_code":" "},"geometry":{"type":"Polygon","coordinates":[[[75.90231642085945,15.131694714930774],[75.90044742291025,15.140777522212748],[75.89547010585596,15.14540066171382],[75.894735028832,15.144659649826302],[75.89413974583591,15.146873829746337],[75.89205090498388,15.147343903581453],[75.89246038134488,15.149088111366034],[75.89063250916769,15.155229170204114],[75.88648667543532,15.158202537176997],[75.877494122623,15.15611070832104],[75.86049601217067,15.155673681566801],[75.85965225696367,15.15411263322177],[75.85988066170947,15.147700595657971],[75.845249453029,15.143029372401267],[75.84708327744328,15.140912037763876],[75.84880924203968,15.140717950232425],[75.85064719960258,15.137848793804354],[75.85615551531288,15.134446832060888],[75.85762118407256,15.130655797678898],[75.8614683306679,15.129598674138832],[75.8667903600428,15.123168891909549],[75.86916277387724,15.121966995624312],[75.8715629142129,15.123675198891359],[75.87375390159761,15.127430272780721],[75.87733112061974,15.127882216179767],[75.88029897735036,15.130575330901292],[75.89045374712109,15.126142156699276],[75.90141829871311,15.128721484675765],[75.90231642085945,15.131694714930774]]]}},{"type":"Feature","properties":{"type":"village","name":"Kelur","taluk":"Mundargi","district":"GADAG","village_code":"602165"},"geometry":{"type":"Polygon","coordinates":[[[75.7880027188355,15.16114453588482],[75.77516180310893,15.170768420936254],[75.76856384623036,15.171434062669567],[75.77317571335568,15.164812947636642],[75.7742510569379,15.158647485358005],[75.77163619589312,15.155230001727007],[75.7708879019564,15.150334282747961],[75.77110401325757,15.147022305307033],[75.77274632942967,15.143541687893045],[75.77847319985871,15.143386498371765],[75.79013279595235,15.151633494348848],[75.79337558207568,15.151354580704398],[75.80486616374188,15.153229295389137],[75.7983953831547,15.155174578423804],[75.79381280470086,15.160164340381916],[75.7880027188355,15.16114453588482]]]}},{"type":"Feature","properties":{"type":"village","name":"Mustik0Ppa","taluk":"Mundargi","district":"GADAG","village_code":"602169"},"geometry":{"type":"Polygon","coordinates":[[[75.81968854110131,15.153337598985836],[75.82699710130227,15.154482594023456],[75.82702481163383,15.15539537933217],[75.8246714744228,15.1714272679404],[75.82148870115033,15.172592314134244],[75.82010629723432,15.174584723045031],[75.81264784055183,15.174415417361889],[75.80553944835239,15.171069384729806],[75.79631843240374,15.169059983835742],[75.7880027188355,15.16114453588482],[75.79381280470086,15.160164340381916],[75.7983953831547,15.155174578423804],[75.80486616374188,15.153229295389137],[75.81928353385888,15.154286391997054],[75.81968854110131,15.153337598985836]]]}},{"type":"Feature","properties":{"type":"village","name":"Bennihalli","taluk":"Mundargi","district":"GADAG","village_code":"602182"},"geometry":{"type":"Polygon","coordinates":[[[75.88648667543532,15.158202537176997],[75.88645033858207,15.163195870995827],[75.89231277197402,15.165585965589655],[75.89507665813456,15.168089192319234],[75.89567277117392,15.17331274184419],[75.89481697315219,15.177524243908078],[75.85952505821436,15.174121454120266],[75.86067467091101,15.16921426669813],[75.86222410128275,15.16770964005327],[75.86406262029267,15.155332989145574],[75.877494122623,15.15611070832104],[75.88648667543532,15.158202537176997]]]}},{"type":"Feature","properties":{"type":"village","name":"Tegginabhavanur","taluk":"Shirhatti","district":"GADAG","village_code":"602104"},"geometry":{"type":"Polygon","coordinates":[[[75.68352377703366,15.15731928838982],[75.67464489524076,15.157795743140857],[75.67416605187181,15.158794474322226],[75.6644168436041,15.15936110305145],[75.664991463552,15.153604149798184],[75.66918247625495,15.149663098016072],[75.67501617433757,15.146037955078006],[75.67489080994811,15.142191539322955],[75.68878066327909,15.142501078025257],[75.68907776938121,15.144376278679413],[75.68708701916829,15.146062302672512],[75.68352377703366,15.15731928838982]]]}},{"type":"Feature","properties":{"type":"village","name":"Muradi","taluk":"Mundargi","district":"GADAG","village_code":"602163"},"geometry":{"type":"Polygon","coordinates":[[[75.76986215795428,15.143215287789985],[75.76522870431266,15.143018742342251],[75.76430907919338,15.149064315594012],[75.7655405517686,15.151627007666557],[75.76441671712735,15.156610634703213],[75.76344298827513,15.159217404093422],[75.75893768919025,15.162364591120802],[75.75478500670215,15.15055955769994],[75.74268310980703,15.143040505390989],[75.73230721703415,15.138106583431808],[75.73031686387658,15.13979754192929],[75.72791512274308,15.138858639602155],[75.72901554459308,15.141921855079824],[75.72283547140825,15.141237686147313],[75.71967382381635,15.138175280222512],[75.71573681694647,15.137602974800847],[75.71559829403473,15.136896903367772],[75.726560760637,15.132103740921302],[75.73270341539695,15.126692164679744],[75.73794300188666,15.127100893341408],[75.75153596830445,15.12961797664893],[75.76485690598962,15.133402715791977],[75.76986215795428,15.143215287789985]]]}},{"type":"Feature","properties":{"type":"village","name":"Nagarahalli","taluk":"Mundargi","district":"GADAG","village_code":"602183"},"geometry":{"type":"Polygon","coordinates":[[[75.91537305891664,15.17551545234262],[75.91417747134207,15.176600142893582],[75.90521626344494,15.177835027898055],[75.89481697315219,15.177524243908078],[75.89567277117392,15.17331274184419],[75.89507665813456,15.168089192319234],[75.89231277197402,15.165585965589655],[75.88801840270776,15.164284790889962],[75.88611071701418,15.162359905617171],[75.88618501936627,15.15864103877551],[75.88980908463219,15.156209771824411],[75.89141400393899,15.153597898154862],[75.89205090498388,15.147343903581453],[75.89413974583591,15.146873829746337],[75.894735028832,15.144659649826302],[75.89547010585596,15.14540066171382],[75.90044742291025,15.140777522212748],[75.90231642085945,15.131694714930774],[75.90684771090044,15.13389030408539],[75.91036460715293,15.13435075613881],[75.90961777297855,15.147848250359143],[75.91365410656935,15.163667680787839],[75.91537305891664,15.17551545234262]]]}},{"type":"Feature","properties":{"type":"village","name":"Kakkur","taluk":"Mundargi","district":"GADAG","village_code":"602186"},"geometry":{"type":"Polygon","coordinates":[[[75.92810905141803,15.141943487305095],[75.92668627272158,15.1453554374244],[75.92714025072347,15.15675151573179],[75.92564837541197,15.163425978132155],[75.92393100769281,15.18133850710229],[75.91537305891664,15.17551545234262],[75.91365410656935,15.163667680787839],[75.90961777297855,15.147848250359143],[75.91036460715293,15.13435075613881],[75.91591463793009,15.135425380283861],[75.92424297282805,15.141284620429568],[75.92810905141803,15.141943487305095]]]}},{"type":"Feature","properties":{"type":"village","name":"Kusalapur","taluk":"Shirhatti","district":"GADAG","village_code":"602100"},"geometry":{"type":"Polygon","coordinates":[[[75.69399979243482,15.160954118922522],[75.69218391366498,15.16522026313149],[75.68771596113976,15.164597854711637],[75.68716899492956,15.168619703917864],[75.68257240006234,15.171499238130593],[75.68325824401882,15.174626013604371],[75.67398970270008,15.179318535773046],[75.67385564800855,15.181257104206045],[75.66347391169475,15.185740269054872],[75.66215921020846,15.179935171015925],[75.66181122442696,15.17130446858429],[75.6644168436041,15.15936110305145],[75.67416605187181,15.158794474322226],[75.67464489524076,15.157795743140857],[75.6859949327858,15.157445167009753],[75.68586040019056,15.158321840354123],[75.68874110596556,15.158465690789033],[75.6911480501412,15.160344821641173],[75.69399979243482,15.160954118922522]]]}},{"type":"Feature","properties":{"type":"village","name":"Maktumpur","taluk":"Mundargi","district":"GADAG","village_code":"602175"},"geometry":{"type":"Polygon","coordinates":[[[75.89180748220312,15.190045743827184],[75.88858780793542,15.194686618611067],[75.88877404666013,15.197212637089098],[75.87730365103667,15.195983786413228],[75.87662421925468,15.198880274896888],[75.87482803155588,15.200642502855137],[75.86273460577385,15.188283339788695],[75.85952410689849,15.186986213075217],[75.86055723595055,15.185314380588384],[75.86159091387327,15.174794967119732],[75.89481697315219,15.177524243908078],[75.89087639188584,15.182996661853556],[75.88660026560636,15.182784433669955],[75.88738690682595,15.188839539963224],[75.89180748220312,15.190045743827184]]]}},{"type":"Feature","properties":{"type":"village","name":"Basapur","taluk":"Mundargi","district":"GADAG","village_code":"602167"},"geometry":{"type":"Polygon","coordinates":[[[75.84747682308105,15.190279064029507],[75.84788089607562,15.195606663946414],[75.84985132819345,15.201769394982291],[75.84594465473582,15.19903609897633],[75.83699151909983,15.199174722928106],[75.83475359114827,15.197506874191237],[75.82943459628241,15.198865938208899],[75.82964706311847,15.184663690708275],[75.84206547960736,15.188267382941774],[75.84451276442742,15.190138529587934],[75.84747682308105,15.190279064029507]]]}},{"type":"Feature","properties":{"type":"village","name":"Shettikeri","taluk":"Shirhatti","district":"GADAG","village_code":"602064"},"geometry":{"type":"Polygon","coordinates":[[[75.55972693155945,15.179131981086641],[75.56350073789838,15.194361165268951],[75.54500473611712,15.19315369089941],[75.53501335193029,15.180813072329368],[75.53274680634873,15.181015434675585],[75.53526247721645,15.166769079851587],[75.53777588432966,15.164691442387317],[75.53884725735833,15.158695549024706],[75.54152739717819,15.160761639943496],[75.54365448470179,15.158073830654295],[75.54861048742931,15.159765640602666],[75.54874030836092,15.164035889933931],[75.55093684643577,15.164118000897892],[75.55528702174246,15.177372810815026],[75.55645044334163,15.178755929568819],[75.55972693155945,15.179131981086641]]]}},{"type":"Feature","properties":{"type":"village","name":"Tippapur","taluk":"Mundargi","district":"GADAG","village_code":"602177"},"geometry":{"type":"Polygon","coordinates":[[[75.85999641592205,15.155341783860917],[75.85781413411075,15.159245769844727],[75.85552045581433,15.158685200679656],[75.85041179877732,15.16114279485126],[75.84771337195323,15.160808039260779],[75.84369322869878,15.163035190181562],[75.84288903709351,15.158349214308837],[75.84369458515488,15.154277918923292],[75.8433515490906,15.14585494612388],[75.845249453029,15.143029372401267],[75.85988066170947,15.147700595657971],[75.85999641592205,15.155341783860917]]]}},{"type":"Feature","properties":{"type":"village","name":"Machenahalli","taluk":"Shirhatti","district":"GADAG","village_code":"602106"},"geometry":{"type":"Polygon","coordinates":[[[75.66451327415658,15.15622966585057],[75.66147075035786,15.158512044655922],[75.64863363001336,15.151893648209718],[75.65268056911444,15.14770439270501],[75.65436425719693,15.121283175047346],[75.65765825178303,15.109018950073335],[75.66151931058717,15.104303439098926],[75.6720668345799,15.10815353967409],[75.68065641393557,15.110027026111927],[75.68278771455785,15.110966359686746],[75.68299369016766,15.11334324679588],[75.68210315159894,15.118666451260411],[75.67452974559437,15.131112702225389],[75.67501617433757,15.146037955078006],[75.66602387664679,15.152162541104815],[75.66451327415658,15.15622966585057]]]}},{"type":"Feature","properties":{"type":"village","name":"Budihal","taluk":"Mundargi","district":"GADAG","village_code":"602176"},"geometry":{"type":"Polygon","coordinates":[[[75.86159091387327,15.174794967119732],[75.86055723595055,15.185314380588384],[75.85952410689849,15.186986213075217],[75.84723529125397,15.18648332771753],[75.84499797685174,15.180793953085617],[75.84522681458553,15.175046154665694],[75.84362344397428,15.162953883411221],[75.84771337195323,15.160808039260779],[75.85041179877732,15.16114279485126],[75.85552045581433,15.158685200679656],[75.85781413411075,15.159245769844727],[75.85999641592205,15.155341783860917],[75.86406262029267,15.155332989145574],[75.86222410128275,15.16770964005327],[75.85952525404709,15.172115204330755],[75.85952505821436,15.174121454120266],[75.86159091387327,15.174794967119732]]]}},{"type":"Feature","properties":{"type":"village","name":"Kalkeri","taluk":"Mundargi","district":"GADAG","village_code":"602170"},"geometry":{"type":"Polygon","coordinates":[[[75.84747682308105,15.190279064029507],[75.84451276442742,15.190138529587934],[75.84206547960736,15.188267382941774],[75.8316059168506,15.185039143912146],[75.82473941760097,15.184418167135869],[75.82485547724073,15.18061604858253],[75.82010629723432,15.174584723045031],[75.82148870115033,15.172592314134244],[75.8246714744228,15.1714272679404],[75.82702481163383,15.15539537933217],[75.82699710130227,15.154482594023456],[75.82461525695398,15.153813273663703],[75.82676545094331,15.150171745253566],[75.83193067579212,15.146274807047403],[75.83308966869697,15.141796426803468],[75.83636971514163,15.140105958590334],[75.845249453029,15.143029372401267],[75.8433515490906,15.14585494612388],[75.84369458515488,15.154277918923292],[75.84288903709351,15.158349214308837],[75.84522681458553,15.175046154665694],[75.84499797685174,15.180793953085617],[75.84723529125397,15.18648332771753],[75.84747682308105,15.190279064029507]]]}},{"type":"Feature","properties":{"type":"village","name":"Korlhalli","taluk":"Mundargi","district":"GADAG","village_code":"602187"},"geometry":{"type":"Polygon","coordinates":[[[75.90141829871311,15.128721484675765],[75.89045374712109,15.126142156699276],[75.88029897735036,15.130575330901292],[75.87733112061974,15.127882216179767],[75.87375390159761,15.127430272780721],[75.8715629142129,15.123675198891359],[75.86916277387724,15.121966995624312],[75.86012952917915,15.117642048237835],[75.85656197602948,15.114641275986024],[75.84834803259979,15.110202918073353],[75.82677150918161,15.10395864075394],[75.82949159977709,15.100166325900659],[75.82934047619682,15.098879202989345],[75.82390884876402,15.09887796361278],[75.82182746033556,15.097222623620526],[75.82669952538126,15.093321523820364],[75.83647242401963,15.087968835816866],[75.83826729119498,15.08985801098014],[75.83822492215461,15.092944262655195],[75.84486111761989,15.098544114853235],[75.85889811589274,15.101794675386623],[75.8733959948221,15.103255055670722],[75.88575001018997,15.109802664652033],[75.88831774830987,15.112604154766839],[75.90096150089957,15.121559387039607],[75.90141829871311,15.128721484675765]]]}},{"type":"Feature","properties":{"type":"village","name":" ","taluk":"Shirhatti","district":"GADAG","village_code":" "},"geometry":{"type":"Polygon","coordinates":[[[75.53526247721645,15.166769079851587],[75.52783523699007,15.165600077375597],[75.51081174643606,15.165343235093935],[75.50822393905435,15.166177888133644],[75.50529705897543,15.17207225123448],[75.50352966497643,15.161778611037713],[75.50335946477279,15.155750563873223],[75.50447836766314,15.149257810182439],[75.51419882984177,15.151328000965002],[75.51695771777602,15.153850798222962],[75.52509212616714,15.15401281871397],[75.53814932387475,15.158021975186854],[75.53884725735833,15.158695549024706],[75.53777588432966,15.164691442387317],[75.53526247721645,15.166769079851587]]]}},{"type":"Feature","properties":{"type":"village","name":"Desai Ban","taluk":"Shirhatti","district":"GADAG","village_code":"602059"},"geometry":{"type":"Polygon","coordinates":[[[75.44994226570347,15.207916534064124],[75.43319952832012,15.210017873067704],[75.43300873244199,15.1927292686156],[75.4285137181688,15.192608285707195],[75.42852692160683,15.189472325221583],[75.43026714875502,15.189268567417294],[75.43069874343496,15.184731656272525],[75.4339750448032,15.179025528693003],[75.43371869706215,15.18545845192555],[75.43874871737584,15.185841231154116],[75.43908912137638,15.172804608047532],[75.4410287098389,15.17063958941124],[75.44292551962931,15.165916951576015],[75.44966396223856,15.156827782029362],[75.4577280379328,15.148600986415598],[75.46380054055729,15.140038719212836],[75.46648505337592,15.141399339959959],[75.46609051869305,15.143396740809115],[75.4729930152327,15.140872471416928],[75.47284708840638,15.137112975713064],[75.47382426499269,15.137587021932749],[75.47480453807174,15.134830172769895],[75.47480232641952,15.130071898613846],[75.47629054918104,15.129477120055423],[75.47644894911507,15.139637395711677],[75.48585069891237,15.139800354918666],[75.48563530716177,15.14610859769204],[75.48200689943978,15.146548635726203],[75.47798470443323,15.148565530693359],[75.47554145574371,15.14804455286956],[75.47681516261204,15.155115307034778],[75.47577200476812,15.158882243140178],[75.47654347883244,15.162515762717641],[75.48284936197113,15.175165387646782],[75.4760116510314,15.179248918614242],[75.47679992987975,15.183369682738794],[75.4693758418417,15.188094886627164],[75.46787275914875,15.198438823571026],[75.46421066999352,15.198616474653901],[75.46416071288394,15.201481406251574],[75.46276488903588,15.202096476163934],[75.45762251822627,15.200905412873146],[75.45239685292852,15.20106987222838],[75.44994226570347,15.207916534064124]]]}},{"type":"Feature","properties":{"type":"village","name":"Harogeri","taluk":"Mundargi","district":"GADAG","village_code":"602166"},"geometry":{"type":"Polygon","coordinates":[[[75.81783299183026,15.20158334906432],[75.8091584947308,15.203275399936159],[75.80562225325865,15.202031601421897],[75.79259750180076,15.201507367661371],[75.78752644644489,15.198852887990293],[75.77891895558079,15.196187757926353],[75.77119925713558,15.195876934205828],[75.7651186561988,15.193533334407332],[75.75554677087658,15.185620579094257],[75.76357244628734,15.178440022229227],[75.76856384623036,15.171434062669567],[75.77516180310893,15.170768420936254],[75.7880027188355,15.16114453588482],[75.79631843240374,15.169059983835742],[75.80553944835239,15.171069384729806],[75.81264784055183,15.174415417361889],[75.82010629723432,15.174584723045031],[75.82485547724073,15.18061604858253],[75.82473941760097,15.184418167135869],[75.82964706311847,15.184663690708275],[75.82943459628241,15.198865938208899],[75.82257944724641,15.201643339062526],[75.81783299183026,15.20158334906432]]]}},{"type":"Feature","properties":{"type":"village","name":"Kundralli","taluk":"Shirhatti","district":"GADAG","village_code":"602065"},"geometry":{"type":"Polygon","coordinates":[[[75.57627694797502,15.195953579086313],[75.56943040479946,15.19668536759293],[75.56295225892524,15.193090585385963],[75.55972693155945,15.179131981086641],[75.55645044334163,15.178755929568819],[75.55528702174246,15.177372810815026],[75.55093684643577,15.164118000897892],[75.54874030836092,15.164035889933931],[75.54891339305493,15.15599711615192],[75.54728002679799,15.155662200679116],[75.54443853158682,15.14141359036577],[75.55391754817663,15.13835776685815],[75.56495962797092,15.138320721683199],[75.5663411479447,15.151262425627746],[75.56892389870964,15.14996633675679],[75.57064569063158,15.152560456631212],[75.5729260756584,15.152087421146806],[75.57469424220854,15.154608456122952],[75.57404735998259,15.156619151036896],[75.57658831842555,15.159172811373246],[75.57744931499782,15.161961036568686],[75.57576933066922,15.162755930882545],[75.5743918800637,15.167943075970786],[75.5765466680374,15.170456025182277],[75.57145986341797,15.172800046756482],[75.57090141224685,15.175185715985533],[75.57374504724505,15.17656011331681],[75.57223707142875,15.178642894897859],[75.57887416610761,15.190573796281441],[75.57627694797502,15.195953579086313]]]}},{"type":"Feature","properties":{"type":"village","name":"Chabbi","taluk":"Shirhatti","district":"GADAG","village_code":"602103"},"geometry":{"type":"Polygon","coordinates":[[[75.62194645709488,15.192466668299932],[75.59015228992094,15.197819514262026],[75.57894885293867,15.19789864036478],[75.57632835766042,15.19601832219463],[75.57887416610761,15.190573796281441],[75.57223707142875,15.178642894897859],[75.57374504724505,15.17656011331681],[75.57090141224685,15.175185715985533],[75.57145986341797,15.172800046756482],[75.5765466680374,15.170456025182277],[75.5743918800637,15.167943075970786],[75.57576933066922,15.162755930882545],[75.57744931499782,15.161961036568686],[75.57658831842555,15.159172811373246],[75.57404735998259,15.156619151036896],[75.57469424220854,15.154608456122952],[75.5729260756584,15.152087421146806],[75.58498293911002,15.14942320286095],[75.58649051876931,15.147625016285087],[75.59002713843218,15.147539791216639],[75.59502450139203,15.143649927944933],[75.59890050726419,15.1425207869083],[75.59816982929019,15.141137974825892],[75.60040793510818,15.140135153282838],[75.60170161242358,15.140885343118914],[75.60806180860264,15.136114262750052],[75.62768595514187,15.143205028868547],[75.63455642674167,15.150584064319155],[75.63448751697622,15.153584481832887],[75.62590295201647,15.158338222588261],[75.62334455008734,15.16300151604676],[75.6263197271892,15.168622801772933],[75.62276091644384,15.174858587893672],[75.62194645709488,15.192466668299932]]]}},{"type":"Feature","properties":{"type":"village","name":"Majjur","taluk":"Shirhatti","district":"GADAG","village_code":"602101"},"geometry":{"type":"Polygon","coordinates":[[[75.65470935669146,15.192173491347825],[75.6474163651927,15.196972373738337],[75.64700730564995,15.198472679304533],[75.64117241370634,15.204415125885895],[75.6388357752781,15.204478495873937],[75.63955344924004,15.192386445239276],[75.63413093791073,15.19194833011093],[75.63144950272024,15.190073135344846],[75.62194645709488,15.192466668299932],[75.62276091644384,15.174858587893672],[75.6263197271892,15.168622801772933],[75.62334455008734,15.16300151604676],[75.62590295201647,15.158338222588261],[75.6364787936019,15.152206215325403],[75.64863363001336,15.151893648209718],[75.66147075035786,15.158512044655922],[75.66451327415658,15.15622966585057],[75.66181122442696,15.17130446858429],[75.66215921020846,15.179935171015925],[75.66347391169475,15.185740269054872],[75.65902087299983,15.187761997782673],[75.65470935669146,15.192173491347825]]]}},{"type":"Feature","properties":{"type":"village","name":"Akkigund","taluk":"Shirhatti","district":"GADAG","village_code":"602063"},"geometry":{"type":"Polygon","coordinates":[[[75.53659332322505,15.195232935619773],[75.52301089314722,15.198615978790109],[75.52128838167475,15.199871390366111],[75.52163223430763,15.202130861840992],[75.52020796171287,15.20208950557816],[75.5152189153559,15.199461702279974],[75.51273442590998,15.196075972264877],[75.51282336271639,15.194254979762437],[75.5100635225679,15.193205156299834],[75.50893607400427,15.181460507351975],[75.50529705897543,15.17207225123448],[75.50869875976746,15.165717237416152],[75.52783523699007,15.165600077375597],[75.53526247721645,15.166769079851587],[75.53274680634873,15.181015434675585],[75.53501335193029,15.180813072329368],[75.54500473611712,15.19315369089941],[75.54539487175009,15.195453223063527],[75.53659332322505,15.195232935619773]]]}},{"type":"Feature","properties":{"type":"village","name":"Hesarur","taluk":"Mundargi","district":"GADAG","village_code":"602185"},"geometry":{"type":"Polygon","coordinates":[[[75.94003778726236,15.175374478913598],[75.92476351868746,15.182856385252057],[75.92393100769281,15.18133850710229],[75.92564837541197,15.163425978132155],[75.92714025072347,15.15675151573179],[75.92668627272158,15.1453554374244],[75.92810905141803,15.141943487305095],[75.93655720989682,15.141973132650365],[75.94717649400937,15.137519200768047],[75.95168902183734,15.137689508922078],[75.94825397019207,15.173099180021138],[75.94003778726236,15.175374478913598]]]}},{"type":"Feature","properties":{"type":"village","name":"Ramageri","taluk":"Shirhatti","district":"GADAG","village_code":"602061"},"geometry":{"type":"Polygon","coordinates":[[[75.43923960086455,15.13107843333461],[75.44308371923906,15.136468203201723],[75.44212364927074,15.1456822539099],[75.43664803942329,15.145746962130307],[75.43599887188321,15.15315787998138],[75.43188691631516,15.155653258574985],[75.42688706771695,15.161655297119635],[75.42540831230018,15.164818729016252],[75.42106060107234,15.168318099376469],[75.40978917060623,15.161568732913665],[75.41239247123161,15.149588417655478],[75.41198708939167,15.146023154368258],[75.42917184730211,15.126331738651391],[75.43923960086455,15.13107843333461]]]}},{"type":"Feature","properties":{"type":"village","name":"Hulgeriban","taluk":"Shirhatti","district":"GADAG","village_code":"602062"},"geometry":{"type":"Polygon","coordinates":[[[75.50529705897543,15.17207225123448],[75.49685656043106,15.171159457292468],[75.48124688877682,15.171579980660953],[75.47644088943035,15.162104653027095],[75.48197284071409,15.162323573885748],[75.4819318209433,15.154728774070744],[75.48389952397928,15.154193508118496],[75.48516410396431,15.152552532352388],[75.49235155329862,15.151835097317687],[75.49704147503903,15.15257371520891],[75.50044592108259,15.129486151717346],[75.50164172604944,15.129410068950591],[75.50188902685726,15.127367708720756],[75.50814735677805,15.127090960569442],[75.5092196748344,15.133811781843105],[75.50335946477279,15.155750563873223],[75.50395628029472,15.166636444846313],[75.50529705897543,15.17207225123448]]]}},{"type":"Feature","properties":{"type":"village","name":" ","taluk":"Mundargi","district":"GADAG","village_code":" "},"geometry":{"type":"Polygon","coordinates":[[[75.91465086912375,15.195470222257006],[75.91435422116244,15.20185969283798],[75.90609407108946,15.199682849596915],[75.8963266530726,15.200072508656264],[75.89808027140671,15.193009580602661],[75.89941584524864,15.193388996370949],[75.89967615815337,15.191744239198217],[75.91465086912375,15.195470222257006]]]}},{"type":"Feature","properties":{"type":"village","name":"Basapur","taluk":"Shirhatti","district":"GADAG","village_code":"602138"},"geometry":{"type":"Polygon","coordinates":[[[75.43291262438468,15.198924511609272],[75.39889447021407,15.201291862203604],[75.39781628076902,15.187588246592757],[75.4007786272337,15.17318224376403],[75.39525569503539,15.172125335267463],[75.39581339611324,15.165573137007787],[75.40175478602877,15.165649331628238],[75.4011319786524,15.171578061110138],[75.40317920864219,15.171632053889118],[75.40351795255604,15.164655048630117],[75.40567201199605,15.164406301575223],[75.40604856420359,15.161681400419893],[75.40978917060623,15.161568732913665],[75.42563298095276,15.170819570132954],[75.42908552638987,15.171840029349786],[75.42937915780846,15.173670147874502],[75.4316032247552,15.174053648136429],[75.43386520599681,15.176759903927195],[75.43393105520208,15.179204454098025],[75.43069874343496,15.184731656272525],[75.43026714875502,15.189268567417294],[75.42852692160683,15.189472325221583],[75.4284481968486,15.19080534476836],[75.4287883079983,15.192725798339028],[75.43300873244199,15.1927292686156],[75.43291262438468,15.198924511609272]]]}},{"type":"Feature","properties":{"type":"village","name":"Jyalawadgi","taluk":"Mundargi","district":"GADAG","village_code":"602189"},"geometry":{"type":"Polygon","coordinates":[[[75.82677150918161,15.10395864075394],[75.82416121607002,15.107930038296331],[75.82046029094846,15.119469961769342],[75.818459760777,15.120947086835026],[75.8178033492225,15.122849317411132],[75.81436977800081,15.124917896652756],[75.80866215577338,15.124794241266967],[75.79518302566501,15.1205013916778],[75.79309949385629,15.11933480213747],[75.79090551687831,15.11538904368422],[75.78502320556575,15.111075886035211],[75.7863121909804,15.10972529041218],[75.7865836986902,15.105608806967753],[75.78292427932799,15.1029684011329],[75.77404019808621,15.093624248165215],[75.76998033671981,15.083080141193111],[75.77147213118289,15.075945701170326],[75.77425298382418,15.076498313003079],[75.77760238739533,15.074516076934092],[75.7823834980185,15.0739668610469],[75.78712099543468,15.077601947639291],[75.7909881726642,15.083012413628037],[75.79407557539623,15.085123842672358],[75.79497640596313,15.084368282690255],[75.7979201564031,15.089621350995092],[75.80050579076011,15.090404013963829],[75.8032900102871,15.095682778228337],[75.81679919712654,15.103856767974808],[75.82677150918161,15.10395864075394]]]}},{"type":"Feature","properties":{"type":"village","name":"Sugnalli","taluk":"Shirhatti","district":"GADAG","village_code":"602110"},"geometry":{"type":"Polygon","coordinates":[[[75.69340312962647,15.120994153092221],[75.69015775815176,15.128320951417768],[75.6855092676106,15.127969742861747],[75.6852705259508,15.125362482054925],[75.6781540471172,15.124388608394385],[75.68210315159894,15.118666451260411],[75.68278771455785,15.110966359686746],[75.66151931058717,15.104303439098926],[75.66950046908575,15.09165611242412],[75.67115216905931,15.092157387744342],[75.67410273411903,15.084578919866718],[75.67610183507082,15.081925986254264],[75.67630036724019,15.069399927863516],[75.68317589725335,15.069899999628564],[75.68530746916687,15.072027807233331],[75.68668306205639,15.069524018856445],[75.69238748089153,15.071962617669369],[75.69500098727687,15.070710190715587],[75.69699353232372,15.073466034654631],[75.69534608497472,15.08026726500088],[75.69432727506828,15.096485320236217],[75.69549508134436,15.096611511663628],[75.69340312962647,15.120994153092221]]]}},{"type":"Feature","properties":{"type":"village","name":"Bannikoppa","taluk":"Shirhatti","district":"GADAG","village_code":"602113"},"geometry":{"type":"Polygon","coordinates":[[[75.74715832970294,15.113097192967924],[75.726560760637,15.132103740921302],[75.72054139605649,15.13489005858257],[75.71918007739683,15.12392346395025],[75.72144469699045,15.115436360938805],[75.71855030358542,15.107954509084344],[75.71566422319007,15.10582285835948],[75.71387334722954,15.106203066190103],[75.71201556833991,15.10401217463604],[75.71015924202608,15.10407161296191],[75.69668279159222,15.099069300197682],[75.69498333717817,15.099362223650497],[75.69549508134436,15.096611511663628],[75.69432727506828,15.096485320236217],[75.69534608497472,15.08026726500088],[75.69699353232372,15.073466034654631],[75.69500098727687,15.070710190715587],[75.6983922038312,15.070871872227645],[75.70409414690941,15.06905346381829],[75.71619029818,15.07372482714072],[75.71607679424724,15.075831813649836],[75.72033756562357,15.07533303784375],[75.72315767194785,15.076895405075383],[75.73849041276293,15.077137006014828],[75.7391097418625,15.077954597858053],[75.74033861112004,15.090873029940006],[75.7426091003057,15.097003768195743],[75.74467886273779,15.10784315466097],[75.74715832970294,15.113097192967924]]]}},{"type":"Feature","properties":{"type":"village","name":"Hadagali","taluk":"Shirhatti","district":"GADAG","village_code":"602111"},"geometry":{"type":"Polygon","coordinates":[[[75.72054139605649,15.13489005858257],[75.71559829403473,15.136896903367772],[75.71263325082758,15.12359615167542],[75.70883192370162,15.116489578841497],[75.70367760529871,15.117996041218706],[75.70059020077008,15.12125055227011],[75.69831992179019,15.121816149762045],[75.69340312962647,15.120994153092221],[75.69498333717817,15.099362223650497],[75.69668279159222,15.099069300197682],[75.71015924202608,15.10407161296191],[75.71201556833991,15.10401217463604],[75.71387334722954,15.106203066190103],[75.71566422319007,15.10582285835948],[75.71855030358542,15.107954509084344],[75.72144469699045,15.115436360938805],[75.71918007739683,15.12392346395025],[75.72054139605649,15.13489005858257]]]}},{"type":"Feature","properties":{"type":"village","name":"Desai Ban","taluk":"Shirhatti","district":"GADAG","village_code":"602059"},"geometry":{"type":"Polygon","coordinates":[[[75.4462255670638,15.127690256057159],[75.43923960086455,15.13107843333461],[75.42917184730211,15.126331738651391],[75.43002063666799,15.116435399417862],[75.43171335910733,15.114600460246157],[75.43354456942411,15.109444091874066],[75.43278807386886,15.104957515585225],[75.43415702102189,15.10356500681252],[75.44914331397123,15.103718960987253],[75.44917018976793,15.100930833959238],[75.45635648207217,15.101402953283506],[75.45607828999833,15.10377990499916],[75.45836219013289,15.104176776972182],[75.4588126081113,15.1021747898261],[75.46128716219017,15.102521904994058],[75.46237133261833,15.111432505605745],[75.4612352422617,15.112291485860123],[75.45947191313931,15.111243716011856],[75.45905121232884,15.10570391502437],[75.45513428909383,15.104372244845065],[75.455135623092,15.107797446227769],[75.45371698113746,15.107892844705223],[75.4532251490278,15.11141762095728],[75.44373155008599,15.111036430330525],[75.44412427196863,15.117127634738388],[75.4425577789964,15.120697887770019],[75.44187560465787,15.125957918219145],[75.4462255670638,15.127690256057159]]]}},{"type":"Feature","properties":{"type":"village","name":"Futagao Badni","taluk":"Shirhatti","district":"GADAG","village_code":"602071"},"geometry":{"type":"Polygon","coordinates":[[[75.54010909388846,15.13481797968336],[75.53088035871662,15.133983920950955],[75.53100642289368,15.131543843039028],[75.52775405533954,15.131063446004557],[75.53039865780674,15.122641756893707],[75.53286941380858,15.122077924639198],[75.53395017872356,15.119619857961847],[75.53513786381855,15.107573743268834],[75.54829582465328,15.102608194113206],[75.55907527927931,15.105675438030774],[75.56120158526865,15.104550961020962],[75.56685422161753,15.105158073659627],[75.56946422996317,15.111290690758935],[75.56853556330053,15.113318230265344],[75.56352277986052,15.11340829791349],[75.56234018192495,15.129616692358711],[75.54506349491987,15.130198362303034],[75.54010909388846,15.13481797968336]]]}},{"type":"Feature","properties":{"type":"village","name":"Adrahalli","taluk":"Shirhatti","district":"GADAG","village_code":"602074"},"geometry":{"type":"Polygon","coordinates":[[[75.58596256899537,15.114434903358775],[75.58389796468965,15.136165072598198],[75.56500526957389,15.135862191300681],[75.56522040081308,15.13162835479459],[75.56233091490446,15.13033061517591],[75.56352277986052,15.11340829791349],[75.58108652441294,15.111934997820855],[75.58115637830777,15.113995608635609],[75.58596256899537,15.114434903358775]]]}},{"type":"Feature","properties":{"type":"village","name":"Adarakatti","taluk":"Shirhatti","district":"GADAG","village_code":"602069"},"geometry":{"type":"Polygon","coordinates":[[[75.50814735677805,15.127090960569442],[75.50188902685726,15.127367708720756],[75.50164172604944,15.129410068950591],[75.50044592108259,15.129486151717346],[75.49913221762455,15.136944487238562],[75.49014248372559,15.135925659026203],[75.48799603301602,15.133269201380458],[75.48818782243086,15.130529311716158],[75.49090781690661,15.131799673600442],[75.49227919490083,15.130041204921417],[75.49168724195951,15.127899567680476],[75.49291364893485,15.125020533724788],[75.49291280721343,15.123402793208639],[75.48876923364233,15.123297754933835],[75.48957963889443,15.118492562664262],[75.50849778418049,15.106494791637445],[75.51522529698768,15.106688010275313],[75.51659624289223,15.112689639317976],[75.51488380422906,15.113628629818129],[75.51577212665396,15.114817529229455],[75.51494839938621,15.115630450810762],[75.51549684961324,15.11781778298831],[75.51858628972428,15.117819290227093],[75.5201676273566,15.12032346162645],[75.50993462600272,15.125130781260161],[75.50814735677805,15.127090960569442]]]}},{"type":"Feature","properties":{"type":"village","name":"Lakshmeshwar (TMC)","taluk":"Shirhatti","district":"GADAG","village_code":"803081"},"geometry":{"type":"Polygon","coordinates":[[[75.4784666874141,15.127336509933828],[75.47480232641952,15.130071898613846],[75.47480453807174,15.134830172769895],[75.47382426499269,15.137587021932749],[75.47284708840638,15.137112975713064],[75.4729930152327,15.140872471416928],[75.46609051869305,15.143396740809115],[75.46648505337592,15.141399339959959],[75.46300461165599,15.139688048630045],[75.46505884670837,15.135023961325453],[75.46297408510603,15.133235309187183],[75.45528453412173,15.133143141887889],[75.454990343951,15.13023764794472],[75.45254400236193,15.131621254410556],[75.45156219855363,15.130857905371483],[75.44872499010297,15.13200204815687],[75.44901789119129,15.131382884112671],[75.44701268978037,15.130814133959722],[75.44789136070585,15.129146414410863],[75.44622580871062,15.128387799079233],[75.44622536134959,15.127149663123665],[75.44187560465787,15.125957918219145],[75.4425577789964,15.120697887770019],[75.44412427196863,15.117127634738388],[75.44373155008599,15.111036430330525],[75.4532251490278,15.11141762095728],[75.45371698113746,15.107892844705223],[75.455135623092,15.107797446227769],[75.45513428909383,15.104372244845065],[75.45640408739231,15.104466655294873],[75.45905121232884,15.10570391502437],[75.45947191313931,15.111243716011856],[75.4612352422617,15.112291485860123],[75.46299775661207,15.111432248899144],[75.46642269592218,15.115045942322528],[75.46612894682428,15.113143640019633],[75.46798896162065,15.11199965216988],[75.46740232401088,15.110671419400212],[75.46818359061008,15.11038642960373],[75.46906805656748,15.111809459869205],[75.47361640112416,15.110289263043397],[75.47880801667935,15.111710440645197],[75.48086491613483,15.113801767900876],[75.48067020899195,15.115134848006877],[75.47812704338833,15.117607777169406],[75.47827363227302,15.122460821164559],[75.49291280721343,15.123402793208639],[75.49168724195951,15.127899567680476],[75.49227919490083,15.130041204921417],[75.49090781690661,15.131799673600442],[75.4784666874141,15.127336509933828]]]}},{"type":"Feature","properties":{"type":"village","name":"Ranatur","taluk":"Shirhatti","district":"GADAG","village_code":"602107"},"geometry":{"type":"Polygon","coordinates":[[[75.64863363001336,15.151893648209718],[75.6364787936019,15.152206215325403],[75.63448751697622,15.153584481832887],[75.63455642674167,15.150584064319155],[75.63203860620546,15.147486511115806],[75.6372990596609,15.141013259734079],[75.62905421867698,15.126128782864498],[75.62852344909136,15.107330825733117],[75.64006608992491,15.106331903095574],[75.64047899156209,15.102829830355901],[75.65875399790198,15.103388463222753],[75.66143422216346,15.104454544588572],[75.65765825178303,15.109018950073335],[75.65436425719693,15.121283175047346],[75.65268056911444,15.14770439270501],[75.64863363001336,15.151893648209718]]]}},{"type":"Feature","properties":{"type":"village","name":"Nadigatti","taluk":"Shirhatti","district":"GADAG","village_code":"602073"},"geometry":{"type":"Polygon","coordinates":[[[75.58498293911002,15.14942320286095],[75.57064569063158,15.152560456631212],[75.56892389870964,15.14996633675679],[75.5663411479447,15.151262425627746],[75.56500526957389,15.135862191300681],[75.58389796468965,15.136165072598198],[75.58389779311145,15.132685169903748],[75.60154579873922,15.131454627718533],[75.60170161242358,15.140885343118914],[75.60040793510818,15.140135153282838],[75.59816982929019,15.141137974825892],[75.59890050726419,15.1425207869083],[75.59502450139203,15.143649927944933],[75.59002713843218,15.147539791216639],[75.58649051876931,15.147625016285087],[75.58498293911002,15.14942320286095]]]}},{"type":"Feature","properties":{"type":"village","name":"Shirhatti (TP)","taluk":"Shirhatti","district":"GADAG","village_code":"803080"},"geometry":{"type":"Polygon","coordinates":[[[75.59449265382808,15.22071640863768],[75.59484322496094,15.235357068603273],[75.59257719231744,15.246269301849688],[75.59066555493493,15.252663433717867],[75.58682988880892,15.254271457257415],[75.58394822003991,15.256814874809086],[75.58090918529777,15.254844150826266],[75.58098785436044,15.25712613202026],[75.56964487487858,15.256120426405332],[75.56128352240233,15.251075746623908],[75.55693876483514,15.249520508363528],[75.55783247176186,15.24782457110143],[75.56036039475175,15.249180935636996],[75.56092851898181,15.247744144652776],[75.56240893538353,15.248503777590166],[75.5629351352393,15.245458278419825],[75.56212528514604,15.240930343058018],[75.56339171476225,15.239154915636702],[75.56443918182458,15.23949410932998],[75.56557047607595,15.236909705678393],[75.5687547728911,15.23674338568554],[75.56884327940449,15.235600191764114],[75.5718086630731,15.235515102763488],[75.57402926431948,15.237761451761465],[75.57533742427388,15.23792891763704],[75.58226926787557,15.23725264815766],[75.58209718120986,15.239245356074276],[75.58645931938119,15.23941338934114],[75.58645902832704,15.236114723318867],[75.58493200643005,15.234632350997199],[75.58654258512318,15.232432010649596],[75.58410317044327,15.231288359054266],[75.58471294506151,15.229973521147818],[75.58327442877959,15.22764609579893],[75.57433649982474,15.226333735800331],[75.574159538002,15.225529358284968],[75.57154342560402,15.225569362964766],[75.57124083888034,15.226586009578373],[75.56805674957602,15.22582604264918],[75.56836398508128,15.224976653585923],[75.56574778644504,15.225613048867315],[75.56356457128416,15.224722222179036],[75.56348056622869,15.228784569164414],[75.56252161466288,15.228318807716985],[75.56147391314029,15.23475314769474],[75.5621722131365,15.235173558977056],[75.56073365822702,15.235046657170379],[75.5582267980356,15.240456057414866],[75.55630591070063,15.242198355792999],[75.55186021393656,15.239106064245979],[75.54449100667414,15.237282365924123],[75.54281410266866,15.239120680748291],[75.53815404631818,15.237720411052416],[75.54361693691955,15.228881824273808],[75.54501807430246,15.229284527937892],[75.55927338025737,15.21241203781176],[75.56504072517986,15.210656007363742],[75.57121783572086,15.19671737103714],[75.57627694797502,15.195953579086313],[75.57894885293867,15.19789864036478],[75.57819967595803,15.203298349599557],[75.59182383637406,15.204977429623277],[75.5910050992477,15.210377082383921],[75.59143849594811,15.215984902340429],[75.59217431767541,15.219252053727088],[75.59449265382808,15.22071640863768]]]}},{"type":"Feature","properties":{"type":"village","name":"Yattinahalli","taluk":"Shirhatti","district":"GADAG","village_code":"602054"},"geometry":{"type":"Polygon","coordinates":[[[75.45178209176214,15.238602576950965],[75.45078958273061,15.248462719910682],[75.44869027381051,15.247930129847724],[75.44536838294158,15.253587669134422],[75.4406407337559,15.257800481196215],[75.4189731795584,15.256201062845873],[75.41714400931565,15.25673463726571],[75.41555171133855,15.25468783418998],[75.41475547790839,15.25264102330656],[75.41539989515722,15.236279853775121],[75.41646991801804,15.23418747986233],[75.4220504421075,15.235266452278351],[75.42273722660009,15.22598487707278],[75.43989187837212,15.227363596197264],[75.44219771177264,15.224264431404874],[75.4455885402548,15.22817981635902],[75.44646179972901,15.237081442642634],[75.45178209176214,15.238602576950965]]]}},{"type":"Feature","properties":{"type":"village","name":"Baradur","taluk":"Mundargi","district":"GADAG","village_code":"602158"},"geometry":{"type":"Polygon","coordinates":[[[75.90003124781215,15.245317778190334],[75.89871767011826,15.257265385040727],[75.89486460901512,15.271989074938773],[75.88697023316287,15.26930402156972],[75.87712363673859,15.264040968292418],[75.86125060239921,15.25939741483116],[75.84906120510382,15.252478725854417],[75.84760365172443,15.250327967057103],[75.84794857964069,15.24709262142229],[75.84718070782066,15.246048765946243],[75.84932191236895,15.244932856187894],[75.85600160426029,15.236976231211855],[75.8571659017169,15.229240416347093],[75.86083355324037,15.22517839366926],[75.86075001800378,15.221753249979288],[75.86240234410309,15.218725800657865],[75.87075594591509,15.216733474029033],[75.87156084179954,15.22376010681519],[75.87698734164873,15.226963978055126],[75.8766895474371,15.233091262198519],[75.88240016015612,15.234799357388333],[75.88240016195276,15.235775330025731],[75.88766402092143,15.235775200014453],[75.89666540327465,15.237880317314152],[75.896702748936,15.23874796222182],[75.90328387767434,15.239443170940099],[75.90291211797887,15.24331118764127],[75.9016556003735,15.245177537011195],[75.90003124781215,15.245317778190334]]]}},{"type":"Feature","properties":{"type":"village","name":"Yalavatti","taluk":"Shirhatti","district":"GADAG","village_code":"602055"},"geometry":{"type":"Polygon","coordinates":[[[75.50194151272437,15.238716616944028],[75.499994117902,15.239547844633288],[75.49559704065602,15.251070912289695],[75.49475338695862,15.262686673018147],[75.49412961479163,15.262574023109165],[75.4928205771832,15.269063584879403],[75.44650749882416,15.263623421756428],[75.43990069533663,15.258022017880272],[75.44536838294158,15.253587669134422],[75.44869027381051,15.247930129847724],[75.45078958273061,15.248462719910682],[75.45243166534074,15.233053339155832],[75.49722725023307,15.225492346603408],[75.50431417718875,15.225827020380162],[75.51140429406206,15.224552085620358],[75.50151295614671,15.23614163214069],[75.50194151272437,15.238716616944028]]]}},{"type":"Feature","properties":{"type":"village","name":" ","taluk":"Gadag","district":"GADAG","village_code":" "},"geometry":{"type":"Polygon","coordinates":[[[75.58049376208957,15.26024387687591],[75.57973472340373,15.264860126030444],[75.578787348427,15.266541953324833],[75.57930448158659,15.271128346684607],[75.54289438061403,15.269451145667938],[75.53942340084895,15.265712897568035],[75.54130706469351,15.257882758428188],[75.54334577955271,15.257865466146418],[75.54398409634244,15.25618925636875],[75.54560399415833,15.256031692745355],[75.54592155579779,15.253320664896854],[75.549742862354,15.253245152836122],[75.55246910101927,15.249937547323027],[75.55490859744584,15.250024198317137],[75.55512808820913,15.248839041371442],[75.56128352240233,15.251075746623908],[75.56964487487858,15.256120426405332],[75.57967120981819,15.257008780995754],[75.58049376208957,15.26024387687591]]]}},{"type":"Feature","properties":{"type":"village","name":"Shirol","taluk":"Gadag","district":"GADAG","village_code":"602042"},"geometry":{"type":"Polygon","coordinates":[[[75.59720108968105,15.282324836638148],[75.59860199799357,15.284521079892256],[75.59479454076411,15.301379016629719],[75.58941524019662,15.29589773275667],[75.58687323431802,15.29699984218235],[75.58439227974274,15.294532200181946],[75.58574287341622,15.291753454578387],[75.5822893757649,15.28808371810311],[75.57571234334422,15.284503497781168],[75.57591861090651,15.278294987139839],[75.5807788496315,15.27696754705535],[75.5811277579828,15.277695103954253],[75.59757394981277,15.278642183615625],[75.59720108968105,15.282324836638148]]]}},{"type":"Feature","properties":{"type":"village","name":"Chinchalli","taluk":"Gadag","district":"GADAG","village_code":"602039"},"geometry":{"type":"Polygon","coordinates":[[[75.49778418325133,15.29831087678623],[75.45443019226906,15.301989504321897],[75.44155712224521,15.301148381860422],[75.4404979636095,15.293304214587636],[75.4419514610954,15.28153247417688],[75.46049377462279,15.283745320046332],[75.48200074957334,15.283849523655665],[75.48210926426306,15.277473585433057],[75.50228070938913,15.277240516156564],[75.50060314602024,15.287939803690541],[75.49834818511258,15.289092307691948],[75.50050413460791,15.291921192801437],[75.49766665217112,15.293864413244522],[75.49778418325133,15.29831087678623]]]}},{"type":"Feature","properties":{"type":"village","name":"Madhalli","taluk":"Shirhatti","district":"GADAG","village_code":"602053"},"geometry":{"type":"Polygon","coordinates":[[[75.4404983337154,15.294411289702834],[75.44144580032028,15.302255516895745],[75.43337295796717,15.302144575254694],[75.42656638622849,15.30175751593326],[75.42645428097262,15.300320540821055],[75.41241306510949,15.299767253991435],[75.41032960067442,15.285086154639853],[75.40612113011224,15.284146781644822],[75.40612023089864,15.277671484751398],[75.41612425617816,15.279215484886073],[75.41680769893789,15.274954236121403],[75.40202795202858,15.273351968263244],[75.40287809964713,15.26032433493868],[75.40549416623102,15.261056145792207],[75.40475435778049,15.263157415973227],[75.40651853760741,15.26349157741757],[75.40646278277099,15.26415587063884],[75.41498539541713,15.262988872180815],[75.41652134297478,15.262491546656559],[75.41714400931565,15.25673463726571],[75.4189731795584,15.256201062845873],[75.43990069533663,15.258022017880272],[75.44650749882416,15.263623421756428],[75.44112430226323,15.286421987696015],[75.4404983337154,15.294411289702834]]]}},{"type":"Feature","properties":{"type":"village","name":"Mundargi (TMC)","taluk":"Mundargi","district":"GADAG","village_code":"803082"},"geometry":{"type":"Polygon","coordinates":[[[75.91580160022295,15.22735390910307],[75.91175020727471,15.240531095639298],[75.896702748936,15.23874796222182],[75.89666540327465,15.237880317314152],[75.88766402092143,15.235775200014453],[75.88240016195276,15.235775330025731],[75.88240016015612,15.234799357388333],[75.8766895474371,15.233091262198519],[75.87698734164873,15.226963978055126],[75.87156084179954,15.22376010681519],[75.8711003887411,15.21310501125949],[75.87224992687759,15.211098747241843],[75.87633579357315,15.208527630613498],[75.87793201988298,15.212910788081262],[75.88567130070308,15.21929556931203],[75.88549897598381,15.216114466382592],[75.88737443731148,15.216173145943188],[75.88867618958295,15.214651734253327],[75.90000479422365,15.21706693171092],[75.90122834186144,15.214197440920602],[75.89996246291253,15.212751647338875],[75.89974341501869,15.210103660649928],[75.89800271805163,15.208093032044737],[75.89439142503245,15.20666542061444],[75.8931441879223,15.204894146939612],[75.8937020165609,15.197989547572941],[75.89636858193849,15.200086002646417],[75.90609407108946,15.199682849596915],[75.91435422116244,15.20185969283798],[75.91465086912375,15.195470222257006],[75.91662852010322,15.195686813829338],[75.91730192957954,15.188777550639058],[75.92393100769281,15.18133850710229],[75.92625150968364,15.195386727760676],[75.92487613508472,15.203977058282248],[75.9196487360385,15.219197064168123],[75.91580160022295,15.22735390910307]]]}},{"type":"Feature","properties":{"type":"village","name":"Mundargi (TMC)","taluk":"Mundargi","district":"GADAG","village_code":"803082"},"geometry":{"type":"Polygon","coordinates":[[[75.8963266530726,15.200072508656264],[75.8937020165609,15.197989547572941],[75.8931441879223,15.204894146939612],[75.89439142503245,15.20666542061444],[75.89800271805163,15.208093032044737],[75.89974341501869,15.210103660649928],[75.89996246291253,15.212751647338875],[75.90122834186144,15.214197440920602],[75.90042356006302,15.216642127625263],[75.89904611844067,15.217410463017652],[75.88867618958295,15.214651734253327],[75.88737443731148,15.216173145943188],[75.88549897598381,15.216114466382592],[75.88567130070308,15.21929556931203],[75.87793201988298,15.212910788081262],[75.87599136781512,15.208247471882407],[75.86935078228306,15.207239681007945],[75.87061203400992,15.203078001867002],[75.87020722888839,15.200710223144922],[75.87482803155588,15.200642502855137],[75.87662421925468,15.198880274896888],[75.87730365103667,15.195983786413228],[75.88877404666013,15.197212637089098],[75.88858780793542,15.194686618611067],[75.89346376987282,15.186900653631598],[75.89146279773027,15.18487192209155],[75.89871238892272,15.185833825690642],[75.9056871558253,15.18457238676337],[75.90560922068622,15.193293497723593],[75.89967615815337,15.191744239198217],[75.89941584524864,15.193388996370949],[75.89808027140671,15.193009580602661],[75.8963266530726,15.200072508656264]]]}},{"type":"Feature","properties":{"type":"village","name":" ","taluk":"Gadag","district":"GADAG","village_code":" "},"geometry":{"type":"Polygon","coordinates":[[[75.53942340084895,15.265712897568035],[75.53650311709914,15.2698553496853],[75.52624412119589,15.269064772994216],[75.52074229401688,15.259256702060707],[75.51043436328685,15.255374697112316],[75.50910047827766,15.238574556428961],[75.53302947203265,15.237164879010674],[75.53888118223504,15.237885741330201],[75.545887220391,15.240450543325966],[75.54328891260195,15.244172960734607],[75.55512808820913,15.248839041371442],[75.55490859744584,15.250024198317137],[75.55246910101927,15.249937547323027],[75.549742862354,15.253245152836122],[75.54592155579779,15.253320664896854],[75.54560399415833,15.256031692745355],[75.54398409634244,15.25618925636875],[75.54334577955271,15.257865466146418],[75.54130706469351,15.257882758428188],[75.53942340084895,15.265712897568035]]]}},{"type":"Feature","properties":{"type":"village","name":"Chikkawaddatti","taluk":"Mundargi","district":"GADAG","village_code":"602161"},"geometry":{"type":"Polygon","coordinates":[[[75.77899901703216,15.254213548388627],[75.76872369424865,15.252191406232967],[75.7490991057383,15.252564731862913],[75.74569733936924,15.251902469869139],[75.74063854062709,15.252985030396944],[75.73324046420643,15.25812183081614],[75.72891063394431,15.251078747932425],[75.72648924396057,15.248855208568493],[75.72189449513131,15.232538482014759],[75.7334937927098,15.218091583669471],[75.73431006575734,15.208100349174309],[75.73032810898731,15.211355658672426],[75.72593521519562,15.213043133088458],[75.72490487181923,15.217295652147431],[75.71116601810098,15.214052186053886],[75.71217725161632,15.187513506809376],[75.7156736932298,15.175194216832],[75.71457346900914,15.172442756299553],[75.71539655577813,15.171439273377874],[75.71525462914974,15.16795542061126],[75.7198932984099,15.161577959159036],[75.72457718616656,15.160798871074183],[75.73010778279084,15.162054932345487],[75.73161053400547,15.160707537740535],[75.73399818865701,15.16048615104898],[75.73312858981758,15.155441737340244],[75.73583679031194,15.15538361576382],[75.74006280856489,15.152193079850822],[75.74279387028491,15.148397646163877],[75.74576129941745,15.147711223747677],[75.74622665098916,15.14662412877264],[75.7495764246662,15.147126897398257],[75.75478500670215,15.15055955769994],[75.75893768919025,15.162364591120802],[75.76344298827513,15.159217404093422],[75.76441671712735,15.156610634703213],[75.7655405517686,15.151627007666557],[75.76430907919338,15.149064315594012],[75.76522870431266,15.143018742342251],[75.77317902634245,15.143300473844832],[75.77110401325757,15.147022305307033],[75.7708879019564,15.150334282747961],[75.77163619589312,15.155230001727007],[75.7742510569379,15.158647485358005],[75.77317571335568,15.164812947636642],[75.76357244628734,15.178440022229227],[75.75554677087658,15.185620579094257],[75.7651186561988,15.193533334407332],[75.77119925713558,15.195876934205828],[75.77891895558079,15.196187757926353],[75.78752644644489,15.198852887990293],[75.79239006193706,15.201445911725143],[75.78460443433647,15.218553536429667],[75.78505445705616,15.223087896071512],[75.78193448680184,15.221636601260046],[75.77866924369474,15.247207131759367],[75.77899901703216,15.254213548388627]]]}},{"type":"Feature","properties":{"type":"village","name":" ","taluk":"Mundargi","district":"GADAG","village_code":" "},"geometry":{"type":"Polygon","coordinates":[[[75.87075594591509,15.216733474029033],[75.86372870572178,15.217804109594422],[75.86218348844874,15.219030494405523],[75.86067115310837,15.217668270840907],[75.86101604060043,15.211477762920016],[75.85188085508395,15.2119197079129],[75.85056026334432,15.203609596685968],[75.84788089607562,15.195606663946414],[75.84723529125397,15.18648332771753],[75.85952410689849,15.186986213075217],[75.86273460577385,15.188283339788695],[75.87482803155588,15.200642502855137],[75.87020722888839,15.200710223144922],[75.87061203400992,15.203078001867002],[75.86935078228306,15.207239681007945],[75.87633579357315,15.208527630613498],[75.87224992687759,15.211098747241843],[75.87075594591509,15.216733474029033]]]}},{"type":"Feature","properties":{"type":"village","name":"Varavi","taluk":"Shirhatti","district":"GADAG","village_code":"602096"},"geometry":{"type":"Polygon","coordinates":[[[75.63138662244698,15.214962173159444],[75.62863894009756,15.210109061109899],[75.62609740313952,15.209982547280259],[75.62383075515002,15.210926956141648],[75.62195101784157,15.214455964343317],[75.59449265382808,15.22071640863768],[75.59217431767541,15.219252053727088],[75.59143849594811,15.215984902340429],[75.5910050992477,15.210377082383921],[75.59182383637406,15.204977429623277],[75.57819967595803,15.203298349599557],[75.57894885293867,15.19789864036478],[75.59015228992094,15.197819514262026],[75.60703374065886,15.195395147171242],[75.62564613625317,15.19209028596552],[75.63144950272024,15.190073135344846],[75.63413093791073,15.19194833011093],[75.63955344924004,15.192386445239276],[75.6388033155536,15.204704506269646],[75.63138662244698,15.214962173159444]]]}},{"type":"Feature","properties":{"type":"village","name":"Gojanur","taluk":"Shirhatti","district":"GADAG","village_code":"602058"},"geometry":{"type":"Polygon","coordinates":[[[75.51695534442706,15.200320719569927],[75.51565084061588,15.202977479721127],[75.49913162114322,15.199479238622931],[75.49228473211623,15.199900914023003],[75.4893084105607,15.203309513222052],[75.46280507337352,15.22050123574049],[75.45345109867797,15.220865999859313],[75.44536548138323,15.219448040215926],[75.44879773387807,15.208712117001975],[75.44994226570347,15.207916534064124],[75.45239685292852,15.20106987222838],[75.45762251822627,15.200905412873146],[75.46276488903588,15.202096476163934],[75.46416071288394,15.201481406251574],[75.46421066999352,15.198616474653901],[75.46787275914875,15.198438823571026],[75.4693758418417,15.188094886627164],[75.47679992987975,15.183369682738794],[75.4760116510314,15.179248918614242],[75.48284936197113,15.175165387646782],[75.48124688877682,15.171579980660953],[75.49685656043106,15.171159457292468],[75.50603926323282,15.172692697293517],[75.50893607400427,15.181460507351975],[75.5100635225679,15.193205156299834],[75.51282336271639,15.194254979762437],[75.51273442590998,15.196075972264877],[75.51430225108379,15.198530397188684],[75.51695534442706,15.200320719569927]]]}},{"type":"Feature","properties":{"type":"village","name":"Parasapur","taluk":"Shirhatti","district":"GADAG","village_code":"602094"},"geometry":{"type":"Polygon","coordinates":[[[75.57121783572086,15.19671737103714],[75.56504072517986,15.210656007363742],[75.55927338025737,15.21241203781176],[75.5491810389073,15.223979398837413],[75.5388944216057,15.222680513724598],[75.53309009214463,15.211765374787229],[75.53147634689017,15.204363031271846],[75.53279916735002,15.199397588725025],[75.52971341033161,15.196389815985391],[75.53659332322505,15.195232935619773],[75.54539487175009,15.195453223063527],[75.54500473611712,15.19315369089941],[75.56350073789838,15.194361165268951],[75.56295225892524,15.193090585385963],[75.56943040479946,15.19668536759293],[75.57121783572086,15.19671737103714]]]}},{"type":"Feature","properties":{"type":"village","name":"Tambragundi","taluk":"Mundargi","district":"GADAG","village_code":"602159"},"geometry":{"type":"Polygon","coordinates":[[[75.86218348844874,15.219030494405523],[75.86075001800378,15.221753249979288],[75.86083355324037,15.22517839366926],[75.8571659017169,15.229240416347093],[75.85631818763441,15.236406940320082],[75.84829780060572,15.245877187111281],[75.84078584026489,15.244199642314856],[75.83338058989834,15.24500710498097],[75.83100729032505,15.243253354623253],[75.83041663994089,15.241206235642059],[75.82281220073652,15.238421034168429],[75.8225150587018,15.23552442111627],[75.81923899718372,15.234000846318791],[75.81916042424075,15.214588503416433],[75.81823484778272,15.212396719916507],[75.8176607865869,15.201750482221383],[75.82257944724641,15.201643339062526],[75.83356233794495,15.197542830571038],[75.83699151909983,15.199174722928106],[75.84594465473582,15.19903609897633],[75.84985132819345,15.201769394982291],[75.85188085508395,15.2119197079129],[75.86101604060043,15.211477762920016],[75.86067115310837,15.217668270840907],[75.86218348844874,15.219030494405523]]]}},{"type":"Feature","properties":{"type":"village","name":"Holalapur","taluk":"Shirhatti","district":"GADAG","village_code":"602056"},"geometry":{"type":"Polygon","coordinates":[[[75.53072507863153,15.237123228869601],[75.50194151272437,15.238716616944028],[75.50151295614671,15.23614163214069],[75.50814606320404,15.22774615285092],[75.51667284582979,15.22815162109425],[75.51922799316269,15.230470958281515],[75.5226868456714,15.230314412900844],[75.51856864501549,15.223832669371237],[75.51898344119962,15.22199380926261],[75.52532795459045,15.223356847369569],[75.52565880500791,15.221920069826716],[75.53167275723882,15.223522423833149],[75.53966564593836,15.22248189171542],[75.5491810389073,15.223979398837413],[75.54501807430246,15.229284527937892],[75.54361693691955,15.228881824273808],[75.53815404631818,15.237720411052416],[75.53072507863153,15.237123228869601]]]}},{"type":"Feature","properties":{"type":"village","name":"Jalligeri","taluk":"Shirhatti","district":"GADAG","village_code":"602098"},"geometry":{"type":"Polygon","coordinates":[[[75.66999813665146,15.243873367568158],[75.66031275188804,15.239311101681205],[75.63949207723815,15.233872641079941],[75.63557490067821,15.226932063282021],[75.63138662244698,15.214962173159444],[75.6388357752781,15.204478495873937],[75.64117241370634,15.204415125885895],[75.64700730564995,15.198472679304533],[75.6474163651927,15.196972373738337],[75.65470935669146,15.192173491347825],[75.66214445987148,15.200197007716877],[75.6736091341249,15.220818349079753],[75.67615453833024,15.228508601349393],[75.67842350936307,15.232199855232528],[75.68297845294381,15.23636960379089],[75.68016280855154,15.23793367340074],[75.67604515227471,15.242747000637106],[75.66999813665146,15.243873367568158]]]}},{"type":"Feature","properties":{"type":"village","name":"Shirhatti (TP)","taluk":"Shirhatti","district":"GADAG","village_code":"803080"},"geometry":{"type":"Polygon","coordinates":[[[75.56212528514604,15.240930343058018],[75.5582267980356,15.240456057414866],[75.56073365822702,15.235046657170379],[75.5621722131365,15.235173558977056],[75.56147391314029,15.23475314769474],[75.56252161466288,15.228318807716985],[75.56348056622869,15.228784569164414],[75.56356457128416,15.224722222179036],[75.56574778644504,15.225613048867315],[75.56836398508128,15.224976653585923],[75.56805674957602,15.22582604264918],[75.57124083888034,15.226586009578373],[75.57154342560402,15.225569362964766],[75.574159538002,15.225529358284968],[75.57433649982474,15.226333735800331],[75.58327442877959,15.22764609579893],[75.58471294506151,15.229973521147818],[75.58410317044327,15.231288359054266],[75.58654258512318,15.232432010649596],[75.58493200643005,15.234632350997199],[75.58645902832704,15.236114723318867],[75.58645931938119,15.23941338934114],[75.58209718120986,15.239245356074276],[75.58226926787557,15.23725264815766],[75.57402926431948,15.237761451761465],[75.57037016565583,15.235221003688695],[75.56884327940449,15.235600191764114],[75.5687547728911,15.23674338568554],[75.56557047607595,15.236909705678393],[75.56443918182458,15.23949410932998],[75.56339171476225,15.239154915636702],[75.56212528514604,15.240930343058018]]]}},{"type":"Feature","properties":{"type":"village","name":"Magadi","taluk":"Shirhatti","district":"GADAG","village_code":"602057"},"geometry":{"type":"Polygon","coordinates":[[[75.50814606320404,15.22774615285092],[75.51140429406206,15.224552085620358],[75.50431417718875,15.225827020380162],[75.49722725023307,15.225492346603408],[75.45319485693813,15.232890468394228],[75.45243166534074,15.233053339155832],[75.4516704006296,15.238598069087217],[75.44646179972901,15.237081442642634],[75.4455885402548,15.22817981635902],[75.44219771177264,15.224264431404874],[75.44536548138323,15.219448040215926],[75.45345109867797,15.220865999859313],[75.46067390929515,15.221143628084167],[75.46343781611692,15.220220824221853],[75.4893084105607,15.203309513222052],[75.49228473211623,15.199900914023003],[75.49913162114322,15.199479238622931],[75.51565084061588,15.202977479721127],[75.51695534442706,15.200320719569927],[75.518485867957,15.201754326842423],[75.52159038718845,15.202176061842195],[75.52128838167475,15.199871390366111],[75.52818705767955,15.196779222791857],[75.52971341033161,15.196389815985391],[75.53242703844694,15.198380716425644],[75.53147634689017,15.204363031271846],[75.53309009214463,15.211765374787229],[75.5388944216057,15.222680513724598],[75.53414452115044,15.223681624914043],[75.52565880500791,15.221920069826716],[75.52532795459045,15.223356847369569],[75.51898344119962,15.22199380926261],[75.51856864501549,15.223832669371237],[75.5225242110791,15.22903559619067],[75.5226868456714,15.230314412900844],[75.52153694910712,15.230553407427431],[75.51922799316269,15.230470958281515],[75.51667284582979,15.22815162109425],[75.50814606320404,15.22774615285092]]]}},{"type":"Feature","properties":{"type":"village","name":"Kadakol","taluk":"Shirhatti","district":"GADAG","village_code":"602099"},"geometry":{"type":"Polygon","coordinates":[[[75.72648924396057,15.248855208568493],[75.71386361398345,15.238610227578171],[75.69726088712197,15.235927290616155],[75.68297845294381,15.23636960379089],[75.68117162380214,15.235199658380205],[75.67615453833024,15.228508601349393],[75.6736091341249,15.220818349079753],[75.66214445987148,15.200197007716877],[75.65470935669146,15.192173491347825],[75.65902087299983,15.187761997782673],[75.67385564800855,15.181257104206045],[75.67398970270008,15.179318535773046],[75.68325824401882,15.174626013604371],[75.68257240006234,15.171499238130593],[75.68716899492956,15.168619703917864],[75.68771596113976,15.164597854711637],[75.69218391366498,15.16522026313149],[75.69399979243482,15.160954118922522],[75.7090065705659,15.164026474781831],[75.71443049135192,15.16735472356916],[75.71555565370313,15.165763702407142],[75.71651949929063,15.166590288708516],[75.71525462914974,15.16795542061126],[75.71539655577813,15.171439273377874],[75.71457346900914,15.172442756299553],[75.7156736932298,15.175194216832],[75.71217725161632,15.187513506809376],[75.71116601810098,15.214052186053886],[75.72490487181923,15.217295652147431],[75.72593521519562,15.213043133088458],[75.73032810898731,15.211355658672426],[75.73431006575734,15.208100349174309],[75.7334937927098,15.218091583669471],[75.72189449513131,15.232538482014759],[75.72648924396057,15.248855208568493]]]}},{"type":"Feature","properties":{"type":"village","name":"Hirewaddatti","taluk":"Mundargi","district":"GADAG","village_code":"602160"},"geometry":{"type":"Polygon","coordinates":[[[75.7964569193829,15.255452512858461],[75.79083602141128,15.253899534327362],[75.77899901703216,15.254213548388627],[75.77866924369474,15.247207131759367],[75.78193448680184,15.221636601260046],[75.78505445705616,15.223087896071512],[75.78460443433647,15.218553536429667],[75.79239006193706,15.201445911725143],[75.80562225325865,15.202031601421897],[75.8091584947308,15.203275399936159],[75.81783299183026,15.20158334906432],[75.81823484778272,15.212396719916507],[75.81916042424075,15.214588503416433],[75.81923899718372,15.234000846318791],[75.8171491888461,15.234099659165066],[75.81626926836404,15.235396318214873],[75.81472398461568,15.23559467841467],[75.81471399894296,15.237881131176595],[75.80918480728378,15.237752991574153],[75.80724925674839,15.235926824309386],[75.80215699396531,15.237705519698121],[75.79875713202469,15.244116399413493],[75.79552208668414,15.253277225683508],[75.7964569193829,15.255452512858461]]]}},{"type":"Feature","properties":{"type":"village","name":"Khanapur","taluk":"Shirhatti","district":"GADAG","village_code":"602093"},"geometry":{"type":"Polygon","coordinates":[[[75.56212528514604,15.240930343058018],[75.5629351352393,15.245458278419825],[75.56240893538353,15.248503777590166],[75.56092851898181,15.247744144652776],[75.56036039475175,15.249180935636996],[75.55783247176186,15.24782457110143],[75.55693876483514,15.249520508363528],[75.54328891260195,15.244172960734607],[75.545887220391,15.240450543325966],[75.54281410266866,15.239120680748291],[75.54449100667414,15.237282365924123],[75.55186021393656,15.239106064245979],[75.55630591070063,15.242198355792999],[75.5582267980356,15.240456057414866],[75.56212528514604,15.240930343058018]]]}},{"type":"Feature","properties":{"type":"village","name":"Soratur","taluk":"Gadag","district":"GADAG","village_code":"602050"},"geometry":{"type":"Polygon","coordinates":[[[75.66748974393417,15.260705710191557],[75.64357396888857,15.260979962267973],[75.64078379442958,15.274389941729588],[75.63393464613966,15.274129764893296],[75.62859062959988,15.269425910188998],[75.6200629019465,15.269276758220576],[75.61613899071685,15.26583344241507],[75.60908218876419,15.267414546965517],[75.60706684627203,15.266031673359555],[75.59256728928973,15.264895732920898],[75.58894641933128,15.261704974685893],[75.57968358141629,15.261599369995762],[75.58049376208957,15.26024387687591],[75.57967120981819,15.257008780995754],[75.58098785436044,15.25712613202026],[75.58090918529777,15.254844150826266],[75.58394822003991,15.256814874809086],[75.58682988880892,15.254271457257415],[75.59066555493493,15.252663433717867],[75.59484322496094,15.235357068603273],[75.59449265382808,15.22071640863768],[75.62195101784157,15.214455964343317],[75.62383075515002,15.210926956141648],[75.62609740313952,15.209982547280259],[75.62863894009756,15.210109061109899],[75.63138662244698,15.214962173159444],[75.63557490067821,15.226932063282021],[75.63949207723815,15.233872641079941],[75.66031275188804,15.239311101681205],[75.66999813665146,15.243873367568158],[75.66957564190534,15.246453662424454],[75.67239679566521,15.24607803005252],[75.67404767278201,15.251075472753405],[75.66748974393417,15.260705710191557]]]}},{"type":"Feature","properties":{"type":"village","name":"Venkatapur (Inam)","taluk":"Gadag","district":"GADAG","village_code":"602045"},"geometry":{"type":"Polygon","coordinates":[[[75.63984694860629,15.281689159037787],[75.62720354635957,15.281734785615367],[75.62416378128708,15.279574842890309],[75.6173440456362,15.279511445269327],[75.613457574391,15.271296327587503],[75.6143432863117,15.266213044963989],[75.61613899071685,15.26583344241507],[75.6200629019465,15.269276758220576],[75.62859062959988,15.269425910188998],[75.63393464613966,15.274129764893296],[75.64078379442958,15.274389941729588],[75.63984694860629,15.281689159037787]]]}},{"type":"Feature","properties":{"type":"village","name":"Yalishirur","taluk":"Gadag","district":"GADAG","village_code":"602046"},"geometry":{"type":"Polygon","coordinates":[[[75.61032398657528,15.28224938093809],[75.59720108968105,15.282324836638148],[75.59757394981277,15.278642183615625],[75.5811277579828,15.277695103954253],[75.57958742395164,15.275426359752307],[75.57894272373346,15.270032326920912],[75.57968358141629,15.261599369995762],[75.58894641933128,15.261704974685893],[75.59256728928973,15.264895732920898],[75.60706684627203,15.266031673359555],[75.60908218876419,15.267414546965517],[75.6143432863117,15.266213044963989],[75.613457574391,15.271296327587503],[75.61708796020324,15.280356398106008],[75.61032398657528,15.28224938093809]]]}},{"type":"Feature","properties":{"type":"village","name":"Attikatti","taluk":"Mundargi","district":"GADAG","village_code":"602151"},"geometry":{"type":"Polygon","coordinates":[[[75.66748974393417,15.260705710191557],[75.66399003155472,15.264036573635629],[75.66237529006857,15.267059820111562],[75.66354734986757,15.287810605409062],[75.63984694860629,15.281689159037787],[75.64357396888857,15.260979962267973],[75.66748974393417,15.260705710191557]]]}},{"type":"Feature","properties":{"type":"village","name":"Kallur","taluk":"Gadag","district":"GADAG","village_code":"602040"},"geometry":{"type":"Polygon","coordinates":[[[75.48210926426306,15.277473585433057],[75.48200074957334,15.283849523655665],[75.46049377462279,15.283745320046332],[75.4419514610954,15.28153247417688],[75.44538124591816,15.269240792432656],[75.44769146669053,15.268638878899862],[75.46153065683612,15.269303109036217],[75.47562232298392,15.272234743356336],[75.47590851994522,15.2769747552002],[75.48210926426306,15.277473585433057]]]}},{"type":"Feature","properties":{"type":"village","name":"Haitapur","taluk":"Mundargi","district":"GADAG","village_code":"602156"},"geometry":{"type":"Polygon","coordinates":[[[75.88889878222889,15.293758835142125],[75.88424715656741,15.296100603081628],[75.87769189661427,15.296465523607752],[75.87600101572127,15.297466528349808],[75.86420828301432,15.29820857103562],[75.85905683472869,15.296827258281816],[75.85740590371303,15.289384611280992],[75.85875390574694,15.284231109184526],[75.85776172370214,15.280722798392233],[75.8603134592336,15.273874160701702],[75.86125060239921,15.25939741483116],[75.87712363673859,15.264040968292418],[75.88697023316287,15.26930402156972],[75.89486460901512,15.271989074938773],[75.8952366040692,15.274066796318847],[75.89924737969184,15.276627088881465],[75.89683333882547,15.279421133955935],[75.89396911983086,15.280413539791981],[75.89176038712603,15.283324214823853],[75.88872170542177,15.290432785740531],[75.88889878222889,15.293758835142125]]]}},{"type":"Feature","properties":{"type":"village","name":"Narasapur","taluk":"Gadag","district":"GADAG","village_code":"602008"},"geometry":{"type":"Polygon","coordinates":[[[75.75849461404096,15.376358989949539],[75.74909797386103,15.37860742695271],[75.72185924074799,15.376885936770687],[75.72105838368903,15.369529700203941],[75.71937711476959,15.369349705314914],[75.71831421105739,15.366991415853182],[75.71516632116408,15.367575613371919],[75.71513305834571,15.365989578163028],[75.72133599275621,15.365571282208789],[75.72029580384434,15.358175086262975],[75.7490981193881,15.358147229858432],[75.75892401683163,15.35711768111338],[75.75849461404096,15.376358989949539]]]}},{"type":"Feature","properties":{"type":"village","name":"Meundi","taluk":"Mundargi","district":"GADAG","village_code":"602157"},"geometry":{"type":"Polygon","coordinates":[[[75.85905683472869,15.296827258281816],[75.85727147262739,15.299812824644698],[75.85447917904264,15.300270994888471],[75.85200041635666,15.302255726580848],[75.84799251624122,15.302668798880623],[75.84715696265275,15.304498076592504],[75.84526127575647,15.304428383893324],[75.84377733077231,15.305993438363304],[75.81341981497775,15.301595142970626],[75.81242647680118,15.297612093808324],[75.81043995675493,15.294504951377059],[75.8108930050005,15.285183029271499],[75.80854731604578,15.274601153785127],[75.80752088303582,15.272842048024525],[75.80122629172027,15.268136769216271],[75.79552208668414,15.253277225683508],[75.79875713202469,15.244116399413493],[75.80215699396531,15.237705519698121],[75.80724925674839,15.235926824309386],[75.80918480728378,15.237752991574153],[75.81471399894296,15.237881131176595],[75.81472398461568,15.23559467841467],[75.81626926836404,15.235396318214873],[75.8171491888461,15.234099659165066],[75.81923899718372,15.234000846318791],[75.8225150587018,15.23552442111627],[75.82281220073652,15.238421034168429],[75.83041663994089,15.241206235642059],[75.83100729032505,15.243253354623253],[75.83338058989834,15.24500710498097],[75.84078584026489,15.244199642314856],[75.84718070782066,15.246048765946243],[75.84794857964069,15.24709262142229],[75.84760365172443,15.250327967057103],[75.84906120510382,15.252478725854417],[75.86125060239921,15.25939741483116],[75.8603134592336,15.273874160701702],[75.85776172370214,15.280722798392233],[75.85875390574694,15.284231109184526],[75.85740590371303,15.289384611280992],[75.85905683472869,15.296827258281816]]]}},{"type":"Feature","properties":{"type":"village","name":"Kabalayata Katti","taluk":"Gadag","district":"GADAG","village_code":"602044"},"geometry":{"type":"Polygon","coordinates":[[[75.65772489509901,15.306633722789025],[75.63929450896107,15.30537600558251],[75.63078384211157,15.303347416261218],[75.62433117605208,15.300161781682217],[75.61892145942734,15.299312170778693],[75.6227206871905,15.279312753049442],[75.62720354635957,15.281734785615367],[75.63984694860629,15.281689159037787],[75.66354734986757,15.287810605409062],[75.66354765529475,15.289480087095656],[75.66035881480087,15.289788914660013],[75.65772489509901,15.306633722789025]]]}},{"type":"Feature","properties":{"type":"village","name":"Dindur","taluk":"Mundargi","district":"GADAG","village_code":"602150"},"geometry":{"type":"Polygon","coordinates":[[[75.67510380589185,15.311074755602212],[75.65941256092162,15.311541815887491],[75.6565921985775,15.310479817422845],[75.66035881480087,15.289788914660013],[75.66354765529475,15.289480087095656],[75.6635478053134,15.290538492896545],[75.67239415641491,15.29602251820173],[75.6753439255673,15.30796009898268],[75.67510380589185,15.311074755602212]]]}},{"type":"Feature","properties":{"type":"village","name":"Doni","taluk":"Mundargi","district":"GADAG","village_code":"602153"},"geometry":{"type":"Polygon","coordinates":[[[75.747625768061,15.335095315073769],[75.73458351472647,15.335254377774199],[75.731682575298,15.316661649730152],[75.72687100999,15.312520269161606],[75.72626590661126,15.303035914847147],[75.71810064288682,15.304557728755551],[75.7136402577695,15.304048871327144],[75.71191607004073,15.311573094835007],[75.68747187719894,15.307324537280765],[75.67958519272219,15.30752534739256],[75.67506989359157,15.31104192740165],[75.6753439255673,15.30796009898268],[75.67239415641491,15.29602251820173],[75.6635478053134,15.290538492896545],[75.66204090028893,15.271379660242935],[75.66237529006857,15.267059820111562],[75.66399003155472,15.264036573635629],[75.66748974393417,15.260705710191557],[75.67404767278201,15.251075472753405],[75.67239679566521,15.24607803005252],[75.66957564190534,15.246453662424454],[75.66999813665146,15.243873367568158],[75.67604515227471,15.242747000637106],[75.68016280855154,15.23793367340074],[75.68297845294381,15.23636960379089],[75.69726088712197,15.235927290616155],[75.71386361398345,15.238610227578171],[75.72648382711941,15.248860249225404],[75.72411365637824,15.251079340740695],[75.72233790086058,15.25504962010834],[75.72718513826847,15.268522142667482],[75.73152705626106,15.275813192996745],[75.73110625663587,15.281312585363851],[75.73222291822958,15.289468227033614],[75.73415301599114,15.294894180813545],[75.7380468345571,15.298547827873087],[75.74088528358115,15.304434226421897],[75.74701239389344,15.313020889709],[75.74706976030748,15.315691388684213],[75.75084218324086,15.319139600072738],[75.74979623522971,15.330131261714012],[75.7476328782265,15.331248727915293],[75.747625768061,15.335095315073769]]]}},{"type":"Feature","properties":{"type":"village","name":"Mulgund (TP)","taluk":"Gadag","district":"GADAG","village_code":"803079"},"geometry":{"type":"Polygon","coordinates":[[[75.56156511190454,15.315136311748114],[75.54747186831514,15.314765792063621],[75.54628382119903,15.316861995152246],[75.53872988078838,15.32172571719469],[75.5326239554454,15.33410374801714],[75.50170471501885,15.33029352502901],[75.50193960560102,15.326805293870633],[75.49854053956771,15.32368750297947],[75.49766665217112,15.293864413244522],[75.50050413460791,15.291921192801437],[75.49834818511258,15.289092307691948],[75.50060314602024,15.287939803690541],[75.50228070938913,15.277240516156564],[75.47590851994522,15.2769747552002],[75.47562232298392,15.272234743356336],[75.46153065683612,15.269303109036217],[75.44837573769695,15.268584495015261],[75.44538124591816,15.269240792432656],[75.44650749882416,15.263623421756428],[75.4928205771832,15.269063584879403],[75.49412961479163,15.262574023109165],[75.49475338695862,15.262686673018147],[75.49559704065602,15.251070912289695],[75.499994117902,15.239547844633288],[75.50304377432408,15.238510299634934],[75.50910047827766,15.238574556428961],[75.51043436328685,15.255374697112316],[75.52074229401688,15.259256702060707],[75.52624412119589,15.269064772994216],[75.53650311709914,15.2698553496853],[75.53942340084895,15.265712897568035],[75.54289438061403,15.269451145667938],[75.57930448158659,15.271128346684607],[75.57958742395164,15.275426359752307],[75.5807788496315,15.27696754705535],[75.57591861090651,15.278294987139839],[75.57571234334422,15.284503497781168],[75.56934417192205,15.283977858701894],[75.56826173075079,15.292852168303346],[75.57253102264758,15.30618138901876],[75.5633468142694,15.304662590053185],[75.56156511190454,15.315136311748114]]]}},{"type":"Feature","properties":{"type":"village","name":"Dambal","taluk":"Mundargi","district":"GADAG","village_code":"602154"},"geometry":{"type":"Polygon","coordinates":[[[75.7943773581277,15.340987794057202],[75.79293279708226,15.340807674052584],[75.78746405934673,15.343177355018506],[75.77398693787133,15.34517264587999],[75.76319715261951,15.344567896089595],[75.76169158069492,15.344288294953492],[75.7612456390216,15.34204789195851],[75.75951248610626,15.340620943093338],[75.75392799775143,15.340671542428137],[75.75192885727375,15.33519556864208],[75.747625768061,15.335095315073769],[75.7476328782265,15.331248727915293],[75.74979623522971,15.330131261714012],[75.75084218324086,15.319139600072738],[75.74706976030748,15.315691388684213],[75.74701239389344,15.313020889709],[75.74088528358115,15.304434226421897],[75.7380468345571,15.298547827873087],[75.73415301599114,15.294894180813545],[75.73222291822958,15.289468227033614],[75.73110625663587,15.281312585363851],[75.73152705626106,15.275813192996745],[75.72718513826847,15.268522142667482],[75.72233790086058,15.25504962010834],[75.72411365637824,15.251079340740695],[75.72651043162489,15.248835323279941],[75.72891063394431,15.251078747932425],[75.73324046420643,15.25812183081614],[75.74063854062709,15.252985030396944],[75.74569733936924,15.251902469869139],[75.7490991057383,15.252564731862913],[75.76872369424865,15.252191406232967],[75.7805854633835,15.254351514608553],[75.79156725005254,15.253973818086006],[75.7964569193829,15.255452512858461],[75.80122629172027,15.268136769216271],[75.80813354124612,15.273558494000218],[75.81073381993889,15.283759845920953],[75.81058235859209,15.295191519319715],[75.81242647680118,15.297612093808324],[75.8131858766098,15.301329262127986],[75.81565527705386,15.302839036779458],[75.81206391226094,15.30985813327785],[75.80646050089466,15.312039043248838],[75.8035907078537,15.314214428737968],[75.8038183643029,15.322620893768987],[75.80148343267369,15.325874605399191],[75.79979040211225,15.332592955800784],[75.79720143500552,15.335228296888188],[75.7943773581277,15.340987794057202]]]}},{"type":"Feature","properties":{"type":"village","name":"Shingatarayanakeri","taluk":"Mundargi","district":"GADAG","village_code":"602149"},"geometry":{"type":"Polygon","coordinates":[[[75.71284597727677,15.330921489238637],[75.7134553889756,15.340830552369361],[75.70730904483476,15.341429408248125],[75.70584351441563,15.344620074584324],[75.69940890628999,15.346718908899057],[75.69831079131366,15.349001141774922],[75.6911273134312,15.348453682977645],[75.6875903155776,15.346198316287172],[75.67988843880926,15.34631771721675],[75.67792637539662,15.33980685157934],[75.67281725482891,15.335126754234805],[75.66697303388104,15.332592916815402],[75.65300821524127,15.332162030069485],[75.65251916521407,15.325735799957892],[75.6652816616096,15.326131560915558],[75.67156704699012,15.324557873771974],[75.67941246915093,15.32406817466079],[75.69563484662618,15.326065463921736],[75.71284597727677,15.330921489238637]]]}},{"type":"Feature","properties":{"type":"village","name":"Neelagund","taluk":"Gadag","district":"GADAG","village_code":"602038"},"geometry":{"type":"Polygon","coordinates":[[[75.48583965232933,15.342916406901276],[75.47667953137717,15.34150167020467],[75.47491618159356,15.344661006868288],[75.45402118842189,15.341677499673336],[75.45277269187372,15.340128014765341],[75.44839101893824,15.326672652376722],[75.44974659736323,15.301865632224105],[75.49778418325133,15.29831087678623],[75.49854053956771,15.32368750297947],[75.50193960560102,15.326805293870633],[75.50170471501885,15.33029352502901],[75.49473688939844,15.332564176794248],[75.49399892339254,15.336780507212332],[75.49177370480561,15.337726076416596],[75.49200271411763,15.339275813047987],[75.49018253601085,15.34010819271517],[75.49018339210531,15.341716872320825],[75.48583965232933,15.342916406901276]]]}},{"type":"Feature","properties":{"type":"village","name":"Beladhadi","taluk":"Gadag","district":"GADAG","village_code":"602034"},"geometry":{"type":"Polygon","coordinates":[[[75.65106587344238,15.350005375726921],[75.64308783119954,15.350078535635218],[75.64267328923863,15.349197480868156],[75.64534580775162,15.345306680749793],[75.64517794855763,15.342387633857104],[75.6364936023294,15.342442507092308],[75.6299839597247,15.346816725232424],[75.62413989508369,15.347440338689346],[75.59312850367866,15.341444568585862],[75.59370552661993,15.339968656032214],[75.59159620328107,15.339498414038628],[75.59362308283642,15.331152797260966],[75.59585329425968,15.331550719891998],[75.59776703819152,15.324287835775376],[75.62258948824325,15.331787778016249],[75.65300821524127,15.332162030069485],[75.65305175658308,15.340132075162385],[75.65106587344238,15.350005375726921]]]}},{"type":"Feature","properties":{"type":"village","name":"Hosur","taluk":"Gadag","district":"GADAG","village_code":"602041"},"geometry":{"type":"Polygon","coordinates":[[[75.60235777783971,15.318381565919248],[75.59944503993829,15.317990774706384],[75.59900250108323,15.319400499037434],[75.59038002991345,15.317302709872282],[75.5903056763574,15.3161504131106],[75.58337789314076,15.315381053638077],[75.58412309417797,15.31373641074186],[75.58228876760546,15.31373600092529],[75.58228912962653,15.311919510967172],[75.58056205561071,15.31090699806271],[75.57996690197204,15.307079634340491],[75.57253102264758,15.30618138901876],[75.56826173075079,15.292852168303346],[75.56934417192205,15.283977858701894],[75.57571234334422,15.284503497781168],[75.5822893757649,15.28808371810311],[75.58574287341622,15.291753454578387],[75.58439227974274,15.294532200181946],[75.58687323431802,15.29699984218235],[75.58941524019662,15.29589773275667],[75.59523378459872,15.301849638939592],[75.60235777783971,15.318381565919248]]]}},{"type":"Feature","properties":{"type":"village","name":"Kanavi","taluk":"Gadag","district":"GADAG","village_code":"602036"},"geometry":{"type":"Polygon","coordinates":[[[75.59900250108323,15.319400499037434],[75.59776703819152,15.324287835775376],[75.59335887034504,15.32303276231988],[75.59341491174405,15.322142563157774],[75.58884278429025,15.321513752109064],[75.57868746385223,15.32397451235277],[75.57226262400701,15.32161431542694],[75.57055439395094,15.319937480414648],[75.55818823695371,15.319301493302884],[75.55844906818633,15.315137684147906],[75.56156511190454,15.315136311748114],[75.5633468142694,15.304662590053185],[75.57996690197204,15.307079634340491],[75.58056205561071,15.31090699806271],[75.58228912962653,15.311919510967172],[75.58228876760546,15.31373600092529],[75.58412309417797,15.31373641074186],[75.58337789314076,15.315381053638077],[75.5903056763574,15.3161504131106],[75.59038002991345,15.317302709872282],[75.59900250108323,15.319400499037434]]]}},{"type":"Feature","properties":{"type":"village","name":" ","taluk":"Mundargi","district":"GADAG","village_code":" "},"geometry":{"type":"Polygon","coordinates":[[[75.73458351472647,15.335254377774199],[75.72794174880809,15.336239104919922],[75.72738304071882,15.331615791130687],[75.71786645568551,15.333513207907107],[75.71519770919839,15.331729397615751],[75.70342529009496,15.327897444588283],[75.68689964317643,15.324933833396344],[75.67941246915093,15.32406817466079],[75.67156704699012,15.324557873771974],[75.6652816616096,15.326131560915558],[75.65259281808423,15.32543189269669],[75.6565921985775,15.310479817422845],[75.65941256092162,15.311541815887491],[75.67448800357808,15.311272501018816],[75.67958519272219,15.30752534739256],[75.68747187719894,15.307324537280765],[75.71191607004073,15.311573094835007],[75.7136402577695,15.304048871327144],[75.71810064288682,15.304557728755551],[75.72626590661126,15.303035914847147],[75.72687100999,15.312520269161606],[75.731682575298,15.316661649730152],[75.73458351472647,15.335254377774199]]]}},{"type":"Feature","properties":{"type":"village","name":" ","taluk":"Mundargi","district":"GADAG","village_code":" "},"geometry":{"type":"Polygon","coordinates":[[[75.75794168032235,15.357128814895008],[75.7490981193881,15.358147229858432],[75.72537009403352,15.35816352461682],[75.72521750080946,15.340667571271362],[75.72810763979331,15.337611623331206],[75.72794174880809,15.336239104919922],[75.73458351472647,15.335254377774199],[75.75192885727375,15.33519556864208],[75.75392799775143,15.340671542428137],[75.75951248610626,15.340620943093338],[75.76159396167132,15.343054667289929],[75.761392987881,15.348004741939155],[75.75794168032235,15.357128814895008]]]}},{"type":"Feature","properties":{"type":"village","name":" ","taluk":"Gadag","district":"GADAG","village_code":" "},"geometry":{"type":"Polygon","coordinates":[[[75.70057875982661,15.375741538221645],[75.69601456988664,15.375471899909833],[75.69356451466223,15.374446931258252],[75.6990178516805,15.373631857835257],[75.70057875982661,15.375741538221645]]]}},{"type":"Feature","properties":{"type":"village","name":" ","taluk":"Gadag","district":"GADAG","village_code":" "},"geometry":{"type":"Polygon","coordinates":[[[75.72185924074799,15.376885936770687],[75.71236663624114,15.376993532597497],[75.70558523978828,15.375848292729874],[75.7054730824301,15.374709659751291],[75.7084816148768,15.374762739315251],[75.70820178607256,15.373682902171653],[75.70463912155465,15.373901144264543],[75.70430321721538,15.37238746214921],[75.7007306326018,15.370762055682437],[75.69606901228447,15.370935209108422],[75.69150085268926,15.357751330333452],[75.6896196619067,15.358456732165712],[75.6853870509179,15.346194360828612],[75.6906268853426,15.34764335999643],[75.692305170957,15.353788261352085],[75.6982434518033,15.35642527186086],[75.7027238136559,15.357905867011507],[75.72029580384434,15.358175086262975],[75.72133599275621,15.365571282208789],[75.71632496103099,15.365342998132983],[75.71513305834571,15.365989578163028],[75.71516632116408,15.367575613371919],[75.71831421105739,15.366991415853182],[75.71937711476959,15.369349705314914],[75.72105838368903,15.369529700203941],[75.72185924074799,15.376885936770687]]]}},{"type":"Feature","properties":{"type":"village","name":"Kadampur","taluk":"Mundargi","district":"GADAG","village_code":"602141"},"geometry":{"type":"Polygon","coordinates":[[[75.72537009403352,15.35816352461682],[75.7027238136559,15.357905867011507],[75.692305170957,15.353788261352085],[75.6911273134312,15.348453682977645],[75.69831079131366,15.349001141774922],[75.69940890628999,15.346718908899057],[75.70584351441563,15.344620074584324],[75.70730904483476,15.341429408248125],[75.7134553889756,15.340830552369361],[75.71284597727677,15.330921489238637],[75.71786645568551,15.333513207907107],[75.72738304071882,15.331615791130687],[75.72810763979331,15.337611623331206],[75.72521750080946,15.340667571271362],[75.72537009403352,15.35816352461682]]]}},{"type":"Feature","properties":{"type":"village","name":"Harti","taluk":"Gadag","district":"GADAG","village_code":"602037"},"geometry":{"type":"Polygon","coordinates":[[[75.59312850367866,15.341444568585862],[75.58985458733747,15.340175922593705],[75.58252051318584,15.36349071020358],[75.574543217443,15.363276622836205],[75.56388188498859,15.352817747364416],[75.55446176194879,15.351644655171503],[75.55041483003427,15.35241148419382],[75.54825455065925,15.351339796329242],[75.54292730566581,15.351120983145126],[75.538518276335,15.349194314641009],[75.53249740078817,15.348902714875651],[75.53290055570456,15.332319545115519],[75.53872988078838,15.32172571719469],[75.54628382119903,15.316861995152246],[75.54747186831514,15.314765792063621],[75.55844906818633,15.315137684147906],[75.55818823695371,15.319301493302884],[75.57055439395094,15.319937480414648],[75.57226262400701,15.32161431542694],[75.57868746385223,15.32397451235277],[75.58884278429025,15.321513752109064],[75.59341491174405,15.322142563157774],[75.59335887034504,15.32303276231988],[75.59776703819152,15.324287835775376],[75.59585329425968,15.331550719891998],[75.59362308283642,15.331152797260966],[75.59321777825157,15.332576080330323],[75.59159620328107,15.339498414038628],[75.59370552661993,15.339968656032214],[75.59312850367866,15.341444568585862]]]}},{"type":"Feature","properties":{"type":"village","name":"Nagavi","taluk":"Gadag","district":"GADAG","village_code":"602031"},"geometry":{"type":"Polygon","coordinates":[[[75.64308783119954,15.350078535635218],[75.62946244817638,15.354005880641823],[75.62410726198436,15.354502889161123],[75.62291036286946,15.362392426592054],[75.61463468721344,15.368297942042531],[75.59117741139056,15.365905155394358],[75.58252051318584,15.36349071020358],[75.58985458733747,15.340175922593705],[75.62413989508369,15.347440338689346],[75.6299839597247,15.346816725232424],[75.6364936023294,15.342442507092308],[75.64517794855763,15.342387633857104],[75.64534580775162,15.345306680749793],[75.64267328923863,15.349197480868156],[75.64308783119954,15.350078535635218]]]}},{"type":"Feature","properties":{"type":"village","name":"Bentur","taluk":"Gadag","district":"GADAG","village_code":"602030"},"geometry":{"type":"Polygon","coordinates":[[[75.48583965232933,15.342916406901276],[75.47982923317244,15.367098438167778],[75.4672787239126,15.364424378822381],[75.46733407001557,15.363095876737452],[75.46191817837159,15.363427726946547],[75.45425580771284,15.3606513617947],[75.45763612321124,15.34238157494733],[75.47491618159356,15.344661006868288],[75.47667953137717,15.34150167020467],[75.48583965232933,15.342916406901276]]]}},{"type":"Feature","properties":{"type":"village","name":"Venkatapur","taluk":"Mundargi","district":"GADAG","village_code":"602147"},"geometry":{"type":"Polygon","coordinates":[[[75.88741246659073,15.353194056338445],[75.87504071039432,15.352081256291891],[75.87363622858362,15.353763688330243],[75.87378095705735,15.370649839878865],[75.8705128788672,15.371177896856787],[75.85449347123883,15.379760453028377],[75.84982286597199,15.37303843521657],[75.83631579017344,15.372528932976957],[75.8306697106278,15.36900187638662],[75.82236359286343,15.368955758663077],[75.81956362317455,15.36411157731152],[75.81626200368834,15.361990229045423],[75.81454270369302,15.35949242713432],[75.80528546587547,15.356691902960344],[75.80387686169588,15.350106832315346],[75.79693911436614,15.345901002642659],[75.7943773581277,15.340987794057202],[75.79720143500552,15.335228296888188],[75.79979040211225,15.332592955800784],[75.80148343267369,15.325874605399191],[75.8038183643029,15.322620893768987],[75.8035907078537,15.314214428737968],[75.80646050089466,15.312039043248838],[75.81206391226094,15.30985813327785],[75.8154988929393,15.303332268757618],[75.81534002498299,15.302003957014957],[75.84377733077231,15.305993438363304],[75.84526127575647,15.304428383893324],[75.84715696265275,15.304498076592504],[75.84799251624122,15.302668798880623],[75.85200041635666,15.302255726580848],[75.85447917904264,15.300270994888471],[75.85727147262739,15.299812824644698],[75.85905683472869,15.296827258281816],[75.86420828301432,15.29820857103562],[75.87600101572127,15.297466528349808],[75.87769189661427,15.296465523607752],[75.88424715656741,15.296100603081628],[75.88889878222889,15.293758835142125],[75.89019830578017,15.294928873649248],[75.88883464072097,15.297325435599873],[75.89001199698686,15.299323099684573],[75.88994242067146,15.311513845827747],[75.89188996461418,15.313897180075669],[75.89332567455916,15.318596850757281],[75.89125496440447,15.325615618794295],[75.89239653987426,15.327925318890149],[75.89172737134442,15.33267406182767],[75.8906030453247,15.333342967247463],[75.89133314388533,15.334167251260514],[75.89097948075123,15.336442219417513],[75.88903979527063,15.337064682189915],[75.88741246659073,15.353194056338445]]]}},{"type":"Feature","properties":{"type":"village","name":"Papanashi","taluk":"Gadag","district":"GADAG","village_code":"602018"},"geometry":{"type":"Polygon","coordinates":[[[75.6834833546425,15.346190997909144],[75.6899019916207,15.36812653960285],[75.6890759161568,15.377548053593882],[75.6855220506371,15.37623862225894],[75.68463292242339,15.377698341834712],[75.68466064802631,15.376957270050504],[75.68361300040263,15.377757373715031],[75.67622954496152,15.377901447152992],[75.6760725005852,15.37618672018337],[75.66314822659018,15.373627149327833],[75.66350919662082,15.36067672227014],[75.66197587843202,15.354052726724765],[75.66353473033443,15.3476902447575],[75.66035856506922,15.332457951999055],[75.66697303388104,15.332592916815402],[75.67281725482891,15.335126754234805],[75.67792637539662,15.33980685157934],[75.67988843880926,15.34631771721675],[75.6834833546425,15.346190997909144]]]}},{"type":"Feature","properties":{"type":"village","name":"Shirunja","taluk":"Gadag","district":"GADAG","village_code":"602043"},"geometry":{"type":"Polygon","coordinates":[[[75.61892145942734,15.299312170778693],[75.61270554076773,15.312321038137643],[75.61035430381781,15.31298513330422],[75.60235777783971,15.318381565919248],[75.59479454076411,15.301379016629719],[75.59860199799357,15.284521079892256],[75.59785079082039,15.282322677196133],[75.61032398657528,15.28224938093809],[75.61708796020324,15.280356398106008],[75.6173440456362,15.279511445269327],[75.6227206871905,15.279312753049442],[75.61892145942734,15.299312170778693]]]}},{"type":"Feature","properties":{"type":"village","name":"Nabhapur","taluk":"Gadag","district":"GADAG","village_code":"602035"},"geometry":{"type":"Polygon","coordinates":[[[75.65300821524127,15.332162030069485],[75.62258948824325,15.331787778016249],[75.59776703819152,15.324287835775376],[75.59944503993829,15.317990774706384],[75.60299745917037,15.318456586665578],[75.61035430381781,15.31298513330422],[75.61270554076773,15.312321038137643],[75.61892145942734,15.299312170778693],[75.62433117605208,15.300161781682217],[75.63078384211157,15.303347416261218],[75.63929450896107,15.30537600558251],[75.65772489509901,15.306633722789025],[75.65251916521407,15.325735799957892],[75.65300821524127,15.332162030069485]]]}},{"type":"Feature","properties":{"type":"village","name":"Shagoti","taluk":"Gadag","district":"GADAG","village_code":"601999"},"geometry":{"type":"Polygon","coordinates":[[[75.51782006002462,15.438282985775412],[75.51707063780387,15.446032047001502],[75.51369762381216,15.44619747567131],[75.51346685290386,15.450706954695889],[75.51113795885169,15.458184011031156],[75.51202069375552,15.462757245627982],[75.50227373576759,15.462711357366373],[75.49985628309976,15.469343208314184],[75.49508514377622,15.469692212085068],[75.49310270208134,15.466006068190444],[75.49275341194604,15.44974363612317],[75.49574773843484,15.435559706818944],[75.5101986453563,15.438166204130653],[75.51782006002462,15.438282985775412]]]}},{"type":"Feature","properties":{"type":"village","name":"Chikkoppa","taluk":"Gadag","district":"GADAG","village_code":"602001"},"geometry":{"type":"Polygon","coordinates":[[[75.64995613696118,15.469748497570619],[75.63161748139015,15.484760408288588],[75.62731195504804,15.484559459233907],[75.62875602112179,15.456817631683325],[75.63858665358515,15.458077925672626],[75.63914095543798,15.456320239068678],[75.65215836137178,15.457051035365732],[75.65694773559726,15.455830449834352],[75.65586154665463,15.462056036625695],[75.65679035525106,15.463182176283201],[75.65618533541564,15.467348422986676],[75.65335717299989,15.467488802342189],[75.65303604415045,15.470719645752899],[75.65041748025007,15.470543701140139],[75.64995613696118,15.469748497570619]]]}},{"type":"Feature","properties":{"type":"village","name":"Kurtakoti","taluk":"Gadag","district":"GADAG","village_code":"602028"},"geometry":{"type":"Polygon","coordinates":[[[75.52301174385177,15.415471173320027],[75.49844517621378,15.420965134943524],[75.49420461333807,15.387782921618712],[75.49272690805192,15.385569482316864],[75.49169839364545,15.378552504333033],[75.49243344012667,15.368751096741336],[75.4798259570166,15.367112287814846],[75.48585343697737,15.342857646706507],[75.49018339210531,15.341716872320825],[75.49018253601085,15.34010819271517],[75.49200271411763,15.339275813047987],[75.49177370480561,15.337726076416596],[75.49399892339254,15.336780507212332],[75.49473688939844,15.332564176794248],[75.49913042997713,15.330923690630451],[75.50207262722999,15.33029827436636],[75.5326239554454,15.33410374801714],[75.53249740078817,15.348902714875651],[75.538518276335,15.349194314641009],[75.54292730566581,15.351120983145126],[75.54825455065925,15.351339796329242],[75.55041483003427,15.35241148419382],[75.55446176194879,15.351644655171503],[75.56388188498859,15.352817747364416],[75.574543217443,15.363276622836205],[75.56984188799682,15.372556725095492],[75.5639634933389,15.376115765152113],[75.56355982099295,15.386766013869899],[75.55966788529584,15.396150098984931],[75.55107447282886,15.396093120593662],[75.55165498033514,15.400765479591165],[75.52414679934925,15.408879047927718],[75.52301174385177,15.415471173320027]]]}},{"type":"Feature","properties":{"type":"village","name":"Dundur","taluk":"Gadag","district":"GADAG","village_code":"602000"},"geometry":{"type":"Polygon","coordinates":[[[75.52301174385177,15.415471173320027],[75.51782006002462,15.438282985775412],[75.5101986453563,15.438166204130653],[75.49574773843484,15.435559706818944],[75.49899972420498,15.423848476781018],[75.49844517621378,15.420965134943524],[75.52301174385177,15.415471173320027]]]}},{"type":"Feature","properties":{"type":"village","name":"Hulkoti","taluk":"Gadag","district":"GADAG","village_code":"602021"},"geometry":{"type":"Polygon","coordinates":[[[75.55165498033514,15.400765479591165],[75.56042225543716,15.411567773831583],[75.5634384388351,15.418780300629317],[75.55954341473009,15.435886549044039],[75.55524669726765,15.444945982059275],[75.55019089261036,15.443655543157375],[75.54800246183098,15.44058664564472],[75.54449503292327,15.438954192128103],[75.53702737210233,15.438684647041503],[75.53186990510436,15.439536540594379],[75.51782006002462,15.438282985775412],[75.52341703226693,15.415317675261313],[75.52414679934925,15.408879047927718],[75.55165498033514,15.400765479591165]]]}},{"type":"Feature","properties":{"type":"village","name":"Hallikeri","taluk":"Mundargi","district":"GADAG","village_code":"602146"},"geometry":{"type":"Polygon","coordinates":[[[75.90403194972721,15.40292426283967],[75.88443236133122,15.408833506284001],[75.87394879109848,15.408797955094945],[75.86580038156539,15.407848865742897],[75.86156732770714,15.406115977028069],[75.86110238486893,15.39838410401315],[75.85790491066686,15.392357689612437],[75.85449347123883,15.379760453028377],[75.8705128788672,15.371177896856787],[75.87378095705735,15.370649839878865],[75.87363622858362,15.353763688330243],[75.87504071039432,15.352081256291891],[75.90282194598895,15.354415958277196],[75.90125496882479,15.37570696793868],[75.90336559292417,15.388806488237122],[75.90403194972721,15.40292426283967]]]}},{"type":"Feature","properties":{"type":"village","name":" ","taluk":"Gadag","district":"GADAG","village_code":" "},"geometry":{"type":"Polygon","coordinates":[[[75.69215526010235,15.390551559945735],[75.67840020886122,15.391147258139839],[75.67753750459161,15.386913570657695],[75.67622954496152,15.377901447152992],[75.68361300040263,15.377757373715031],[75.68466064802631,15.376957270050504],[75.68463292242339,15.377698341834712],[75.6855220506371,15.37623862225894],[75.6890759161568,15.377548053593882],[75.6899019916207,15.36812653960285],[75.6834833546425,15.346190997909144],[75.6853870509179,15.346194360828612],[75.6896196619067,15.358456732165712],[75.69150085268926,15.357751330333452],[75.69601270228918,15.370013460654949],[75.69612508242953,15.371852479672434],[75.6936761330312,15.373958964582771],[75.69189242023675,15.374013632027104],[75.69215526010235,15.390551559945735]]]}},{"type":"Feature","properties":{"type":"village","name":" ","taluk":"Gadag","district":"GADAG","village_code":" "},"geometry":{"type":"Polygon","coordinates":[[[75.57643949093917,15.398951436910922],[75.57568320199641,15.406104254362173],[75.57422896699366,15.409989923367583],[75.5756813793147,15.41370905121929],[75.57626167571688,15.421973672132243],[75.57245408374015,15.447109726412162],[75.55524669726765,15.444945982059275],[75.55954341473009,15.435886549044039],[75.5634384388351,15.418780300629317],[75.56042225543716,15.411567773831583],[75.55165498033514,15.400765479591165],[75.55107447282886,15.396093120593662],[75.55966788529584,15.396150098984931],[75.57057546573256,15.398665408024133],[75.57643949093917,15.398951436910922]]]}},{"type":"Feature","properties":{"type":"village","name":"Asundi","taluk":"Gadag","district":"GADAG","village_code":"602024"},"geometry":{"type":"Polygon","coordinates":[[[75.59108586318163,15.41256883274771],[75.58905518015938,15.41118581391557],[75.58495163731396,15.410480136891834],[75.58222990369983,15.417361496296836],[75.58392456200858,15.421658946323982],[75.58403180737879,15.444414633324126],[75.57245408374015,15.447109726412162],[75.57626167571688,15.421973672132243],[75.5756813793147,15.41370905121929],[75.57422896699366,15.409989923367583],[75.57568320199641,15.406104254362173],[75.57643949093917,15.398951436910922],[75.57830737587574,15.398359895668786],[75.59646736372329,15.401815288745025],[75.59625729538904,15.405308194079945],[75.59108586318163,15.41256883274771]]]}},{"type":"Feature","properties":{"type":"village","name":"Binkadakatti","taluk":"Gadag","district":"GADAG","village_code":"602022"},"geometry":{"type":"Polygon","coordinates":[[[75.59012471523496,15.448703813619948],[75.58812064929457,15.452901247271932],[75.58908902598435,15.456624686899625],[75.57050034771017,15.453471387208719],[75.57245408374015,15.447109726412162],[75.58403180737879,15.444414633324126],[75.58392456200858,15.421658946323982],[75.58222990369983,15.417361496296836],[75.58567362588421,15.41024981928029],[75.59287906218549,15.413508924403141],[75.60175652284363,15.420604342029858],[75.6013454591595,15.429627883948976],[75.59931446891342,15.429627614642213],[75.5987920572532,15.434471531357817],[75.58979624894626,15.43570832781488],[75.59066609212745,15.442974359733721],[75.58927260569581,15.446430836762893],[75.59012471523496,15.448703813619948]]]}},{"type":"Feature","properties":{"type":"village","name":"Gadag-Betigeri (CMC)","taluk":"Gadag","district":"GADAG","village_code":"803078"},"geometry":{"type":"Polygon","coordinates":[[[75.62875602112179,15.456817631683325],[75.62895638315939,15.456108154703308],[75.62412967225576,15.4556609023087],[75.62111522080964,15.456067499763751],[75.62117113644452,15.458096295761658],[75.61141980635608,15.45707920320539],[75.59942786235342,15.453472228803843],[75.60001086537955,15.448348250235686],[75.59012471523496,15.448703813619948],[75.58927260569581,15.446430836762893],[75.59066609212745,15.442974359733721],[75.58979624894626,15.43570832781488],[75.5987920572532,15.434471531357817],[75.59931446891342,15.429627614642213],[75.6013454591595,15.429627883948976],[75.60175652284363,15.420604342029858],[75.59108586318163,15.41256883274771],[75.59625729538904,15.405308194079945],[75.59646736372329,15.401815288745025],[75.6010001422727,15.39558925664641],[75.623804094949,15.401577828705925],[75.6307488446464,15.401650090596059],[75.63075347815663,15.399964598292456],[75.64389298130722,15.399751628394265],[75.64611466143025,15.398807031613707],[75.64776368442425,15.400433585809106],[75.64917495121034,15.400410875120894],[75.65134575255229,15.402647319090859],[75.66331290035816,15.409039504914467],[75.66548480213636,15.415970651321329],[75.66848511769315,15.418414635353807],[75.66943670397194,15.424573302387621],[75.6773615686449,15.429103744771416],[75.67678510625234,15.434029149854641],[75.6811086087816,15.435605102324812],[75.68124927597194,15.438826850347676],[75.68287991404534,15.439382220405893],[75.68451622408146,15.443285863315303],[75.68332927380835,15.446891971590109],[75.68081345831183,15.446933249155217],[75.67528812132352,15.446735714735313],[75.65970845968802,15.442952102223662],[75.65589393361556,15.449811827325409],[75.65704988302824,15.453842270585568],[75.65694773559726,15.455830449834352],[75.65557334285695,15.455835114053901],[75.65557340124747,15.45677956483331],[75.63914095543798,15.456320239068678],[75.63858665358515,15.458077925672626],[75.62875602112179,15.456817631683325]]]}},{"type":"Feature","properties":{"type":"village","name":"Hatalageri","taluk":"Gadag","district":"GADAG","village_code":"602013"},"geometry":{"type":"Polygon","coordinates":[[[75.70221163021351,15.460329089725148],[75.6851552738965,15.46248509426109],[75.68105077704024,15.463249848779261],[75.67660175201802,15.465573443876233],[75.67201262215082,15.465789078667886],[75.6723982644107,15.461534709290108],[75.66892650400968,15.458164524909174],[75.66992763057974,15.455317631804592],[75.67561155884326,15.44674982576548],[75.68332927380835,15.446891971590109],[75.68451622408146,15.443285863315303],[75.68287991404534,15.439382220405893],[75.68124927597194,15.438826850347676],[75.6811086087816,15.435605102324812],[75.67678510625234,15.434029149854641],[75.6773615686449,15.429103744771416],[75.66943670397194,15.424573302387621],[75.66848511769315,15.418414635353807],[75.66477648861967,15.414615139395886],[75.66369499517101,15.410087748967202],[75.66462619059116,15.407855412055616],[75.66256714955203,15.40659955980342],[75.66233878792532,15.405713980837076],[75.66424345168626,15.403639543117722],[75.66339086693831,15.40216666304293],[75.67039562858825,15.399585257688651],[75.67974813274168,15.398616230124881],[75.68140346819719,15.405420834615144],[75.6882113568661,15.398993603928172],[75.70056420622072,15.413345395679173],[75.70420923996194,15.420022627171535],[75.70437353464088,15.423370873794118],[75.70326364903937,15.43581103976755],[75.7037934259866,15.441576478696103],[75.70230991488874,15.448716280250878],[75.70486344076255,15.450039379670681],[75.7027684760952,15.45421974577035],[75.70326381343106,15.458286357731026],[75.70221163021351,15.460329089725148]]]}},{"type":"Feature","properties":{"type":"village","name":"Narasapur","taluk":"Gadag","district":"GADAG","village_code":"602008"},"geometry":{"type":"Polygon","coordinates":[[[75.67201262215082,15.465789078667886],[75.66742319583959,15.466004552198697],[75.66427784189031,15.464120867206056],[75.65593455633103,15.46243987520348],[75.65723563576435,15.456368389419032],[75.65589393361556,15.449811827325409],[75.65970845968802,15.442952102223662],[75.67561155884326,15.44674982576548],[75.66892650400968,15.458164524909174],[75.6723982644107,15.461534709290108],[75.67201262215082,15.465789078667886]]]}},{"type":"Feature","properties":{"type":"village","name":"Kalasapur","taluk":"Gadag","district":"GADAG","village_code":"602025"},"geometry":{"type":"Polygon","coordinates":[[[75.64611466143025,15.398807031613707],[75.64389298130722,15.399751628394265],[75.63075347815663,15.399964598292456],[75.6307488446464,15.401650090596059],[75.623804094949,15.401577828705925],[75.6010001422727,15.39558925664641],[75.6030322212769,15.38367390920283],[75.61166813932819,15.368015185976548],[75.61463468721344,15.368297942042531],[75.62291036286946,15.362392426592054],[75.62410726198436,15.354502889161123],[75.62946244817638,15.354005880641823],[75.64058253317836,15.35029564509633],[75.65106587344238,15.350005375726921],[75.64909394203632,15.383375706639173],[75.6461556677263,15.389489674150038],[75.64674750478495,15.39216914271552],[75.64535985560602,15.396385109892467],[75.64611466143025,15.398807031613707]]]}},{"type":"Feature","properties":{"type":"village","name":"Antur","taluk":"Gadag","district":"GADAG","village_code":"602029"},"geometry":{"type":"Polygon","coordinates":[[[75.48179827469819,15.393192779570297],[75.46979900493439,15.397509237152736],[75.46897412512813,15.385892020588239],[75.4446203962287,15.386121763214872],[75.44903569041031,15.359514450166623],[75.46191817837159,15.363427726946547],[75.46733407001557,15.363095876737452],[75.4672787239126,15.364424378822381],[75.4707579807547,15.365475843739231],[75.49061224782193,15.368254926002825],[75.489818525183,15.373072260166785],[75.48623261136721,15.373182465144211],[75.48492631990861,15.377837324061227],[75.48395764767311,15.37783773288587],[75.48384631137512,15.378723489374543],[75.48174112657478,15.378611442427053],[75.48032055414066,15.387712781219642],[75.48179827469819,15.393192779570297]]]}},{"type":"Feature","properties":{"type":"village","name":"Malasamudra","taluk":"Gadag","district":"GADAG","village_code":"602027"},"geometry":{"type":"Polygon","coordinates":[[[75.6010001422727,15.39558925664641],[75.59646736372329,15.401815288745025],[75.57830737587574,15.398359895668786],[75.57057546573256,15.398665408024133],[75.55966788529584,15.396150098984931],[75.56355982099295,15.386766013869899],[75.5639634933389,15.376115765152113],[75.56984188799682,15.372556725095492],[75.574543217443,15.363276622836205],[75.58323772721035,15.363490830607269],[75.59117741139056,15.365905155394358],[75.61166813932819,15.368015185976548],[75.6030322212769,15.38367390920283],[75.6010001422727,15.39558925664641]]]}},{"type":"Feature","properties":{"type":"village","name":"Sambhapur","taluk":"Gadag","district":"GADAG","village_code":"602015"},"geometry":{"type":"Polygon","coordinates":[[[75.6882113568661,15.398993603928172],[75.68140346819719,15.405420834615144],[75.67974813274168,15.398616230124881],[75.67048706630442,15.399574490788623],[75.66966268326648,15.391713990644341],[75.67133012531707,15.391767927639764],[75.66949147335647,15.374624601283111],[75.6760725005852,15.37618672018337],[75.67840020886122,15.391147258139839],[75.68482277686712,15.390391075705729],[75.69830193482323,15.391033303798718],[75.69838249573795,15.394959978423312],[75.6882113568661,15.398993603928172]]]}},{"type":"Feature","properties":{"type":"village","name":"Shirur","taluk":"Mundargi","district":"GADAG","village_code":"602143"},"geometry":{"type":"Polygon","coordinates":[[[75.7943773581277,15.340987794057202],[75.788794440028,15.35014705404931],[75.7816072673748,15.357720741759488],[75.7812574427419,15.365116661039933],[75.78312681169531,15.369227834201526],[75.78696820368293,15.370009877241923],[75.79310305567637,15.376103657087084],[75.8019349304271,15.390558783227673],[75.8042225190442,15.39909781413877],[75.80879195604372,15.408496441345678],[75.80920923876454,15.414027358736037],[75.78977114410044,15.411505824415757],[75.78903919860356,15.409880964162866],[75.78589901535705,15.409981166172859],[75.7857948871409,15.408864188676084],[75.76028816787938,15.405791990047138],[75.76036714686082,15.396769172976533],[75.75849461404096,15.376358989949539],[75.75892401683163,15.35711768111338],[75.75794168032235,15.357128814895008],[75.761392987881,15.348004741939155],[75.76169158069492,15.344288294953492],[75.77398693787133,15.34517264587999],[75.78746405934673,15.343177355018506],[75.79293279708226,15.340807674052584],[75.7943773581277,15.340987794057202]]]}},{"type":"Feature","properties":{"type":"village","name":"Adavisomapur","taluk":"Gadag","district":"GADAG","village_code":"602014"},"geometry":{"type":"Polygon","coordinates":[[[75.67048706630442,15.399574490788623],[75.66339086693831,15.40216666304293],[75.66424345168626,15.403639543117722],[75.66233878792532,15.405713980837076],[75.66462619059116,15.407855412055616],[75.66369499517101,15.410087748967202],[75.66331290035816,15.409039504914467],[75.65134575255229,15.402647319090859],[75.64917495121034,15.400410875120894],[75.64692526790496,15.39989140826424],[75.64535985560602,15.396385109892467],[75.64674750478495,15.39216914271552],[75.6461556677263,15.389489674150038],[75.64909394203632,15.383375706639173],[75.65055265873403,15.352025405848932],[75.65305175658308,15.340132075162385],[75.65300821524127,15.332162030069485],[75.66035856506922,15.332457951999055],[75.66353473033443,15.3476902447575],[75.66197587843202,15.354052726724765],[75.66350919662082,15.36067672227014],[75.66314822659018,15.373627149327833],[75.66949147335647,15.374624601283111],[75.67133012531707,15.391767927639764],[75.66966268326648,15.391713990644341],[75.67048706630442,15.399574490788623]]]}},{"type":"Feature","properties":{"type":"village","name":"Halligudi","taluk":"Mundargi","district":"GADAG","village_code":"602145"},"geometry":{"type":"Polygon","coordinates":[[[75.86539066625252,15.423765308882198],[75.85424649921437,15.42314827669598],[75.83283978343607,15.425784898803636],[75.82703023925478,15.425732911237175],[75.80986464240932,15.421209826226688],[75.80890057134471,15.408884815651845],[75.8042225190442,15.39909781413877],[75.8019349304271,15.390558783227673],[75.79310305567637,15.376103657087084],[75.78696820368293,15.370009877241923],[75.78312681169531,15.369227834201526],[75.7812574427419,15.365116661039933],[75.7816072673748,15.357720741759488],[75.788794440028,15.35014705404931],[75.7943773581277,15.340987794057202],[75.79693911436614,15.345901002642659],[75.80387686169588,15.350106832315346],[75.80528546587547,15.356691902960344],[75.81454270369302,15.35949242713432],[75.81626200368834,15.361990229045423],[75.81956362317455,15.36411157731152],[75.82283520659094,15.369229689579727],[75.82963004902697,15.368779668069804],[75.83631579017344,15.372528932976957],[75.85032712986683,15.373325802034243],[75.85069344756835,15.375200190249],[75.85432529044796,15.37934928365948],[75.85790491066686,15.392357689612437],[75.86110238486893,15.39838410401315],[75.86156732770714,15.406115977028069],[75.86580038156539,15.407848865742897],[75.86539066625252,15.423765308882198]]]}},{"type":"Feature","properties":{"type":"village","name":"Lakkundi","taluk":"Gadag","district":"GADAG","village_code":"602019"},"geometry":{"type":"Polygon","coordinates":[[[75.74973475632828,15.43742675927894],[75.73921612844329,15.437978035630584],[75.72324077060318,15.435888964072758],[75.70548732521895,15.436817773886766],[75.70326364903937,15.43581103976755],[75.70420923996194,15.420022627171535],[75.70056420622072,15.413345395679173],[75.6882113568661,15.398993603928172],[75.69838249573795,15.394959978423312],[75.69830193482323,15.391033303798718],[75.69215526010235,15.390551559945735],[75.69189242023675,15.374013632027104],[75.6936761330312,15.373958964582771],[75.69612508242953,15.371852479672434],[75.69606901228447,15.370935209108422],[75.7007306326018,15.370762055682437],[75.70430321721538,15.37238746214921],[75.70463912155465,15.373901144264543],[75.70820178607256,15.373682902171653],[75.7084816148768,15.374762739315251],[75.7054730824301,15.374709659751291],[75.70558523978828,15.375848292729874],[75.71236663624114,15.376993532597497],[75.74909797386103,15.37860742695271],[75.75849461404096,15.376358989949539],[75.76036714686082,15.396769172976533],[75.76028816787938,15.405791990047138],[75.75876123761059,15.412599757936974],[75.75559195972863,15.417546350293149],[75.75407304692372,15.424078246752254],[75.75115144624371,15.427988823659431],[75.74973475632828,15.43742675927894]],[[75.70057875982661,15.375741538221645],[75.6990178516805,15.373631857835257],[75.69356451466223,15.374446931258252],[75.69601456988664,15.375471899909833],[75.70057875982661,15.375741538221645]]]}},{"type":"Feature","properties":{"type":"village","name":"Harlapur","taluk":"Gadag","district":"GADAG","village_code":"602011"},"geometry":{"type":"Polygon","coordinates":[[[75.85897385465098,15.444184205288073],[75.8525915994418,15.44353518498881],[75.84778658644551,15.444574971068777],[75.83991774879851,15.442760529948007],[75.83619938288567,15.4475385690879],[75.83046475909741,15.448070715069015],[75.82747338177771,15.449374453746008],[75.81927020196171,15.456234354234505],[75.81875445130932,15.468607372419385],[75.81292933123939,15.467571021993503],[75.81157977871328,15.475354795325462],[75.81054997791937,15.47541721222228],[75.80966856443732,15.485862445304361],[75.79856578188601,15.48365954363503],[75.79198920491118,15.484916915211507],[75.77846497218903,15.482916832921427],[75.76079213173692,15.482064646796427],[75.7596586357148,15.476635489383456],[75.75650028673661,15.469328440835737],[75.75429527126039,15.458781737797564],[75.75393520313834,15.438917753352694],[75.7501335490256,15.437868405313576],[75.74976668155516,15.436902326338302],[75.75115144624371,15.427988823659431],[75.75407304692372,15.424078246752254],[75.75559195972863,15.417546350293149],[75.75876123761059,15.412599757936974],[75.76028816787938,15.405791990047138],[75.76915390642135,15.406318211097553],[75.78103242823795,15.408811464218381],[75.7857948871409,15.408864188676084],[75.78589901535705,15.409981166172859],[75.78903919860356,15.409880964162866],[75.78977114410044,15.411505824415757],[75.80920923876454,15.414027358736037],[75.80986464240932,15.421209826226688],[75.82362839473232,15.425072051016096],[75.83283978343607,15.425784898803636],[75.85424649921437,15.42314827669598],[75.85896562967623,15.42392571367326],[75.85897385465098,15.444184205288073]]]}},{"type":"Feature","properties":{"type":"village","name":"Nagasamudra","taluk":"Gadag","district":"GADAG","village_code":"602007"},"geometry":{"type":"Polygon","coordinates":[[[75.70970471964516,15.486470876182016],[75.70068749640018,15.484639505235208],[75.69230027424037,15.484976539915884],[75.68757586887116,15.48660006378042],[75.68429535979412,15.486302719826938],[75.67117517491373,15.471792178797518],[75.6679787382658,15.471453915765684],[75.6672933928743,15.469420631718286],[75.65616226578082,15.46917392465497],[75.65679035525106,15.463182176283201],[75.66427784189031,15.464120867206056],[75.66742319583959,15.466004552198697],[75.67660175201802,15.465573443876233],[75.68105077704024,15.463249848779261],[75.70221163021351,15.460329089725148],[75.70970471964516,15.486470876182016]]]}},{"type":"Feature","properties":{"type":"village","name":"Hirehandigol","taluk":"Gadag","district":"GADAG","village_code":"602020"},"geometry":{"type":"Polygon","coordinates":[[[75.56805463763678,15.486356954276753],[75.56236029610247,15.486775610369167],[75.5509935175538,15.491733397258033],[75.53399485463756,15.490882005803945],[75.53417658831113,15.480399017378174],[75.53231909598406,15.476620684332621],[75.53308108024572,15.460625245875917],[75.52860813578242,15.461043617222163],[75.5289004897967,15.453488676273741],[75.53186990510436,15.439536540594379],[75.53702737210233,15.438684647041503],[75.54449503292327,15.438954192128103],[75.54800246183098,15.44058664564472],[75.5509734186476,15.443967588621545],[75.57245408374015,15.447109726412162],[75.5687006233441,15.458608556254788],[75.56864379771586,15.461821276672651],[75.56591365587067,15.461540324900849],[75.5658486115559,15.476944133026503],[75.56817370303946,15.476831856842555],[75.56805463763678,15.486356954276753]]]}},{"type":"Feature","properties":{"type":"village","name":" ","taluk":"Gadag","district":"GADAG","village_code":" "},"geometry":{"type":"Polygon","coordinates":[[[75.6354899137641,15.502073974923805],[75.6267320952271,15.501440717602838],[75.6174660548181,15.505740294709868],[75.61791980644452,15.501058528582261],[75.6163564162533,15.499694116901276],[75.61624000627056,15.497945448106307],[75.60578311959505,15.497099787781139],[75.60683278932646,15.484023135595336],[75.63161748139015,15.484760408288588],[75.63875576143742,15.479649649620765],[75.63527107158447,15.495121381856247],[75.6354899137641,15.502073974923805]]]}},{"type":"Feature","properties":{"type":"village","name":"Kotumachagi","taluk":"Gadag","district":"GADAG","village_code":"602006"},"geometry":{"type":"Polygon","coordinates":[[[75.77924538269377,15.553896317270569],[75.76754659040935,15.55500413210312],[75.76173939083095,15.554355340396887],[75.76197830676394,15.54962666870214],[75.7525718219468,15.548949349908906],[75.7525804448752,15.551313218575872],[75.75176080494198,15.55159178341683],[75.74909647187788,15.55085364777239],[75.74028257870418,15.552598382122378],[75.74146197773904,15.53287511768861],[75.7388469019969,15.5320315193054],[75.7386496139942,15.513031508397177],[75.74251169597945,15.495295755160216],[75.75877734709856,15.495929612173304],[75.76558898713209,15.495065683269777],[75.76244776722972,15.482334732789667],[75.77846497218903,15.482916832921427],[75.79198920491118,15.484916915211507],[75.7990226300052,15.483685074357686],[75.80966856443732,15.485862445304361],[75.80960080631208,15.486725067372129],[75.81578684161543,15.486937690866517],[75.81491105877357,15.495506146817577],[75.82407598301755,15.495739191766035],[75.8214458937321,15.50242335714384],[75.81969261496116,15.50461305715117],[75.8171751807005,15.513974171123044],[75.81426480267334,15.51593303522696],[75.81388116455484,15.52385342676728],[75.81199690243231,15.526011919350886],[75.80702653474506,15.52700200406315],[75.80652021011495,15.528653585016462],[75.80396223219061,15.52902005871956],[75.80323993100663,15.532688324947774],[75.80012155885521,15.53281721359288],[75.80015262439437,15.540826450005852],[75.79479216688826,15.54112156126716],[75.78717935718204,15.543707229262983],[75.78649745233807,15.54705896033478],[75.78013295233048,15.548184468700857],[75.77984517433426,15.552239861203242],[75.77924538269377,15.553896317270569]]]}},{"type":"Feature","properties":{"type":"village","name":"Kanaginahal","taluk":"Gadag","district":"GADAG","village_code":"602010"},"geometry":{"type":"Polygon","coordinates":[[[75.73763496777912,15.49529233405736],[75.71380094481427,15.498443435789683],[75.71390037663814,15.49116857929519],[75.71203009858962,15.486989569584335],[75.70970471964516,15.486470876182016],[75.70218439059913,15.462348902859047],[75.70326381343106,15.458286357731026],[75.7027684760952,15.45421974577035],[75.70486344076255,15.450039379670681],[75.70230991488874,15.448716280250878],[75.7037934259866,15.441576478696103],[75.70318228682747,15.43928576806508],[75.7040576411729,15.438060900830328],[75.70326364903937,15.43581103976755],[75.70548732521895,15.436817773886766],[75.72324077060318,15.435888964072758],[75.73921612844329,15.437978035630584],[75.74973475632828,15.43742675927894],[75.75382275831926,15.438750925643292],[75.75429527126039,15.458781737797564],[75.75636330623216,15.46882712513793],[75.7596586357148,15.476635489383456],[75.76079213173692,15.482064646796427],[75.76244776722972,15.482334732789667],[75.76574668188864,15.494870777919527],[75.75877734709856,15.495929612173304],[75.74639070761454,15.494953421252363],[75.73763496777912,15.49529233405736]]]}},{"type":"Feature","properties":{"type":"village","name":"Chikkahandigol","taluk":"Gadag","district":"GADAG","village_code":"601998"},"geometry":{"type":"Polygon","coordinates":[[[75.53399485463756,15.490882005803945],[75.5119791754197,15.487600269597431],[75.50683263103724,15.491384158845811],[75.4991290573514,15.489505388260467],[75.48728627860164,15.48894564840951],[75.49305288600725,15.476859918968326],[75.49508514377622,15.469692212085068],[75.49985628309976,15.469343208314184],[75.50227373576759,15.462711357366373],[75.51202069375552,15.462757245627982],[75.51113795885169,15.458184011031156],[75.51346685290386,15.450706954695889],[75.51369762381216,15.44619747567131],[75.51707063780387,15.446032047001502],[75.51782006002462,15.438282985775412],[75.53186990510436,15.439536540594379],[75.5289004897967,15.453488676273741],[75.52860813578242,15.461043617222163],[75.53308108024572,15.460625245875917],[75.53231909598406,15.476620684332621],[75.53417658831113,15.480399017378174],[75.53399485463756,15.490882005803945]]]}},{"type":"Feature","properties":{"type":"village","name":"Hirekoppa","taluk":"Gadag","district":"GADAG","village_code":"602002"},"geometry":{"type":"Polygon","coordinates":[[[75.68728803607772,15.504301183613459],[75.65958106330935,15.50635925443241],[75.65133258235191,15.50528484483025],[75.64759499518694,15.50287677477022],[75.6354899137641,15.502073974923805],[75.63527107158447,15.495121381856247],[75.63875576143742,15.479649649620765],[75.64995613696118,15.469748497570619],[75.65041748025007,15.470543701140139],[75.65303604415045,15.470719645752899],[75.65335717299989,15.467488802342189],[75.65618533541564,15.467348422986676],[75.65616226578082,15.46917392465497],[75.6672933928743,15.469420631718286],[75.6679787382658,15.471453915765684],[75.67117517491373,15.471792178797518],[75.68334459277888,15.485674940837663],[75.68340716043842,15.493121491771287],[75.68649884723601,15.500409142099732],[75.68754576273275,15.50105856493913],[75.68728803607772,15.504301183613459]]]}},{"type":"Feature","properties":{"type":"village","name":"Benakanakoppa","taluk":"Gadag","district":"GADAG","village_code":"602004"},"geometry":{"type":"Polygon","coordinates":[[[75.72207668694563,15.497505239931831],[75.72028644878895,15.512934990835122],[75.68736254683897,15.515476619341323],[75.68657485459052,15.514966249909877],[75.68754576273275,15.50105856493913],[75.68649884723601,15.500409142099732],[75.68340716043842,15.493121491771287],[75.68334459277888,15.485674940837663],[75.68551626728329,15.486785900071391],[75.69230027424037,15.484976539915884],[75.70068749640018,15.484639505235208],[75.71046884998205,15.486470559335618],[75.71203009858962,15.486989569584335],[75.71390037663814,15.49116857929519],[75.71380094481427,15.498443435789683],[75.72207668694563,15.497505239931831]]]}},{"type":"Feature","properties":{"type":"village","name":"Gadag-Betigeri (CMC)","taluk":"Gadag","district":"GADAG","village_code":"803078"},"geometry":{"type":"Polygon","coordinates":[[[75.6174660548181,15.505740294709868],[75.61301045233137,15.514560382801134],[75.59742616886369,15.517161523612513],[75.5952097097491,15.504341836000496],[75.58926829378244,15.50380322822854],[75.58882112501043,15.50252431425918],[75.58585991311797,15.501053044755754],[75.58598277929265,15.49839843061604],[75.58429128844355,15.4980908318077],[75.58437598699844,15.493969892636626],[75.56805463763678,15.486356954276753],[75.56817370303946,15.476831856842555],[75.5658486115559,15.476944133026503],[75.56591365587067,15.461540324900849],[75.56864379771586,15.461821276672651],[75.5687006233441,15.458608556254788],[75.57050034771017,15.453471387208719],[75.58908902598435,15.456624686899625],[75.58812064929457,15.452901247271932],[75.59012471523496,15.448703813619948],[75.60001086537955,15.448348250235686],[75.59942786235342,15.453472228803843],[75.61141980635608,15.45707920320539],[75.62117113644452,15.458096295761658],[75.62111522080964,15.456067499763751],[75.62895638315939,15.456108154703308],[75.62731195504804,15.484559459233907],[75.60683278932646,15.484023135595336],[75.60578311959505,15.497099787781139],[75.61624000627056,15.497945448106307],[75.6163564162533,15.499694116901276],[75.61791980644452,15.501058528582261],[75.6174660548181,15.505740294709868]]]}},{"type":"Feature","properties":{"type":"village","name":"Belahod","taluk":"Gadag","district":"GADAG","village_code":"601997"},"geometry":{"type":"Polygon","coordinates":[[[75.54398550130757,15.49162941191942],[75.54609791395269,15.498929791420657],[75.53547021262591,15.502449020587823],[75.5300046441467,15.51768756481602],[75.52552021562083,15.517419720987917],[75.51888826020368,15.508849213593717],[75.50228762372188,15.505543201618833],[75.50668673475364,15.493991297172794],[75.50683263103724,15.491384158845811],[75.5119791754197,15.487600269597431],[75.54398550130757,15.49162941191942]]]}},{"type":"Feature","properties":{"type":"village","name":"Neeralagi","taluk":"Gadag","district":"GADAG","village_code":"602005"},"geometry":{"type":"Polygon","coordinates":[[[75.73873924789324,15.527357909993114],[75.73498479665545,15.525772865400711],[75.73437372936154,15.524697660158703],[75.7307061218555,15.525006700262495],[75.7283049098297,15.523033137021397],[75.72406814592932,15.52214038268204],[75.71812639129779,15.522861355222046],[75.71802590395347,15.527443241637545],[75.68623206915619,15.52216899780056],[75.68736254683897,15.515476619341323],[75.72028644878895,15.512934990835122],[75.72207668694563,15.497505239931831],[75.74251169597945,15.495295755160216],[75.7386496139942,15.513031508397177],[75.73873924789324,15.527357909993114]]]}},{"type":"Feature","properties":{"type":"village","name":"Nagaral","taluk":"Ron","district":"GADAG","village_code":"601959"},"geometry":{"type":"Polygon","coordinates":[[[75.73873924789324,15.527357909993114],[75.7388469019969,15.5320315193054],[75.74146197773904,15.53287511768861],[75.74118717500878,15.537866373684015],[75.71642162784042,15.53342484919959],[75.71692294795606,15.52735460886457],[75.71802590395347,15.527443241637545],[75.71812639129779,15.522861355222046],[75.72522870280106,15.52226641987186],[75.7283049098297,15.523033137021397],[75.7307061218555,15.525006700262495],[75.73437372936154,15.524697660158703],[75.73498479665545,15.525772865400711],[75.73873924789324,15.527357909993114]]]}},{"type":"Feature","properties":{"type":"village","name":"Madaganur","taluk":"Gadag","district":"GADAG","village_code":"601996"},"geometry":{"type":"Polygon","coordinates":[[[75.49460193728994,15.531863932340599],[75.48178039732574,15.531730066411964],[75.48150702471342,15.525783777211377],[75.47666735112024,15.521615317057499],[75.47507112660703,15.516595915666334],[75.47580087392642,15.512610175430673],[75.47182690138261,15.492739218975574],[75.48617316535329,15.49013001837672],[75.48728627860164,15.48894564840951],[75.4991290573514,15.489505388260467],[75.50683263103724,15.491384158845811],[75.50668673475364,15.493991297172794],[75.5023238069632,15.505013183094052],[75.50165900334729,15.517886301280715],[75.49973649904483,15.521924836101773],[75.49674663987793,15.525342553397284],[75.49460193728994,15.531863932340599]]]}},{"type":"Feature","properties":{"type":"village","name":"Kiritageri","taluk":"Gadag","district":"GADAG","village_code":"602003"},"geometry":{"type":"Polygon","coordinates":[[[75.67201570606719,15.537440860082624],[75.6673773125898,15.53809473440245],[75.66541626696838,15.53132027689333],[75.66215452998584,15.525440708810896],[75.66087137194242,15.521942353143166],[75.66161020302596,15.520129792812186],[75.65943617134224,15.518528334341786],[75.65900076780547,15.514397591689779],[75.65730496504304,15.511868760691707],[75.66065190992526,15.50946571260615],[75.65958106330935,15.50635925443241],[75.68728803607772,15.504301183613459],[75.68657489860797,15.515119876671314],[75.68736254683897,15.515476619341323],[75.68509678458835,15.528599230980184],[75.67967647233485,15.528686403079757],[75.67487234777239,15.532578036840814],[75.67201570606719,15.537440860082624]]]}},{"type":"Feature","properties":{"type":"village","name":"Venkatapur (H.S.)","taluk":"Gadag","district":"GADAG","village_code":"601995"},"geometry":{"type":"Polygon","coordinates":[[[75.5300046441467,15.51768756481602],[75.52952625802025,15.537899475025192],[75.50537870325833,15.529749308404813],[75.49460193728994,15.531863932340599],[75.49674663987793,15.525342553397284],[75.49973649904483,15.521924836101773],[75.50165900334729,15.517886301280715],[75.50228762372188,15.505543201618833],[75.51888826020368,15.508849213593717],[75.52552021562083,15.517419720987917],[75.5300046441467,15.51768756481602]]]}},{"type":"Feature","properties":{"type":"village","name":"Huilgol","taluk":"Gadag","district":"GADAG","village_code":"601993"},"geometry":{"type":"Polygon","coordinates":[[[75.6673773125898,15.53809473440245],[75.66444561843927,15.538196002082605],[75.66425538041491,15.543049009088621],[75.66502009106345,15.544955746705451],[75.6639766879795,15.54850295275666],[75.6649421280766,15.551679432159315],[75.66242067475336,15.552574544903912],[75.66206215981843,15.555208894799335],[75.65943235260394,15.559568693378104],[75.65199396158997,15.552733910815233],[75.62454455018658,15.552201950404292],[75.62437672423025,15.55286621312534],[75.61133518685295,15.552981641360638],[75.60737366136574,15.54240811517289],[75.6001509639363,15.529416355882244],[75.59818065937925,15.5204466349769],[75.59832092322603,15.517274586329949],[75.61301045233137,15.514560382801134],[75.6174660548181,15.505740294709868],[75.6267320952271,15.501440717602838],[75.64759499518694,15.50287677477022],[75.65133258235191,15.50528484483025],[75.65958106330935,15.50635925443241],[75.66065190992526,15.50946571260615],[75.65730496504304,15.511868760691707],[75.65900076780547,15.514397591689779],[75.65943617134224,15.518528334341786],[75.66161020302596,15.520129792812186],[75.66093669114167,15.522258504411417],[75.66541626696838,15.53132027689333],[75.6673773125898,15.53809473440245]]]}},{"type":"Feature","properties":{"type":"village","name":"Abbigeri","taluk":"Ron","district":"GADAG","village_code":"601960"},"geometry":{"type":"Polygon","coordinates":[[[75.77755766656556,15.597521749429001],[75.77476381799703,15.597145157670635],[75.75958244061239,15.618179441965511],[75.75538804215914,15.620340852312095],[75.75032918502649,15.632322275158288],[75.7402337606584,15.629342267571046],[75.73507292138481,15.631211009625426],[75.72984502197697,15.629677169932586],[75.7269674216779,15.628345511832405],[75.72551161282676,15.626249604909056],[75.72249889512915,15.625125778658823],[75.71885786787408,15.60572005775846],[75.71269802834271,15.603648479291646],[75.7121414923798,15.599527777106003],[75.707068724835,15.598630466066295],[75.70411304297143,15.59045008314304],[75.70699320616403,15.588189614601365],[75.70441118842433,15.577657767686205],[75.70171338413274,15.57515467968962],[75.7017472236695,15.571888437353554],[75.70488878493165,15.570816413315033],[75.70571007417176,15.573224535889468],[75.7087211802917,15.572328767928495],[75.71019649066938,15.566594132816824],[75.7161763087161,15.564644306241798],[75.71682814335426,15.56296321365811],[75.72094368589522,15.561913204333596],[75.72184207124792,15.559350710056338],[75.72766856394367,15.55912679767729],[75.72797456606204,15.555733211927086],[75.74909647187788,15.55085364777239],[75.75176080494198,15.55159178341683],[75.7525804448752,15.551313218575872],[75.7525718219468,15.548949349908906],[75.76197830676394,15.54962666870214],[75.76173939083095,15.554355340396887],[75.76754659040935,15.55500413210312],[75.77796506871657,15.554407059371258],[75.77768058933408,15.559330264237145],[75.78163242110105,15.58586628691734],[75.77930270688702,15.587605663228834],[75.77870944420201,15.591033932113822],[75.7793767217782,15.593621459402385],[75.77755766656556,15.597521749429001]]]}},{"type":"Feature","properties":{"type":"village","name":"Hadagali- S-Yavagal","taluk":"Ron","district":"GADAG","village_code":"601916"},"geometry":{"type":"Polygon","coordinates":[[[75.64915190223678,15.629214592638482],[75.6483175137632,15.629491024027466],[75.64741727518606,15.626395827967492],[75.64478720117197,15.623400282158919],[75.63997898927495,15.608339403204024],[75.64127039924257,15.608443217143984],[75.64084910105242,15.584137790749702],[75.64486131577615,15.583011655340437],[75.6491821727669,15.57688404232782],[75.65382949100662,15.574371214254864],[75.65364235396665,15.5693510769093],[75.65663301622737,15.565116022879192],[75.66548619542337,15.57221559870291],[75.66422929872896,15.581844939837916],[75.6772317369335,15.584680076243904],[75.68388313907991,15.584789722941634],[75.69398588741255,15.586490431196156],[75.69732743431821,15.583593009184876],[75.70180806386875,15.585078158624707],[75.70171338413274,15.57515467968962],[75.70339447518576,15.576329604425103],[75.7050972596546,15.579754171056672],[75.70699320616403,15.588189614601365],[75.70411304297143,15.59045008314304],[75.70390253086946,15.58981034494989],[75.68086782525117,15.590124294583259],[75.68056996097093,15.59191826115421],[75.67634170501462,15.592813872758542],[75.67573640670146,15.595683328978778],[75.67097260481715,15.59981425225217],[75.66466149528016,15.607600945334166],[75.65725356793408,15.61198961564269],[75.652517857267,15.622256371865005],[75.65220109782311,15.62484549506053],[75.65003301657984,15.62546025103073],[75.64915190223678,15.629214592638482]]]}},{"type":"Feature","properties":{"type":"village","name":"Halakeri","taluk":"Ron","district":"GADAG","village_code":"601966"},"geometry":{"type":"Polygon","coordinates":[[[75.88579849316415,15.633779295749475],[75.87820866595617,15.636496159153348],[75.87371909008371,15.63481900983929],[75.8717869621296,15.632349823859533],[75.87103593372116,15.630128985246763],[75.8725902733859,15.625973488372567],[75.87180211131856,15.612755877247563],[75.86309424809448,15.61263199873019],[75.86626440363045,15.60456052617977],[75.86563300297007,15.59857859209455],[75.86780528114235,15.596133774258277],[75.87880531528981,15.59915918026715],[75.87917183870549,15.59654525341502],[75.88245723192276,15.597065427051518],[75.88219138898913,15.600348019761675],[75.8945907432277,15.603321840414246],[75.89463924237155,15.606996328653853],[75.89754525817969,15.607101962775996],[75.89823745232695,15.617196650828827],[75.89937852833344,15.620057695962771],[75.89841077597278,15.624870798054186],[75.89399621391816,15.625422163420408],[75.8947402597219,15.632438530738794],[75.88579849316415,15.633779295749475]]]}},{"type":"Feature","properties":{"type":"village","name":"Balaganur","taluk":"Gadag","district":"GADAG","village_code":"601990"},"geometry":{"type":"Polygon","coordinates":[[[75.61643020656567,15.57459534800385],[75.61256043500158,15.597163729953902],[75.60505693679072,15.618192456370855],[75.59940209417948,15.629366958383699],[75.5878773361083,15.626472327236],[75.57710733175904,15.622068982945086],[75.56589908519673,15.621213937176346],[75.57171867164458,15.58838785384066],[75.57293338435154,15.575502635703849],[75.61220984141079,15.573759416962018],[75.61643020656567,15.57459534800385]]]}},{"type":"Feature","properties":{"type":"village","name":"Kadadi","taluk":"Gadag","district":"GADAG","village_code":"601991"},"geometry":{"type":"Polygon","coordinates":[[[75.64146665058942,15.614200700617088],[75.64074716562386,15.6144342497092],[75.64204379390496,15.620100456320168],[75.6409157560465,15.624619118429216],[75.6308022656597,15.625568327376506],[75.62744974583286,15.640420553033488],[75.62291962090679,15.638412570013106],[75.62343325333171,15.631514501817296],[75.62153078684997,15.63125697022445],[75.62221637478662,15.62741619074525],[75.61355754700065,15.62695490427944],[75.61376725511047,15.628030283250801],[75.61218654629886,15.628030184628786],[75.60241809162619,15.627057730352385],[75.60114944676451,15.630026356227603],[75.59940209417948,15.629366958383699],[75.60505693679072,15.618192456370855],[75.61256043500158,15.597163729953902],[75.61505920406725,15.583266464730103],[75.62671645376138,15.58329343940881],[75.6305437826232,15.5818384033604],[75.64429898657798,15.583269895621449],[75.64084910105242,15.584137790749702],[75.64127039924257,15.608443217143984],[75.63997898927495,15.608339403204024],[75.64146665058942,15.614200700617088]]]}},{"type":"Feature","properties":{"type":"village","name":"Honnapur","taluk":"Ron","district":"GADAG","village_code":"601922"},"geometry":{"type":"Polygon","coordinates":[[[75.6544181911483,15.641175339809287],[75.6437291106331,15.645187052091247],[75.6364825593396,15.646366859228234],[75.62744974583286,15.640420553033488],[75.6308022656597,15.625568327376506],[75.6409157560465,15.624619118429216],[75.64204379390496,15.620100456320168],[75.64074716562386,15.6144342497092],[75.64146665058942,15.614200700617088],[75.6451836259102,15.624218111663302],[75.64741727518606,15.626395827967492],[75.6483175137632,15.629491024027466],[75.64915190223678,15.629214592638482],[75.6525894961143,15.635382821064558],[75.6544181911483,15.641175339809287]]]}},{"type":"Feature","properties":{"type":"village","name":"Yarebeleri","taluk":"Ron","district":"GADAG","village_code":"601958"},"geometry":{"type":"Polygon","coordinates":[[[75.74028257870418,15.552598382122378],[75.72797456606204,15.555733211927086],[75.72766856394367,15.55912679767729],[75.72184207124792,15.559350710056338],[75.72094368589522,15.561913204333596],[75.71682814335426,15.56296321365811],[75.7161763087161,15.564644306241798],[75.71019649066938,15.566594132816824],[75.7087211802917,15.572328767928495],[75.70571007417176,15.573224535889468],[75.69427693527639,15.53917019779119],[75.68509678458835,15.528599230980184],[75.68632539513108,15.522485244797453],[75.71692294795606,15.52735460886457],[75.71642162784042,15.53342484919959],[75.74118717500878,15.537866373684015],[75.74028257870418,15.552598382122378]]]}},{"type":"Feature","properties":{"type":"village","name":"Hombal","taluk":"Gadag","district":"GADAG","village_code":"601994"},"geometry":{"type":"Polygon","coordinates":[[[75.61220984141079,15.573759416962018],[75.55128017355422,15.576967677320686],[75.53232496108456,15.580450126627902],[75.53029280482522,15.565779140570543],[75.52865661336675,15.565778322797977],[75.52798786794337,15.55824598126845],[75.5300046441467,15.51768756481602],[75.53547021262591,15.502449020587823],[75.54609791395269,15.498929791420657],[75.54398550130757,15.49162941191942],[75.5509935175538,15.491733397258033],[75.56236029610247,15.486775610369167],[75.56532402417606,15.486324566664566],[75.56805463763678,15.486356954276753],[75.58437598699844,15.493969892636626],[75.58429128844355,15.4980908318077],[75.58598277929265,15.49839843061604],[75.58585991311797,15.501053044755754],[75.58882112501043,15.50252431425918],[75.58926829378244,15.50380322822854],[75.59557782857273,15.50482994534852],[75.6001509639363,15.529416355882244],[75.60737366136574,15.54240811517289],[75.61172501885534,15.555060782902448],[75.61010697067064,15.563094796319719],[75.61220984141079,15.573759416962018]]]}},{"type":"Feature","properties":{"type":"village","name":"Gujmagadi","taluk":"Ron","district":"GADAG","village_code":"601956"},"geometry":{"type":"Polygon","coordinates":[[[75.67201570606719,15.537440860082624],[75.67336759960288,15.544123634816112],[75.67768549035655,15.551578339866419],[75.68265356374657,15.566244545223235],[75.68273283378221,15.584963485628682],[75.6772317369335,15.584680076243904],[75.66422929872896,15.581844939837916],[75.66548619542337,15.57221559870291],[75.65663301622737,15.565116022879192],[75.66206215981843,15.555208894799335],[75.66242067475336,15.552574544903912],[75.6649421280766,15.551679432159315],[75.6639766879795,15.54850295275666],[75.66502009106345,15.544955746705451],[75.66425538041491,15.543049009088621],[75.66444561843927,15.538196002082605],[75.67201570606719,15.537440860082624]]]}},{"type":"Feature","properties":{"type":"village","name":"Gavarawad","taluk":"Gadag","district":"GADAG","village_code":"601992"},"geometry":{"type":"Polygon","coordinates":[[[75.64429898657798,15.583269895621449],[75.6305437826232,15.5818384033604],[75.62671645376138,15.58329343940881],[75.61505920406725,15.583266464730103],[75.61643020656567,15.57459534800385],[75.61220984141079,15.573759416962018],[75.61010697067064,15.563094796319719],[75.61177618419899,15.556253727713385],[75.61133518685295,15.552981641360638],[75.62437672423025,15.55286621312534],[75.62454455018658,15.552201950404292],[75.65199396158997,15.552733910815233],[75.65943235260394,15.559568693378104],[75.65364235396665,15.5693510769093],[75.65382949100662,15.574371214254864],[75.6491821727669,15.57688404232782],[75.64429898657798,15.583269895621449]]]}},{"type":"Feature","properties":{"type":"village","name":"Kurudagi","taluk":"Ron","district":"GADAG","village_code":"601957"},"geometry":{"type":"Polygon","coordinates":[[[75.7017472236695,15.571888437353554],[75.70180806386875,15.585078158624707],[75.69732743431821,15.583593009184876],[75.69398588741255,15.586490431196156],[75.68273283378221,15.584963485628682],[75.68265356374657,15.566244545223235],[75.67768549035655,15.551578339866419],[75.67394115325055,15.545402225975495],[75.67196813488299,15.538873269687027],[75.67487234777239,15.532578036840814],[75.67967647233485,15.528686403079757],[75.68509678458835,15.528599230980184],[75.69397377542757,15.538515096167995],[75.70488878493165,15.570816413315033],[75.7017472236695,15.571888437353554]]]}},{"type":"Feature","properties":{"type":"village","name":"Naregal (TP)","taluk":"Ron","district":"GADAG","village_code":"803077"},"geometry":{"type":"Polygon","coordinates":[[[75.86309424809448,15.61263199873019],[75.84970110472511,15.617506833221608],[75.84047484710678,15.61726651263422],[75.83633307735279,15.618291299381102],[75.83341022531958,15.608325824935495],[75.83155883884149,15.606032177387402],[75.8281322358515,15.605177209223067],[75.82573737671136,15.601073108417388],[75.82000390815658,15.600583782289686],[75.81754108068542,15.601655093779101],[75.8155001505807,15.60089428571487],[75.79956181141515,15.602548272314202],[75.79477630713188,15.599944018572344],[75.78819484781351,15.600853577115297],[75.77755766656556,15.597521749429001],[75.7793767217782,15.593621459402385],[75.77870944420201,15.591033932113822],[75.77930270688702,15.587605663228834],[75.78163242110105,15.58586628691734],[75.77768058933408,15.559330264237145],[75.77796506871657,15.554407059371258],[75.77924538269377,15.553896317270569],[75.77984517433426,15.552239861203242],[75.78013295233048,15.548184468700857],[75.78649745233807,15.54705896033478],[75.78717935718204,15.543707229262983],[75.79254231110633,15.541640461808216],[75.80015262439437,15.540826450005852],[75.80012155885521,15.53281721359288],[75.80323993100663,15.532688324947774],[75.80396223219061,15.52902005871956],[75.80652021011495,15.528653585016462],[75.80702653474506,15.52700200406315],[75.81199690243231,15.526011919350886],[75.81326934806597,15.524768771214895],[75.8141696333555,15.522537111990353],[75.81426480267334,15.51593303522696],[75.81690660778676,15.514418093902203],[75.81914168089234,15.507889096660518],[75.83138274568964,15.506779448886581],[75.83282724385302,15.510100687776633],[75.841696814608,15.512078281127918],[75.84950602567969,15.512346588920579],[75.85053666190687,15.51583200416903],[75.86028495119804,15.513787293749939],[75.86083504803702,15.521622732252823],[75.8670338394174,15.553473162167442],[75.86847368071436,15.576550788750444],[75.86806146089849,15.589402580736003],[75.86676004998681,15.594876827676384],[75.86686756574989,15.59604259092549],[75.86780528114235,15.596133774258277],[75.86563300297007,15.59857859209455],[75.86626440363045,15.60456052617977],[75.86309424809448,15.61263199873019]]]}},{"type":"Feature","properties":{"type":"village","name":"Budihal","taluk":"Ron","district":"GADAG","village_code":"601962"},"geometry":{"type":"Polygon","coordinates":[[[75.83633307735279,15.618291299381102],[75.81624598313354,15.618492129197946],[75.80919843472661,15.62198485503857],[75.79742852282115,15.62253856574865],[75.79296661505941,15.612041314919008],[75.79169987372782,15.603991348929673],[75.79477630713188,15.599944018572344],[75.79956181141515,15.602548272314202],[75.80174954330526,15.602675929248045],[75.8155001505807,15.60089428571487],[75.81754108068542,15.601655093779101],[75.82000390815658,15.600583782289686],[75.82573737671136,15.601073108417388],[75.8281322358515,15.605177209223067],[75.83155883884149,15.606032177387402],[75.83341022531958,15.608325824935495],[75.83633307735279,15.618291299381102]]]}},{"type":"Feature","properties":{"type":"village","name":"Lingadhal","taluk":"Gadag","district":"GADAG","village_code":"601989"},"geometry":{"type":"Polygon","coordinates":[[[75.57293338435154,15.575502635703849],[75.57171867164458,15.58838785384066],[75.56589908519673,15.621213937176346],[75.54962195899822,15.621017465981433],[75.54930735461267,15.614465399892302],[75.54382048528146,15.612158876304726],[75.5423581932889,15.607770791026729],[75.54178257171947,15.601580095918694],[75.53988078436406,15.60070731334315],[75.54072488991407,15.600043378264248],[75.53708740112289,15.59155601636341],[75.5344487131635,15.591604585955018],[75.53232496108456,15.580450126627902],[75.55128017355422,15.576967677320686],[75.57293338435154,15.575502635703849]]]}},{"type":"Feature","properties":{"type":"village","name":"Kalakeri","taluk":"Nargund","district":"GADAG","village_code":"601877"},"geometry":{"type":"Polygon","coordinates":[[[75.38368817985163,15.693815073832441],[75.3763331758522,15.696218988852463],[75.37376088417209,15.699355013388313],[75.36999426166052,15.699395346952235],[75.36351940182365,15.70886118680221],[75.35441474195878,15.701585521258204],[75.34950736413926,15.703618199000179],[75.34229667808347,15.699591122753217],[75.34227788083618,15.689593676641085],[75.35067507609226,15.691382264802396],[75.35922941813259,15.690407242348442],[75.35877258797969,15.68654843142847],[75.36139905256299,15.680023938803009],[75.36336731974097,15.678600768362104],[75.36249584072765,15.668696128681338],[75.38705511943544,15.663280046385424],[75.38610443776015,15.682595678388699],[75.38368817985163,15.693815073832441]]]}},{"type":"Feature","properties":{"type":"village","name":" ","taluk":"Ron","district":"GADAG","village_code":" "},"geometry":{"type":"Polygon","coordinates":[[[75.98732928098448,15.722702950010373],[75.97761983664284,15.725896672315923],[75.97585535677861,15.725773452117112],[75.97261934485083,15.723337957608964],[75.95740755320558,15.724453298589088],[75.95192463556332,15.725480452132288],[75.94997511532699,15.727721663137913],[75.9463138580117,15.727122734391203],[75.94352883539085,15.728318892753816],[75.94159496919667,15.720756398750748],[75.94230225324404,15.71725494328328],[75.95255054572071,15.70642647410594],[75.95310543597,15.701307483749574],[75.95177930970992,15.696020455369126],[75.95255692286091,15.687601042763355],[75.95639263210603,15.683324218834482],[75.96004694993573,15.684987672017684],[75.96365714431533,15.684795587280066],[75.96380706684805,15.685934022580712],[75.96790070576746,15.686354471417083],[75.97055209500661,15.687653541946059],[75.97174947112691,15.68629227423811],[75.97386610765052,15.685975573927635],[75.97549083660599,15.683256501120617],[75.97899694139697,15.681799036598445],[75.98130685404718,15.67111731804844],[75.9812620748269,15.6636822826822],[75.98319797211195,15.664636312424795],[75.9862806344342,15.664446265395014],[75.99013656116313,15.669852845806705],[75.98633308257206,15.669567064583362],[75.9850738610377,15.66768790361166],[75.98338310501055,15.667261557230306],[75.9845250829256,15.673905293991329],[75.98431714988678,15.681169619881489],[75.98829779870974,15.68819830611418],[75.9837332970544,15.689814311414539],[75.98447544022635,15.693792998258635],[75.98529230077209,15.693879719636346],[75.991585613785,15.704288525025216],[75.986538770721,15.718390011654211],[75.98755692216231,15.720527940691195],[75.98732928098448,15.722702950010373]]]}},{"type":"Feature","properties":{"type":"village","name":"Banahatti","taluk":"Nargund","district":"GADAG","village_code":"601879"},"geometry":{"type":"Polygon","coordinates":[[[75.42890777584626,15.669175656704798],[75.424905856714,15.699251132307099],[75.41658146542011,15.692998859771054],[75.40360012415003,15.688400841954081],[75.40275046072338,15.682960574672306],[75.40798150064147,15.669612372190974],[75.41421045565245,15.657858564916328],[75.41699019078955,15.660935478006733],[75.4244149911916,15.662488439421931],[75.42396416268313,15.668954535152883],[75.42519108529143,15.670481557036021],[75.42890777584626,15.669175656704798]]]}},{"type":"Feature","properties":{"type":"village","name":"Kurlageri","taluk":"Nargund","district":"GADAG","village_code":"601880"},"geometry":{"type":"Polygon","coordinates":[[[75.45389164237477,15.682023146227834],[75.45095508384695,15.69950163989506],[75.4317746179215,15.69864390935359],[75.42489941669174,15.699291547183147],[75.42890777584626,15.669175656704798],[75.44137032297178,15.672321143931546],[75.44762805461463,15.682296197207583],[75.44943267210405,15.681360344116882],[75.44979058426944,15.67802106540353],[75.45389164237477,15.682023146227834]]]}},{"type":"Feature","properties":{"type":"village","name":"Jigalur","taluk":"Ron","district":"GADAG","village_code":"601949"},"geometry":{"type":"Polygon","coordinates":[[[75.79811679043226,15.706470433994193],[75.79605218522826,15.713126637176863],[75.79378670055704,15.712501981618109],[75.78899381302048,15.708641167600968],[75.78724790133316,15.708412328423945],[75.77356052377563,15.71037718611805],[75.77337929405697,15.703100841368219],[75.771115853053,15.702968650764817],[75.77010352898293,15.700499799789078],[75.77004320262,15.695596028398072],[75.77260372008168,15.692834445066543],[75.77153900536592,15.6825916394247],[75.76986414323106,15.677593904240872],[75.7714626916859,15.673412001597322],[75.77057902612745,15.67039128989668],[75.77122545200923,15.6686081606118],[75.7741161739997,15.66691660437625],[75.77520885955845,15.658505846040875],[75.78688127011965,15.659983092594281],[75.78620923776066,15.667248980145125],[75.789500549079,15.666685855305696],[75.78966247759546,15.66387383111745],[75.79334465936866,15.66306962056823],[75.79422714094757,15.660847201262634],[75.79660464104316,15.661629628673676],[75.79690894085407,15.6667585908522],[75.80039679637005,15.66512331880858],[75.80079854362637,15.667693652852185],[75.79880561140561,15.669838784663693],[75.80004611474438,15.675746343732712],[75.79988819001912,15.690391362130091],[75.79811679043226,15.706470433994193]]]}},{"type":"Feature","properties":{"type":"village","name":"Matarangi","taluk":"Ron","district":"GADAG","village_code":"601983"},"geometry":{"type":"Polygon","coordinates":[[[76.00494386299549,15.71555705420467],[76.0028800707668,15.727283832161252],[75.99735743860582,15.72563185973626],[75.99585772639182,15.724282693822202],[75.99157510978438,15.724518956742365],[75.9898303847716,15.722691746900857],[75.98732928098448,15.722702950010373],[75.98755692216231,15.720527940691195],[75.986538770721,15.718390011654211],[75.991585613785,15.704288525025216],[75.99383376815776,15.707120824595519],[75.99961632694789,15.708410212343958],[76.00223153474236,15.71119965798446],[76.00424178109192,15.711639093943974],[76.00494386299549,15.71555705420467]]]}},{"type":"Feature","properties":{"type":"village","name":"Arban","taluk":"Nargund","district":"GADAG","village_code":"601873"},"geometry":{"type":"Polygon","coordinates":[[[75.39394763120075,15.709849936376521],[75.39242602524664,15.708630262926143],[75.38108639468412,15.705409645015743],[75.37565220076455,15.708545528134895],[75.37213262483756,15.71414856690052],[75.36351940182365,15.70886118680221],[75.36999426166052,15.699395346952235],[75.37376088417209,15.699355013388313],[75.3763331758522,15.696218988852463],[75.37868403640802,15.69527468114977],[75.38368817985163,15.693815073832441],[75.39154356522727,15.693548317786787],[75.400144521746,15.693547713271977],[75.4035496172715,15.694690576051439],[75.39394763120075,15.709849936376521]]]}},{"type":"Feature","properties":{"type":"village","name":"Arahunashi","taluk":"Ron","district":"GADAG","village_code":"601944"},"geometry":{"type":"Polygon","coordinates":[[[75.65807585430412,15.717540740697988],[75.66131906892385,15.723942952983077],[75.66033018369612,15.724449205978699],[75.65547377808247,15.723464867232606],[75.65190463491471,15.720645667949734],[75.64503783023791,15.720058927297321],[75.62452895543322,15.715373426848862],[75.62436700895043,15.698980932801641],[75.62727295828324,15.69898095528656],[75.62843431106234,15.693960864577088],[75.63020215601561,15.693933805024338],[75.63088771790112,15.6918371773431],[75.63210513274046,15.691837172154102],[75.6318391748225,15.689989039214215],[75.6600539885772,15.690736493256043],[75.65965772014579,15.691992636623926],[75.66127209781423,15.695223163770928],[75.66029315783506,15.69823718960358],[75.66138058555447,15.701878982831357],[75.65937088538064,15.706614670338714],[75.66347256062859,15.71426845278035],[75.66093082693949,15.717644250133285],[75.65807585430412,15.717540740697988]]]}},{"type":"Feature","properties":{"type":"village","name":"Yavagala","taluk":"Ron","district":"GADAG","village_code":"601917"},"geometry":{"type":"Polygon","coordinates":[[[75.54745836933135,15.712661954681632],[75.52235800658185,15.712017647126343],[75.5219463176703,15.7144348797363],[75.52090601107909,15.714538280063927],[75.51885577263143,15.710208542067377],[75.51383972381535,15.712948669984739],[75.51124244459731,15.711171500754316],[75.51102477561747,15.708302141766106],[75.50861516973364,15.704740230698333],[75.50620430710671,15.703491754369916],[75.50702693214163,15.700654598677747],[75.5054368422235,15.699777138214946],[75.50330012296342,15.700516979877138],[75.50294427332994,15.7028257548564],[75.50017347014172,15.702797040409717],[75.49756743684125,15.70024512509342],[75.49629911537306,15.70091912462726],[75.48915209022651,15.700019593862791],[75.49747925821296,15.669438138986024],[75.49978938915379,15.665531708167999],[75.50259849021751,15.647413913970738],[75.51975500509545,15.646605240876362],[75.5484411909309,15.648801626590808],[75.54952777423394,15.655687431209502],[75.5490263148794,15.66235212086719],[75.55163531262033,15.669578164225959],[75.55224270670304,15.679311361066073],[75.54395431988573,15.680496641375397],[75.54687126369932,15.699904936833862],[75.54745836933135,15.712661954681632]]]}},{"type":"Feature","properties":{"type":"village","name":"Hiremannur","taluk":"Ron","district":"GADAG","village_code":"601945"},"geometry":{"type":"Polygon","coordinates":[[[75.6857517651266,15.69662764116626],[75.6878238928228,15.700196756842173],[75.68566298642372,15.711990692011522],[75.68344395902572,15.71696163702814],[75.68313439239229,15.721896698103896],[75.65953181856379,15.720590494060653],[75.65807585430412,15.717540740697988],[75.66093082693949,15.717644250133285],[75.66347256062859,15.71426845278035],[75.65937088538064,15.706614670338714],[75.66138058555447,15.701878982831357],[75.66029315783506,15.69823718960358],[75.66127209781423,15.695223163770928],[75.65965772014579,15.691992636623926],[75.6600539885772,15.690736493256043],[75.6857517651266,15.69662764116626]]]}},{"type":"Feature","properties":{"type":"village","name":"Bhasalapur","taluk":"Ron","district":"GADAG","village_code":"601946"},"geometry":{"type":"Polygon","coordinates":[[[75.70128591271998,15.722261946004972],[75.68313439239229,15.721896698103896],[75.68344395902572,15.71696163702814],[75.68566298642372,15.711990692011522],[75.6878238928228,15.700196756842173],[75.6857517651266,15.69662764116626],[75.6957326893303,15.680285699663456],[75.71413768279011,15.682172510420063],[75.72156103241298,15.688635490300202],[75.71778059560896,15.693625557297324],[75.7183921758409,15.694971872585944],[75.71703345061749,15.698167806030817],[75.70643571798689,15.697710914225373],[75.70067343956264,15.705597771276022],[75.6994077501582,15.71433251272037],[75.70128591271998,15.722261946004972]]]}},{"type":"Feature","properties":{"type":"village","name":"Kalakapur","taluk":"Ron","district":"GADAG","village_code":"601964"},"geometry":{"type":"Polygon","coordinates":[[[75.8635196165512,15.685314972757725],[75.86117788377697,15.68762020791143],[75.86191332641526,15.697271828746434],[75.8499793713591,15.697512545644154],[75.83805573794557,15.701476952398307],[75.83754632221257,15.694355539796893],[75.83889898560447,15.68394562973487],[75.85823539367337,15.68236602034701],[75.8635196165512,15.685314972757725]]]}},{"type":"Feature","properties":{"type":"village","name":"Ron (TMC)","taluk":"Ron","district":"GADAG","village_code":"803075"},"geometry":{"type":"Polygon","coordinates":[[[75.7189665703117,15.686079136584107],[75.73424503761223,15.683736161866271],[75.73643756381101,15.684480692217468],[75.7374786043258,15.686151981977721],[75.73986103437564,15.684451858430533],[75.74723148400807,15.686327635718504],[75.7488526403637,15.690940144812759],[75.74780006637896,15.701301780425393],[75.74878608687922,15.704324120335105],[75.74786143658423,15.710487848134148],[75.71565116527908,15.709228912279583],[75.71510450719103,15.707155121390347],[75.72041274742634,15.696918510246748],[75.71778097200308,15.694475076690184],[75.72156103241298,15.688635490300202],[75.7189665703117,15.686079136584107]]]}},{"type":"Feature","properties":{"type":"village","name":"Siddapur","taluk":"Nargund","district":"GADAG","village_code":"601875"},"geometry":{"type":"Polygon","coordinates":[[[75.31667081436753,15.705323827047643],[75.29627332257323,15.706183979382464],[75.29670572933018,15.701155437137029],[75.2956181623719,15.691928017896554],[75.29685017393628,15.689402805294351],[75.3040526736449,15.68678020712139],[75.3131171833081,15.68007768104541],[75.3192978529743,15.678387292286118],[75.31667081436753,15.705323827047643]]]}},{"type":"Feature","properties":{"type":"village","name":"Sandigawad","taluk":"Ron","district":"GADAG","village_code":"601921"},"geometry":{"type":"Polygon","coordinates":[[[75.6600539885772,15.690736493256043],[75.63490356810681,15.690142624925146],[75.6384248490362,15.685935707328682],[75.63900773078979,15.683450496077139],[75.63924482763426,15.672041122199603],[75.6364825593396,15.646366859228234],[75.6437291106331,15.645187052091247],[75.65351824632025,15.64179004588675],[75.65250792728986,15.65361523707137],[75.65533879183798,15.65474445841323],[75.65817002200039,15.658205329620111],[75.66250257505614,15.659216841669927],[75.66325004972934,15.671048671682184],[75.6600539885772,15.690736493256043]]]}},{"type":"Feature","properties":{"type":"village","name":"Chikkmannur","taluk":"Ron","district":"GADAG","village_code":"601947"},"geometry":{"type":"Polygon","coordinates":[[[75.71413768279011,15.682172510420063],[75.6957326893303,15.680285699663456],[75.6857517651266,15.69662764116626],[75.6600539885772,15.690736493256043],[75.663090899702,15.668181471906774],[75.66951394112004,15.669524567987825],[75.67395015077643,15.67330574782098],[75.68150566683214,15.673638349313745],[75.68608943914697,15.670826708856788],[75.69208713636282,15.671014751977252],[75.69174384877024,15.676717274344227],[75.69947585593148,15.674672556255597],[75.70207028838837,15.672677836684569],[75.71413768279011,15.682172510420063]]]}},{"type":"Feature","properties":{"type":"village","name":"Mallapur","taluk":"Ron","district":"GADAG","village_code":"601920"},"geometry":{"type":"Polygon","coordinates":[[[75.63490356810681,15.690142624925146],[75.6318391748225,15.689989039214215],[75.63210513274046,15.691837172154102],[75.63088771790112,15.6918371773431],[75.63020215601561,15.693933805024338],[75.62843431106234,15.693960864577088],[75.62727295828324,15.69898095528656],[75.61921925184235,15.698971797865873],[75.61999825828033,15.696048370814228],[75.60928889021275,15.695970839048234],[75.61203518825832,15.642353908843459],[75.60971292556958,15.642046488976307],[75.61182571820207,15.636927098312146],[75.62291962090679,15.638412570013106],[75.6364825593396,15.646366859228234],[75.63924482763426,15.672041122199603],[75.63900773078979,15.683450496077139],[75.6384248490362,15.685935707328682],[75.63490356810681,15.690142624925146]]]}},{"type":"Feature","properties":{"type":"village","name":"Hunashikatti","taluk":"Nargund","district":"GADAG","village_code":"601876"},"geometry":{"type":"Polygon","coordinates":[[[75.35949887858183,15.645601774377234],[75.36336731974097,15.678600768362104],[75.36139905256299,15.680023938803009],[75.35877258797969,15.68654843142847],[75.35922941813259,15.690407242348442],[75.35067507609226,15.691382264802396],[75.34227788083618,15.689593676641085],[75.33835860132012,15.681082614609059],[75.33991197799091,15.679664057937645],[75.33991254931942,15.676618636866257],[75.33704475862325,15.673848221079405],[75.33570181500274,15.648761142899032],[75.35949887858183,15.645601774377234]]]}},{"type":"Feature","properties":{"type":"village","name":"Muganur","taluk":"Nargund","district":"GADAG","village_code":"601878"},"geometry":{"type":"Polygon","coordinates":[[[75.40479874174204,15.688685731961641],[75.4035496172715,15.694690576051439],[75.3995754381152,15.693511623993054],[75.3836701335959,15.693905588330074],[75.38610443776015,15.682595678388699],[75.38705511943544,15.663280046385424],[75.40772774992989,15.655966794609206],[75.40885169686054,15.657678849825174],[75.41109492217736,15.657701161118757],[75.41128572434368,15.655500582373477],[75.41309978672003,15.655396410827395],[75.41421045565245,15.657858564916328],[75.40798150064147,15.669612372190974],[75.40275046072338,15.682960574672306],[75.40360012415003,15.688400841954081],[75.40479874174204,15.688685731961641]]]}},{"type":"Feature","properties":{"type":"village","name":"Hosalli","taluk":"Ron","district":"GADAG","village_code":"601950"},"geometry":{"type":"Polygon","coordinates":[[[75.83409843364187,15.702445628836907],[75.82659738334019,15.700534895907207],[75.82294161293466,15.701099950100865],[75.822031827961,15.702292112063963],[75.82235426385921,15.70708194796955],[75.81973879555328,15.706458865922096],[75.8165208029318,15.708012113054652],[75.81373393517134,15.707706070156982],[75.81226253605847,15.710839174061732],[75.79811679043226,15.706470433994193],[75.79956912459988,15.698356528774585],[75.80004611474438,15.675746343732712],[75.80618318018666,15.673938657078251],[75.81122168957981,15.675149535206486],[75.81254102457633,15.677282543279688],[75.8170289897695,15.678454725336268],[75.82158554043626,15.683938502351058],[75.82799120304682,15.68743099004878],[75.83408858271646,15.687331197114174],[75.83409843364187,15.702445628836907]]]}},{"type":"Feature","properties":{"type":"village","name":" ","taluk":"Ron","district":"GADAG","village_code":" "},"geometry":{"type":"Polygon","coordinates":[[[75.9812620748269,15.6636822826822],[75.98130685404718,15.67111731804844],[75.97899694139697,15.681799036598445],[75.97549083660599,15.683256501120617],[75.97386610765052,15.685975573927635],[75.97174947112691,15.68629227423811],[75.97055209500661,15.687653541946059],[75.96790070576746,15.686354471417083],[75.96380706684805,15.685934022580712],[75.96365714431533,15.684795587280066],[75.96004694993573,15.684987672017684],[75.95639263210603,15.683324218834482],[75.95762505420052,15.676853369681892],[75.96131560198396,15.675906146706225],[75.9616229291174,15.676795236362885],[75.96736109136954,15.678740778669907],[75.96628290821269,15.669678631835321],[75.9676286411022,15.669148361199088],[75.96803958081881,15.664265066649147],[75.97674530425584,15.662477387831867],[75.9812620748269,15.6636822826822]]]}},{"type":"Feature","properties":{"type":"village","name":" ","taluk":"Nargund","district":"GADAG","village_code":" "},"geometry":{"type":"Polygon","coordinates":[[[75.43197207031592,15.721258981194326],[75.39799700563451,15.72275996601123],[75.39892948834046,15.714518191311182],[75.39394763120075,15.709849936376521],[75.4035496172715,15.694690576051439],[75.40479874174204,15.688685731961641],[75.41658146542011,15.692998859771054],[75.42489941669174,15.699291547183147],[75.43218508242931,15.698690582953029],[75.43197207031592,15.721258981194326]]]}},{"type":"Feature","properties":{"type":"village","name":"Maranabasari","taluk":"Ron","district":"GADAG","village_code":"601963"},"geometry":{"type":"Polygon","coordinates":[[[75.83633307735279,15.618291299381102],[75.83740529928936,15.630874101025462],[75.83395289219281,15.649134011055853],[75.83125865780617,15.650766858374237],[75.83041317513886,15.657441416994917],[75.82605449997297,15.657019420858552],[75.82396733627553,15.658848750992805],[75.82060991164721,15.65799342032933],[75.81874651110056,15.65981733740822],[75.81499489404747,15.659555571938782],[75.81461569899635,15.662761575339589],[75.80039679637005,15.66512331880858],[75.79900272333852,15.631599747832238],[75.79742852282115,15.62253856574865],[75.80919843472661,15.62198485503857],[75.81624598313354,15.618492129197946],[75.83633307735279,15.618291299381102]]]}},{"type":"Feature","properties":{"type":"village","name":"Jakkali","taluk":"Ron","district":"GADAG","village_code":"601961"},"geometry":{"type":"Polygon","coordinates":[[[75.80039679637005,15.66512331880858],[75.79690894085407,15.6667585908522],[75.79660464104316,15.661629628673676],[75.79422714094757,15.660847201262634],[75.79334465936866,15.66306962056823],[75.78966247759546,15.66387383111745],[75.789500549079,15.666685855305696],[75.78620923776066,15.667248980145125],[75.78688127011965,15.659983092594281],[75.77520885955845,15.658505846040875],[75.77231524858607,15.656888832631026],[75.75593682116958,15.642825419157662],[75.75489078602183,15.636126005917047],[75.74970921183485,15.634973019384223],[75.75538804215914,15.620340852312095],[75.75958244061239,15.618179441965511],[75.77500118882772,15.597004245337729],[75.78819484781351,15.600853577115297],[75.79477630713188,15.599944018572344],[75.79169987372782,15.603991348929673],[75.79296661505941,15.612041314919008],[75.79855239519165,15.627330046736772],[75.80039679637005,15.66512331880858]]]}},{"type":"Feature","properties":{"type":"village","name":"Hirekoppa","taluk":"Ron","district":"GADAG","village_code":"601988"},"geometry":{"type":"Polygon","coordinates":[[[76.01648111663226,15.67849326578758],[76.01420885956212,15.680204577824508],[75.9990631893117,15.679048747039923],[75.99504127817278,15.677925910619985],[75.98705329966461,15.665053007131425],[75.98319797211195,15.664636312424795],[75.98224136694567,15.663601040938568],[76.0112571060313,15.662381923070393],[76.01617147903193,15.673147713292343],[76.01648111663226,15.67849326578758]]]}},{"type":"Feature","properties":{"type":"village","name":"Savadi","taluk":"Ron","district":"GADAG","village_code":"601948"},"geometry":{"type":"Polygon","coordinates":[[[75.70518959209275,15.670575660079763],[75.69947585593148,15.674672556255597],[75.69174384877024,15.676717274344227],[75.69208713636282,15.671014751977252],[75.68608943914697,15.670826708856788],[75.68150566683214,15.673638349313745],[75.67395015077643,15.67330574782098],[75.66951394112004,15.669524567987825],[75.663090899702,15.668181471906774],[75.66250257505614,15.659216841669927],[75.65817002200039,15.658205329620111],[75.65533879183798,15.65474445841323],[75.65250792728986,15.65361523707137],[75.65351824632025,15.64179004588675],[75.6544181911483,15.641175339809287],[75.6525894961143,15.635382821064558],[75.64915190223678,15.629214592638482],[75.65003301657984,15.62546025103073],[75.65220109782311,15.62484549506053],[75.652517857267,15.622256371865005],[75.65725356793408,15.61198961564269],[75.66466149528016,15.607600945334166],[75.67097260481715,15.59981425225217],[75.67573640670146,15.595683328978778],[75.67581505510289,15.593274946168165],[75.68056996097093,15.59191826115421],[75.68086782525117,15.590124294583259],[75.70390253086946,15.58981034494989],[75.707068724835,15.598630466066295],[75.7121414923798,15.599527777106003],[75.71269802834271,15.603648479291646],[75.71885786787408,15.60572005775846],[75.72249889512915,15.625125778658823],[75.72551161282676,15.626249604909056],[75.7269674216779,15.628345511832405],[75.72984502197697,15.629677169932586],[75.72554769006689,15.633375307676255],[75.72260157615942,15.645264970776756],[75.7079274369915,15.647710846029259],[75.70909121073029,15.654217109900811],[75.70904300892877,15.66184896076155],[75.70518959209275,15.670575660079763]]]}},{"type":"Feature","properties":{"type":"village","name":"Nidagundi","taluk":"Ron","district":"GADAG","village_code":"601965"},"geometry":{"type":"Polygon","coordinates":[[[75.86906208441196,15.68750785479966],[75.85823539367337,15.68236602034701],[75.8554918067433,15.68229985303746],[75.83889898560447,15.68394562973487],[75.8385323525943,15.687587187813106],[75.82799120304682,15.68743099004878],[75.82158554043626,15.683938502351058],[75.8170289897695,15.678454725336268],[75.81254102457633,15.677282543279688],[75.81122168957981,15.675149535206486],[75.80618318018666,15.673938657078251],[75.80004611474438,15.675746343732712],[75.79880561140561,15.669838784663693],[75.80079854362637,15.667693652852185],[75.80039679637005,15.66512331880858],[75.81461569899635,15.662761575339589],[75.81499489404747,15.659555571938782],[75.81874651110056,15.65981733740822],[75.82060991164721,15.65799342032933],[75.82396733627553,15.658848750992805],[75.82605449997297,15.657019420858552],[75.83041317513886,15.657441416994917],[75.83125865780617,15.650766858374237],[75.83395289219281,15.649134011055853],[75.83740529928936,15.630874101025462],[75.83633307735279,15.618291299381102],[75.84047484710678,15.61726651263422],[75.84970110472511,15.617506833221608],[75.86309424809448,15.61263199873019],[75.87067269364783,15.612561453590933],[75.87180211131856,15.612755877247563],[75.8725902733859,15.625973488372567],[75.87103593372116,15.630128985246763],[75.87253380708378,15.63357627409514],[75.87820866595617,15.636496159153348],[75.88579849316415,15.633779295749475],[75.88855301079458,15.650299170683377],[75.88750162617931,15.668297114624762],[75.88361119516033,15.671621378197813],[75.87108479308947,15.672638458761048],[75.87111907729228,15.687382232168146],[75.86906208441196,15.68750785479966]]]}},{"type":"Feature","properties":{"type":"village","name":"Belavanaki","taluk":"Ron","district":"GADAG","village_code":"601919"},"geometry":{"type":"Polygon","coordinates":[[[75.60986853713298,15.679848774351024],[75.5867115627197,15.680821566568559],[75.56918953503073,15.678332368155386],[75.55224270670304,15.679311361066073],[75.55163531262033,15.669578164225959],[75.5490263148794,15.66235212086719],[75.54952777423394,15.655687431209502],[75.5484411909309,15.648801626590808],[75.55441538193068,15.64729904920481],[75.54988513932531,15.628021320758997],[75.55057070929564,15.627763984613146],[75.54983006541187,15.625667158177723],[75.55025604382465,15.621067365230807],[75.56039646121208,15.62073298171782],[75.57710733175904,15.622068982945086],[75.5878773361083,15.626472327236],[75.60114944676451,15.630026356227603],[75.60241809162619,15.627057730352385],[75.61218654629886,15.628030184628786],[75.61376725511047,15.628030283250801],[75.61355754700065,15.62695490427944],[75.62221637478662,15.62741619074525],[75.62153078684997,15.63125697022445],[75.62343325333171,15.631514501817296],[75.62291962090679,15.638412570013106],[75.61182571820207,15.636927098312146],[75.60971292556958,15.642046488976307],[75.61203518825832,15.642353908843459],[75.60986853713298,15.679848774351024]]]}},{"type":"Feature","properties":{"type":"village","name":"Jagapur","taluk":"Nargund","district":"GADAG","village_code":"601874"},"geometry":{"type":"Polygon","coordinates":[[[75.34230366967135,15.699623658348205],[75.34414251117647,15.707833110591126],[75.34254652561512,15.711976375213004],[75.3425876010815,15.717651589925836],[75.33718131602116,15.716191123376863],[75.32493635972207,15.715293735407958],[75.31425691273998,15.716156099999088],[75.31762625621549,15.69996042765453],[75.3192978529743,15.678387292286118],[75.33394791190267,15.673806952684524],[75.33704475862325,15.673848221079405],[75.33936707880417,15.675479885808691],[75.33991197799091,15.679664057937645],[75.33835860132012,15.681082614609059],[75.34246609765113,15.690301052769968],[75.34230366967135,15.699623658348205]]]}},{"type":"Feature","properties":{"type":"village","name":"Surkod","taluk":"Nargund","district":"GADAG","village_code":"601895"},"geometry":{"type":"Polygon","coordinates":[[[75.4635563281574,15.72730389198423],[75.44833768326488,15.724123721698664],[75.45093731427234,15.714493988992201],[75.45083286176437,15.696908027838635],[75.45386811819242,15.681227819415394],[75.4621097189531,15.681807771864909],[75.46973179927302,15.68397820501518],[75.47288592167781,15.686620185204422],[75.46855937924964,15.700787525859818],[75.48765208156846,15.70256372111141],[75.4846097491109,15.70951467339606],[75.48578355343815,15.715067269625111],[75.48255815330883,15.720102458803115],[75.48019391324519,15.721779838871285],[75.4635563281574,15.72730389198423]]]}},{"type":"Feature","properties":{"type":"village","name":"Gurlakatti","taluk":"Nargund","district":"GADAG","village_code":"601868"},"geometry":{"type":"Polygon","coordinates":[[[75.31425691273998,15.716156099999088],[75.31421684518338,15.730066164938941],[75.29969040611617,15.727630377668865],[75.29316836406564,15.728237860937949],[75.29627332257323,15.706183979382464],[75.31667081436753,15.705323827047643],[75.31425691273998,15.716156099999088]]]}},{"type":"Feature","properties":{"type":"village","name":"Hirekopppa","taluk":"Nargund","district":"GADAG","village_code":"601864"},"geometry":{"type":"Polygon","coordinates":[[[75.4483530363714,15.724056193074906],[75.43197282490075,15.723951997734966],[75.43218508242931,15.698690582953029],[75.45083392626796,15.699498576763418],[75.45093731427234,15.714493988992201],[75.4483530363714,15.724056193074906]]]}},{"type":"Feature","properties":{"type":"village","name":"Sankadal","taluk":"Nargund","district":"GADAG","village_code":"601861"},"geometry":{"type":"Polygon","coordinates":[[[75.32421246133353,15.799839608301957],[75.32108237604912,15.812409197605984],[75.30369748786637,15.812598267984798],[75.30417356711918,15.785998053119906],[75.30613566197289,15.765986296312985],[75.31316308093093,15.764782050708565],[75.3254341440688,15.764991078124169],[75.32510474532884,15.777694635954557],[75.32611502573165,15.787138585288883],[75.33062780598621,15.791697607046597],[75.32421246133353,15.799839608301957]]]}},{"type":"Feature","properties":{"type":"village","name":"Bhopalapur","taluk":"Ron","district":"GADAG","village_code":"601914"},"geometry":{"type":"Polygon","coordinates":[[[75.56068947279316,15.77743994210121],[75.56218431703664,15.800636129048696],[75.53860765331588,15.798494616050652],[75.53538801498078,15.797336439992677],[75.5347795599877,15.793170445784318],[75.53019311787985,15.783418357290754],[75.53936006872311,15.779476844268151],[75.54286050065306,15.779269251227683],[75.54214648732592,15.774091598991998],[75.5462814092225,15.775540619581983],[75.55071973980127,15.778684440777575],[75.56068947279316,15.77743994210121]]]}},{"type":"Feature","properties":{"type":"village","name":"Hunagundi","taluk":"Ron","district":"GADAG","village_code":"601906"},"geometry":{"type":"Polygon","coordinates":[[[75.70985738114116,15.800857608800086],[75.70518714059035,15.802993874327802],[75.7042589662045,15.801898542753204],[75.69569065356488,15.805506032825118],[75.69279846642223,15.800701402985446],[75.69040462686993,15.799633226369679],[75.68780730812604,15.789484875937804],[75.68535069879329,15.789171726582936],[75.68502761970134,15.786108124176362],[75.68582234665678,15.785047947924953],[75.68462225942098,15.783551106743365],[75.68285892131547,15.783900149578546],[75.68335902421391,15.782700795919814],[75.68253539486251,15.7807100345777],[75.680769934038,15.780430759310402],[75.68008656494013,15.777088114050489],[75.67874693700134,15.777110376819111],[75.67774901292523,15.774613833232614],[75.6765134296593,15.775024479730115],[75.6759448823227,15.773909873654413],[75.6783541998473,15.772722599228905],[75.67721102088474,15.760246191905336],[75.67966105724456,15.76151773077005],[75.67973577641493,15.762923230648042],[75.6909709347065,15.761617600586488],[75.69163796883927,15.76562028580287],[75.70442819892256,15.767215449229116],[75.70430817771239,15.762203073191122],[75.7162200791283,15.76927537472544],[75.71609702610407,15.779015301927291],[75.7142232293546,15.783781145019871],[75.71417471493938,15.792563799901988],[75.70985738114116,15.800857608800086]]]}},{"type":"Feature","properties":{"type":"village","name":"Chikkanargund","taluk":"Nargund","district":"GADAG","village_code":"601866"},"geometry":{"type":"Polygon","coordinates":[[[75.37247192031698,15.774468812629475],[75.36842069894699,15.803975935379354],[75.36250335064345,15.801458803331002],[75.36242901774862,15.795304612402017],[75.34719747304861,15.792316239674625],[75.33982891257321,15.791967147369272],[75.33680095765177,15.788537065712143],[75.33080375181437,15.79189306314695],[75.32611502573165,15.787138585288883],[75.32510474532884,15.777694635954557],[75.3254341440688,15.764991078124169],[75.34425212540405,15.76669140812195],[75.3545030517411,15.770190097130437],[75.36582285918021,15.772987995345723],[75.36806261789833,15.772635688423998],[75.36813248167462,15.77485874815293],[75.37247192031698,15.774468812629475]]]}},{"type":"Feature","properties":{"type":"village","name":"Gajendragarh (TMC)","taluk":"Ron","district":"GADAG","village_code":"803076"},"geometry":{"type":"Polygon","coordinates":[[[75.92899845182126,15.790955204944837],[75.90782086123762,15.808857602819453],[75.90111157075599,15.810747727679397],[75.89895554490383,15.812237289910433],[75.89206883715356,15.801189390601659],[75.88614030931627,15.796924236125406],[75.88273570606755,15.792282704102023],[75.87976085056258,15.793026937335078],[75.87681920936689,15.790697593065264],[75.87174055695866,15.788617438979724],[75.87634656167846,15.775309355631926],[75.87647049235676,15.772660150948383],[75.88283201983909,15.77151796135646],[75.88483156366033,15.774090716352145],[75.88919721963428,15.7744254336804],[75.89562252121355,15.76978417832824],[75.89834756242458,15.76961023831981],[75.8963907352917,15.757735592379861],[75.89743275407184,15.750488835608298],[75.8990775540857,15.748984378343419],[75.90215676418232,15.748768453150712],[75.91061278741142,15.744453341400714],[75.91067666661125,15.737204591717111],[75.92059741986057,15.73659242204725],[75.93194327125643,15.732738999576965],[75.93502279217012,15.732640046806806],[75.93607147824626,15.73031686894777],[75.94045345930391,15.730343386705892],[75.9463138580117,15.727122734391203],[75.94997511532699,15.727721663137913],[75.95192463556332,15.725480452132288],[75.96486971723529,15.723589054699772],[75.97261934485083,15.723337957608964],[75.97585535677861,15.725773452117112],[75.97761983664284,15.725896672315923],[75.98905942723853,15.722473793724363],[75.99157510978438,15.724518956742365],[75.99585772639182,15.724282693822202],[75.99735743860582,15.72563185973626],[76.0028800707668,15.727283832161252],[76.00494386299549,15.71555705420467],[76.01906463635511,15.715017810135679],[76.02262679601982,15.709276526909404],[76.02559753005428,15.710615410875445],[76.03025559214481,15.714937239117747],[76.04014888120093,15.717042620585183],[76.04413992263343,15.722267572648104],[76.0451042802606,15.725480587024345],[76.04375475468402,15.728801223046847],[76.0445518055811,15.730505000728373],[76.04353702192377,15.736568390959409],[76.03732269687548,15.736918379224292],[76.04005207515266,15.747669076323955],[76.03995151055327,15.75386667478898],[76.0347721480185,15.754664246752553],[76.03482724977972,15.756629879310909],[76.03689384115883,15.75751185225617],[76.03782542195623,15.761090872729456],[76.04047950075136,15.763184011741723],[76.03890377669128,15.770855867391173],[76.03390669759905,15.77020299896193],[76.02901990557257,15.773137918664313],[76.0199241830465,15.775709154106591],[76.01897520367868,15.778952867686883],[76.01576981711557,15.778427127103056],[76.01547525144908,15.779475247605568],[76.01240470021347,15.779631857064594],[76.00988707461171,15.783968235756149],[75.99458408689713,15.780734687173188],[75.99211559375149,15.785650037390166],[75.99063225602846,15.7868138757251],[75.98848897188029,15.796224948273908],[75.98838906394934,15.801586039257824],[75.98254760981257,15.802231728307406],[75.97624549959806,15.80028044726705],[75.96745479463681,15.794285765402858],[75.96385265904364,15.79462718304424],[75.96326557676784,15.78896183805743],[75.96100082512187,15.783850879732258],[75.93852499108625,15.790801250207554],[75.92899845182126,15.790955204944837]]]}},{"type":"Feature","properties":{"type":"village","name":"Madalagiri","taluk":"Ron","district":"GADAG","village_code":"601925"},"geometry":{"type":"Polygon","coordinates":[[[75.73848376343317,15.794293658234697],[75.73613532832864,15.795433013942105],[75.73368892475581,15.794067158646332],[75.728185015282,15.795387538135833],[75.72856229063332,15.799051991849435],[75.7261619068542,15.804045657089187],[75.72109353925767,15.804514643289558],[75.71798804625246,15.802938394358513],[75.7173069687569,15.807055620056977],[75.7130507617205,15.802177173000691],[75.710074819254,15.802919142409742],[75.70985738114116,15.800857608800086],[75.71417471493938,15.792563799901988],[75.7142232293546,15.783781145019871],[75.71609702610407,15.779015301927291],[75.7162200791283,15.76927537472544],[75.7297381179666,15.770268752989784],[75.72943806718695,15.772520747284199],[75.73638569328988,15.776895310574394],[75.73959868588851,15.787565341835101],[75.73790682313688,15.792158970964689],[75.73848376343317,15.794293658234697]]]}},{"type":"Feature","properties":{"type":"village","name":"Benahal","taluk":"Ron","district":"GADAG","village_code":"601907"},"geometry":{"type":"Polygon","coordinates":[[[75.67747179462519,15.806264234596664],[75.67204847301548,15.805313799204589],[75.6646293427795,15.806520962326298],[75.66202794388755,15.793325766207712],[75.66295634375057,15.781701842314025],[75.6603711657377,15.780543513210253],[75.65973234858636,15.777860532921297],[75.66097003121514,15.772328712323151],[75.67063083807237,15.771874194162677],[75.67785957218054,15.769962343879422],[75.6783541998473,15.772722599228905],[75.6759448823227,15.773909873654413],[75.6765134296593,15.775024479730115],[75.67774901292523,15.774613833232614],[75.67874693700134,15.777110376819111],[75.68008656494013,15.777088114050489],[75.680769934038,15.780430759310402],[75.68253539486251,15.7807100345777],[75.68335902421391,15.782700795919814],[75.68285892131547,15.783900149578546],[75.68462225942098,15.783551106743365],[75.68582234665678,15.785047947924953],[75.68502761970134,15.786108124176362],[75.68535069879329,15.789171726582936],[75.68780730812604,15.789484875937804],[75.68955979098962,15.79831607104642],[75.69279846642223,15.800701402985446],[75.69434000419588,15.803706869150439],[75.67747179462519,15.806264234596664]]]}},{"type":"Feature","properties":{"type":"village","name":"Mudenagudi","taluk":"Ron","district":"GADAG","village_code":"601943"},"geometry":{"type":"Polygon","coordinates":[[[75.70430817771239,15.762203073191122],[75.70442819892256,15.767215449229116],[75.69163796883927,15.76562028580287],[75.6909709347065,15.761617600586488],[75.67973577641493,15.762923230648042],[75.67966105724456,15.76151773077005],[75.67693419514845,15.759808571910336],[75.67802257328546,15.75586819185215],[75.67773873889334,15.75332881791338],[75.6761362288681,15.751036774135063],[75.67613395702874,15.747721708730616],[75.67875950083891,15.743175518018923],[75.67900535715576,15.737595093375305],[75.68078620522276,15.732701117881058],[75.68447017284673,15.727427034299298],[75.68658303105623,15.726098087227047],[75.68705331797209,15.721992128957895],[75.70128591271998,15.722261946004972],[75.70729052876013,15.731261767307073],[75.70119499872162,15.741483727302654],[75.7000865360515,15.74661260897111],[75.69786674328891,15.749482638972927],[75.69806314734939,15.758182223760723],[75.70430817771239,15.762203073191122]]]}},{"type":"Feature","properties":{"type":"village","name":"Gulaguli","taluk":"Ron","district":"GADAG","village_code":"601935"},"geometry":{"type":"Polygon","coordinates":[[[75.85798527574879,15.77118722715997],[75.85459014613306,15.772882945909464],[75.8491497358717,15.771100828344778],[75.84427273727847,15.771219293118033],[75.84148909357157,15.767415365618087],[75.83895339117132,15.765978823400378],[75.8261123191379,15.764798898577103],[75.8247229847195,15.754602602151966],[75.82226616428262,15.747055992296188],[75.82954032170312,15.746676217779129],[75.8328001901899,15.753093697720523],[75.83918482234134,15.74964548797745],[75.84773382389729,15.74942741930247],[75.85051329403137,15.751041406575197],[75.85945911468599,15.753549905812443],[75.85716675511641,15.767390203069304],[75.85798527574879,15.77118722715997]]]}},{"type":"Feature","properties":{"type":"village","name":"Khanapur","taluk":"Nargund","district":"GADAG","village_code":"601890"},"geometry":{"type":"Polygon","coordinates":[[[75.4998497981617,15.767864531198597],[75.48490646085264,15.77021041293279],[75.48230714695045,15.769579110959706],[75.48237575398366,15.766989957670791],[75.47577218802442,15.7682979746651],[75.4760436831578,15.76635123329535],[75.47746646993909,15.765623117976054],[75.4838118618823,15.764987556916179],[75.48677329565864,15.762356360605708],[75.4970972442485,15.759445526034998],[75.50008033730465,15.75721468935028],[75.50205642521551,15.757928894753656],[75.52059802278563,15.757048949279781],[75.5265279951139,15.757965736011121],[75.53408074795176,15.75648728823997],[75.53441655976457,15.765870908771586],[75.4998497981617,15.767864531198597]]]}},{"type":"Feature","properties":{"type":"village","name":"Dandapur","taluk":"Nargund","district":"GADAG","village_code":"601869"},"geometry":{"type":"Polygon","coordinates":[[[75.37637177286672,15.739042282864123],[75.37317478375486,15.742393460667785],[75.37102386662173,15.747350113704872],[75.35903900403844,15.763141704129072],[75.35521191412845,15.770336078660325],[75.34425212540405,15.76669140812195],[75.34576987309403,15.757735984887955],[75.34504735811102,15.753330318813966],[75.34726362229117,15.75103146386107],[75.33894795004545,15.749031819396835],[75.31874023004987,15.748936522274347],[75.31388147983331,15.72812765128713],[75.31425691273998,15.716156099999088],[75.32493635972207,15.715293735407958],[75.33718131602116,15.716191123376863],[75.3425876010815,15.717651589925836],[75.34254652561512,15.711976375213004],[75.34414251117647,15.707833110591126],[75.34230366967135,15.699623658348205],[75.34950736413926,15.703618199000179],[75.35441474195878,15.701585521258204],[75.36351940182365,15.70886118680221],[75.37213262483756,15.71414856690052],[75.3685520299466,15.723641469381969],[75.36863077177283,15.739578246831282],[75.37637177286672,15.739042282864123]]]}},{"type":"Feature","properties":{"type":"village","name":"Somanakatti","taluk":"Ron","district":"GADAG","village_code":"601908"},"geometry":{"type":"Polygon","coordinates":[[[75.66071879039646,15.771158797276012],[75.65978986591735,15.776888597936082],[75.6603711657377,15.780543513210253],[75.64797198307738,15.77729931071423],[75.62954770997493,15.77578057559931],[75.63486238124935,15.755700437977715],[75.63304085477132,15.752306665717635],[75.62750528687025,15.74658869319545],[75.62737457570819,15.740434462146986],[75.62581602384309,15.735138821888762],[75.62796240538233,15.735003128630295],[75.62812565981218,15.736760837586202],[75.63748432191687,15.737641789172928],[75.64912047826981,15.744929316583965],[75.64378814342199,15.748707240786972],[75.64404422795666,15.751605302055939],[75.65028242483531,15.753900943818191],[75.65123111764056,15.755724275734499],[75.6502304258551,15.758073226023777],[75.64771976040011,15.759662705573575],[75.6483604900647,15.76299662691229],[75.65038706329454,15.76762363127876],[75.65352906832449,15.766393799594498],[75.65685013004838,15.771441735217882],[75.66071879039646,15.771158797276012]]]}},{"type":"Feature","properties":{"type":"village","name":"Malawad","taluk":"Ron","district":"GADAG","village_code":"601915"},"geometry":{"type":"Polygon","coordinates":[[[75.56068947279316,15.77743994210121],[75.55071973980127,15.778684440777575],[75.5462814092225,15.775540619581983],[75.54059698598728,15.774194338762284],[75.53695564791511,15.772273294846213],[75.53789506112348,15.767420940004882],[75.53441374893605,15.765942482425475],[75.53408074795176,15.75648728823997],[75.53128064441394,15.753036261396018],[75.5291133357218,15.747318777157245],[75.54484456829861,15.741857051925304],[75.5603273259695,15.732902132634702],[75.5624197070821,15.735303118570737],[75.55850721433805,15.744361531706016],[75.55957724258872,15.754167481571347],[75.55878000843533,15.771440749691374],[75.56068947279316,15.77743994210121]]]}},{"type":"Feature","properties":{"type":"village","name":"Arishinagodi","taluk":"Nargund","district":"GADAG","village_code":"601865"},"geometry":{"type":"Polygon","coordinates":[[[75.39956088989916,15.78796329825155],[75.39926350531931,15.799144863320064],[75.37369432439945,15.80070018076323],[75.37044620407995,15.801680674605507],[75.36993746208341,15.803361512367223],[75.36878479960639,15.803361416423185],[75.37247192031698,15.774468812629475],[75.38948974789152,15.774497233404668],[75.39102595955383,15.789150596666609],[75.39956088989916,15.78796329825155]]]}},{"type":"Feature","properties":{"type":"village","name":"Bevinakatti","taluk":"Ron","district":"GADAG","village_code":"601953"},"geometry":{"type":"Polygon","coordinates":[[[75.89743275407184,15.750488835608298],[75.8963907352917,15.757735592379861],[75.89834756242458,15.76961023831981],[75.89562252121355,15.76978417832824],[75.88919721963428,15.7744254336804],[75.88483156366033,15.774090716352145],[75.88283201983909,15.77151796135646],[75.87647049235676,15.772660150948383],[75.87614399158188,15.769479450813385],[75.87197888808838,15.766906384036512],[75.86996069075023,15.759940277744931],[75.86926060490326,15.746798931624335],[75.88328499442278,15.745802981319477],[75.88480742682695,15.742791228127173],[75.88485486955206,15.738610144815299],[75.8856742768216,15.738172954629555],[75.88691123271333,15.740396235168408],[75.8869221912615,15.74293632842276],[75.88874073982434,15.7458398152656],[75.89594101889755,15.747171050741242],[75.89743275407184,15.750488835608298]]]}},{"type":"Feature","properties":{"type":"village","name":"Ron (TMC)","taluk":"Ron","district":"GADAG","village_code":"803075"},"geometry":{"type":"Polygon","coordinates":[[[75.76668811810303,15.736932783326491],[75.76364425132297,15.737869947006756],[75.75234250091937,15.73813024666784],[75.74834550455486,15.736700307269487],[75.72544784322137,15.736043040389701],[75.72533990794506,15.734814035193095],[75.71677204985298,15.729282497291225],[75.70729052876013,15.731261767307073],[75.70041279787449,15.720242448390838],[75.69964381304183,15.709181326175814],[75.70067343956264,15.705597771276022],[75.70524208424808,15.698908769132863],[75.70701407492638,15.697633901113234],[75.71703345061749,15.698167806030817],[75.7183921758409,15.694971872585944],[75.72041274742634,15.696918510246748],[75.71510450719103,15.707155121390347],[75.71510507762126,15.708591999706085],[75.71630907522352,15.709653451816129],[75.74692851999197,15.710542607083587],[75.74835089803983,15.709796291050647],[75.74878569521375,15.703795394307635],[75.74780006637896,15.701301780425393],[75.7488526403637,15.690940144812759],[75.74723148400807,15.686327635718504],[75.73986103437564,15.684451858430533],[75.7374786043258,15.686151981977721],[75.73643756381101,15.684480692217468],[75.73424503761223,15.683736161866271],[75.7189665703117,15.686079136584107],[75.70207028838837,15.672677836684569],[75.70518959209275,15.670575660079763],[75.70904300892877,15.66184896076155],[75.70909121073029,15.654217109900811],[75.7079274369915,15.647710846029259],[75.72260157615942,15.645264970776756],[75.72554769006689,15.633375307676255],[75.72984502197697,15.629677169932586],[75.73507292138481,15.631211009625426],[75.7402337606584,15.629342267571046],[75.75032918502649,15.632322275158288],[75.74970921183485,15.634973019384223],[75.75534966433355,15.636599058291495],[75.75593682116958,15.642825419157662],[75.75901329230285,15.644776488051],[75.762577886402,15.648814056893048],[75.76495148780926,15.649895107960885],[75.7693682947538,15.65470697396233],[75.77520885955845,15.658505846040875],[75.7741161739997,15.66691660437625],[75.77122545200923,15.6686081606118],[75.77057902612745,15.67039128989668],[75.7714626916859,15.673412001597322],[75.76986414323106,15.677593904240872],[75.77153900536592,15.6825916394247],[75.77260372008168,15.692834445066543],[75.77004320262,15.695596028398072],[75.77010352898293,15.700499799789078],[75.771115853053,15.702968650764817],[75.77337929405697,15.703100841368219],[75.77356052377563,15.71037718611805],[75.76692751912623,15.7247419402574],[75.76668811810303,15.736932783326491]]]}},{"type":"Feature","properties":{"type":"village","name":"Kodaganur","taluk":"Ron","district":"GADAG","village_code":"601985"},"geometry":{"type":"Polygon","coordinates":[[[75.94352883539085,15.728318892753816],[75.94045345930391,15.730343386705892],[75.93607147824626,15.73031686894777],[75.93502279217012,15.732640046806806],[75.93194327125643,15.732738999576965],[75.92059741986057,15.73659242204725],[75.91067666661125,15.737204591717111],[75.910411884588,15.7317216637819],[75.91954675210093,15.728067791988018],[75.9214653487319,15.726134322918593],[75.91525122670286,15.704401552068253],[75.91546420737527,15.697724700167814],[75.91820487657725,15.697098599854003],[75.91944980861038,15.694819942323202],[75.9259240216603,15.692343001605233],[75.94037292084711,15.693244510375907],[75.94013229721679,15.682420428791524],[75.94112575666588,15.679306476176205],[75.94364567656494,15.676380349903154],[75.95762505420052,15.676853369681892],[75.95639083996703,15.68334022760387],[75.951989767913,15.689063403253535],[75.95193179333953,15.697723841411104],[75.95310543597,15.701307483749574],[75.95255054572071,15.70642647410594],[75.94153835736746,15.718573517822515],[75.94352883539085,15.728318892753816]]]}},{"type":"Feature","properties":{"type":"village","name":"Kurahatti","taluk":"Ron","district":"GADAG","village_code":"601942"},"geometry":{"type":"Polygon","coordinates":[[[75.73612707730275,15.736756459026058],[75.73655813479013,15.748748364319967],[75.72994766527796,15.750084538286325],[75.728624719054,15.755256796859001],[75.72749043880262,15.7656658037319],[75.7297381179666,15.770268752989784],[75.7162200791283,15.76927537472544],[75.69806314734939,15.758182223760723],[75.69786674328891,15.749482638972927],[75.7000865360515,15.74661260897111],[75.70119499872162,15.741483727302654],[75.70730734342561,15.731233597288021],[75.71677204985298,15.729282497291225],[75.72533990794506,15.734814035193095],[75.72544784322137,15.736043040389701],[75.73612707730275,15.736756459026058]]]}},{"type":"Feature","properties":{"type":"village","name":"Hullur","taluk":"Ron","district":"GADAG","village_code":"601909"},"geometry":{"type":"Polygon","coordinates":[[[75.67785957218054,15.769962343879422],[75.67063083807237,15.771874194162677],[75.66097003121514,15.772328712323151],[75.66071879039646,15.771158797276012],[75.65685013004838,15.771441735217882],[75.65352906832449,15.766393799594498],[75.65038706329454,15.76762363127876],[75.64771976040011,15.759662705573575],[75.65104823412344,15.756913588808677],[75.65078823922234,15.754446416899178],[75.64644331906008,15.753121411672893],[75.64378448278721,15.751038154875426],[75.64378814342199,15.748707240786972],[75.64912047826981,15.744929316583965],[75.63748432191687,15.737641789172928],[75.62812565981218,15.736760837586202],[75.62796240538233,15.735003128630295],[75.62581602384309,15.735138821888762],[75.62452895543322,15.715373426848862],[75.64503783023791,15.720058927297321],[75.65190463491471,15.720645667949734],[75.65547377808247,15.723464867232606],[75.66033018369612,15.724449205978699],[75.66131906892385,15.723942952983077],[75.65953181856379,15.720590494060653],[75.68705331797209,15.721992128957895],[75.68658303105623,15.726098087227047],[75.68447017284673,15.727427034299298],[75.68078620522276,15.732701117881058],[75.67900535715576,15.737595093375305],[75.67875950083891,15.743175518018923],[75.67591023430218,15.748684258154594],[75.67802257328546,15.75586819185215],[75.67693419514845,15.759808571910336],[75.67785957218054,15.769962343879422]]]}},{"type":"Feature","properties":{"type":"village","name":"Kotabal","taluk":"Ron","district":"GADAG","village_code":"601941"},"geometry":{"type":"Polygon","coordinates":[[[75.77326542091659,15.763575086791155],[75.76618856856679,15.764512188953308],[75.76392758086186,15.771403911744368],[75.76044726221113,15.771827432753161],[75.75351909721053,15.767620966849073],[75.74787472536222,15.768371923136437],[75.73638569328988,15.776895310574394],[75.72943806718695,15.772520747284199],[75.7297381179666,15.770268752989784],[75.72749043880262,15.7656658037319],[75.72994766527796,15.750084538286325],[75.73655813479013,15.748748364319967],[75.73612707730275,15.736756459026058],[75.74834550455486,15.736700307269487],[75.75364921907776,15.738143869050829],[75.76364425132297,15.737869947006756],[75.76668811810303,15.736932783326491],[75.77109248427921,15.749170774905762],[75.77326542091659,15.763575086791155]]]}},{"type":"Feature","properties":{"type":"village","name":"Hadali","taluk":"Nargund","district":"GADAG","village_code":"601894"},"geometry":{"type":"Polygon","coordinates":[[[75.47577218802442,15.7682979746651],[75.46785084564571,15.767836822716857],[75.45665020691554,15.768655351683254],[75.4562746823807,15.756911625395595],[75.461381302937,15.735709145196143],[75.46324549130618,15.73130290733926],[75.46369154167564,15.72695595291096],[75.47684503518848,15.723010422205526],[75.48255815330883,15.720102458803115],[75.48578355343815,15.715067269625111],[75.4846097491109,15.70951467339606],[75.48915209022651,15.700019593862791],[75.49629911537306,15.70091912462726],[75.49756743684125,15.70024512509342],[75.50017347014172,15.702797040409717],[75.50294427332994,15.7028257548564],[75.50330012296342,15.700516979877138],[75.5054368422235,15.699777138214946],[75.50702693214163,15.700654598677747],[75.50620430710671,15.703491754369916],[75.50861516973364,15.704740230698333],[75.51102477561747,15.708302141766106],[75.51124244459731,15.711171500754316],[75.51383972381535,15.712948669984739],[75.51885577263143,15.710208542067377],[75.52090601107909,15.714538280063927],[75.5219463176703,15.7144348797363],[75.52235800658185,15.712017647126343],[75.52372942320363,15.712149338951484],[75.52389061420324,15.716265782593066],[75.52221977741918,15.717882654035026],[75.52741811776262,15.724039289081816],[75.52629130790116,15.72936159959881],[75.52889087692486,15.74662357904941],[75.52123040889788,15.746055136617748],[75.51177284407704,15.747026243975053],[75.50126189768608,15.746198022060293],[75.49912683491937,15.746887836886078],[75.4970322466461,15.74961440078573],[75.4970972442485,15.759445526034998],[75.48677329565864,15.762356360605708],[75.4838118618823,15.764987556916179],[75.47746646993909,15.765623117976054],[75.4760436831578,15.76635123329535],[75.47577218802442,15.7682979746651]]]}},{"type":"Feature","properties":{"type":"village","name":"Kaujageri","taluk":"Ron","district":"GADAG","village_code":"601918"},"geometry":{"type":"Polygon","coordinates":[[[75.61999825828033,15.696048370814228],[75.61432568023044,15.709450069735777],[75.60248454719427,15.72811960369838],[75.59942299258626,15.737497984654325],[75.58530152572725,15.735436835903363],[75.56235324881906,15.734866331119882],[75.5603273259695,15.732902132634702],[75.55991279478839,15.730787345066897],[75.55947057393693,15.713404483013386],[75.54775717774093,15.713761926285471],[75.54661093642157,15.697627505837639],[75.54395431988573,15.680496641375397],[75.56442298430167,15.678245187830047],[75.5867115627197,15.680821566568559],[75.60986853713298,15.679848774351024],[75.60928889021275,15.695970839048234],[75.61999825828033,15.696048370814228]]]}},{"type":"Feature","properties":{"type":"village","name":"Sudi","taluk":"Ron","district":"GADAG","village_code":"601954"},"geometry":{"type":"Polygon","coordinates":[[[75.88328499442278,15.745802981319477],[75.86686505316203,15.746451269727016],[75.86348763562877,15.747888268268778],[75.86014306319721,15.75051381004283],[75.85945911468599,15.753549905812443],[75.84994705177184,15.750833654758985],[75.84306155764551,15.746991095351474],[75.84235300068538,15.722039527885297],[75.83392204763922,15.717700930308126],[75.83416550725089,15.713270496103522],[75.83593217002125,15.70823320438009],[75.8341748362551,15.704031839253346],[75.83408858271646,15.687331197114174],[75.8385323525943,15.687587187813106],[75.83738779381943,15.697840966104565],[75.83805573794557,15.701476952398307],[75.8499793713591,15.697512545644154],[75.86191332641526,15.697271828746434],[75.86139064166717,15.687180904384373],[75.8635196165512,15.685314972757725],[75.86906208441196,15.68750785479966],[75.87111907729228,15.687382232168146],[75.87105596255871,15.714429529593342],[75.87846405070326,15.716208039263192],[75.88698274938972,15.716874473220248],[75.89110156808654,15.728428765940523],[75.88875080365047,15.728695886166596],[75.88548706971302,15.732600683926048],[75.88453630629103,15.736143516741759],[75.88312349530099,15.7375142226198],[75.88572054634693,15.73697950262162],[75.88789518439349,15.738064571292012],[75.89275482484051,15.738433604080868],[75.89594101889755,15.747171050741242],[75.88874073982434,15.7458398152656],[75.8869221912615,15.74293632842276],[75.88691123271333,15.740396235168408],[75.8856742768216,15.738172954629555],[75.88485486955206,15.738610144815299],[75.88480742682695,15.742791228127173],[75.88328499442278,15.745802981319477]]]}},{"type":"Feature","properties":{"type":"village","name":"Nargund (TMC)","taluk":"Nargund","district":"GADAG","village_code":"803074"},"geometry":{"type":"Polygon","coordinates":[[[75.38290673628428,15.738006076724258],[75.36863077177283,15.739578246831282],[75.3685520299466,15.723641469381969],[75.37228424788111,15.713759714274651],[75.37565220076455,15.708545528134895],[75.38108639468412,15.705409645015743],[75.39242602524664,15.708630262926143],[75.39892948834046,15.714518191311182],[75.39710728722767,15.731426521936024],[75.38290673628428,15.738006076724258]]]}},{"type":"Feature","properties":{"type":"village","name":"Hadagali -S- Dambal","taluk":"Ron","district":"GADAG","village_code":"601955"},"geometry":{"type":"Polygon","coordinates":[[[75.5603273259695,15.732902132634702],[75.54484456829861,15.741857051925304],[75.5291133357218,15.747318777157245],[75.52629130790116,15.72936159959881],[75.52741811776262,15.724039289081816],[75.52221977741918,15.717882654035026],[75.52389061420324,15.716265782593066],[75.52369512822101,15.712488098958868],[75.54745836933135,15.712661954681632],[75.54775717774093,15.713761926285471],[75.55947057393693,15.713404483013386],[75.5603273259695,15.732902132634702]]]}},{"type":"Feature","properties":{"type":"village","name":"Kanakikop","taluk":"Nargund","district":"GADAG","village_code":"601867"},"geometry":{"type":"Polygon","coordinates":[[[75.29316839909993,15.728237848832427],[75.29383036493785,15.7410525161353],[75.27461856487693,15.740420512223059],[75.27367569135812,15.722617215423504],[75.27501422964048,15.723264018689061],[75.27714670795409,15.722094766234653],[75.27893068664987,15.688491548256565],[75.28337460385139,15.690861306926655],[75.2956181623719,15.691928017896554],[75.29656008187989,15.703830260690355],[75.29316839909993,15.728237848832427]]]}},{"type":"Feature","properties":{"type":"village","name":"Mugali","taluk":"Ron","district":"GADAG","village_code":"601940"},"geometry":{"type":"Polygon","coordinates":[[[75.80480518879533,15.761968635019365],[75.77326542091659,15.763575086791155],[75.77109248427921,15.749170774905762],[75.76668811810303,15.736932783326491],[75.76650023186811,15.726546825335767],[75.77356052377563,15.71037718611805],[75.78724790133316,15.708412328423945],[75.78899381302048,15.708641167600968],[75.79378670055704,15.712501981618109],[75.79605218522826,15.713126637176863],[75.79811679043226,15.706470433994193],[75.80262565043894,15.70806319222344],[75.80212730464518,15.714288840757746],[75.80311818592945,15.723112541011936],[75.80048506393156,15.730010409084892],[75.8002819530492,15.732980681881234],[75.80182803629818,15.73815485082651],[75.80466074688417,15.739373909838418],[75.80693851062702,15.741856044639617],[75.80685385968285,15.742886836800412],[75.80528611356078,15.74296939315326],[75.80525974800722,15.746965058753696],[75.80857399061982,15.748340535121011],[75.81050048883203,15.75049853194194],[75.81053775813656,15.751776847905356],[75.80856308956385,15.752823751263382],[75.80838708983676,15.756661752178386],[75.80938908328108,15.758628754735735],[75.8049729860056,15.759571730989448],[75.80480518879533,15.761968635019365]]]}},{"type":"Feature","properties":{"type":"village","name":"Itagi","taluk":"Ron","district":"GADAG","village_code":"601951"},"geometry":{"type":"Polygon","coordinates":[[[75.8247229847195,15.754602602151966],[75.8136543570136,15.765469439670957],[75.81208715616893,15.765728357043294],[75.8081508194423,15.762954287272827],[75.80480518879533,15.761968635019365],[75.8049729860056,15.759571730989448],[75.80938908328108,15.758628754735735],[75.80838708983676,15.756661752178386],[75.80856308956385,15.752823751263382],[75.81053775813656,15.751776847905356],[75.81050048883203,15.75049853194194],[75.80857399061982,15.748340535121011],[75.80525974800722,15.746965058753696],[75.80528611356078,15.74296939315326],[75.80685385968285,15.742886836800412],[75.80693851062702,15.741856044639617],[75.80466074688417,15.739373909838418],[75.80182803629818,15.73815485082651],[75.8002742949114,15.731001018737897],[75.80311818592945,15.723112541011936],[75.80212730464518,15.714288840757746],[75.80262565043894,15.70806319222344],[75.81226253605847,15.710839174061732],[75.81373393517134,15.707706070156982],[75.8165208029318,15.708012113054652],[75.81973879555328,15.706458865922096],[75.82235426385921,15.70708194796955],[75.82216011187516,15.701699469940673],[75.82659738334019,15.700534895907207],[75.83409843364187,15.702445628836907],[75.83593217002125,15.70823320438009],[75.83416550725089,15.713270496103522],[75.83392204763922,15.717700930308126],[75.84235300068538,15.722039527885297],[75.84306155764551,15.746991095351474],[75.84773382389729,15.74942741930247],[75.83918482234134,15.74964548797745],[75.8328001901899,15.753093697720523],[75.82954032170312,15.746676217779129],[75.82226616428262,15.747055992296188],[75.8247229847195,15.754602602151966]]]}},{"type":"Feature","properties":{"type":"village","name":"Madagunaki","taluk":"Nargund","district":"GADAG","village_code":"601893"},"geometry":{"type":"Polygon","coordinates":[[[75.4635563281574,15.72730389198423],[75.46324549130618,15.73130290733926],[75.461381302937,15.735709145196143],[75.45634472132846,15.756920113634013],[75.43895459327268,15.754756699352972],[75.43880932131817,15.752443263876453],[75.43325545922633,15.752025450148501],[75.43141037892157,15.748636592225555],[75.43025193488738,15.743562594704937],[75.43349951262444,15.72407810885902],[75.44835172393277,15.724055887836299],[75.4580466479062,15.726754761073584],[75.4635563281574,15.72730389198423]]]}},{"type":"Feature","properties":{"type":"village","name":"Dyamhunashi","taluk":"Ron","district":"GADAG","village_code":"601952"},"geometry":{"type":"Polygon","coordinates":[[[75.8719890049151,15.766914705005348],[75.85798527574879,15.77118722715997],[75.85735302079058,15.769500237842216],[75.85781005396275,15.76169263216505],[75.8599180603714,15.75104283227392],[75.86605388793522,15.746653285928554],[75.86926060490326,15.746798931624335],[75.86924495804762,15.75628207775308],[75.8719890049151,15.766914705005348]]]}},{"type":"Feature","properties":{"type":"village","name":"Bhairana Hatti","taluk":"Nargund","district":"GADAG","village_code":"601892"},"geometry":{"type":"Polygon","coordinates":[[[75.45670121685066,15.773380855687721],[75.42956931857768,15.78072245769504],[75.42746462156255,15.761677488044121],[75.43787192213266,15.769238820807809],[75.43331939232512,15.758178737881304],[75.43325545922633,15.752025450148501],[75.43880932131817,15.752443263876453],[75.43895459327268,15.754756699352972],[75.4562746823807,15.756911625395595],[75.45670121685066,15.773380855687721]]]}},{"type":"Feature","properties":{"type":"village","name":"Karamadi","taluk":"Ron","district":"GADAG","village_code":"601912"},"geometry":{"type":"Polygon","coordinates":[[[75.59942299258626,15.737497984654325],[75.59652533470351,15.751035951051238],[75.59112647871056,15.758188039611465],[75.5919720098869,15.761634525661655],[75.59080232164031,15.765497895423179],[75.58812192310565,15.768289497276559],[75.58633761921975,15.774337715311999],[75.58340226173948,15.777853139112851],[75.58348069813852,15.780772890996564],[75.58494703883802,15.784226856350292],[75.58366914312553,15.786246250374576],[75.5807628569245,15.783673059193843],[75.57546731168081,15.782973045286338],[75.57077819572925,15.78045869688214],[75.56101583612575,15.778178928919576],[75.55878000843533,15.771440749691374],[75.55957724258872,15.754167481571347],[75.55850721433805,15.744361531706016],[75.56235324881906,15.734866331119882],[75.58530152572725,15.735436835903363],[75.59942299258626,15.737497984654325]]]}},{"type":"Feature","properties":{"type":"village","name":"Tallihal","taluk":"Ron","district":"GADAG","village_code":"601939"},"geometry":{"type":"Polygon","coordinates":[[[75.80182305334328,15.78678390415745],[75.79501540093129,15.786679576754109],[75.79059187728338,15.7882177169624],[75.78746004477574,15.79276197458798],[75.78659240785687,15.790518759388545],[75.78912671786846,15.783241612608991],[75.78767872256367,15.778171113262228],[75.7907788122024,15.774788035211373],[75.78511094401955,15.76357220704018],[75.80542131809588,15.761988145896073],[75.81228335990508,15.765772898039268],[75.8083280363866,15.774605847134659],[75.80138784114769,15.777081367704074],[75.80182305334328,15.78678390415745]]]}},{"type":"Feature","properties":{"type":"village","name":"Megur","taluk":"Ron","district":"GADAG","village_code":"601913"},"geometry":{"type":"Polygon","coordinates":[[[75.58366914312553,15.786246250374576],[75.57692993335506,15.793378836260782],[75.56180739921476,15.790973183885233],[75.56101583612575,15.778178928919576],[75.57077819572925,15.78045869688214],[75.57546731168081,15.782973045286338],[75.5807628569245,15.783673059193843],[75.58366914312553,15.786246250374576]]]}},{"type":"Feature","properties":{"type":"village","name":"Somapur","taluk":"Nargund","district":"GADAG","village_code":"601871"},"geometry":{"type":"Polygon","coordinates":[[[75.39956088989916,15.78796329825155],[75.39102595955383,15.789150596666609],[75.38734732432937,15.735948690884028],[75.39710728722767,15.731426521936024],[75.39799700563451,15.72275996601123],[75.43197207031592,15.721258981194326],[75.43197282490075,15.723951997734966],[75.43351690490664,15.723992220070388],[75.43025193488738,15.743562594704937],[75.43141037892157,15.748636592225555],[75.43325545922633,15.752025450148501],[75.43331939232512,15.758178737881304],[75.43787192213266,15.769238820807809],[75.42746462156255,15.761677488044121],[75.42956933474737,15.78072249832454],[75.39956088989916,15.78796329825155]]]}},{"type":"Feature","properties":{"type":"village","name":"Radder Naganur","taluk":"Nargund","district":"GADAG","village_code":"601889"},"geometry":{"type":"Polygon","coordinates":[[[75.53031579720493,15.783840511590226],[75.49679481473,15.793795647688986],[75.49069332796284,15.779971949107527],[75.49033076881253,15.7742291152702],[75.49234344330827,15.769124907371038],[75.4998497981617,15.767864531198597],[75.53441655976457,15.765870908771586],[75.53789506112348,15.767420940004882],[75.53695564791511,15.772273294846213],[75.54059698598728,15.774194338762284],[75.54214648732592,15.774091598991998],[75.54286050065306,15.779269251227683],[75.53936006872311,15.779476844268151],[75.53031579720493,15.783840511590226]]]}},{"type":"Feature","properties":{"type":"village","name":"Gangapur","taluk":"Nargund","district":"GADAG","village_code":"601891"},"geometry":{"type":"Polygon","coordinates":[[[75.53400450973024,15.756432003902642],[75.5265279951139,15.757965736011121],[75.52059802278563,15.757048949279781],[75.50205642521551,15.757928894753656],[75.50008033730465,15.75721468935028],[75.4970972442485,15.759445526034998],[75.49726476567594,15.748389735775834],[75.50126189768608,15.746198022060293],[75.51177284407704,15.747026243975053],[75.52123040889788,15.746055136617748],[75.52889087692486,15.74662357904941],[75.53128064441394,15.753036261396018],[75.53400450973024,15.756432003902642]]]}},{"type":"Feature","properties":{"type":"village","name":" ","taluk":"Ron","district":"GADAG","village_code":" "},"geometry":{"type":"Polygon","coordinates":[[[75.82779155427157,15.777999345076289],[75.82271783361425,15.777630748996968],[75.81720404896046,15.778533213621024],[75.80862966999776,15.774170822169859],[75.81228335990508,15.765772898039268],[75.81388722369142,15.765341963212002],[75.8247229847195,15.754602602151966],[75.82688219959093,15.770187915126698],[75.82634159974111,15.774981016180664],[75.82779155427157,15.777999345076289]]]}},{"type":"Feature","properties":{"type":"village","name":"Kanakikop","taluk":"Nargund","district":"GADAG","village_code":"601867"},"geometry":{"type":"Polygon","coordinates":[[[75.31874023004987,15.748936522274347],[75.33894795004545,15.749031819396835],[75.34726362229117,15.75103146386107],[75.34504735811102,15.753330318813966],[75.34576987309403,15.757735984887955],[75.34425212540405,15.76669140812195],[75.31836098379479,15.76457121967597],[75.31874023004987,15.748936522274347]]]}},{"type":"Feature","properties":{"type":"village","name":" ","taluk":"Nargund","district":"GADAG","village_code":" "},"geometry":{"type":"Polygon","coordinates":[[[75.38948974789152,15.774497233404668],[75.36813248167462,15.77485874815293],[75.36806261789833,15.772635688423998],[75.36582285918021,15.772987995345723],[75.35521191412845,15.770336078660325],[75.35903900403844,15.763141704129072],[75.37102386662173,15.747350113704872],[75.37317478375486,15.742393460667785],[75.37637177286672,15.739042282864123],[75.38290673628428,15.738006076724258],[75.38734732432937,15.735948690884028],[75.38872037588493,15.748863825571638],[75.38948974789152,15.774497233404668]]]}},{"type":"Feature","properties":{"type":"village","name":" ","taluk":"Ron","district":"GADAG","village_code":" "},"geometry":{"type":"Polygon","coordinates":[[[75.84706536503651,15.79391175580894],[75.84196084024978,15.794455905088872],[75.83737582017501,15.796236072988881],[75.84170619391786,15.790470315804054],[75.84042777628424,15.788350998350415],[75.8370422622353,15.786899629895],[75.83219276376782,15.786990562832626],[75.82978903466261,15.785905927680666],[75.82936011426726,15.780325590111818],[75.82634159974111,15.774981016180664],[75.82688219959093,15.770187915126698],[75.8261123191379,15.764798898577103],[75.83895339117132,15.765978823400378],[75.84148909357157,15.767415365618087],[75.84427273727847,15.771219293118033],[75.8491497358717,15.771100828344778],[75.8534325096843,15.77285139285747],[75.8719890049151,15.766914705005348],[75.87614399158188,15.769479450813385],[75.87634656167846,15.775309355631926],[75.87174055695866,15.788617438979724],[75.86892010837627,15.78827955535351],[75.86787793688256,15.790163989087743],[75.85909824706333,15.791414670576524],[75.85740156215529,15.78979423865489],[75.85311225309897,15.789910591105258],[75.84846003993927,15.791433932263109],[75.84706536503651,15.79391175580894]]]}},{"type":"Feature","properties":{"type":"village","name":"Kalliganur","taluk":"Ron","district":"GADAG","village_code":"601932"},"geometry":{"type":"Polygon","coordinates":[[[75.89895554490383,15.812237289910433],[75.8801925215993,15.823727837880059],[75.8770916890538,15.816979487822914],[75.87274425091381,15.812391203282631],[75.87221074775479,15.807746998936556],[75.87547999824638,15.807001555269792],[75.87520896844033,15.803689626045948],[75.87298348215543,15.802916634029238],[75.87099917465973,15.799575352884101],[75.86881975577926,15.799715195195159],[75.86867525278267,15.796493076209535],[75.85900071697293,15.794850152673012],[75.85909824706333,15.791414670576524],[75.86787793688256,15.790163989087743],[75.8687942382353,15.788329743871302],[75.87117074209921,15.788446812041624],[75.87484062234289,15.78973830384291],[75.87681920936689,15.790697593065264],[75.87976085056258,15.793026937335078],[75.88273570606755,15.792282704102023],[75.88614030931627,15.796924236125406],[75.89206883715356,15.801189390601659],[75.89895554490383,15.812237289910433]]]}},{"type":"Feature","properties":{"type":"village","name":"Balagod","taluk":"Ron","district":"GADAG","village_code":"601927"},"geometry":{"type":"Polygon","coordinates":[[[75.8180565330971,15.818608331264592],[75.81433123398692,15.820062243310065],[75.81119324083306,15.82339160572138],[75.808667648073,15.821095871193277],[75.80779627236593,15.823833629282323],[75.80564906258,15.825102581623764],[75.79792693688685,15.822722052343465],[75.7955917366614,15.8236842516852],[75.78815933112215,15.820113546659957],[75.78510917703339,15.820653357646066],[75.78461419004049,15.816054052703397],[75.79074814371863,15.800406650143797],[75.79056939155349,15.7964660657459],[75.78746004477574,15.79276197458798],[75.79024388970522,15.788426084871531],[75.79501540093129,15.786679576754109],[75.80182305334328,15.78678390415745],[75.80377733015905,15.793461534580626],[75.80545142064106,15.79421019093875],[75.80823840697913,15.800102708570288],[75.81131017633022,15.80130264984235],[75.80931524625628,15.805572236962373],[75.81500734200235,15.815223450663098],[75.8187140405963,15.812886321012947],[75.82129741658869,15.814103165095506],[75.8180565330971,15.818608331264592]]]}},{"type":"Feature","properties":{"type":"village","name":"Mallapur","taluk":"Ron","district":"GADAG","village_code":"601920"},"geometry":{"type":"Polygon","coordinates":[[[75.63140759631221,15.833519027317953],[75.62137514474385,15.834067772340246],[75.6177892309281,15.835614834957044],[75.61740422108213,15.821474126040188],[75.62074537093244,15.817453881360263],[75.60751535443215,15.8179387948908],[75.60742948177918,15.814214470673168],[75.61074414480335,15.814155429346334],[75.60979505584105,15.810605382112179],[75.60691202522607,15.809781755343998],[75.60597864240822,15.808337955648515],[75.60645420602806,15.806560239991878],[75.60915418603926,15.803953583940569],[75.6077226370907,15.799853426213247],[75.6046455030007,15.802777462946601],[75.60249170856372,15.800649964193095],[75.60921457977582,15.791410283686737],[75.61229986787365,15.774238870119332],[75.61580679731807,15.771593768185708],[75.62632647982518,15.775654317618677],[75.63977250611701,15.776469326018692],[75.63238367066565,15.797613310578834],[75.63170985425252,15.803116186749298],[75.62896093761789,15.80939347741094],[75.62594777615254,15.822433593284332],[75.63186864225877,15.827135382188581],[75.63272335781056,15.831677713251763],[75.63126378591672,15.830834476208343],[75.63140759631221,15.833519027317953]]]}},{"type":"Feature","properties":{"type":"village","name":" ","taluk":"Nargund","district":"GADAG","village_code":" "},"geometry":{"type":"Polygon","coordinates":[[[75.46918343438595,15.834002606829507],[75.46644390514605,15.835809011063152],[75.46572471213294,15.845605333259607],[75.46639559824163,15.850773825838793],[75.4578086365767,15.85058727736415],[75.4578858359956,15.818488432679793],[75.46505925903507,15.81834565695403],[75.46918343438595,15.834002606829507]]]}},{"type":"Feature","properties":{"type":"village","name":"Nainapur","taluk":"Ron","district":"GADAG","village_code":"601924"},"geometry":{"type":"Polygon","coordinates":[[[75.72328873524947,15.81790926613015],[75.71979418099643,15.817283530237042],[75.7204162373812,15.813642826135359],[75.71720138976153,15.812867049266826],[75.71798804625246,15.802938394358513],[75.72109353925767,15.804514643289558],[75.7261619068542,15.804045657089187],[75.72856229063332,15.799051991849435],[75.728185015282,15.795387538135833],[75.73368892475581,15.794067158646332],[75.73613532832864,15.795433013942105],[75.73848376343317,15.794293658234697],[75.74127986587474,15.806946176663065],[75.73928419289406,15.808914737236064],[75.74026470672162,15.810213137613657],[75.73988764516932,15.813098220209946],[75.73696641010363,15.813445248389456],[75.73687150758543,15.816308857896182],[75.73015225209235,15.81637437310476],[75.72995984373829,15.81724595732708],[75.72328873524947,15.81790926613015]]]}},{"type":"Feature","properties":{"type":"village","name":"Basarakod","taluk":"Ron","district":"GADAG","village_code":"601923"},"geometry":{"type":"Polygon","coordinates":[[[75.71720138976153,15.812867049266826],[75.71269546095765,15.81402094798842],[75.70993922844333,15.81756007189456],[75.70708467801614,15.818337827289444],[75.70411773217721,15.821742021737387],[75.70215050614661,15.822625324912382],[75.70266340285137,15.826479250236364],[75.69674150997076,15.824667768847277],[75.69740509996274,15.81670126084349],[75.69165795455771,15.804411528202905],[75.69434000419588,15.803706869150439],[75.69569065356488,15.805506032825118],[75.7042589662045,15.801898542753204],[75.70518714059035,15.802993874327802],[75.70994150926583,15.800826858782733],[75.710074819254,15.802919142409742],[75.7130507617205,15.802177173000691],[75.71730670824545,15.806977012185381],[75.71720138976153,15.812867049266826]]]}},{"type":"Feature","properties":{"type":"village","name":"Shantagiri","taluk":"Ron","district":"GADAG","village_code":"601930"},"geometry":{"type":"Polygon","coordinates":[[[75.87199477030259,15.829162875687912],[75.84865253004006,15.83849387027041],[75.84445000632508,15.838484783959865],[75.84438836393028,15.831459562596194],[75.84641056865286,15.830461886718492],[75.84538427039023,15.827310989209305],[75.84619305597987,15.826467180817213],[75.85489293228272,15.8247381013783],[75.85456561763424,15.821295295354808],[75.86561977078595,15.816659373219954],[75.86852823540154,15.81881723487161],[75.87270310897212,15.816924844011794],[75.87707844519156,15.81696532708849],[75.8801925215993,15.823727837880059],[75.87199477030259,15.829162875687912]]]}},{"type":"Feature","properties":{"type":"village","name":"Honniganur","taluk":"Ron","district":"GADAG","village_code":"601938"},"geometry":{"type":"Polygon","coordinates":[[[75.82129741658869,15.814103165095506],[75.8187140405963,15.812886321012947],[75.81500734200235,15.815223450663098],[75.80965922195836,15.806366513779365],[75.80930184429056,15.804541845430848],[75.81131017633022,15.80130264984235],[75.80823840697913,15.800102708570288],[75.80545142064106,15.79421019093875],[75.80365976763781,15.793231478768094],[75.80182305334328,15.78678390415745],[75.80132384606517,15.77741160299873],[75.80193233519421,15.776677093956092],[75.80862966999776,15.774170822169859],[75.81720404896046,15.778533213621024],[75.82271783361425,15.777630748996968],[75.82779155427157,15.777999345076289],[75.82936011426726,15.780325590111818],[75.8299765777411,15.786117695193873],[75.83788797397298,15.78711334738865],[75.84013697635541,15.788022180382589],[75.84164878977458,15.790136126329177],[75.83232670616997,15.804825448993553],[75.82819913788227,15.80574969599351],[75.8262413630268,15.813336898356734],[75.82129741658869,15.814103165095506]]]}},{"type":"Feature","properties":{"type":"village","name":"Shantagiri","taluk":"Ron","district":"GADAG","village_code":"601930"},"geometry":{"type":"Polygon","coordinates":[[[75.84706536503651,15.79391175580894],[75.84592668304025,15.797346726191762],[75.8500312328971,15.803220114995518],[75.85124383635976,15.808494558352043],[75.84850423974619,15.813129076402753],[75.84639850427861,15.815293234185166],[75.84404355728654,15.815917111925318],[75.84393822622621,15.818652093141306],[75.84054449618569,15.819858427337705],[75.84292046734866,15.831077638713474],[75.84061163357511,15.830402971994717],[75.83916097925707,15.828483119037795],[75.83608725337527,15.828070141164044],[75.83408762241744,15.82320093874377],[75.8180565330971,15.818608331264592],[75.8213145753089,15.814087866721238],[75.8262413630268,15.813336898356734],[75.82819913788227,15.80574969599351],[75.83232670616997,15.804825448993553],[75.83737582017501,15.796236072988881],[75.84196084024978,15.794455905088872],[75.84706536503651,15.79391175580894]]]}},{"type":"Feature","properties":{"type":"village","name":"Mushigeri","taluk":"Ron","district":"GADAG","village_code":"601933"},"geometry":{"type":"Polygon","coordinates":[[[75.87707844519156,15.81696532708849],[75.87270310897212,15.816924844011794],[75.86852823540154,15.81881723487161],[75.86574107568865,15.816636253951593],[75.86076311723727,15.818518284602636],[75.85456561763424,15.821295295354808],[75.85489293228272,15.8247381013783],[75.84554595276833,15.826894566591978],[75.84641056865286,15.830461886718492],[75.84439070673653,15.831491043425487],[75.84292046734866,15.831077638713474],[75.84054449618569,15.819858427337705],[75.84393822622621,15.818652093141306],[75.84404355728654,15.815917111925318],[75.84639850427861,15.815293234185166],[75.85118075486388,15.809046241755821],[75.8500312328971,15.803220114995518],[75.84592668304025,15.797346726191762],[75.84806475336649,15.79179253486365],[75.85311225309897,15.789910591105258],[75.85740156215529,15.78979423865489],[75.85909824706333,15.791414670576524],[75.85911308633348,15.794922091245452],[75.86867525278267,15.796493076209535],[75.86881975577926,15.799715195195159],[75.87099917465973,15.799575352884101],[75.87298348215543,15.802916634029238],[75.8752605775517,15.803766222966415],[75.87547999824638,15.807001555269792],[75.87241471832486,15.807425248216765],[75.87239735658537,15.809902136201188],[75.87331408194294,15.81354602262332],[75.87707844519156,15.81696532708849]]]}},{"type":"Feature","properties":{"type":"village","name":" ","taluk":"Ron","district":"GADAG","village_code":" "},"geometry":{"type":"Polygon","coordinates":[[[75.72197219760673,15.817940744748231],[75.71390546379756,15.827664431711566],[75.70882564088456,15.828102122060791],[75.70860110069107,15.82922272416351],[75.70670409327128,15.82916116792887],[75.7065428591525,15.827947288114826],[75.70266340285137,15.826479250236364],[75.70189933539658,15.82291086676227],[75.70708467801614,15.818337827289444],[75.70993922844333,15.81756007189456],[75.71269546095765,15.81402094798842],[75.71720138976153,15.812867049266826],[75.7204162373812,15.813642826135359],[75.71979418099643,15.817283530237042],[75.72197219760673,15.817940744748231]]]}},{"type":"Feature","properties":{"type":"village","name":"Menasigi","taluk":"Ron","district":"GADAG","village_code":"601898"},"geometry":{"type":"Polygon","coordinates":[[[75.58706671436221,15.8333613058005],[75.58284421660689,15.830621884325934],[75.57770559895847,15.824800217277945],[75.57555749894206,15.826329210840619],[75.5767789741665,15.830601877069814],[75.56562613030106,15.829569014256602],[75.56671723033334,15.810622698095495],[75.56279753489734,15.809652011950444],[75.56180739921476,15.790973183885233],[75.57692993335506,15.793378836260782],[75.58366914312553,15.786246250374576],[75.58389840396583,15.789685427330484],[75.57880523208769,15.794521958111932],[75.5780734932033,15.79658050492729],[75.58180701100004,15.80107701036247],[75.5821135413278,15.803783747845406],[75.59539783493592,15.812548230688284],[75.59945997892146,15.817391616272568],[75.60107095197498,15.823774026393192],[75.60941476125205,15.830133046426264],[75.60835626108141,15.830574464100826],[75.5992640231203,15.826943059363023],[75.59218450187578,15.829706163578424],[75.58706671436221,15.8333613058005]]]}},{"type":"Feature","properties":{"type":"village","name":"Benakanakoppa","taluk":"Nargund","district":"GADAG","village_code":"601862"},"geometry":{"type":"Polygon","coordinates":[[[75.36474788211065,15.804924624143375],[75.34119408410713,15.804781856132609],[75.33932785835887,15.827654072727752],[75.32993318279443,15.82403742223342],[75.3328891817633,15.816374713640998],[75.32698157838394,15.812275118725942],[75.32181564476438,15.810326596651423],[75.32421246133353,15.799839608301957],[75.33062780598621,15.791697607046597],[75.33680095765177,15.788537065712143],[75.33982891257321,15.791967147369272],[75.34719747304861,15.792316239674625],[75.36242901774862,15.795304612402017],[75.36250335064345,15.801458803331002],[75.36492304281127,15.802542966241173],[75.36474788211065,15.804924624143375]]]}},{"type":"Feature","properties":{"type":"village","name":"Kuruvinakoppa","taluk":"Ron","district":"GADAG","village_code":"601902"},"geometry":{"type":"Polygon","coordinates":[[[75.6721976014375,15.836284858101486],[75.6635741834434,15.838136624302392],[75.66022977540355,15.835398071310939],[75.6601007036669,15.833032623196496],[75.66167554917465,15.829452917955335],[75.6598828837701,15.827097208720675],[75.6608784066494,15.824526804674257],[75.6637706899118,15.823785657786505],[75.6602517428055,15.805562463741555],[75.66101431995529,15.797424088764792],[75.6603711657377,15.780543513210253],[75.66295634375057,15.781701842314025],[75.66224514215023,15.795499268050378],[75.66851783343748,15.821994767095546],[75.66835817676034,15.830226272661113],[75.6745609746269,15.833682973769575],[75.6721976014375,15.836284858101486]]]}},{"type":"Feature","properties":{"type":"village","name":"Budihal","taluk":"Nargund","district":"GADAG","village_code":"601885"},"geometry":{"type":"Polygon","coordinates":[[[75.51968417563027,15.857730713894899],[75.50789914867183,15.860208493081151],[75.50724984728276,15.854487577377045],[75.50361698301866,15.84704703815879],[75.50913700108218,15.841804500013744],[75.51231905480408,15.844414087628179],[75.51609882056658,15.843451467634258],[75.5194618578688,15.84386828130175],[75.51970752823438,15.844957051909669],[75.51986900489827,15.846050547157384],[75.51595564977156,15.847741312625478],[75.51239258819828,15.851352244872656],[75.513394163926,15.852262857111594],[75.51439169364168,15.85155086401763],[75.51571039622426,15.854142214900307],[75.52061964972609,15.852887489162665],[75.51968417563027,15.857730713894899]]]}},{"type":"Feature","properties":{"type":"village","name":"Konnur","taluk":"Nargund","district":"GADAG","village_code":"601884"},"geometry":{"type":"Polygon","coordinates":[[[75.49789741768952,15.87231210531688],[75.49177281816841,15.87297506817332],[75.48941390331777,15.87515382124175],[75.4857533871126,15.860954563945828],[75.4783078670685,15.861450651428973],[75.47135771669963,15.833353436098621],[75.46918343438595,15.834002606829507],[75.46505925903507,15.81834565695403],[75.45471677999754,15.81848510341095],[75.45272105401624,15.810872190186352],[75.45086842516812,15.81138787741982],[75.44723131905928,15.79378502937932],[75.44018050797122,15.795337018574395],[75.4372121868116,15.778732409129402],[75.45670121685066,15.773380855687721],[75.45665020691554,15.768655351683254],[75.46785084564571,15.767836822716857],[75.47428565409564,15.768602252680672],[75.48237575398366,15.766989957670791],[75.48230714695045,15.769579110959706],[75.48490646085264,15.77021041293279],[75.49234344330827,15.769124907371038],[75.49033076881253,15.7742291152702],[75.49069332796284,15.779971949107527],[75.50167187800196,15.804418533810555],[75.5051574338308,15.814910571889413],[75.49912450109626,15.814549318768034],[75.4984165010916,15.822316292399975],[75.50950291544011,15.831222281715677],[75.50932384257645,15.841727273676861],[75.50361698301866,15.84704703815879],[75.50724984728276,15.854487577377045],[75.50703317992445,15.855540664032546],[75.50238417285199,15.858340954286865],[75.50280870407884,15.860066621335415],[75.50525072297474,15.86181018836302],[75.50344622136801,15.864793120718565],[75.49747601439648,15.870206722095062],[75.49789741768952,15.87231210531688]]]}},{"type":"Feature","properties":{"type":"village","name":"Hole Hadagali","taluk":"Ron","district":"GADAG","village_code":"601904"},"geometry":{"type":"Polygon","coordinates":[[[75.68866562771875,15.830637341334349],[75.6832496148022,15.830179964627977],[75.68199532322214,15.82853061926496],[75.67747179462519,15.806264234596664],[75.69165795455771,15.804411528202905],[75.69433852467058,15.80873770537006],[75.69740509996274,15.81670126084349],[75.69732338291628,15.822817184271722],[75.69674150997076,15.824667768847277],[75.69120625827665,15.827143042117676],[75.68866562771875,15.830637341334349]]]}},{"type":"Feature","properties":{"type":"village","name":"Holealur","taluk":"Ron","district":"GADAG","village_code":"601901"},"geometry":{"type":"Polygon","coordinates":[[[75.6598828837701,15.827097208720675],[75.65686043192808,15.826604631278467],[75.65138636269134,15.830372750201354],[75.64677814811594,15.830436288645148],[75.64286214834901,15.83205221133028],[75.63999231668052,15.828472072150142],[75.6495793458018,15.777782665809092],[75.6603711657377,15.780543513210253],[75.66101431995529,15.797424088764792],[75.6602517428055,15.805562463741555],[75.6637706899118,15.823785657786505],[75.6608784066494,15.824526804674257],[75.6598828837701,15.827097208720675]]]}},{"type":"Feature","properties":{"type":"village","name":"Amaragol","taluk":"Ron","district":"GADAG","village_code":"601903"},"geometry":{"type":"Polygon","coordinates":[[[75.68025050837782,15.821867918236732],[75.67715450966683,15.820921582859327],[75.67492031241865,15.822058145688198],[75.67427788044658,15.824470502638945],[75.67562944789383,15.829388003317018],[75.6745609746269,15.833682973769575],[75.66835817676034,15.830226272661113],[75.66851783343748,15.821994767095546],[75.6646293427795,15.806520962326298],[75.67204847301548,15.805313799204589],[75.67747179462519,15.806264234596664],[75.68025050837782,15.821867918236732]]]}},{"type":"Feature","properties":{"type":"village","name":"Shirol","taluk":"Nargund","district":"GADAG","village_code":"601888"},"geometry":{"type":"Polygon","coordinates":[[[75.55229007935955,15.824844543046419],[75.55029340924888,15.82634503030334],[75.55066652719711,15.827921575641218],[75.55308650772415,15.830152801368891],[75.55566164616538,15.831063802193242],[75.55645478759436,15.832539793173135],[75.55287978112275,15.833104949196155],[75.54701032739689,15.836473641699659],[75.54362379555675,15.836005809894115],[75.54340334090116,15.834515516207102],[75.54194000776124,15.835016639704067],[75.53904490558547,15.833156371956754],[75.53834455204051,15.834868131142292],[75.52994006515927,15.83489783372761],[75.53242741484102,15.827252861770864],[75.5242902351473,15.805956101078255],[75.5205467110166,15.798922945183433],[75.51824482122016,15.796966725990202],[75.51932691923504,15.79476733736205],[75.51671653090203,15.792612988968843],[75.51846662334867,15.790579373929706],[75.51687766171457,15.788047360253106],[75.53031579720493,15.783840511590226],[75.5347795599877,15.793170445784318],[75.53538801498078,15.797336439992677],[75.54576733841972,15.799642920354087],[75.5469349398799,15.824075362061382],[75.55032327643545,15.823583175685854],[75.55229007935955,15.824844543046419]]]}},{"type":"Feature","properties":{"type":"village","name":"Hirehal","taluk":"Ron","district":"GADAG","village_code":"601926"},"geometry":{"type":"Polygon","coordinates":[[[75.78510917703339,15.820653357646066],[75.78004415925454,15.852536557953725],[75.77672001002097,15.848995818889374],[75.77627021277844,15.835180356784974],[75.77444254182386,15.827313337399469],[75.77748189187469,15.827302467620862],[75.77756235307638,15.822737114116714],[75.77878240806436,15.821923688599481],[75.7796465936559,15.817188330018434],[75.74909414973284,15.81496368641388],[75.74484258788485,15.812787467834987],[75.73988764516932,15.813098220209946],[75.74026470672162,15.810213137613657],[75.73928419289406,15.808914737236064],[75.74127986587474,15.806946176663065],[75.73783528579928,15.793036155348613],[75.73959868588851,15.787565341835101],[75.73638569328988,15.776895310574394],[75.74787472536222,15.768371923136437],[75.75351909721053,15.767620966849073],[75.76150231105446,15.771886947193892],[75.76439729644923,15.77093662631868],[75.76618856856679,15.764512188953308],[75.78511094401955,15.76357220704018],[75.7907788122024,15.774788035211373],[75.78767872256367,15.778171113262228],[75.78910951602906,15.78360333133587],[75.78659240785687,15.790518759388545],[75.79094828926223,15.797865788729016],[75.79056089977911,15.801478519584702],[75.78461419004049,15.816054052703397],[75.78510917703339,15.820653357646066]]]}},{"type":"Feature","properties":{"type":"village","name":"Hirekopppa","taluk":"Nargund","district":"GADAG","village_code":"601864"},"geometry":{"type":"Polygon","coordinates":[[[75.42461433633633,15.841958090995709],[75.41084903891102,15.841513267332374],[75.40757202158551,15.83975604073149],[75.40422559323459,15.841685865684418],[75.39684107418817,15.840480218332976],[75.39039477898069,15.837823787045163],[75.38836436994458,15.83820343739572],[75.38560125094531,15.840860782334772],[75.38203960601527,15.834069283013493],[75.37927154897687,15.823577355662083],[75.37113211181685,15.806935684373094],[75.36858406566624,15.804576946049984],[75.36883244175749,15.802927810238371],[75.36993746208341,15.803361512367223],[75.37044620407995,15.801680674605507],[75.37369432439945,15.80070018076323],[75.39926350531931,15.799144863320064],[75.39956088989916,15.78796329825155],[75.4142271732999,15.784792234625844],[75.42443233586312,15.822741036210214],[75.42535938196498,15.834683197038785],[75.42461433633633,15.841958090995709]]]}},{"type":"Feature","properties":{"type":"village","name":"Sarjapur","taluk":"Ron","district":"GADAG","village_code":"601928"},"geometry":{"type":"Polygon","coordinates":[[[75.81704931864438,15.84807964307548],[75.81298684407878,15.846856403013394],[75.80611144971124,15.848617663102022],[75.80568697597656,15.851077965167374],[75.80823372585819,15.851561218319146],[75.80914276612849,15.854712668994537],[75.80439636191629,15.855299748368326],[75.7999744579308,15.857675483130809],[75.797680351138,15.847830637643646],[75.79475352226305,15.84922443637586],[75.78716096327831,15.849116471933423],[75.78020821228667,15.852694150424636],[75.78510917703339,15.820653357646066],[75.78834626873612,15.820167161105598],[75.7955917366614,15.8236842516852],[75.79707724112087,15.822711559143233],[75.79888485269514,15.822935507305326],[75.80446443535021,15.825418888729743],[75.8074944914311,15.82893762422004],[75.81590840882622,15.831446306871912],[75.81655067730489,15.832099276006842],[75.81598216500261,15.83816708864207],[75.81481269863987,15.841095811888232],[75.81739886659616,15.845601384820416],[75.81704931864438,15.84807964307548]]]}},{"type":"Feature","properties":{"type":"village","name":"Kurugovinakoppa","taluk":"Nargund","district":"GADAG","village_code":"601863"},"geometry":{"type":"Polygon","coordinates":[[[75.38560125094531,15.840860782334772],[75.3749634848941,15.845369939086124],[75.36681009240613,15.816889704048116],[75.36492304281127,15.802542966241173],[75.37035742358044,15.805756284937875],[75.37927154897687,15.823577355662083],[75.38203960601527,15.834069283013493],[75.38560125094531,15.840860782334772]]]}},{"type":"Feature","properties":{"type":"village","name":"Karkikatti","taluk":"Ron","district":"GADAG","village_code":"601896"},"geometry":{"type":"Polygon","coordinates":[[[75.56518455623663,15.810129444375534],[75.56412178098353,15.812432901639156],[75.56032643663737,15.812542213281606],[75.55229007935955,15.824844543046419],[75.55032327643545,15.823583175685854],[75.5469349398799,15.824075362061382],[75.5457140647301,15.799611253912877],[75.56218431703664,15.800636129048696],[75.56279753489734,15.809652011950444],[75.56518455623663,15.810129444375534]]]}},{"type":"Feature","properties":{"type":"village","name":"Asuti","taluk":"Ron","district":"GADAG","village_code":"601911"},"geometry":{"type":"Polygon","coordinates":[[[75.61740422108213,15.821474126040188],[75.61400563205426,15.821211075167131],[75.61250669867958,15.824261814026558],[75.6054663323034,15.827154708751753],[75.603614098714,15.826442850974729],[75.60107095197498,15.823774026393192],[75.59829670464597,15.815559719739836],[75.59193088501321,15.809976768735641],[75.5821135413278,15.803783747845406],[75.58180701100004,15.80107701036247],[75.5780734932033,15.79658050492729],[75.57880523208769,15.794521958111932],[75.58440454264468,15.788743802990775],[75.58366914312553,15.786246250374576],[75.58494703883802,15.784226856350292],[75.58348069813852,15.780772890996564],[75.58340226173948,15.777853139112851],[75.58633761921975,15.774337715311999],[75.58812192310565,15.768289497276559],[75.59080232164031,15.765497895423179],[75.5919720098869,15.761634525661655],[75.59112647871056,15.758188039611465],[75.59652533470351,15.751035951051238],[75.59830759671877,15.74033711614449],[75.60248454719427,15.72811960369838],[75.61432568023044,15.709450069735777],[75.61921925184235,15.698971797865873],[75.62436700895043,15.698980932801641],[75.62509796001228,15.731284405177377],[75.62737457570819,15.740434462146986],[75.62750528687025,15.74658869319545],[75.63304085477132,15.752306665717635],[75.63486238124935,15.755700437977715],[75.62954770997493,15.77578057559931],[75.62288298940611,15.77461099686251],[75.61580679731807,15.771593768185708],[75.61229986787365,15.774238870119332],[75.60921457977582,15.791410283686737],[75.60249170856372,15.800649964193095],[75.6046455030007,15.802777462946601],[75.6077226370907,15.799853426213247],[75.60915418603926,15.803953583940569],[75.60645420602806,15.806560239991878],[75.60597864240822,15.808337955648515],[75.60691202522607,15.809781755343998],[75.60979505584105,15.810605382112179],[75.61074414480335,15.814155429346334],[75.60742948177918,15.814214470673168],[75.60751535443215,15.8179387948908],[75.62074537093244,15.817453881360263],[75.61740422108213,15.821474126040188]]]}},{"type":"Feature","properties":{"type":"village","name":"Vasan","taluk":"Nargund","district":"GADAG","village_code":"601883"},"geometry":{"type":"Polygon","coordinates":[[[75.48941390331777,15.87515382124175],[75.48709247157065,15.876867938950792],[75.4830904131995,15.874764298608882],[75.48028147473087,15.877689013601694],[75.47895072574032,15.87728305829019],[75.47781070974585,15.875453555149665],[75.4801379320333,15.870893375224016],[75.47663316483379,15.87327171025371],[75.4741028613084,15.873345121780437],[75.47382375025803,15.875315309330816],[75.4757196293938,15.876331128792847],[75.4715320177125,15.876580861122322],[75.46804462932047,15.855897435896841],[75.4659413049311,15.84980743991026],[75.46644390514605,15.835809011063152],[75.46853890664431,15.834195085411103],[75.47135771669963,15.833353436098621],[75.4783078670685,15.861450651428973],[75.4857533871126,15.860954563945828],[75.48941390331777,15.87515382124175]]]}},{"type":"Feature","properties":{"type":"village","name":"Belleri","taluk":"Nargund","district":"GADAG","village_code":"601882"},"geometry":{"type":"Polygon","coordinates":[[[75.4666878516446,15.880455790608845],[75.46372853789231,15.881835117766915],[75.46301775670355,15.879146927419821],[75.46059610800499,15.879551673646505],[75.46058488894542,15.877837502738435],[75.45345621817677,15.87843657157648],[75.4511488127245,15.862848629933174],[75.4573337448967,15.861549676946343],[75.4578086365767,15.85058727736415],[75.46639559824163,15.850773825838793],[75.46724513141258,15.853096361642155],[75.4715320177125,15.876580861122322],[75.46566874529411,15.877261648132238],[75.4666878516446,15.880455790608845]]]}},{"type":"Feature","properties":{"type":"village","name":"Gulagundi","taluk":"Ron","district":"GADAG","village_code":"601897"},"geometry":{"type":"Polygon","coordinates":[[[75.56671723033334,15.810622698095495],[75.56575619916767,15.830983458747445],[75.56833002427194,15.831383551748077],[75.56817835631261,15.833928742821527],[75.57132957626075,15.833766813684104],[75.56756012315769,15.838251497075163],[75.56493421642817,15.837648201260558],[75.5635104423984,15.836074398802161],[75.56307449358428,15.830430020275518],[75.55749519300024,15.828821647687075],[75.55229007935955,15.824844543046419],[75.56032643663737,15.812542213281606],[75.56412178098353,15.812432901639156],[75.56518455623663,15.810129444375534],[75.56671723033334,15.810622698095495]]]}},{"type":"Feature","properties":{"type":"village","name":"Gadgoli","taluk":"Ron","district":"GADAG","village_code":"601900"},"geometry":{"type":"Polygon","coordinates":[[[75.64286214834901,15.83205221133028],[75.64412133934063,15.840731796051358],[75.63708038277127,15.84087462596175],[75.6354181796954,15.833453101970068],[75.63272335781056,15.831677713251763],[75.63186864225877,15.827135382188581],[75.62594777615254,15.822433593284332],[75.62896093761789,15.80939347741094],[75.63170985425252,15.803116186749298],[75.63238367066565,15.797613310578834],[75.63977250611701,15.776469326018692],[75.6495793458018,15.777782665809092],[75.63999231668052,15.828472072150142],[75.64286214834901,15.83205221133028]]]}},{"type":"Feature","properties":{"type":"village","name":"Bommasagar","taluk":"Ron","district":"GADAG","village_code":"601929"},"geometry":{"type":"Polygon","coordinates":[[[75.8207907182594,15.849792116585952],[75.81704931864438,15.84807964307548],[75.81739886659616,15.845601384820416],[75.8148602186201,15.84129903693366],[75.81649410140828,15.831963904319489],[75.8074944914311,15.82893762422004],[75.80398864535489,15.825171998744114],[75.80703410664461,15.824717828208941],[75.808667648073,15.821095871193277],[75.81119324083306,15.82339160572138],[75.81433123398692,15.820062243310065],[75.8180565330971,15.818608331264592],[75.83408762241744,15.82320093874377],[75.83608725337527,15.828070141164044],[75.83916097925707,15.828483119037795],[75.84090646244798,15.830578105162816],[75.84439070673653,15.831491043425487],[75.84445000632508,15.838484783959865],[75.83798770493584,15.838309311097394],[75.82784675215251,15.840612651212869],[75.82078939683761,15.845791969300263],[75.8207907182594,15.849792116585952]]]}},{"type":"Feature","properties":{"type":"village","name":"Kappali","taluk":"Nargund","district":"GADAG","village_code":"601886"},"geometry":{"type":"Polygon","coordinates":[[[75.52994006515927,15.83489783372761],[75.5326334883672,15.839971754877537],[75.53148092739981,15.842058291014903],[75.5289098807847,15.842729050678814],[75.52351012108656,15.839807823036557],[75.50184526363157,15.792799864958011],[75.51687766171457,15.788047360253106],[75.51796801614516,15.789120508747638],[75.51846662334867,15.790579373929706],[75.51671653090203,15.792612988968843],[75.51932691923504,15.79476733736205],[75.51824482122016,15.796966725990202],[75.5205467110166,15.798922945183433],[75.5242902351473,15.805956101078255],[75.53242741484102,15.827252861770864],[75.52994006515927,15.83489783372761]]]}},{"type":"Feature","properties":{"type":"village","name":"Kallapur","taluk":"Nargund","district":"GADAG","village_code":"601887"},"geometry":{"type":"Polygon","coordinates":[[[75.5194618578688,15.84386828130175],[75.51609882056658,15.843451467634258],[75.51425237482259,15.844481853568821],[75.51101932733526,15.843797951973826],[75.50913700108218,15.841804500013744],[75.50950291544011,15.831222281715677],[75.4984165010916,15.822316292399975],[75.49912450109626,15.814549318768034],[75.5051574338308,15.814910571889413],[75.50366343669862,15.80926847292033],[75.49679481473,15.793795647688986],[75.50184526363157,15.792799864958011],[75.51718321108204,15.825526943624151],[75.52351012108656,15.839807823036557],[75.5211079128291,15.8411613683211],[75.5194618578688,15.84386828130175]]]}},{"type":"Feature","properties":{"type":"village","name":"Lakhamapur","taluk":"Nargund","district":"GADAG","village_code":"601881"},"geometry":{"type":"Polygon","coordinates":[[[75.46058488894542,15.877837502738435],[75.45876223418341,15.884566181721443],[75.46172742112103,15.885816651152108],[75.46149908195221,15.88677470566376],[75.44895272201069,15.886106520380551],[75.44943402496685,15.884293846311259],[75.45391933833328,15.88098029637626],[75.45345621817677,15.87843657157648],[75.46058488894542,15.877837502738435]]]}}]}
