{"type":"FeatureCollection","features":[{"type":"Feature","properties":{"type":"village","name":"Amberkhed","taluk":"Jevargi","district":"Kalaburagi","village_code":"620839"},"geometry":{"type":"Polygon","coordinates":[[[76.6496430157546,16.790038042272812],[76.6396527050545,16.78951024476687],[76.63615828914202,16.786338728826596],[76.63023433193288,16.775368995942905],[76.62308218908419,16.76558548472788],[76.62381442114362,16.760211382901822],[76.6333198068803,16.763237889308662],[76.64200972086664,16.763982957596667],[76.64451372082223,16.761308065113646],[76.64352373515833,16.75607620122598],[76.64655760818083,16.75431841215845],[76.64917916616608,16.75584075180149],[76.65282267366963,16.7515856553504],[76.65319319907994,16.755008968033565],[76.66083445483794,16.767021472394113],[76.6755830939873,16.765175204600915],[76.67730069886167,16.76958444499387],[76.6794106626993,16.78473303625135],[76.66882127182446,16.78891011512724],[76.6627522744262,16.78981033123599],[76.65686582098189,16.788754017089968],[76.6496430157546,16.790038042272812]]]}},{"type":"Feature","properties":{"type":"village","name":"Kuralgera","taluk":"Jevargi","district":"Kalaburagi","village_code":"620806"},"geometry":{"type":"Polygon","coordinates":[[[76.48430263493862,16.75877358909483],[76.47301498089847,16.75873392619137],[76.4654984148952,16.76023726065831],[76.46299061057438,16.76265096506803],[76.46065451742355,16.761129325025145],[76.46052587867484,16.756570632628954],[76.45896731602997,16.752739916696484],[76.45950028109813,16.749035825934964],[76.45316963230535,16.737083372403497],[76.45057778160658,16.72375547806432],[76.45323429303953,16.72301400425263],[76.45945151605292,16.72330531794357],[76.4608527270977,16.711155591865086],[76.47373596425393,16.71053555722866],[76.48138351810039,16.712167420975923],[76.502945186977,16.72299038666883],[76.50269421295799,16.726848730821118],[76.48673351562334,16.72936957711086],[76.48213653268391,16.742704827834462],[76.4829167859835,16.746029742367007],[76.48097058142889,16.750974648374324],[76.48430263493862,16.75877358909483]]]}},{"type":"Feature","properties":{"type":"village","name":"Wadgera","taluk":"Jevargi","district":"Kalaburagi","village_code":"620808"},"geometry":{"type":"Polygon","coordinates":[[[76.57293123025194,16.798851155331988],[76.56995276082453,16.79889100163846],[76.56483169895174,16.795907575099854],[76.56353241794561,16.796020124966983],[76.56241198971594,16.794262244307063],[76.55805998813429,16.792385816633928],[76.5552232306379,16.789972187100087],[76.54735777514794,16.789671072300976],[76.54363282368577,16.791729821957773],[76.53846414122144,16.791641799688236],[76.53793565335664,16.788338863318838],[76.54073190042695,16.786379221926417],[76.54091559512278,16.784626289293847],[76.53687283767937,16.774223941574313],[76.53462776991795,16.770772274634357],[76.53302413430364,16.770157101837658],[76.5322282188771,16.767342005088402],[76.5303813572131,16.765493276131856],[76.52797462773482,16.75797412680508],[76.5251754413769,16.75706916489343],[76.52509361743093,16.75208120806635],[76.52404895221397,16.751022071006147],[76.54728918338611,16.747911886915],[76.54848961198174,16.75112327738326],[76.55291159681559,16.751224328871345],[76.5535955237673,16.753122172087288],[76.56956740872049,16.75342549438403],[76.57730841430592,16.75797272817686],[76.58052059572583,16.75845240716158],[76.58130678778778,16.76554145722111],[76.58262413481259,16.76754326076606],[76.58246364899044,16.772129075798784],[76.57955515293382,16.775449202411473],[76.57946999623813,16.778507921108545],[76.57667868091872,16.781525319814964],[76.57524226310133,16.786300562117646],[76.57532051534572,16.791916544275796],[76.57265974589833,16.79682247072544],[76.57293123025194,16.798851155331988]]]}},{"type":"Feature","properties":{"type":"village","name":"Biryal (B)","taluk":"Jevargi","district":"Kalaburagi","village_code":"620857"},"geometry":{"type":"Polygon","coordinates":[[[76.44979903208677,16.77542859561199],[76.4411468141047,16.77737872741353],[76.41828376126584,16.779602857644104],[76.41929925818552,16.769798428808542],[76.41856275373857,16.76890850980445],[76.4264595038381,16.765888725226187],[76.43613389142578,16.76454886978571],[76.43708495039351,16.761593751638582],[76.4400531466873,16.7607434945825],[76.44270162358835,16.757561959399435],[76.43849378544013,16.7533297849591],[76.44007581387687,16.750974809231096],[76.44045939090992,16.74203884817365],[76.42892797183092,16.737858252861162],[76.42894086894343,16.733556960420792],[76.42321488694822,16.729582350103502],[76.422677328794,16.716881897062443],[76.44172685808027,16.713654146168764],[76.4439950179344,16.715389613301948],[76.44638871016296,16.7226901646993],[76.45057778160658,16.72375547806432],[76.45316963230535,16.737083372403497],[76.45950028109813,16.749035825934964],[76.45896731602997,16.752739916696484],[76.46052587867484,16.756570632628954],[76.46065451742355,16.761129325025145],[76.46537804424038,16.763562618120066],[76.46533747991542,16.76706866395379],[76.46506228282473,16.770272095910283],[76.45925230565553,16.771797065366815],[76.45451693994154,16.775083521912787],[76.45129449796444,16.77386933327696],[76.44979903208677,16.77542859561199]]]}},{"type":"Feature","properties":{"type":"village","name":"Mallbad","taluk":"Jevargi","district":"Kalaburagi","village_code":"620838"},"geometry":{"type":"Polygon","coordinates":[[[76.65282267366963,16.7515856553504],[76.64917916616608,16.75584075180149],[76.64655760818083,16.75431841215845],[76.64352373515833,16.75607620122598],[76.64451372082223,16.761308065113646],[76.64200972086664,16.763982957596667],[76.6294977538241,16.762266568133644],[76.62381442114362,16.760211382901822],[76.62304515244331,16.742500832707663],[76.63551833921505,16.745807988121218],[76.63548027579985,16.735077518390238],[76.63774035979958,16.73544338760323],[76.63792316426496,16.73444036212488],[76.64408897310138,16.73336466127622],[76.658777807809,16.725094862610455],[76.65784123058201,16.73199865490032],[76.65479903556668,16.73770542921154],[76.65282267366963,16.7515856553504]]]}},{"type":"Feature","properties":{"type":"village","name":"Balbatti","taluk":"Jevargi","district":"Kalaburagi","village_code":"620837"},"geometry":{"type":"Polygon","coordinates":[[[76.60159576309576,16.79692349362218],[76.59227114444536,16.796416142624317],[76.59097157508003,16.79815536492475],[76.57629475623764,16.797121604810297],[76.57470428633215,16.798657343273405],[76.57293123025194,16.798851155331988],[76.57265974589833,16.79682247072544],[76.57532051534572,16.791916544275796],[76.57524226310133,16.786300562117646],[76.57667868091872,16.781525319814964],[76.57946999623813,16.778507921108545],[76.57955515293382,16.775449202411473],[76.58246364899044,16.772129075798784],[76.58262413481259,16.76754326076606],[76.58168195030154,16.76559124072132],[76.60380293902017,16.76718988718684],[76.62308218908419,16.76558548472788],[76.63023433193288,16.775368995942905],[76.63612002360586,16.78627726629962],[76.6332879220776,16.786871957662413],[76.61798909715607,16.795370609156585],[76.61693380217436,16.793884130848085],[76.61493101992653,16.793328313033502],[76.61102844817646,16.7955283409046],[76.60820010340274,16.79549196741271],[76.6061176648437,16.79416798992328],[76.60159576309576,16.79692349362218]]]}},{"type":"Feature","properties":{"type":"village","name":" ","taluk":"Jevargi","district":"Kalaburagi","village_code":" "},"geometry":{"type":"Polygon","coordinates":[[[76.39642642089659,16.805932786019174],[76.39515997690737,16.805833498134678],[76.39482211963067,16.804658825763156],[76.39147755438567,16.80271630872068],[76.3809565342871,16.80105409296585],[76.37740581107427,16.801700206215795],[76.37726497589894,16.793459275404242],[76.37476510010887,16.7855345369826],[76.37371449163798,16.784603808592664],[76.37293605293527,16.777532971872258],[76.3709335680298,16.772346159990157],[76.37097582118751,16.76860523369597],[76.38260647535932,16.769617296125784],[76.41162648862904,16.768195909655],[76.41127879030842,16.764843538982536],[76.418350744145,16.76451247574068],[76.41837030855358,16.768117887409105],[76.41929925818552,16.769798428808542],[76.41828376126584,16.779602857644104],[76.41259507282965,16.781149078289697],[76.41267181500605,16.789941234111783],[76.41023917721665,16.798851267989374],[76.40088195780629,16.801125111851718],[76.39642642089659,16.805932786019174]]]}},{"type":"Feature","properties":{"type":"village","name":"Nagarhalli S.Malli","taluk":"Jevargi","district":"Kalaburagi","village_code":"620807"},"geometry":{"type":"Polygon","coordinates":[[[76.51644985708721,16.75108598100519],[76.51569116874435,16.753507161238957],[76.50725124781671,16.759547589935632],[76.5074272637135,16.763085346655],[76.5048574540785,16.762934733178678],[76.50064679971189,16.769176157778308],[76.49898919511197,16.769627431688825],[76.49467148941125,16.774441173889173],[76.4906912376436,16.776874112581474],[76.48712902857157,16.77251609502239],[76.48595558626536,16.76267182957516],[76.48097058142889,16.750974648374324],[76.4829167859835,16.746029742367007],[76.48213653268391,16.742704827834462],[76.48673351562334,16.72936957711086],[76.50210345208106,16.72682578216981],[76.50244310598829,16.73818459579318],[76.50336022660458,16.741185194421373],[76.50471509356385,16.741610710341526],[76.50646234823252,16.744444614654714],[76.50945348480373,16.74531383242176],[76.51026503810276,16.744767600028812],[76.51126720492191,16.746954946005143],[76.51394421590962,16.74784199308483],[76.51644985708721,16.75108598100519]]]}},{"type":"Feature","properties":{"type":"village","name":"Singanhalli","taluk":"Jevargi","district":"Kalaburagi","village_code":"621084"},"geometry":{"type":"Polygon","coordinates":[[[76.74760065841262,16.755395930914627],[76.74519088993374,16.778868707238026],[76.73694048029337,16.77765336361991],[76.73647848392926,16.77354668199278],[76.72908660408744,16.77233960258799],[76.72892188360703,16.753887858156897],[76.73488061639743,16.75130502723081],[76.74376614392679,16.750976926174882],[76.7450660402789,16.751656418321993],[76.74760065841262,16.755395930914627]]]}},{"type":"Feature","properties":{"type":"village","name":"Saidapur","taluk":"Jevargi","district":"Kalaburagi","village_code":"620789"},"geometry":{"type":"Polygon","coordinates":[[[76.669501306376,16.78868407462847],[76.67127538294241,16.79358129622517],[76.67021654680185,16.798655306838807],[76.66433933432685,16.798453120938085],[76.66073737929507,16.800256438193],[76.6558358818474,16.80086710272566],[76.65366474543383,16.80482521209676],[76.65038120723763,16.804089153790922],[76.64781992980124,16.802354482624715],[76.64951306995718,16.801102806817926],[76.6496430157546,16.790038042272812],[76.65686582098189,16.788754017089968],[76.6627522744262,16.78981033123599],[76.669501306376,16.78868407462847]]]}},{"type":"Feature","properties":{"type":"village","name":" ","taluk":"Jevargi","district":"Kalaburagi","village_code":" "},"geometry":{"type":"Polygon","coordinates":[[[76.72133167371676,16.7908940765983],[76.71720563076842,16.793904943766133],[76.71408015294308,16.79482834668571],[76.7099850147355,16.79385412106038],[76.70851159710816,16.792368260404654],[76.70942626891696,16.792503441780354],[76.7092756448,16.780562244606188],[76.71944235677414,16.777937492073562],[76.72479245760333,16.784748291709263],[76.72360590618221,16.784852762063483],[76.72331901841646,16.78825914218719],[76.72163551987845,16.788874379366103],[76.72133167371676,16.7908940765983]]]}},{"type":"Feature","properties":{"type":"village","name":"Kuknoor","taluk":"Jevargi","district":"Kalaburagi","village_code":"620785"},"geometry":{"type":"Polygon","coordinates":[[[76.68985618209321,16.800416885974855],[76.68268509197853,16.802831571169577],[76.67852448095974,16.802602216611316],[76.67714986094568,16.801563395731403],[76.67502836004483,16.796259684401683],[76.67363300062581,16.78708379858954],[76.6794106626993,16.78473303625135],[76.69765595456623,16.786462594700257],[76.69952895900163,16.790654720237143],[76.70210345065585,16.78947007226293],[76.7020907880036,16.792989652236653],[76.68985618209321,16.800416885974855]]]}},{"type":"Feature","properties":{"type":"village","name":"Kachur","taluk":"Jevargi","district":"Kalaburagi","village_code":"620831"},"geometry":{"type":"Polygon","coordinates":[[[76.64954456578934,16.827885866708407],[76.64487201656826,16.826747758665338],[76.64164455839862,16.827556733702874],[76.63969759117431,16.825894211194882],[76.6363621474227,16.825239259332225],[76.63243058793672,16.814305682924093],[76.6406348960367,16.814106538869687],[76.64289111817902,16.8131982559274],[76.6458088911376,16.81387573093527],[76.64646586683413,16.816220544656833],[76.64925242377748,16.817480811661927],[76.65101189733065,16.82025470927757],[76.65117233105049,16.82728026858711],[76.64954456578934,16.827885866708407]]]}},{"type":"Feature","properties":{"type":"village","name":"Ainapur","taluk":"Jevargi","district":"Kalaburagi","village_code":"620799"},"geometry":{"type":"Polygon","coordinates":[[[76.48825937779525,16.820429533708374],[76.47950569869506,16.819986762698594],[76.4792438595527,16.821563691592182],[76.47210355919437,16.820514385135574],[76.47228734911158,16.81291041467319],[76.46958886928691,16.810367970223574],[76.47175861870167,16.806242004094006],[76.48087672904127,16.80524818288291],[76.484709687645,16.806479657884726],[76.48696795884449,16.81000707368691],[76.48835996664921,16.816006307031774],[76.48825937779525,16.820429533708374]]]}},{"type":"Feature","properties":{"type":"village","name":" ","taluk":"Jevargi","district":"Kalaburagi","village_code":" "},"geometry":{"type":"Polygon","coordinates":[[[76.58638892925256,16.841025857132863],[76.57678043398928,16.84202218270264],[76.57477220974741,16.827636542361326],[76.57526542256767,16.825183383023482],[76.5736570222891,16.82263933442193],[76.57293123025194,16.798851155331988],[76.57470428633215,16.798657343273405],[76.57629475623764,16.797121604810297],[76.59097157508003,16.79815536492475],[76.59227114444536,16.796416142624317],[76.59471959438041,16.79629906599681],[76.59597015076552,16.80364064138281],[76.60001659938642,16.8151216255779],[76.59932375216398,16.838909093044986],[76.59467464178525,16.838059001760186],[76.58638892925256,16.841025857132863]]]}},{"type":"Feature","properties":{"type":"village","name":"Malli","taluk":"Jevargi","district":"Kalaburagi","village_code":"620805"},"geometry":{"type":"Polygon","coordinates":[[[76.49508918984867,16.819937802610685],[76.48825937779525,16.820429533708374],[76.48835996664921,16.816006307031774],[76.48669064981462,16.809053911813393],[76.48357412190447,16.80573024669444],[76.47224151257423,16.805758349817992],[76.46958886928691,16.810367970223574],[76.46714497021713,16.810350973751046],[76.46602620656564,16.805363518609322],[76.46387655156549,16.8024638339039],[76.46399234889718,16.799292106095272],[76.46273001380203,16.797995946351485],[76.4628127782841,16.79434531605971],[76.46138170544266,16.79321186660563],[76.46119693456514,16.78908694736013],[76.45580643200603,16.785723097276026],[76.44979903208677,16.77542859561199],[76.45129449796444,16.77386933327696],[76.45451693994154,16.775083521912787],[76.45925230565553,16.771797065366815],[76.46506228282473,16.770272095910283],[76.46537804424038,16.763562618120066],[76.46299061057438,16.76265096506803],[76.4654984148952,16.76023726065831],[76.47301498089847,16.75873392619137],[76.48164823903818,16.758526449099726],[76.48430263493862,16.75877358909483],[76.48595558626536,16.76267182957516],[76.48712902857157,16.77251609502239],[76.4906912376436,16.776874112581474],[76.49467148941125,16.774441173889173],[76.49898919511197,16.769627431688825],[76.50064679971189,16.769176157778308],[76.5048574540785,16.762934733178678],[76.5074272637135,16.763085346655],[76.50725124781671,16.759547589935632],[76.51569116874435,16.753507161238957],[76.51644985708721,16.75108598100519],[76.52404895221397,16.751022071006147],[76.52509361743093,16.75208120806635],[76.52521291998887,16.757141473269748],[76.52797462773482,16.75797412680508],[76.5304188376217,16.765570099572393],[76.5322282188771,16.767342005088402],[76.53302413430364,16.770157101837658],[76.53462776991795,16.770772274634357],[76.53687283767937,16.774223941574313],[76.54091559512278,16.784626289293847],[76.54073190042695,16.786379221926417],[76.53793565335664,16.788338863318838],[76.53846414122144,16.791641799688236],[76.53273727708061,16.791634716624333],[76.52756916774143,16.79957502314843],[76.52376939110766,16.800454158914352],[76.5234777009484,16.810854583788256],[76.51921526229889,16.80820027692968],[76.51426693028557,16.807560559695254],[76.51147249511716,16.805516835669255],[76.50695027087404,16.806219046102363],[76.50517331430882,16.804943901894422],[76.5007920797512,16.80521684626769],[76.49695420017635,16.802013609761993],[76.49372635303618,16.800818167800493],[76.49160171521837,16.801103990996243],[76.48954172016838,16.80754787127324],[76.49571339500363,16.81296157366133],[76.49508918984867,16.819937802610685]]]}},{"type":"Feature","properties":{"type":"village","name":"Banhatti","taluk":"Chitapur","district":"Kalaburagi","village_code":"620711"},"geometry":{"type":"Polygon","coordinates":[[[76.99519073274367,16.83732342933549],[76.98327594593904,16.839891625768164],[76.97655043188338,16.826123964927845],[76.97267925715082,16.814997824844554],[76.98086196076821,16.809766495392665],[76.98272410187684,16.809607421088693],[76.99066250056791,16.81223363017121],[76.99290334804414,16.83300547425805],[76.99409968481366,16.833086124968506],[76.99519073274367,16.83732342933549]]]}},{"type":"Feature","properties":{"type":"village","name":"Bilwar","taluk":"Jevargi","district":"Kalaburagi","village_code":"620828"},"geometry":{"type":"Polygon","coordinates":[[[76.68895900138129,16.82480112217976],[76.68605115839986,16.826866717630686],[76.682389432164,16.833857148807255],[76.67880620700589,16.837314379023443],[76.67061945827477,16.83646685570698],[76.66136743966904,16.833495697703217],[76.64671173482911,16.833804797728902],[76.64741510401845,16.83088607023432],[76.64954456578934,16.827885866708407],[76.65117233105049,16.82728026858711],[76.65101189733065,16.82025470927757],[76.64925242377748,16.817480811661927],[76.64646586683413,16.816220544656833],[76.6458088911376,16.81387573093527],[76.64289111817902,16.8131982559274],[76.6406348960367,16.814106538869687],[76.63243058793672,16.814305682924093],[76.63163067770212,16.81223926694199],[76.63384234520295,16.809774029243325],[76.63636130480295,16.810225745861608],[76.63831365563074,16.806453145767204],[76.64156900110007,16.806217992667857],[76.64829514217982,16.802722773918095],[76.65366474543383,16.80482521209676],[76.6558358818474,16.80086710272566],[76.66073737929507,16.800256438193],[76.66433933432685,16.798453120938085],[76.67021654680185,16.798655306838807],[76.67127538294241,16.79358129622517],[76.669501306376,16.78868407462847],[76.67363300062581,16.78708379858954],[76.67502836004483,16.796259684401683],[76.67714986094568,16.801563395731403],[76.67852448095974,16.802602216611316],[76.68268509197853,16.802831571169577],[76.68985618209321,16.800416885974855],[76.69293328384386,16.814060481182526],[76.69261502870499,16.816120815869485],[76.69065034041508,16.818475334929108],[76.68895900138129,16.82480112217976]]]}},{"type":"Feature","properties":{"type":"village","name":"Needalgi","taluk":"Jevargi","district":"Kalaburagi","village_code":"620747"},"geometry":{"type":"Polygon","coordinates":[[[76.71524840208862,16.845484273672966],[76.67483958178282,16.84631979642927],[76.67476388794034,16.843889104341397],[76.67880620700589,16.837314379023443],[76.682389432164,16.833857148807255],[76.68605115839986,16.826866717630686],[76.6883913999707,16.82487809703427],[76.69253481274339,16.828152422063187],[76.69505996443063,16.831675691718562],[76.699240139858,16.83227969886198],[76.70426577459646,16.835295946573343],[76.71806383088519,16.83674064028826],[76.71621200962255,16.839452273228876],[76.71687545498573,16.84351370874831],[76.71524840208862,16.845484273672966]]]}},{"type":"Feature","properties":{"type":"village","name":"Mudbal (K)","taluk":"Jevargi","district":"Kalaburagi","village_code":"620872"},"geometry":{"type":"Polygon","coordinates":[[[76.79841307822959,16.849675331429147],[76.79405552056792,16.85793769513948],[76.787349163984,16.86132789502983],[76.77296665029668,16.85900242794505],[76.77696258305589,16.8402192903052],[76.78896008763019,16.83729713390454],[76.79110781933734,16.849993757370772],[76.79410616758365,16.849235968933172],[76.79841307822959,16.849675331429147]]]}},{"type":"Feature","properties":{"type":"village","name":"Jamkhandi","taluk":"Jevargi","district":"Kalaburagi","village_code":"620834"},"geometry":{"type":"Polygon","coordinates":[[[76.72691513799217,16.81644599771808],[76.69259158716764,16.816156967851175],[76.6925616849468,16.81114645002869],[76.68985618209321,16.800416885974855],[76.70452927741876,16.791805023990097],[76.70851159710816,16.792368260404654],[76.71186157110948,16.794766013148237],[76.71408015294308,16.79482834668571],[76.71720563076842,16.793904943766133],[76.72133167371676,16.7908940765983],[76.72200806829477,16.792818442065812],[76.72122698495185,16.797183214324797],[76.72269794478858,16.79787876578036],[76.72329108799764,16.802075770646056],[76.7259761847212,16.806059435655982],[76.72691513799217,16.81644599771808]]]}},{"type":"Feature","properties":{"type":"village","name":"Dumadri","taluk":"Jevargi","district":"Kalaburagi","village_code":"620794"},"geometry":{"type":"Polygon","coordinates":[[[76.54363282368577,16.791729821957773],[76.5367342482923,16.8099979317775],[76.53041189184793,16.80841823228054],[76.5274515872539,16.80931138524677],[76.52747416820519,16.811005666624634],[76.52562981373919,16.81267643992732],[76.5234777009484,16.810854583788256],[76.52324834129342,16.801203892793907],[76.52756916774143,16.79957502314843],[76.53273727708061,16.791634716624333],[76.54363282368577,16.791729821957773]]]}},{"type":"Feature","properties":{"type":"village","name":"Sumbad","taluk":"Jevargi","district":"Kalaburagi","village_code":"620793"},"geometry":{"type":"Polygon","coordinates":[[[76.57867578311901,16.842171741224025],[76.57808363344667,16.846228804945518],[76.57986003575134,16.853430991197254],[76.5796433737829,16.856896277868714],[76.56074041002515,16.85467261327451],[76.52055379608967,16.847684211202047],[76.5186854817584,16.841154656860944],[76.51484080283515,16.83707730213607],[76.51598765860219,16.83334602399013],[76.51810436339773,16.83172970457857],[76.51898853919927,16.827776882628918],[76.52401497613332,16.823717756256045],[76.52325746997333,16.81915413766373],[76.52792534795498,16.818474233408764],[76.52827811906197,16.816617484092664],[76.52562981373919,16.81267643992732],[76.52747416820519,16.811005666624634],[76.5274515872539,16.80931138524677],[76.53041189184793,16.80841823228054],[76.5367342482923,16.8099979317775],[76.54363282368577,16.791729821957773],[76.54735777514794,16.789671072300976],[76.5552232306379,16.789972187100087],[76.55805998813429,16.792385816633928],[76.56241198971594,16.794262244307063],[76.56353241794561,16.796020124966983],[76.56483169895174,16.795907575099854],[76.56995276082453,16.79889100163846],[76.57293123025194,16.798851155331988],[76.5736570222891,16.82263933442193],[76.57526542256767,16.825183383023482],[76.57477220974741,16.827636542361326],[76.57678043398928,16.84202218270264],[76.57867578311901,16.842171741224025]]]}},{"type":"Feature","properties":{"type":"village","name":"Maradgi S.Madarki","taluk":"Jevargi","district":"Kalaburagi","village_code":"620827"},"geometry":{"type":"Polygon","coordinates":[[[76.73452299977777,16.83146018697755],[76.73255386123394,16.833602755069652],[76.72903034888937,16.833021693996685],[76.72666176636963,16.834034890094035],[76.72639975475072,16.83536783995964],[76.7197706344166,16.83497332665451],[76.71806383088519,16.83674064028826],[76.70426577459646,16.835295946573343],[76.699240139858,16.83227969886198],[76.69505996443063,16.831675691718562],[76.68895900138129,16.82480112217976],[76.69065034041508,16.818475334929108],[76.69259158716764,16.816156967851175],[76.72691513799217,16.81644599771808],[76.72707729198576,16.821451922172653],[76.72989257256035,16.82265234514588],[76.73349068729429,16.831054098186893],[76.73452299977777,16.83146018697755]]]}},{"type":"Feature","properties":{"type":"village","name":" ","taluk":"Jevargi","district":"Kalaburagi","village_code":" "},"geometry":{"type":"Polygon","coordinates":[[[76.66738687162318,16.835532268195465],[76.6669942467586,16.842223574118854],[76.66508490008006,16.842775131951953],[76.6573593976198,16.841583241787365],[76.65559548908409,16.842378671199754],[76.65064103415376,16.84157511336968],[76.64400099120417,16.84266492695482],[76.6433769576274,16.84208214661405],[76.6456566275953,16.838047342843662],[76.64671173482911,16.833804797728902],[76.66136743966904,16.833495697703217],[76.66738687162318,16.835532268195465]]]}},{"type":"Feature","properties":{"type":"village","name":" ","taluk":"Jevargi","district":"Kalaburagi","village_code":" "},"geometry":{"type":"Polygon","coordinates":[[[76.47905284538392,16.832646560596643],[76.47550680239375,16.8337777898771],[76.47101067061632,16.839513279166717],[76.47102908158809,16.838803937114353],[76.4635366730794,16.838527073134053],[76.4600250418528,16.833052644253122],[76.43615216136205,16.837095426856987],[76.42955140263811,16.83737279935621],[76.42757999944143,16.83369559006218],[76.42337069883595,16.829033936934696],[76.42197650902342,16.825347507971635],[76.420001277207,16.82421389209235],[76.4190294060708,16.820644823988044],[76.41377871281092,16.81343950490034],[76.41023917721665,16.798851267989374],[76.41267181500605,16.789941234111783],[76.41259507282965,16.781149078289697],[76.41670322313414,16.77958960830976],[76.4411468141047,16.77737872741353],[76.44979903208677,16.77542859561199],[76.45580643200603,16.785723097276026],[76.46119693456514,16.78908694736013],[76.46138170544266,16.79321186660563],[76.4628127782841,16.79434531605971],[76.46273001380203,16.797995946351485],[76.46399234889718,16.799292106095272],[76.46387655156549,16.8024638339039],[76.46602620656564,16.805363518609322],[76.46714497021713,16.810350973751046],[76.46958886928691,16.810367970223574],[76.47228734911158,16.81291041467319],[76.47210355919437,16.820514385135574],[76.4792438595527,16.821563691592182],[76.47905284538392,16.832646560596643]]]}},{"type":"Feature","properties":{"type":"village","name":"Kanmeshwar","taluk":"Jevargi","district":"Kalaburagi","village_code":"620801"},"geometry":{"type":"Polygon","coordinates":[[[76.40432410704062,16.85853563574945],[76.39594891691574,16.85862687062857],[76.39687738864397,16.853720202320613],[76.39481224804405,16.84642374021559],[76.39700205414412,16.835724807006308],[76.39502171899862,16.830131632614876],[76.39406336660912,16.816256761971964],[76.41377871281092,16.81343950490034],[76.4190294060708,16.820644823988044],[76.420001277207,16.82421389209235],[76.42197650902342,16.825347507971635],[76.42337069883595,16.829033936934696],[76.42757999944143,16.83369559006218],[76.42955140263811,16.83737279935621],[76.4291657900226,16.85076437273831],[76.4040934807611,16.854040187020473],[76.40432410704062,16.85853563574945]]]}},{"type":"Feature","properties":{"type":"village","name":"Yatnal","taluk":"Jevargi","district":"Kalaburagi","village_code":"620797"},"geometry":{"type":"Polygon","coordinates":[[[76.47373797288691,16.86073325675785],[76.46751647389276,16.860952937243848],[76.46140676574414,16.859387759363372],[76.46202152960545,16.849298741084755],[76.46722950797354,16.849725751420397],[76.4707842798934,16.846502793786737],[76.4748800352436,16.84638343017242],[76.4815631398347,16.850315374155066],[76.48353480713605,16.85231134139959],[76.48387519856016,16.856851791834174],[76.48479081809158,16.858066668191938],[76.47373797288691,16.86073325675785]]]}},{"type":"Feature","properties":{"type":"village","name":"Kondguli","taluk":"Jevargi","district":"Kalaburagi","village_code":"620802"},"geometry":{"type":"Polygon","coordinates":[[[76.38879825538892,16.85632774306617],[76.3743330814241,16.858844516914807],[76.36722051475354,16.84898138694436],[76.3609245678802,16.844386109008994],[76.36071357787449,16.84276412074077],[76.35888386864255,16.842623887876176],[76.35873396587277,16.840233826812494],[76.35435764240482,16.832557235763787],[76.35244985609992,16.819757318822212],[76.39406336660912,16.816256761971964],[76.39502171899862,16.830131632614876],[76.39700205414412,16.835724807006308],[76.39481224804405,16.84642374021559],[76.39687738864397,16.853720202320613],[76.39594891691574,16.85862687062857],[76.38879825538892,16.85632774306617]]]}},{"type":"Feature","properties":{"type":"village","name":"Padgadhalli","taluk":"Jevargi","district":"Kalaburagi","village_code":"620868"},"geometry":{"type":"Polygon","coordinates":[[[76.74475902935245,16.81586282972094],[76.72989257256035,16.82265234514588],[76.72766880475258,16.822278439748526],[76.72675306125365,16.82041744462548],[76.7259761847212,16.806059435655982],[76.72329108799764,16.802075770646056],[76.72269794478858,16.79787876578036],[76.72122698495185,16.797183214324797],[76.72200806829477,16.792818442065812],[76.72150905415442,16.78921329002948],[76.72327683802229,16.78832241357094],[76.72360590618221,16.784852762063483],[76.72506439021625,16.784562922073917],[76.727477964857,16.781100927818077],[76.7321573430709,16.7787808424219],[76.73461500702581,16.77896934061286],[76.73539223659614,16.77668731097089],[76.73648958710619,16.776519566853953],[76.73694048029337,16.77765336361991],[76.74519088993374,16.778868707238026],[76.74475902935245,16.81586282972094]]]}},{"type":"Feature","properties":{"type":"village","name":"Kanganahalli","taluk":"Chitapur","district":"Kalaburagi","village_code":"620709"},"geometry":{"type":"Polygon","coordinates":[[[76.95341507991897,16.841120151845058],[76.94863593660627,16.845088700720368],[76.94155265501396,16.848176848657797],[76.9299399015708,16.845383458069268],[76.92532699958625,16.841440323793726],[76.92673151463465,16.830461131736044],[76.93013292796579,16.831327759899334],[76.94441311006752,16.83108416657545],[76.94628477870806,16.830676925658697],[76.95249891690679,16.82623351488343],[76.95341507991897,16.841120151845058]]]}},{"type":"Feature","properties":{"type":"village","name":"Hulandgera","taluk":"Chitapur","district":"Kalaburagi","village_code":"620710"},"geometry":{"type":"Polygon","coordinates":[[[76.98327594593904,16.839891625768164],[76.96941929523928,16.84400518002972],[76.96287443957377,16.84383631239287],[76.95430199827709,16.84165295322921],[76.95341507991897,16.841120151845058],[76.95249891690679,16.82623351488343],[76.95752120721747,16.8217135749656],[76.97267925715082,16.814997824844554],[76.97655043188338,16.826123964927845],[76.98327594593904,16.839891625768164]]]}},{"type":"Feature","properties":{"type":"village","name":"Kadyapur","taluk":"Jevargi","district":"Kalaburagi","village_code":"620870"},"geometry":{"type":"Polygon","coordinates":[[[76.76003959871079,16.841421119596582],[76.73742847120685,16.8421212418394],[76.73350106912402,16.83282064789992],[76.73452299977777,16.83146018697755],[76.73349068729429,16.831054098186893],[76.73239588889797,16.827964313229117],[76.74895680277623,16.82558027875198],[76.75149892543584,16.823014049105097],[76.75447354558223,16.822265858935783],[76.75517531936363,16.825252709266213],[76.75742592164555,16.827092884602024],[76.75810498601659,16.828968270709133],[76.75872005440677,16.835772806043007],[76.76133690521993,16.837351103030702],[76.76345085398418,16.84055558313515],[76.76003959871079,16.841421119596582]]]}},{"type":"Feature","properties":{"type":"village","name":"Mangaloor","taluk":"Jevargi","district":"Kalaburagi","village_code":"620830"},"geometry":{"type":"Polygon","coordinates":[[[76.6433769576274,16.84208214661405],[76.63161995271594,16.842593241827466],[76.63009032121306,16.834718301590932],[76.62099408395233,16.821444155759224],[76.62010293093596,16.816483295884453],[76.62037053905912,16.80833723913653],[76.62402930534611,16.807668666220383],[76.62545058385601,16.811292173589056],[76.63080750918645,16.812801198403754],[76.63163067770212,16.81223926694199],[76.6363621474227,16.825239259332225],[76.63969759117431,16.825894211194882],[76.64164455839862,16.827556733702874],[76.64487201656826,16.826747758665338],[76.64954456578934,16.827885866708407],[76.64712900766845,16.831527661425167],[76.6456566275953,16.838047342843662],[76.6433769576274,16.84208214661405]]]}},{"type":"Feature","properties":{"type":"village","name":"Karkihalli","taluk":"Jevargi","district":"Kalaburagi","village_code":"620821"},"geometry":{"type":"Polygon","coordinates":[[[76.75447354558223,16.822265858935783],[76.75149892543584,16.823014049105097],[76.74895680277623,16.82558027875198],[76.73239588889797,16.827964313229117],[76.72989257256035,16.82265234514588],[76.74475902935245,16.81586282972094],[76.74811586378762,16.820284063957622],[76.75303879234303,16.8195597566658],[76.75466605724255,16.82036495139212],[76.75447354558223,16.822265858935783]]]}},{"type":"Feature","properties":{"type":"village","name":"Shivapur","taluk":"Jevargi","district":"Kalaburagi","village_code":"620832"},"geometry":{"type":"Polygon","coordinates":[[[76.63384234520295,16.809774029243325],[76.63080750918645,16.812801198403754],[76.62545058385601,16.811292173589056],[76.62402930534611,16.807668666220383],[76.62037053905912,16.80833723913653],[76.61710605772336,16.802567525703015],[76.61788199192307,16.795382974174544],[76.6332879220776,16.786871957662413],[76.63612002360586,16.78627726629962],[76.6396527050545,16.78951024476687],[76.6496430157546,16.790038042272812],[76.64935365762182,16.801635954628132],[76.64843897503322,16.80142369995477],[76.6481905405515,16.802833360750295],[76.64166281216518,16.80618184223117],[76.63831365563074,16.806453145767204],[76.63636130480295,16.810225745861608],[76.63384234520295,16.809774029243325]]]}},{"type":"Feature","properties":{"type":"village","name":"Kachapur","taluk":"Jevargi","district":"Kalaburagi","village_code":"620795"},"geometry":{"type":"Polygon","coordinates":[[[76.52562981373919,16.81267643992732],[76.52827811906197,16.816617484092664],[76.52792534795498,16.818474233408764],[76.52325746997333,16.81915413766373],[76.52401497613332,16.823717756256045],[76.51898853919927,16.827776882628918],[76.51810436339773,16.83172970457857],[76.51598765860219,16.83334602399013],[76.51484080283515,16.83707730213607],[76.51165669915775,16.834780358890704],[76.5104439726259,16.830912222963157],[76.50699802711117,16.827471992050597],[76.50272043927271,16.826267633097316],[76.49536182763909,16.82082770341778],[76.49571339500363,16.81296157366133],[76.48994098897283,16.808482890900883],[76.48951771089578,16.806617163959125],[76.49160171521837,16.801103990996243],[76.49372635303618,16.800818167800493],[76.49898910977201,16.803120658322804],[76.5007920797512,16.80521684626769],[76.50517331430882,16.804943901894422],[76.50695027087404,16.806219046102363],[76.51147249511716,16.805516835669255],[76.51426693028557,16.807560559695254],[76.51921526229889,16.80820027692968],[76.52562981373919,16.81267643992732]]]}},{"type":"Feature","properties":{"type":"village","name":"Lakhanapur","taluk":"Jevargi","district":"Kalaburagi","village_code":"620865"},"geometry":{"type":"Polygon","coordinates":[[[76.73742847120685,16.8421212418394],[76.73543134295542,16.844674991770372],[76.73355664519572,16.85638672236406],[76.72507772121507,16.85513038531999],[76.72070759881751,16.851147499367478],[76.7158652841774,16.850291206682343],[76.71524840208862,16.845484273672966],[76.71687545498573,16.84351370874831],[76.71621200962255,16.839452273228876],[76.71945636779759,16.83508641909101],[76.72639975475072,16.83536783995964],[76.72666176636963,16.834034890094035],[76.72903034888937,16.833021693996685],[76.73255386123394,16.833602755069652],[76.73350106912402,16.83282064789992],[76.73742847120685,16.8421212418394]]]}},{"type":"Feature","properties":{"type":"village","name":"Hanchinal S.Nelogi","taluk":"Jevargi","district":"Kalaburagi","village_code":"620725"},"geometry":{"type":"Polygon","coordinates":[[[76.47905284538392,16.832646560596643],[76.48386607257517,16.840794685629966],[76.48293925374708,16.844527065356207],[76.48353480713605,16.85231134139959],[76.47589350915726,16.846527525748325],[76.4707842798934,16.846502793786737],[76.47101067061632,16.839513279166717],[76.47550680239375,16.8337777898771],[76.47905284538392,16.832646560596643]]]}},{"type":"Feature","properties":{"type":"village","name":"Madari","taluk":"Sindgi","district":"Kalaburagi","village_code":"599313"},"geometry":{"type":"Polygon","coordinates":[[[76.40432410704062,16.85853563574945],[76.40317321873627,16.858679540669375],[76.4039461040539,16.85858288363231],[76.40432410704062,16.85853563574945]]]}},{"type":"Feature","properties":{"type":"village","name":"Kadkol","taluk":"Jevargi","district":"Kalaburagi","village_code":"620778"},"geometry":{"type":"Polygon","coordinates":[[[76.4989883551872,16.886106146078465],[76.48289536296062,16.89149653827381],[76.47914597372946,16.89174240035714],[76.4759370289395,16.87569142024654],[76.47698349887185,16.86701629797459],[76.47588934816083,16.865354189189386],[76.47407783071172,16.86466378824932],[76.47373797288691,16.86073325675785],[76.48479081809158,16.858066668191938],[76.48639890665473,16.863984448064226],[76.48876016161671,16.865889793625882],[76.48914259509439,16.869860936421237],[76.49150246934576,16.869335549123058],[76.49238852711785,16.86807904367594],[76.49569186777616,16.86814042379141],[76.4954867770069,16.87775038597769],[76.4989883551872,16.886106146078465]]]}},{"type":"Feature","properties":{"type":"village","name":"Sathkhed","taluk":"Jevargi","district":"Kalaburagi","village_code":"620825"},"geometry":{"type":"Polygon","coordinates":[[[76.73224248000365,16.872358641067073],[76.72849207837115,16.870033731801062],[76.72463045991658,16.87021631334589],[76.71735497209114,16.87473765124569],[76.71584811467736,16.87345066618706],[76.71100126893494,16.87417105701738],[76.70488624365814,16.872000274019037],[76.68227782906636,16.868727435902777],[76.67994466801657,16.864752171188858],[76.67883690513408,16.846445346085705],[76.71524840208862,16.845484273672966],[76.7158652841774,16.850291206682343],[76.72070759881751,16.851147499367478],[76.72507772121507,16.85513038531999],[76.73355664519572,16.85638672236406],[76.73224248000365,16.872358641067073]]]}},{"type":"Feature","properties":{"type":"village","name":"Maradgi S.Andola","taluk":"Jevargi","district":"Kalaburagi","village_code":"620862"},"geometry":{"type":"Polygon","coordinates":[[[76.85687731529735,16.891210963328202],[76.84929802263274,16.894693449260295],[76.83552395495533,16.897343150902213],[76.81320458678093,16.89695781698765],[76.81084439003436,16.895981166224214],[76.81037551077856,16.89478825527009],[76.81255897836603,16.89090345967272],[76.81202941970942,16.888743673864983],[76.79804387513938,16.868936184235572],[76.81458421310609,16.868024786732075],[76.81643116639823,16.8737090346058],[76.82539856458597,16.872356111128436],[76.82887538879027,16.873034675046007],[76.83103007705098,16.86912707718261],[76.8339114116467,16.86769097732058],[76.83817173925527,16.868572861613774],[76.84136281655422,16.86645901234045],[76.84320613256776,16.870557189812775],[76.84953985719204,16.876499376223073],[76.85297466539386,16.876725721114653],[76.8534718038519,16.878921544582678],[76.85463084975733,16.87884035380761],[76.85687731529735,16.891210963328202]]]}},{"type":"Feature","properties":{"type":"village","name":"Rampurhalli","taluk":"Chitapur","district":"Kalaburagi","village_code":"620713"},"geometry":{"type":"Polygon","coordinates":[[[77.01764569801692,16.898628280652144],[77.00872493407054,16.89825258295584],[77.00120413071404,16.896772970644058],[77.00385470068969,16.890471875820282],[77.00622959297597,16.879298261585717],[77.01027183298979,16.874070696844562],[77.01097146698419,16.868662370602895],[77.01031275125096,16.8609754011522],[77.01973266677994,16.867445983131937],[77.0303228167312,16.8676229716003],[77.0302610800133,16.869095820771044],[77.03285144489861,16.868559390688176],[77.0353141510972,16.870033393955993],[77.04143754777412,16.869977327995343],[77.04281237709564,16.880739851198047],[77.04098699325176,16.880739087006543],[77.04116457670871,16.88238372485957],[77.04028201338309,16.883201112923945],[77.03392328864447,16.883821788067763],[77.0338905360692,16.89334125034503],[77.02803378811471,16.893564384394143],[77.02785938110061,16.895064282157453],[77.01764569801692,16.898628280652144]]]}},{"type":"Feature","properties":{"type":"village","name":" ","taluk":"Chitapur","district":"Kalaburagi","village_code":" "},"geometry":{"type":"Polygon","coordinates":[[[76.9371061910886,16.84767619481501],[76.93108688040704,16.853005105160733],[76.94547749869487,16.86799171108487],[76.94913002797885,16.873181692866574],[76.92770667270649,16.879603639412874],[76.92368418125591,16.87548865210077],[76.91628150007108,16.862356244648733],[76.91198775782885,16.859650700001495],[76.90562526106436,16.85857636961852],[76.90250010573422,16.856362928785117],[76.90171632924208,16.854691346715963],[76.90187887040959,16.842555856805333],[76.90328956586715,16.83247139662935],[76.906304543726,16.822928868606695],[76.90972337179724,16.81751573201417],[76.91372910517622,16.81584338817708],[76.91703161309626,16.81636236122897],[76.91956975082924,16.817893482792794],[76.92252718081436,16.826553975117843],[76.92397261592058,16.828740393166736],[76.92673151463465,16.830461131736044],[76.92566970866376,16.84230319174253],[76.9299399015708,16.845383458069268],[76.9371061910886,16.84767619481501]]]}},{"type":"Feature","properties":{"type":"village","name":" ","taluk":"Jevargi","district":"Kalaburagi","village_code":" "},"geometry":{"type":"Polygon","coordinates":[[[76.61327751164431,16.875731920896335],[76.61015795192006,16.876925115622026],[76.60950084776445,16.878885885117185],[76.60763782271358,16.880146241082443],[76.60425917359004,16.88065190124449],[76.59931812781198,16.87952176467871],[76.59492577929768,16.880727422985153],[76.57982586563459,16.878402175746942],[76.57979400508638,16.87431786678091],[76.57801270786175,16.867160874717737],[76.57991591814854,16.85517948589978],[76.57808363344667,16.846228804945518],[76.57867578311901,16.842171741224025],[76.58638892925256,16.841025857132863],[76.59519070774634,16.83801842167716],[76.60465312526632,16.840161262056444],[76.60989294801294,16.847200906024387],[76.60831582078437,16.855157039357067],[76.61016891316316,16.857583396420676],[76.60989643527287,16.861753524185886],[76.61253749029302,16.869877171052728],[76.61327751164431,16.875731920896335]]]}},{"type":"Feature","properties":{"type":"village","name":"Mudbal (B)","taluk":"Jevargi","district":"Kalaburagi","village_code":"620871"},"geometry":{"type":"Polygon","coordinates":[[[76.79804387513938,16.868936184235572],[76.79591618215132,16.87399554294608],[76.79522391883378,16.87987774062843],[76.79199466313526,16.881760432653174],[76.7848525562649,16.881924486163044],[76.78082225306461,16.880756967711807],[76.7736181902874,16.882750400857724],[76.76480169469434,16.881358696597715],[76.76412024529625,16.883120348630154],[76.75865355392295,16.882886826022357],[76.75722451756221,16.879366448779503],[76.74972781690313,16.876551692273978],[76.75098210399165,16.874392854641233],[76.75068904030829,16.870507169958298],[76.75148743688165,16.869414299971627],[76.76623722407794,16.857558498260513],[76.78515841375453,16.860436864107307],[76.79804387513938,16.868936184235572]]]}},{"type":"Feature","properties":{"type":"village","name":"Nandihalli","taluk":"Jevargi","district":"Kalaburagi","village_code":"620824"},"geometry":{"type":"Polygon","coordinates":[[[76.66376139240904,16.863775234330113],[76.65573806699105,16.86465298291655],[76.64706223319844,16.863497363236856],[76.64638895757109,16.842307799318487],[76.65049559511267,16.841575129705628],[76.65559548908409,16.842378671199754],[76.6573593976198,16.841583241787365],[76.66445157343172,16.84294693238504],[76.6669942467586,16.842223574118854],[76.66738687162318,16.835532268195465],[76.66805769395148,16.835324306696847],[76.6721536253715,16.83677375837241],[76.67880620700589,16.837314379023443],[76.67454848540996,16.84548402434015],[76.67542139184624,16.84649586495078],[76.67883690513408,16.846445346085705],[76.67994215093718,16.85593295879928],[76.6666129379716,16.858014212048538],[76.66375599173756,16.86024212811523],[76.66376139240904,16.863775234330113]]]}},{"type":"Feature","properties":{"type":"village","name":"Yangunti","taluk":"Sedam","district":"Kalaburagi","village_code":"620846"},"geometry":{"type":"Polygon","coordinates":[[[77.45427198559364,16.912966075790266],[77.44698254693185,16.915039865057558],[77.44399468741479,16.91485052002037],[77.4428080138228,16.913878078747832],[77.44251888476039,16.903875005074674],[77.43917794062428,16.898377462911565],[77.43170684105249,16.89068156196615],[77.43126679681899,16.888228465742383],[77.43272319586325,16.885223043958735],[77.4466870083899,16.88610886923918],[77.45593117572007,16.885346517658313],[77.45837515473991,16.89410150241763],[77.45738725316745,16.899401527172973],[77.45649581808009,16.899934997960084],[77.45795010967672,16.909517150404707],[77.4547403096906,16.9103768058118],[77.45427198559364,16.912966075790266]]]}},{"type":"Feature","properties":{"type":"village","name":" ","taluk":"Jevargi","district":"Kalaburagi","village_code":" "},"geometry":{"type":"Polygon","coordinates":[[[76.64679549913609,16.86992203914823],[76.63594706108275,16.87013058672093],[76.63023644566876,16.863588614634516],[76.63161995271594,16.842593241827466],[76.64638895757109,16.842307799318487],[76.64722100323837,16.856792576259174],[76.64679549913609,16.86992203914823]]]}},{"type":"Feature","properties":{"type":"village","name":"Shakapur","taluk":"Jevargi","district":"Kalaburagi","village_code":"620765"},"geometry":{"type":"Polygon","coordinates":[[[76.47373797288691,16.86073325675785],[76.47407783071172,16.86466378824932],[76.47588934816083,16.865354189189386],[76.47698349887185,16.86701629797459],[76.4759370289395,16.87569142024654],[76.47914597372946,16.89174240035714],[76.46799498578335,16.889782274124205],[76.4647503167912,16.885527697026767],[76.46470669729594,16.88256840908075],[76.46293650773976,16.880179115171742],[76.46179158424893,16.86991914038399],[76.45859018261241,16.86692046016843],[76.4585028304342,16.86030156527244],[76.46140676574414,16.859387759363372],[76.46751647389276,16.860952937243848],[76.47373797288691,16.86073325675785]]]}},{"type":"Feature","properties":{"type":"village","name":"Karkihalli","taluk":"Jevargi","district":"Kalaburagi","village_code":"620821"},"geometry":{"type":"Polygon","coordinates":[[[76.61281249873748,16.896980860236773],[76.60393815523338,16.897522181956088],[76.59155301593587,16.900466115596448],[76.58884532658293,16.89960719458242],[76.5871750162116,16.89770478075213],[76.58854676700668,16.890453617827227],[76.58871785294915,16.879416104390373],[76.59492577929768,16.880727422985153],[76.59931812781198,16.87952176467871],[76.60639898125807,16.88039912462854],[76.60950084776445,16.878885885117185],[76.61015795192006,16.876925115622026],[76.61327751164431,16.875731920896335],[76.6146905795525,16.881054937669376],[76.61230161875055,16.887777600641854],[76.61384997743214,16.89140117103668],[76.61281249873748,16.896980860236773]]]}},{"type":"Feature","properties":{"type":"village","name":"Jamberhal","taluk":"Jevargi","district":"Kalaburagi","village_code":"620779"},"geometry":{"type":"Polygon","coordinates":[[[76.49964761979103,16.89724853527369],[76.50026659944598,16.905083157599755],[76.49567687040249,16.911233304765233],[76.48396004893029,16.906943088965182],[76.46524389163247,16.907218504155278],[76.46562560555965,16.900626554044127],[76.46853018496164,16.890247393754706],[76.48289536296062,16.89149653827381],[76.4989883551872,16.886106146078465],[76.50210258430849,16.889162803927533],[76.50176259982122,16.892392977976186],[76.49964761979103,16.89724853527369]]]}},{"type":"Feature","properties":{"type":"village","name":"Gogihal","taluk":"Jevargi","district":"Kalaburagi","village_code":"620817"},"geometry":{"type":"Polygon","coordinates":[[[76.68025461463738,16.865682807703433],[76.67290293709947,16.869271876682088],[76.66473877111626,16.87071476524857],[76.66375599173756,16.86024212811523],[76.6666129379716,16.858014212048538],[76.67994215093718,16.85593295879928],[76.68025461463738,16.865682807703433]]]}},{"type":"Feature","properties":{"type":"village","name":"Yalwar","taluk":"Jevargi","district":"Kalaburagi","village_code":"620863"},"geometry":{"type":"Polygon","coordinates":[[[76.76436451069672,16.898703139380356],[76.75593072885573,16.89958382503578],[76.74895615688754,16.90219557420254],[76.72444502069246,16.90160311542876],[76.73066268927025,16.89207158323755],[76.73556071832262,16.881826707200645],[76.73224248000365,16.872358641067073],[76.73754077319376,16.87353056036186],[76.74233115532901,16.872746321311123],[76.75158994992692,16.877700424763074],[76.75722451756221,16.879366448779503],[76.75865355392295,16.882886826022357],[76.76412024529625,16.883120348630154],[76.76558240793139,16.886428348669227],[76.76621292824278,16.891610863885873],[76.76583470786375,16.896449456874272],[76.76436451069672,16.898703139380356]]]}},{"type":"Feature","properties":{"type":"village","name":"Hotinmadu","taluk":"Jevargi","district":"Kalaburagi","village_code":"620859"},"geometry":{"type":"Polygon","coordinates":[[[76.95308239065012,16.88820272408103],[76.94567971665181,16.9073797980626],[76.93243017077727,16.904871747840225],[76.92338246769467,16.90722333533367],[76.91075625111763,16.898456280722122],[76.91050244740548,16.89636447620564],[76.91250581625322,16.893820499055348],[76.92435872530442,16.88926849142407],[76.92378060282522,16.88564516374251],[76.9315974810179,16.882137267774773],[76.9362716472065,16.883387481153587],[76.94985673809424,16.88365875138801],[76.95287469566487,16.88521186674101],[76.95308239065012,16.88820272408103]]]}},{"type":"Feature","properties":{"type":"village","name":"Telegbal","taluk":"Jevargi","district":"Kalaburagi","village_code":"620787"},"geometry":{"type":"Polygon","coordinates":[[[76.51280018085258,16.900057514840828],[76.51181399416402,16.901159355241642],[76.49998874513872,16.899449021829103],[76.49964761979103,16.89724853527369],[76.50176259982122,16.892392977976186],[76.50210258430849,16.889162803927533],[76.50652214099613,16.890719667237533],[76.50810268182278,16.89219798869904],[76.51280018085258,16.900057514840828]]]}},{"type":"Feature","properties":{"type":"village","name":"Saidapur","taluk":"Jevargi","district":"Kalaburagi","village_code":"620789"},"geometry":{"type":"Polygon","coordinates":[[[76.56915750206645,16.90235849602075],[76.5539516033695,16.903568923056664],[76.55274533302955,16.891749337848786],[76.55325868607845,16.88243219342849],[76.55561208078169,16.882474844211593],[76.5572081597678,16.880794696759434],[76.5632895952395,16.878691310835325],[76.56780365918661,16.878936655776684],[76.56915750206645,16.90235849602075]]]}},{"type":"Feature","properties":{"type":"village","name":"Yedrami","taluk":"Jevargi","district":"Kalaburagi","village_code":"620788"},"geometry":{"type":"Polygon","coordinates":[[[76.5539516033695,16.903568923056664],[76.52658131737294,16.904171669040768],[76.51280018085258,16.900057514840828],[76.50810268182278,16.89219798869904],[76.50652214099613,16.890719667237533],[76.50116901643769,16.888733016896527],[76.49835887512486,16.885528751739017],[76.49523226272733,16.87596591139505],[76.49549982234144,16.861223429001416],[76.49634407701178,16.860734995069276],[76.49288339463483,16.856399653394075],[76.49238180322796,16.84946926574389],[76.4895561444169,16.847401561993436],[76.52055379608967,16.847684211202047],[76.56074041002515,16.85467261327451],[76.5796433737829,16.856896277868714],[76.57801270786175,16.867160874717737],[76.57979400508638,16.87431786678091],[76.57982586563459,16.878402175746942],[76.57582332756306,16.877953915038358],[76.57278694734256,16.879304014126284],[76.5708867598867,16.87839537100563],[76.56343506931492,16.87866424922028],[76.55275798759695,16.8832328629885],[76.5539516033695,16.903568923056664]]]}},{"type":"Feature","properties":{"type":"village","name":" ","taluk":"Jevargi","district":"Kalaburagi","village_code":" "},"geometry":{"type":"Polygon","coordinates":[[[76.58242531877559,16.899723340902707],[76.57850144527522,16.90193174734396],[76.56915750206645,16.90235849602075],[76.56738135308669,16.878886833274134],[76.5708867598867,16.87839537100563],[76.57304034501625,16.879290529352538],[76.5768040515964,16.877936089942995],[76.58871785294915,16.879416104390373],[76.58854676700668,16.890453617827227],[76.5871750162116,16.89770478075213],[76.58456053156094,16.90013946231976],[76.58242531877559,16.899723340902707]]]}},{"type":"Feature","properties":{"type":"village","name":"Hanchinal S.Yedrami","taluk":"Jevargi","district":"Kalaburagi","village_code":"620798"},"geometry":{"type":"Polygon","coordinates":[[[76.92338246769467,16.90722333533367],[76.9212195104418,16.909668054716025],[76.91139720176784,16.912832518058917],[76.9132457271117,16.909642485297635],[76.91307646115598,16.908074761335286],[76.90998813495587,16.906882513916827],[76.90009486476436,16.906020890664358],[76.89464575881107,16.902176577305834],[76.88979733742364,16.89524175272707],[76.89563518482457,16.894563621902922],[76.90151035363226,16.89257057569405],[76.90115782417206,16.888328188322546],[76.91132686996929,16.888254485042562],[76.92378060282522,16.88564516374251],[76.92435872530442,16.88926849142407],[76.91518981343889,16.89238329337051],[76.9110981912373,16.895008973151402],[76.91050244740548,16.89636447620564],[76.91126791263888,16.89915649076049],[76.92338246769467,16.90722333533367]]]}},{"type":"Feature","properties":{"type":"village","name":"Varchanhalli","taluk":"Jevargi","district":"Kalaburagi","village_code":"620873"},"geometry":{"type":"Polygon","coordinates":[[[76.81458421310609,16.868024786732075],[76.79804387513938,16.868936184235572],[76.787349163984,16.86132789502983],[76.79405552056792,16.85793769513948],[76.79841307822959,16.849675331429147],[76.80203050943709,16.849193866047543],[76.8048357594232,16.850274694390233],[76.80647233356402,16.852602061352215],[76.808353502787,16.853298484920174],[76.81075473188083,16.85619082931647],[76.81126999564631,16.858684955112665],[76.81319373872557,16.858563582308747],[76.81458421310609,16.868024786732075]]]}},{"type":"Feature","properties":{"type":"village","name":"Akhandhalli","taluk":"Jevargi","district":"Kalaburagi","village_code":"620796"},"geometry":{"type":"Polygon","coordinates":[[[76.49569186777616,16.86814042379141],[76.49238852711785,16.86807904367594],[76.49150246934576,16.869335549123058],[76.48914259509439,16.869860936421237],[76.48876016161671,16.865889793625882],[76.48639890665473,16.863984448064226],[76.48593708725875,16.86054195127374],[76.48387519856016,16.856851791834174],[76.48293989334758,16.845661092689188],[76.48386607257517,16.840794685629966],[76.47905284538392,16.832646560596643],[76.47950569869506,16.819986762698594],[76.49508918984867,16.819937802610685],[76.50272043927271,16.826267633097316],[76.50801075811806,16.82838974916056],[76.5104439726259,16.830912222963157],[76.51165669915775,16.834780358890704],[76.51484080283515,16.83707730213607],[76.51935096989055,16.842424578418754],[76.52055379608967,16.847684211202047],[76.4895561444169,16.847401561993436],[76.49238180322796,16.84946926574389],[76.49288339463483,16.856399653394075],[76.49634407701178,16.860734995069276],[76.49549982234144,16.861223429001416],[76.49569186777616,16.86814042379141]]]}},{"type":"Feature","properties":{"type":"village","name":"Kodchi","taluk":"Jevargi","district":"Kalaburagi","village_code":"620864"},"geometry":{"type":"Polygon","coordinates":[[[76.77296665029668,16.85900242794505],[76.76623722407794,16.857558498260513],[76.76459912639443,16.858610303183177],[76.75148743688165,16.869414299971627],[76.75068904030829,16.870507169958298],[76.75098210399165,16.874392854641233],[76.74972781690313,16.876551692273978],[76.74233115532901,16.872746321311123],[76.73754077319376,16.87353056036186],[76.73224248000365,16.872358641067073],[76.73477173070351,16.848000614047926],[76.73598423624983,16.843436757804373],[76.73793022970037,16.841718866973018],[76.74379976876621,16.84239785982369],[76.76003959871079,16.841421119596582],[76.75998165198506,16.844136429807108],[76.77696258305589,16.8402192903052],[76.77296665029668,16.85900242794505]]]}},{"type":"Feature","properties":{"type":"village","name":"Yalgod","taluk":"Jevargi","district":"Kalaburagi","village_code":"620822"},"geometry":{"type":"Polygon","coordinates":[[[76.63594706108275,16.87013058672093],[76.63384038058744,16.87327521334061],[76.62968766665831,16.872724092625297],[76.61327751164431,16.875731920896335],[76.61253749029302,16.869877171052728],[76.60989643527287,16.861753524185886],[76.61016891316316,16.857583396420676],[76.60831582078437,16.855157039357067],[76.60989294801294,16.847200906024387],[76.60399638313177,16.83955576939445],[76.59932375216398,16.838909093044986],[76.60001659938642,16.8151216255779],[76.59597015076552,16.80364064138281],[76.59471959438041,16.79629906599681],[76.60159576309576,16.79692349362218],[76.6061176648437,16.79416798992328],[76.60820010340274,16.79549196741271],[76.61102844817646,16.7955283409046],[76.61493101992653,16.793328313033502],[76.61693380217436,16.793884130848085],[76.61788199192307,16.795382974174544],[76.61710605772336,16.802567525703015],[76.62037053905912,16.80833723913653],[76.62010293093596,16.816483295884453],[76.62099408395233,16.821444155759224],[76.63009032121306,16.834718301590932],[76.63074718012858,16.837234848721284],[76.63161995271594,16.842593241827466],[76.63144198028849,16.85268656220583],[76.62987043069951,16.86207959395283],[76.63023644566876,16.863588614634516],[76.63594706108275,16.87013058672093]]]}},{"type":"Feature","properties":{"type":"village","name":"Rampur","taluk":"Jevargi","district":"Kalaburagi","village_code":"620861"},"geometry":{"type":"Polygon","coordinates":[[[76.92378060282522,16.88564516374251],[76.91132686996929,16.888254485042562],[76.90115782417206,16.888328188322546],[76.90156939809926,16.87820775225967],[76.90681069408294,16.877235698871527],[76.90631308580602,16.875921020665434],[76.913515800212,16.875440980347793],[76.91574860237655,16.87181259562229],[76.92067038108839,16.870017964836375],[76.92368418125591,16.87548865210077],[76.9315974810179,16.882137267774773],[76.92378060282522,16.88564516374251]]]}},{"type":"Feature","properties":{"type":"village","name":"Kakhandki","taluk":"Jevargi","district":"Kalaburagi","village_code":"620818"},"geometry":{"type":"Polygon","coordinates":[[[76.66376139240904,16.863775234330113],[76.66619432304924,16.87518283436426],[76.66582046668587,16.882434345008036],[76.66309899537978,16.883469460801237],[76.66091751935731,16.886533050037784],[76.65746861030046,16.887645012723496],[76.65375638077934,16.885449754891486],[76.65067347770858,16.88657511194064],[76.64881029814747,16.8849443027069],[76.64609269858026,16.879550033927686],[76.64171903143063,16.876211552150895],[76.64059708414979,16.87028396309503],[76.64679549913609,16.86992203914823],[76.64706223319844,16.863497363236856],[76.65573806699105,16.86465298291655],[76.66376139240904,16.863775234330113]]]}},{"type":"Feature","properties":{"type":"village","name":"Kollur","taluk":"Chitapur","district":"Kalaburagi","village_code":"620707"},"geometry":{"type":"Polygon","coordinates":[[[77.01031275125096,16.8609754011522],[77.01097146698419,16.868662370602895],[77.01027183298979,16.874070696844562],[77.00622959297597,16.879298261585717],[77.00385470068969,16.890471875820282],[77.00120413071404,16.896772970644058],[76.9889014316068,16.895659224914237],[76.95769060881881,16.888200978286154],[76.95308239065012,16.88820272408103],[76.95287469566487,16.88521186674101],[76.95155094904196,16.884137057646246],[76.9479185851395,16.883343161240933],[76.9362716472065,16.883387481153587],[76.9315974810179,16.882137267774773],[76.92770667270649,16.879603639412874],[76.94913002797885,16.873181692866574],[76.94547749869487,16.86799171108487],[76.93108688040704,16.853005105160733],[76.9371061910886,16.84767619481501],[76.93941795875992,16.848258824666],[76.943813802619,16.847475836613928],[76.94863593660627,16.845088700720368],[76.95341507991897,16.841120151845058],[76.96287443957377,16.84383631239287],[76.96941929523928,16.84400518002972],[76.98327594593904,16.839891625768164],[76.98344153688693,16.84234483875703],[76.98153942523972,16.84712589706017],[76.98079344895643,16.847126271915915],[76.98092152895299,16.849665346300455],[76.97947171905135,16.84954860004048],[76.97935672840676,16.853773023321228],[76.97842351626883,16.854631911234144],[76.97991456782516,16.86143985410946],[77.00081883879709,16.85979064084045],[77.00699938719072,16.85786517070238],[77.01031275125096,16.8609754011522]]]}},{"type":"Feature","properties":{"type":"village","name":"Somnathahalli","taluk":"Jevargi","district":"Kalaburagi","village_code":"620318"},"geometry":{"type":"Polygon","coordinates":[[[76.73224248000365,16.872358641067073],[76.73556071832262,16.881826707200645],[76.72885758669058,16.89504985731033],[76.71650365127279,16.890167082888123],[76.7092812799318,16.889600811744486],[76.70594030525297,16.87907511238976],[76.70523351977059,16.87211309416012],[76.71100126893494,16.87417105701738],[76.71584811467736,16.87345066618706],[76.71735497209114,16.87473765124569],[76.72463045991658,16.87021631334589],[76.72849207837115,16.870033731801062],[76.73224248000365,16.872358641067073]]]}},{"type":"Feature","properties":{"type":"village","name":" ","taluk":"Jevargi","district":"Kalaburagi","village_code":" "},"geometry":{"type":"Polygon","coordinates":[[[76.46853018496164,16.890247393754706],[76.46533094377341,16.902736594737412],[76.46280513272275,16.900641306800395],[76.46023821476469,16.900967644624973],[76.45932267608163,16.90008699809372],[76.44326246427809,16.897756944805217],[76.43366539738184,16.897633283253658],[76.43464831420278,16.889396641968446],[76.43321477638418,16.88182029971938],[76.436701164053,16.881349468735834],[76.43810925709117,16.868011821250978],[76.45859018261241,16.86692046016843],[76.45985275935436,16.86781452179982],[76.4622144598807,16.871179497727812],[76.46268257377189,16.87900001463846],[76.46470669729594,16.88256840908075],[76.4647503167912,16.885527697026767],[76.46853018496164,16.890247393754706]]]}},{"type":"Feature","properties":{"type":"village","name":" ","taluk":"Chitapur","district":"Kalaburagi","village_code":" "},"geometry":{"type":"Polygon","coordinates":[[[76.97896271384842,16.914328301315248],[76.96749692568409,16.914383350255207],[76.94349161106257,16.912617288084945],[76.95089380266555,16.8955091620552],[76.95308239065012,16.88820272408103],[76.95769060881881,16.888200978286154],[76.98599144973667,16.89496952699942],[76.98575255177,16.911889620833236],[76.97917218390471,16.911161070674993],[76.97896271384842,16.914328301315248]]]}},{"type":"Feature","properties":{"type":"village","name":"Badnihal","taluk":"Jevargi","district":"Kalaburagi","village_code":"620745"},"geometry":{"type":"Polygon","coordinates":[[[76.4353434341629,16.943028037893857],[76.43080759864657,16.946686102100184],[76.42686957129057,16.94798827195153],[76.40233278280424,16.94533610588548],[76.40218192871856,16.94079099821119],[76.39910666042942,16.935338102101355],[76.4092822037411,16.930999526416326],[76.42091248601042,16.927428140045773],[76.42790599805804,16.92740850286546],[76.43148979723962,16.936018917756364],[76.4338092688628,16.938308890581663],[76.43415815475622,16.94326051924114],[76.4353434341629,16.943028037893857]]]}},{"type":"Feature","properties":{"type":"village","name":"Mutkod","taluk":"Jevargi","district":"Kalaburagi","village_code":"620812"},"geometry":{"type":"Polygon","coordinates":[[[76.67920762098721,16.946492367755894],[76.6752101350409,16.95379442494483],[76.67494347823363,16.957318525794662],[76.66638600736117,16.959263061745634],[76.66383647360047,16.95704519200111],[76.66195724833177,16.94939654197436],[76.64996818612451,16.94886507339942],[76.64963894458973,16.943755247081878],[76.65119238773583,16.941586432293843],[76.650910132582,16.936987134404486],[76.65239261960043,16.93143884724748],[76.65375825376668,16.92976249461988],[76.66332453090659,16.932196262662455],[76.67361733400723,16.929637021003586],[76.67501497155382,16.94346180176169],[76.67920762098721,16.946492367755894]]]}},{"type":"Feature","properties":{"type":"village","name":"Wastari","taluk":"Jevargi","district":"Kalaburagi","village_code":"620784"},"geometry":{"type":"Polygon","coordinates":[[[76.59678607975832,16.959562550411487],[76.58910626471508,16.95794379691965],[76.57625250936816,16.95965779462756],[76.58013824489315,16.945445112332173],[76.5787115405589,16.94422039588196],[76.57654883483428,16.93935397293875],[76.57431027985866,16.937659147802176],[76.5824988279153,16.92727422488855],[76.5902603438353,16.936840422420445],[76.59369638362737,16.936181395252557],[76.59916052468358,16.93282083529761],[76.60344120631991,16.93330029899258],[76.60441649734237,16.942390642755036],[76.59678607975832,16.959562550411487]]]}},{"type":"Feature","properties":{"type":"village","name":"Bilwad (B)","taluk":"Jevargi","district":"Kalaburagi","village_code":"620134"},"geometry":{"type":"Polygon","coordinates":[[[76.87460166424955,16.930487143422567],[76.87211868487162,16.930148239269773],[76.86613040110163,16.91199912193394],[76.86279011004075,16.892453937601946],[76.87025164524974,16.892621514583507],[76.87054251075558,16.89588805840346],[76.88979733742364,16.89524175272707],[76.89464575881107,16.902176577305834],[76.90009486476436,16.906020890664358],[76.90998813495587,16.906882513916827],[76.91307646115598,16.908074761335286],[76.9132457271117,16.909642485297635],[76.91074519465313,16.914784408340108],[76.90627776584569,16.918706717815837],[76.87460166424955,16.930487143422567]]]}},{"type":"Feature","properties":{"type":"village","name":"Chigarhalli","taluk":"Jevargi","district":"Kalaburagi","village_code":"620854"},"geometry":{"type":"Polygon","coordinates":[[[76.77816613868706,16.9267355530747],[76.76747896260022,16.92630537473939],[76.76495413700145,16.925712139243775],[76.76428396685004,16.92398137187382],[76.76278601892723,16.90938736419463],[76.76346697784523,16.900699604414733],[76.76583470786375,16.896449456874272],[76.76621292824278,16.891610863885873],[76.76558240793139,16.886428348669227],[76.76412024529625,16.883120348630154],[76.76480169469434,16.881358696597715],[76.7736181902874,16.882750400857724],[76.78082225306461,16.880756967711807],[76.7848525562649,16.881924486163044],[76.79199466313526,16.881760432653174],[76.79522391883378,16.87987774062843],[76.79591618215132,16.87399554294608],[76.79804387513938,16.868936184235572],[76.81202941970942,16.888743673864983],[76.81255897836603,16.89090345967272],[76.81079374840856,16.893112204895413],[76.81084439003436,16.895981166224214],[76.80535772102748,16.89784976118228],[76.79902081367213,16.91307766217644],[76.79198144891743,16.922377419858435],[76.78715526442654,16.925018372870696],[76.77816613868706,16.9267355530747]]]}},{"type":"Feature","properties":{"type":"village","name":"Ganwar","taluk":"Jevargi","district":"Kalaburagi","village_code":"620856"},"geometry":{"type":"Polygon","coordinates":[[[76.84221038780456,16.929467525268866],[76.80714786396271,16.930908702940478],[76.78410310709474,16.927745873636102],[76.77762485521933,16.928848861834865],[76.77816613868706,16.9267355530747],[76.78715526442654,16.925018372870696],[76.79198144891743,16.922377419858435],[76.7947283398511,16.91962708360595],[76.79902081367213,16.91307766217644],[76.80373292469835,16.900605174406852],[76.8069302219323,16.89682471979958],[76.81084439003436,16.895981166224214],[76.82034698021387,16.897664755840058],[76.83552395495533,16.897343150902213],[76.84929802263274,16.894693449260295],[76.85687731529735,16.891210963328202],[76.86279011004075,16.892453937601946],[76.86613040110163,16.91199912193394],[76.87006307000698,16.922079002118316],[76.86189605905928,16.925905289107185],[76.85520749720283,16.927323317011204],[76.84221038780456,16.929467525268866]]]}},{"type":"Feature","properties":{"type":"village","name":"Turnur","taluk":"Chitapur","district":"Kalaburagi","village_code":"620705"},"geometry":{"type":"Polygon","coordinates":[[[76.97925749780555,16.929852029572636],[76.95295570304224,16.934263937188554],[76.93552721512721,16.933293718809082],[76.94349161106257,16.912617288084945],[76.96749692568409,16.914383350255207],[76.97896271384842,16.914328301315248],[76.97925749780555,16.929852029572636]]]}},{"type":"Feature","properties":{"type":"village","name":"Itkal","taluk":"Sedam","district":"Kalaburagi","village_code":"620585"},"geometry":{"type":"Polygon","coordinates":[[[77.40847719023776,16.920272924088483],[77.39457042162998,16.92057062191279],[77.38428871002813,16.92287638022146],[77.37442965756411,16.927841029120753],[77.36260893604782,16.936183504969502],[77.3565882060281,16.941533489793763],[77.35414890543423,16.945022689979304],[77.34175785971378,16.93419322441307],[77.34321692405949,16.9263686317459],[77.34546085635039,16.923997040652495],[77.3483960557272,16.91202022267168],[77.35086960009966,16.91057931386172],[77.35165838829278,16.908008662748568],[77.35512657789057,16.908632561834274],[77.36069296609071,16.9052897642578],[77.3617582620165,16.905841048581966],[77.36582257004353,16.90459886904193],[77.36611363677201,16.902692280229424],[77.36861036486536,16.901915305748485],[77.36895770475817,16.90031142289585],[77.37031534302011,16.900413611923426],[77.37142686535208,16.89766919015998],[77.3729420663182,16.89915042166064],[77.37669642502955,16.897935126251046],[77.37658377719123,16.894614376311672],[77.37836235791046,16.894117394584153],[77.37870965558247,16.89586135166514],[77.38214953297745,16.89580708981177],[77.38407353656812,16.894144404989472],[77.38470258633741,16.898490726275618],[77.38786557331741,16.89763216758235],[77.38929202612337,16.894948384814374],[77.38926376063297,16.89345291968903],[77.38800131414672,16.892237639145232],[77.38946538570187,16.89118485762006],[77.39156333457258,16.894559692922503],[77.39173717115645,16.896913573322614],[77.39397573511526,16.897437498309294],[77.39363337997395,16.899818524292616],[77.39541212688151,16.90087107713428],[77.39578313558545,16.903328848825463],[77.39767900663635,16.902248864690556],[77.40191202366368,16.90306585383569],[77.40847719023776,16.920272924088483]]]}},{"type":"Feature","properties":{"type":"village","name":"Bennur","taluk":"Jevargi","district":"Kalaburagi","village_code":"620809"},"geometry":{"type":"Polygon","coordinates":[[[76.60344120631991,16.93330029899258],[76.59916052468358,16.93282083529761],[76.59369638362737,16.936181395252557],[76.5902603438353,16.936840422420445],[76.5824988279153,16.92727422488855],[76.59121138034514,16.9210591837329],[76.60200690134002,16.917292805350815],[76.60304365060267,16.921426917249036],[76.60097329977413,16.925366364149276],[76.60344120631991,16.93330029899258]]]}},{"type":"Feature","properties":{"type":"village","name":"Gangarawalpalli","taluk":"Sedam","district":"Kalaburagi","village_code":"620580"},"geometry":{"type":"Polygon","coordinates":[[[77.46556523793463,16.957817217337475],[77.45570264700673,16.963106752218387],[77.45165823217161,16.960422432616024],[77.4429112913344,16.957168589407072],[77.43833922227107,16.952686569115183],[77.44022825624438,16.950698064053572],[77.4482687206197,16.946212012270248],[77.45499136365969,16.94384097116564],[77.4621981941463,16.943584337591645],[77.46487487185902,16.944194539846965],[77.46724343012426,16.94985908519252],[77.46630508501275,16.95089411586024],[77.46556523793463,16.957817217337475]]]}},{"type":"Feature","properties":{"type":"village","name":"Ijeri","taluk":"Jevargi","district":"Kalaburagi","village_code":"620814"},"geometry":{"type":"Polygon","coordinates":[[[76.71343665736573,16.945270055611388],[76.69303743182294,16.94902301560246],[76.67920762098721,16.946492367755894],[76.67501497155382,16.94346180176169],[76.67361733400723,16.929637021003586],[76.6750393446441,16.928931887356004],[76.67520311021536,16.92696651537156],[76.67099303436378,16.90786528103536],[76.66846714785463,16.903623376924653],[76.66496410362383,16.89389222062195],[76.65746861030046,16.887645012723496],[76.66091751935731,16.886533050037784],[76.66309899537978,16.883469460801237],[76.66582046668587,16.882434345008036],[76.66619432304924,16.87518283436426],[76.66473877111626,16.87071476524857],[76.67290293709947,16.869271876682088],[76.68025461463738,16.865682807703433],[76.68173807363297,16.868212523050307],[76.68357302004301,16.86919244578267],[76.70516312059839,16.87207697693636],[76.70594030525297,16.87907511238976],[76.7092812799318,16.889600811744486],[76.71650365127279,16.890167082888123],[76.72885758669058,16.89504985731033],[76.72444502069246,16.90160311542876],[76.73571799985413,16.9022028963703],[76.7348854753848,16.923415394809805],[76.72493417582255,16.9215950898374],[76.72337147374083,16.922056663224048],[76.71847598602241,16.931347915702098],[76.71343665736573,16.945270055611388]]]}},{"type":"Feature","properties":{"type":"village","name":"Belgera","taluk":"Chitapur","district":"Kalaburagi","village_code":"621254"},"geometry":{"type":"Polygon","coordinates":[[[77.1651110806109,16.938729250120424],[77.15625249984511,16.9421443242937],[77.14979707056781,16.941608724185],[77.1375673218482,16.958941733875957],[77.12381870344281,16.95315902373887],[77.12127105165263,16.944934027576256],[77.12240897457248,16.939547712917697],[77.12352357004104,16.938117339800716],[77.12552050964626,16.93713397087998],[77.12988590421047,16.937715070752827],[77.13188280159488,16.936597540120186],[77.13257928609595,16.93342382369868],[77.13480823089468,16.930518258175397],[77.13494730357537,16.925601248724593],[77.13717582796252,16.9179127469222],[77.13684750001438,16.915514404693536],[77.13838219172725,16.914958615055756],[77.13959782790234,16.915740163899684],[77.15669565674109,16.91506527216666],[77.16087759825628,16.91595468727831],[77.16102539807,16.928275285196356],[77.16156565206838,16.930809800392268],[77.16532188107212,16.93669610791644],[77.1651110806109,16.938729250120424]]]}},{"type":"Feature","properties":{"type":"village","name":"Buragpalli","taluk":"Sedam","district":"Kalaburagi","village_code":"620586"},"geometry":{"type":"Polygon","coordinates":[[[77.4353185419068,16.920002767058822],[77.4307050667971,16.92051157500896],[77.4221688931834,16.916654039909478],[77.4162265528503,16.91824137102563],[77.41008709160116,16.923698703685478],[77.40437843720946,16.910999952757084],[77.40197296357591,16.90256886515509],[77.40089373388179,16.902248526043604],[77.40267673970212,16.899813100714468],[77.40517808244108,16.899731455645266],[77.4041131269768,16.902053860676308],[77.40649715872281,16.901890891321706],[77.40563784918663,16.898818754211025],[77.40181280204561,16.896695768916043],[77.40146837988084,16.883214013752188],[77.40330331012119,16.884158060929042],[77.40949646816648,16.878243090355568],[77.41116162130973,16.87470068692315],[77.4132314367424,16.877162666925543],[77.41478442623925,16.876195532970954],[77.41848790077962,16.8814131560167],[77.4250771700511,16.885143630083096],[77.43272319586325,16.885223043958735],[77.43126679681899,16.888228465742383],[77.43170684105249,16.89068156196615],[77.43917794062428,16.898377462911565],[77.44251888476039,16.903875005074674],[77.44291510108951,16.906116603760488],[77.4428080138228,16.913878078747832],[77.4353185419068,16.920002767058822]]]}},{"type":"Feature","properties":{"type":"village","name":"Malag (K)","taluk":"Chitapur","district":"Kalaburagi","village_code":"620613"},"geometry":{"type":"Polygon","coordinates":[[[76.97925749780555,16.929852029572636],[76.9693701277488,16.9439619041174],[76.971020436232,16.949296912730016],[76.96673309628282,16.955854438830297],[76.96336659867015,16.95447788994241],[76.94994513141987,16.953507190673655],[76.93135403937251,16.94825247596376],[76.93259577699651,16.940568515613545],[76.93552721512721,16.933293718809082],[76.95295570304224,16.934263937188554],[76.97925749780555,16.929852029572636]]]}},{"type":"Feature","properties":{"type":"village","name":"Tolmamadi","taluk":"Sedam","district":"Kalaburagi","village_code":"620579"},"geometry":{"type":"Polygon","coordinates":[[[77.4429112913344,16.957168589407072],[77.43684900614795,16.96495298722578],[77.43733964978642,16.970160594086963],[77.4328555401625,16.96648206489971],[77.421646788747,16.96039409731142],[77.40657158594074,16.955405801281785],[77.40866371732167,16.95045151501389],[77.40848636383346,16.941442375792693],[77.43130591665299,16.946555543216085],[77.4429112913344,16.957168589407072]]]}},{"type":"Feature","properties":{"type":"village","name":"Shaklatpalli","taluk":"Sedam","district":"Kalaburagi","village_code":"620584"},"geometry":{"type":"Polygon","coordinates":[[[77.40961747303187,16.933039494268893],[77.39256422758065,16.934911978126852],[77.38874134358285,16.936815568235115],[77.38368783322278,16.935716066733185],[77.37533867807147,16.936985040164835],[77.36773632565347,16.941299063362514],[77.35808157074634,16.949543549213335],[77.35384123873763,16.945461481382274],[77.3565882060281,16.941533489793763],[77.36260893604782,16.936183504969502],[77.37442965756411,16.927841029120753],[77.38428871002813,16.92287638022146],[77.39206590244815,16.920866890042596],[77.40847719023776,16.920272924088483],[77.41008709160116,16.923698703685478],[77.40961747303187,16.933039494268893]]]}},{"type":"Feature","properties":{"type":"village","name":"Jainapur","taluk":"Jevargi","district":"Kalaburagi","village_code":"620853"},"geometry":{"type":"Polygon","coordinates":[[[76.80598838776426,16.94399695919971],[76.7935211074155,16.943617204053183],[76.78279650481905,16.94091525358895],[76.76745501620971,16.93399880260002],[76.77762485521933,16.928848861834865],[76.78410310709474,16.927745873636102],[76.80714786396271,16.930908702940478],[76.82049222072732,16.930763782321524],[76.82096994210048,16.93436928572574],[76.81848992356974,16.939925729246315],[76.81320823214435,16.942887938827077],[76.80598838776426,16.94399695919971]]]}},{"type":"Feature","properties":{"type":"village","name":"Yagapur","taluk":"Chitapur","district":"Kalaburagi","village_code":"620703"},"geometry":{"type":"Polygon","coordinates":[[[77.13684750001438,16.915514404693536],[77.13717582796252,16.9179127469222],[77.13494730357537,16.925601248724593],[77.13480823089468,16.930518258175397],[77.13257928609595,16.93342382369868],[77.13188280159488,16.936597540120186],[77.12988590421047,16.937715070752827],[77.12468458505359,16.93735746040077],[77.12240897457248,16.939547712917697],[77.12127105165263,16.944934027576256],[77.12381870344281,16.95315902373887],[77.10910282405523,16.94941445225517],[77.10854558471142,16.948531576408662],[77.1023222648322,16.948173298323095],[77.07893897784939,16.941939151899994],[77.08321172197182,16.93663147082233],[77.08618290785888,16.936844443329225],[77.08521167991641,16.93493312614014],[77.08864398810682,16.929254673321534],[77.08718484470936,16.92629960988221],[77.08790380685542,16.922093480759244],[77.09311627500331,16.906597631811064],[77.10463341895417,16.90502698258025],[77.11063584579995,16.905687202595605],[77.11839810372841,16.9099481981933],[77.1191911705972,16.912555129151045],[77.12561159073124,16.917958844623783],[77.13684750001438,16.915514404693536]]]}},{"type":"Feature","properties":{"type":"village","name":"Gobberwadgi","taluk":"Jevargi","district":"Kalaburagi","village_code":"620810"},"geometry":{"type":"Polygon","coordinates":[[[76.64996818612451,16.94886507339942],[76.64870086268463,16.949750735226935],[76.64404889925656,16.949751158858476],[76.63948600738219,16.948134026572163],[76.63153406838487,16.947705117370088],[76.62590576380376,16.94441603681475],[76.62242275559703,16.94458314135368],[76.6149449716612,16.94650747696927],[76.61562997209964,16.95298181741186],[76.61243296232657,16.955809869593924],[76.60986940316934,16.96104601960891],[76.60530648524384,16.95985281802061],[76.59678607975832,16.959562550411487],[76.60441649734237,16.942390642755036],[76.60338498615616,16.932401207634975],[76.60097329977413,16.925366364149276],[76.60162133184367,16.922886058104016],[76.61198512341136,16.916747139192946],[76.61795514982148,16.91599300402297],[76.62642201122448,16.919033860589636],[76.64484405111513,16.92150450676005],[76.65375825376668,16.92976249461988],[76.65239261960043,16.93143884724748],[76.650910132582,16.936987134404486],[76.65119238773583,16.941586432293843],[76.64963894458973,16.943755247081878],[76.64996818612451,16.94886507339942]]]}},{"type":"Feature","properties":{"type":"village","name":"Konsirasgi","taluk":"Jevargi","district":"Kalaburagi","village_code":"620786"},"geometry":{"type":"Polygon","coordinates":[[[76.5539516033695,16.903568923056664],[76.55510135171174,16.916323695864214],[76.55189423858664,16.932316287867668],[76.54341776341349,16.931187980369685],[76.53874704495892,16.93213477964281],[76.53700720498466,16.92882231703572],[76.51979486430335,16.9214405605815],[76.50500277364372,16.918527137076595],[76.50403644780775,16.917713312374786],[76.50314259625227,16.913705296014108],[76.49567687040249,16.911233304765233],[76.50026659944598,16.905083157599755],[76.49998874513872,16.899449021829103],[76.51181399416402,16.901159355241642],[76.51280018085258,16.900057514840828],[76.52658131737294,16.904171669040768],[76.5539516033695,16.903568923056664]]]}},{"type":"Feature","properties":{"type":"village","name":"Kanagadda","taluk":"Sedam","district":"Kalaburagi","village_code":"620582"},"geometry":{"type":"Polygon","coordinates":[[[77.46487487185902,16.944194539846965],[77.45499136365969,16.94384097116564],[77.44536879718581,16.947481889342694],[77.43833922227107,16.952686569115183],[77.42808600523004,16.94327838112505],[77.4329298200567,16.939703068601396],[77.4353185419068,16.920002767058822],[77.4428080138228,16.913878078747832],[77.44399468741479,16.91485052002037],[77.44698254693185,16.915039865057558],[77.45427198559364,16.912966075790266],[77.45405283259694,16.913908292955803],[77.4584617047226,16.914917632079856],[77.45923922265213,16.917322009167705],[77.46265407567823,16.9171162983479],[77.4665534853585,16.91511757924152],[77.46947205871601,16.919207960243718],[77.46961590055254,16.92532979734075],[77.4694482910902,16.928072302880164],[77.46423915209876,16.929863706023912],[77.46696624236692,16.93845049261565],[77.4683227658196,16.93960275190593],[77.468079634093,16.941554635344094],[77.46487487185902,16.944194539846965]]]}},{"type":"Feature","properties":{"type":"village","name":"Kellur","taluk":"Jevargi","district":"Kalaburagi","village_code":"620774"},"geometry":{"type":"Polygon","coordinates":[[[76.80478827178233,16.964883236294355],[76.78371834787876,16.96614868681483],[76.76155081205539,16.965391798257123],[76.75875056119384,16.961468570066163],[76.75385603557108,16.958610287756702],[76.74166513000432,16.957558760594896],[76.74177253078305,16.956632513105852],[76.74373070718546,16.950102911914144],[76.74732274391823,16.944295216725692],[76.75984572610278,16.936263310689963],[76.76745501620971,16.93399880260002],[76.78279650481905,16.94091525358895],[76.7935211074155,16.943617204053183],[76.80598838776426,16.94399695919971],[76.80946614711476,16.94556137990506],[76.81122569882135,16.94773060084446],[76.81232738999084,16.952023057025716],[76.81001518484001,16.959589948401703],[76.80478827178233,16.964883236294355]]]}},{"type":"Feature","properties":{"type":"village","name":"Alur","taluk":"Jevargi","district":"Kalaburagi","village_code":"620819"},"geometry":{"type":"Polygon","coordinates":[[[76.64484405111513,16.92150450676005],[76.62642201122448,16.919033860589636],[76.61964006500266,16.916196388688487],[76.61198512341136,16.916747139192946],[76.61270930027761,16.8963257385956],[76.61384997743214,16.89140117103668],[76.61230161875055,16.887777600641854],[76.6146905795525,16.881054937669376],[76.61327751164431,16.875731920896335],[76.62968766665831,16.872724092625297],[76.63384038058744,16.87327521334061],[76.63594706108275,16.87013058672093],[76.64059708414979,16.87028396309503],[76.64171903143063,16.876211552150895],[76.64609269858026,16.879550033927686],[76.64881029814747,16.8849443027069],[76.65067347770858,16.88657511194064],[76.65375638077934,16.885449754891486],[76.6550516265532,16.885991750084006],[76.66496410362383,16.89389222062195],[76.66540510007152,16.894624198329957],[76.65744634196288,16.894778980789916],[76.65189085122542,16.90087904313115],[76.64901034038483,16.908930475731818],[76.6448153023311,16.915685306153783],[76.64484405111513,16.92150450676005]]]}},{"type":"Feature","properties":{"type":"village","name":"Honnal","taluk":"Jevargi","district":"Kalaburagi","village_code":"620858"},"geometry":{"type":"Polygon","coordinates":[[[76.94567971665181,16.9073797980626],[76.93718529493592,16.9284360909881],[76.91665127089654,16.923317898623186],[76.91247801339516,16.9197900823139],[76.91074519465313,16.914784408340108],[76.91139720176784,16.912832518058917],[76.9212195104418,16.909668054716025],[76.92338246769467,16.90722333533367],[76.93243017077727,16.904871747840225],[76.94567971665181,16.9073797980626]]]}},{"type":"Feature","properties":{"type":"village","name":"Warvi","taluk":"Jevargi","district":"Kalaburagi","village_code":"620820"},"geometry":{"type":"Polygon","coordinates":[[[76.61198512341136,16.916747139192946],[76.60429681300046,16.921472244048157],[76.60304365060267,16.921426917249036],[76.60200690134002,16.917292805350815],[76.59121138034514,16.9210591837329],[76.5881426059772,16.91714601098185],[76.58242531877559,16.899723340902707],[76.58456053156094,16.90013946231976],[76.5871750162116,16.89770478075213],[76.58979318305664,16.900262486183937],[76.59155301593587,16.900466115596448],[76.60393815523338,16.897522181956088],[76.61281249873748,16.896980860236773],[76.61198512341136,16.916747139192946]]]}},{"type":"Feature","properties":{"type":"village","name":"Sugur (N)","taluk":"Chitapur","district":"Kalaburagi","village_code":"620704"},"geometry":{"type":"Polygon","coordinates":[[[77.01957715223459,16.927454226124574],[77.0140235299929,16.92697781214826],[76.99892383641703,16.929171592082575],[76.97925749780555,16.929852029572636],[76.97917218390471,16.911161070674993],[76.98575255177,16.911889620833236],[76.98599144973667,16.89496952699942],[77.00872493407054,16.89825258295584],[77.01764569801692,16.898628280652144],[77.02005770509751,16.915793501265657],[77.01957715223459,16.927454226124574]]]}},{"type":"Feature","properties":{"type":"village","name":"Sigarthalli","taluk":"Jevargi","district":"Kalaburagi","village_code":"620855"},"geometry":{"type":"Polygon","coordinates":[[[76.77762485521933,16.928848861834865],[76.76745501620971,16.93399880260002],[76.75431289985997,16.926975550214777],[76.74895604998801,16.930191927704985],[76.7471586917844,16.930045543863912],[76.7429404807896,16.932379254105044],[76.7404231552251,16.929972561590304],[76.73814802444437,16.924299188627735],[76.7348854753848,16.923415394809805],[76.73571799985413,16.9022028963703],[76.74895615688754,16.90219557420254],[76.75593072885573,16.89958382503578],[76.76436451069672,16.898703139380356],[76.76346697784523,16.900699604414733],[76.76275123526112,16.912631278418875],[76.76355802659083,16.921337932617494],[76.76495413700145,16.925712139243775],[76.77816613868706,16.9267355530747],[76.77762485521933,16.928848861834865]]]}},{"type":"Feature","properties":{"type":"village","name":" ","taluk":"Sedam","district":"Kalaburagi","village_code":" "},"geometry":{"type":"Polygon","coordinates":[[[77.4353185419068,16.920002767058822],[77.4335436730263,16.93526176178496],[77.40961747303187,16.933039494268893],[77.41008709160116,16.923698703685478],[77.4162265528503,16.91824137102563],[77.4221688931834,16.916654039909478],[77.4307050667971,16.92051157500896],[77.4353185419068,16.920002767058822]]]}},{"type":"Feature","properties":{"type":"village","name":" ","taluk":"Jevargi","district":"Kalaburagi","village_code":" "},"geometry":{"type":"Polygon","coordinates":[[[76.67361733400723,16.929637021003586],[76.66332453090659,16.932196262662455],[76.65748056777521,16.930936670577246],[76.65251901615416,16.929075912184683],[76.64496145912615,16.92218671829887],[76.6448153023311,16.915685306153783],[76.64901034038483,16.908930475731818],[76.65189085122542,16.90087904313115],[76.65744634196288,16.894778980789916],[76.66540510007152,16.894624198329957],[76.66636306438882,16.896214228247555],[76.66846714785463,16.903623376924653],[76.67099303436378,16.90786528103536],[76.67482229460347,16.924540430718505],[76.67520347493135,16.928362580424476],[76.67361733400723,16.929637021003586]]]}},{"type":"Feature","properties":{"type":"village","name":" ","taluk":"Jevargi","district":"Kalaburagi","village_code":" "},"geometry":{"type":"Polygon","coordinates":[[[76.93259577699651,16.940568515613545],[76.93007366430987,16.95185966432987],[76.92928499738933,16.9517514332393],[76.9025594717981,16.944053236024292],[76.9038256148517,16.935626997764047],[76.90475007470384,16.934131417206043],[76.91459168996988,16.927646536291423],[76.92155644425033,16.92499760703861],[76.93718529493592,16.9284360909881],[76.93259577699651,16.940568515613545]]]}},{"type":"Feature","properties":{"type":"village","name":"Kuknoor","taluk":"Jevargi","district":"Kalaburagi","village_code":"620785"},"geometry":{"type":"Polygon","coordinates":[[[76.5824988279153,16.92727422488855],[76.57431027985866,16.937659147802176],[76.56937851727075,16.93248468018138],[76.56311650425728,16.934014399217585],[76.55189423858664,16.932316287867668],[76.55510135171174,16.916323695864214],[76.5539516033695,16.903568923056664],[76.57850144527522,16.90193174734396],[76.58242531877559,16.899723340902707],[76.5881426059772,16.91714601098185],[76.59121138034514,16.9210591837329],[76.5824988279153,16.92727422488855]]]}},{"type":"Feature","properties":{"type":"village","name":"Bilwad (K)","taluk":"Jevargi","district":"Kalaburagi","village_code":"620126"},"geometry":{"type":"Polygon","coordinates":[[[76.9025594717981,16.944053236024292],[76.89944735641262,16.94446924832906],[76.88200446041871,16.953528950118965],[76.87836169312693,16.954500364189258],[76.87549815325868,16.95218713700515],[76.87460166424955,16.930487143422567],[76.90627776584569,16.918706717815837],[76.91074519465313,16.914784408340108],[76.91247801339516,16.9197900823139],[76.91433707957059,16.92201262139832],[76.92155644425033,16.92499760703861],[76.91459168996988,16.927646536291423],[76.90475007470384,16.934131417206043],[76.90313592430915,16.937732476849472],[76.9025594717981,16.944053236024292]]]}},{"type":"Feature","properties":{"type":"village","name":"Halgattarga","taluk":"Jevargi","district":"Kalaburagi","village_code":"620780"},"geometry":{"type":"Polygon","coordinates":[[[76.47845247702503,16.954217749588135],[76.4763829158156,16.955411510253892],[76.47343729598153,16.960116142672014],[76.47284645874782,16.96141308208236],[76.47352387201536,16.96412807827634],[76.47252028226475,16.96617067764418],[76.47065714312785,16.967413981023963],[76.46846470137068,16.967333643786965],[76.46560931910354,16.96515722114473],[76.45832168875042,16.950716199344058],[76.47608951975559,16.95099305339095],[76.47845247702503,16.954217749588135]]]}},{"type":"Feature","properties":{"type":"village","name":" ","taluk":"Sedam","district":"Kalaburagi","village_code":" "},"geometry":{"type":"Polygon","coordinates":[[[77.43130591665299,16.946555543216085],[77.40848636383346,16.941442375792693],[77.40961747303187,16.933039494268893],[77.4335436730263,16.93526176178496],[77.4329298200567,16.939703068601396],[77.42808600523004,16.94327838112505],[77.43130591665299,16.946555543216085]]]}},{"type":"Feature","properties":{"type":"village","name":"Harnur","taluk":"Jevargi","district":"Kalaburagi","village_code":"620773"},"geometry":{"type":"Polygon","coordinates":[[[76.72718621720554,16.98122250910379],[76.71886215918661,16.981560729208454],[76.71099427734707,16.983642366283743],[76.69614273887689,16.98074282400917],[76.69648691580159,16.972077209130916],[76.69893115263791,16.967603560991908],[76.69568125724744,16.964378822158345],[76.69433673169371,16.959215198094324],[76.68877843012774,16.95898651718226],[76.68764814019286,16.947931310581993],[76.69440814955541,16.949058716791384],[76.71343665736573,16.945270055611388],[76.72067979056956,16.954885704087843],[76.73799904334608,16.973762278032783],[76.73347627831713,16.97906878494572],[76.72866886502243,16.979446213145263],[76.72718621720554,16.98122250910379]]]}},{"type":"Feature","properties":{"type":"village","name":"Shankerajpur","taluk":"Sedam","district":"Kalaburagi","village_code":"620572"},"geometry":{"type":"Polygon","coordinates":[[[77.45219076335351,16.973111171427874],[77.45867773876864,16.982456198634434],[77.46140664363368,16.99074518031481],[77.44910260962995,16.999885871038373],[77.44646202263205,16.991596700647456],[77.44219698515646,16.987876017168606],[77.43773630718835,16.97350189460188],[77.45219076335351,16.973111171427874]]]}},{"type":"Feature","properties":{"type":"village","name":"Desangi","taluk":"Jevargi","district":"Kalaburagi","village_code":"620744"},"geometry":{"type":"Polygon","coordinates":[[[76.42623583141719,16.94788450786043],[76.42670886268624,16.961280260737112],[76.43000044439746,16.96385018415252],[76.43044237329646,16.96605936934306],[76.42818534356867,16.969949931054817],[76.42881684843363,16.978524918424426],[76.40042642571899,16.977093318691676],[76.40236819708768,16.963448762377666],[76.40233278280424,16.94533610588548],[76.42623583141719,16.94788450786043]]]}},{"type":"Feature","properties":{"type":"village","name":"Kummanasirasgi","taluk":"Jevargi","district":"Kalaburagi","village_code":"620783"},"geometry":{"type":"Polygon","coordinates":[[[76.554618599773,16.97705900695077],[76.55076869714638,16.97729252530473],[76.54899028171715,16.974951528380355],[76.54615031004869,16.973988079016955],[76.54562545407259,16.971715320079458],[76.54750987699352,16.955948276590878],[76.55189423858664,16.932316287867668],[76.56311650425728,16.934014399217585],[76.56937851727075,16.93248468018138],[76.57274280592613,16.936610554165938],[76.57659106463582,16.939417236730847],[76.5787115405589,16.94422039588196],[76.58013824489315,16.945445112332173],[76.57961149616673,16.949592514364713],[76.5779021027924,16.952370674406158],[76.57625250936816,16.95965779462756],[76.56221883665846,16.96543228477757],[76.554618599773,16.97705900695077]]]}},{"type":"Feature","properties":{"type":"village","name":"Aurad","taluk":"Jevargi","district":"Kalaburagi","village_code":"620775"},"geometry":{"type":"Polygon","coordinates":[[[76.78830639707266,16.98331413399369],[76.76585397043841,16.984627263322803],[76.75595211774265,16.984517673065913],[76.75251603393312,16.9834267577148],[76.75067399981549,16.978713365107893],[76.74648414593925,16.976237887728438],[76.74473622831393,16.97397538803437],[76.73799904334608,16.973762278032783],[76.74075471171837,16.958047210036987],[76.74346306941793,16.95753064225063],[76.74895589727443,16.957974320258515],[76.75060728104098,16.958924548851815],[76.75242454680962,16.958130507082522],[76.75385603557108,16.958610287756702],[76.75875056119384,16.961468570066163],[76.76155081205539,16.965391798257123],[76.78371834787876,16.96614868681483],[76.80005589566164,16.965464309677838],[76.79962508790588,16.974409766088975],[76.79844165723205,16.97523158236878],[76.78796707823702,16.976049514166448],[76.78830639707266,16.98331413399369]]]}},{"type":"Feature","properties":{"type":"village","name":"Yetabarpur","taluk":"Sedam","district":"Kalaburagi","village_code":"620330"},"geometry":{"type":"Polygon","coordinates":[[[77.38969848234841,16.991867025390267],[77.36886657875745,17.001996028872238],[77.36641959307633,17.00097327587156],[77.36704453035823,16.99507633775995],[77.365110732436,16.989704590075803],[77.3644244006943,16.981673519797518],[77.37297920985858,16.979617420787154],[77.37659953723457,16.979897497883407],[77.3800718959136,16.982308382067824],[77.38442321118237,16.98006657441037],[77.38811544779851,16.98256190676895],[77.38969848234841,16.991867025390267]]]}},{"type":"Feature","properties":{"type":"village","name":"Rajola","taluk":"Chitapur","district":"Kalaburagi","village_code":"620689"},"geometry":{"type":"Polygon","coordinates":[[[77.2188326639328,17.027596437781717],[77.21222731571605,17.02747605520479],[77.20092546829441,17.02325709913775],[77.19662809416353,17.02006471885506],[77.19740403285479,17.00650609929914],[77.19945393892581,17.005597321419483],[77.20022573189208,17.00277108299473],[77.20201507532673,17.001455307701658],[77.20105346474769,16.99171923857691],[77.20509246184331,16.985862079117428],[77.20696186133947,16.984920813585227],[77.20845216729413,16.986020100174827],[77.21881823159943,16.988003386632595],[77.22859713278058,16.991387517860332],[77.22829828035353,16.994405673232436],[77.22558820507517,17.00160921620231],[77.22480416268169,17.001812899940287],[77.22524122271183,17.00252653092306],[77.22404896968358,17.003313226388048],[77.22422022540768,17.007546483725804],[77.22194911997771,17.010651393593502],[77.22220420917907,17.013615064100293],[77.21955215338996,17.01576231312596],[77.22018298990834,17.01893364026585],[77.21805650335766,17.020502329785515],[77.2188326639328,17.027596437781717]]]}},{"type":"Feature","properties":{"type":"village","name":"Mavnoor","taluk":"Jevargi","district":"Kalaburagi","village_code":"620767"},"geometry":{"type":"Polygon","coordinates":[[[76.69158860467822,17.016649731077454],[76.67700378140574,17.017441861277813],[76.67569843227986,17.018210501047047],[76.6734706058837,17.010105497776216],[76.67305677628678,17.00769299185157],[76.67508975091134,17.00095703708392],[76.67422659029756,16.99907845422522],[76.67479791522499,16.993250129060282],[76.67258396959657,16.98335172564442],[76.67477130892289,16.981232297390463],[76.67992187685952,16.981786757075028],[76.68193033735828,16.978420332658665],[76.69516658098011,16.98057051510185],[76.69428677638075,16.989680010067733],[76.69669250962738,17.001907871009003],[76.69585826578258,17.006087277980537],[76.69206968934378,17.008306835866122],[76.69158860467822,17.016649731077454]]]}},{"type":"Feature","properties":{"type":"village","name":"Ravnoor","taluk":"Jevargi","district":"Kalaburagi","village_code":"620766"},"geometry":{"type":"Polygon","coordinates":[[[76.73135643301136,17.021636709342104],[76.70396449671816,17.021237678938494],[76.69676511865518,17.020115273595263],[76.69158860467822,17.016649731077454],[76.69206968934378,17.008306835866122],[76.69585826578258,17.006087277980537],[76.69669250962738,17.001907871009003],[76.69428677638075,16.989680010067733],[76.69516658098011,16.98057051510185],[76.71099427734707,16.983642366283743],[76.71886215918661,16.981560729208454],[76.72718621720554,16.98122250910379],[76.72969424341022,16.99136865282432],[76.73222284193321,16.99589438405336],[76.73020064619375,16.998606195929696],[76.72973835787718,17.00095988915906],[76.730970829379,17.003885809346645],[76.73135643301136,17.021636709342104]]]}},{"type":"Feature","properties":{"type":"village","name":"Heggnal","taluk":"Jevargi","district":"Kalaburagi","village_code":"620770"},"geometry":{"type":"Polygon","coordinates":[[[76.68252578564437,16.97574552394521],[76.67992187685952,16.981786757075028],[76.673757315783,16.98172498871832],[76.67258396959657,16.98335172564442],[76.67280046268174,16.985438985611978],[76.66398703393703,16.981848944674805],[76.66239888617658,16.97550596538198],[76.66298854931223,16.96595482904483],[76.66887600437808,16.967742852879137],[76.67849679308605,16.9728686066424],[76.68252578564437,16.97574552394521]]]}},{"type":"Feature","properties":{"type":"village","name":"Ranjangi","taluk":"Jevargi","district":"Kalaburagi","village_code":"620746"},"geometry":{"type":"Polygon","coordinates":[[[76.4523806222284,16.97836856727957],[76.44698633327036,16.978840340424277],[76.43669127809328,16.981735085412502],[76.42891592542296,16.98024173359332],[76.42818534356867,16.969949931054817],[76.43044237329646,16.96605936934306],[76.43000044439746,16.96385018415252],[76.42670886268624,16.961280260737112],[76.42623583141719,16.94788450786043],[76.43080759864657,16.946686102100184],[76.43415815475622,16.943260558770028],[76.44761030576167,16.940608865691086],[76.45324925358227,16.94422577177821],[76.46062823900651,16.95445617786691],[76.46560931910354,16.96515722114473],[76.46399941684183,16.965894340011243],[76.46242650540691,16.965420609675764],[76.45591721134855,16.970406549332672],[76.45495079478275,16.972069537413695],[76.4561720319536,16.973469647684457],[76.45573119989761,16.974603830783447],[76.45318246473919,16.975960185939645],[76.4523806222284,16.97836856727957]]]}},{"type":"Feature","properties":{"type":"village","name":"Needalgi","taluk":"Jevargi","district":"Kalaburagi","village_code":"620747"},"geometry":{"type":"Polygon","coordinates":[[[76.51234171576586,17.0086006016004],[76.49812448310767,17.009742815360276],[76.49428172029093,17.012439996359525],[76.4908711917546,17.01723190934879],[76.48679929835326,17.016303431938496],[76.48206134908455,17.008440116138704],[76.4764289248295,17.00677822626295],[76.4810232433658,17.00095504922188],[76.48116596859644,16.996549907142644],[76.48517734339539,16.991085598878094],[76.49350435327834,16.987331120319205],[76.49753404113268,16.989271522353363],[76.50479756609347,16.989938394236795],[76.51444858580568,16.993897219966513],[76.51456338690572,17.001467899751514],[76.51234171576586,17.0086006016004]]]}},{"type":"Feature","properties":{"type":"village","name":"Handerki","taluk":"Sedam","district":"Kalaburagi","village_code":"620554"},"geometry":{"type":"Polygon","coordinates":[[[77.27130423435031,16.979816880749162],[77.26976518580832,16.981042665032238],[77.26839938814865,16.986751943706032],[77.26237578441832,16.989751663303796],[77.26105591312755,16.99173883896813],[77.25986487372329,16.99863244823478],[77.25551205377643,17.00023714099771],[77.25265465209652,17.000446887762486],[77.24889108206025,16.998707352203034],[77.22829828035353,16.994405673232436],[77.22859713278058,16.991387517860332],[77.22758261771952,16.990755499890877],[77.2073799983581,16.985553168236315],[77.20678733215448,16.984386336328214],[77.2091427543553,16.976328748585217],[77.21027040593818,16.96782544193188],[77.21652300281085,16.96639061329123],[77.21874165111981,16.962517716745648],[77.21854353037882,16.951037583383044],[77.21470751301155,16.949295305847876],[77.21141020274372,16.944927780354618],[77.22652800635575,16.941428611885044],[77.23168280984892,16.942831151214854],[77.23271336612598,16.939062612390547],[77.23699008170031,16.939963968927877],[77.24196293143271,16.943110294079325],[77.24488090920717,16.940384287816887],[77.24623739582891,16.932906217178353],[77.25107167144554,16.93331715979879],[77.25296401930395,16.932166233575817],[77.25508082291418,16.93230757210814],[77.26189772977023,16.929740803753855],[77.26305795875689,16.92825955317875],[77.2733936878534,16.93018070760621],[77.26763850611987,16.943313114088795],[77.26297926364306,16.945171597144284],[77.25941519236342,16.9525291498549],[77.25809155892826,16.960945370605238],[77.25646436230069,16.962678563715155],[77.26305197777374,16.970676390806954],[77.26801608420345,16.974824167239294],[77.27130423435031,16.979816880749162]]]}},{"type":"Feature","properties":{"type":"village","name":"Pakhal","taluk":"Sedam","district":"Kalaburagi","village_code":"620573"},"geometry":{"type":"Polygon","coordinates":[[[77.44241690980598,16.9882989110163],[77.44015380656856,16.99001262040543],[77.43918768375187,16.992677584054835],[77.43867092698636,17.002217298723878],[77.4394375815892,17.00521644613246],[77.43353081993124,17.00419731096338],[77.42014306375862,17.00470570192436],[77.42048294493964,16.986824326597556],[77.42310221491582,16.98073836673162],[77.42613446558094,16.978749737672437],[77.43527565543684,16.975532832653382],[77.43773630718835,16.97350189460188],[77.44241690980598,16.9882989110163]]]}},{"type":"Feature","properties":{"type":"village","name":"Kadaboor","taluk":"Chitapur","district":"Kalaburagi","village_code":"620662"},"geometry":{"type":"Polygon","coordinates":[[[76.96229611856688,16.995013712975897],[76.96088238231206,16.994038410684542],[76.95760986824105,16.99431079887565],[76.95038454683267,16.99626978876456],[76.9369641557641,16.993102510860577],[76.94002696262362,16.983681603977043],[76.93959391985943,16.9804423407198],[76.93709499179195,16.975567221139872],[76.94522115544537,16.97491053871575],[76.95490762717027,16.977351333572106],[76.96661882878206,16.97202437832357],[76.97863497429678,16.971699633797133],[76.98227387703622,16.976806017809686],[76.98899663416229,16.982073676603065],[76.98839061989185,16.98350747467631],[76.98064630491291,16.98803402965632],[76.96576132665624,16.99511615809821],[76.96229611856688,16.995013712975897]]]}},{"type":"Feature","properties":{"type":"village","name":"Murganoor","taluk":"Jevargi","district":"Kalaburagi","village_code":"620781"},"geometry":{"type":"Polygon","coordinates":[[[76.49350435327834,16.987331120319205],[76.48517734339539,16.991085598878094],[76.48116596859644,16.996549907142644],[76.4810232433658,17.00095504922188],[76.4764289248295,17.00677822626295],[76.4686443383764,16.99844890795753],[76.46514164987842,16.998653749719576],[76.46453436718679,16.995315223580942],[76.46297078026448,16.995234560669395],[76.4603167463851,16.992637814744455],[76.45887974286615,16.992073644948658],[76.45377645955114,16.99320962534574],[76.45310446941298,16.991831889896734],[76.45432374825653,16.988262231021025],[76.45331300162809,16.985140682587243],[76.45410983603121,16.981937135166692],[76.4523806222284,16.97836856727957],[76.4526758176139,16.976936258398997],[76.45573119989761,16.974603830783447],[76.4561720319536,16.973469647684457],[76.45495079478275,16.972069537413695],[76.45554649010552,16.970790719885418],[76.46242650540691,16.965420609675764],[76.46399941684183,16.965894340011243],[76.46560931910354,16.96515722114473],[76.46846470137068,16.967333643786965],[76.47065714312785,16.967413981023963],[76.47252028226475,16.96617067764418],[76.47352387201536,16.96412807827634],[76.47284645874782,16.96141308208236],[76.47712892264161,16.95467471630586],[76.48119392596472,16.954153127968457],[76.48235407500131,16.955309143133498],[76.48524093513436,16.955023011901016],[76.48663189909671,16.95747554406612],[76.49105974903105,16.959158344955714],[76.49416457009642,16.962016485745362],[76.49379082961572,16.972439692903087],[76.49560702998242,16.978763827045466],[76.49350435327834,16.987331120319205]]]}},{"type":"Feature","properties":{"type":"village","name":"Mailwar","taluk":"Sedam","district":"Kalaburagi","village_code":"620545"},"geometry":{"type":"Polygon","coordinates":[[[77.2849974527538,17.022660290057548],[77.27416722714456,17.024023202588065],[77.26959959216548,17.015401582130263],[77.26625251073936,17.01525243863088],[77.26514825128645,17.014357282221507],[77.26576320559063,17.010232169215875],[77.27416334732082,17.01091015688083],[77.277454800573,17.012721952025565],[77.278854408125,17.013690854579544],[77.27966131803232,17.018658627621726],[77.28364236840225,17.019923400009176],[77.2849974527538,17.022660290057548]]]}},{"type":"Feature","properties":{"type":"village","name":"Hannikere","taluk":"Chitapur","district":"Kalaburagi","village_code":"620685"},"geometry":{"type":"Polygon","coordinates":[[[77.08281924263429,17.017109500631573],[77.06783745293947,17.017312097219918],[77.0470053589057,17.01277234296074],[77.0453280443701,17.012096009614325],[77.04210134258193,17.008265929945864],[77.0407490870252,17.002118291978814],[77.03544340070027,17.002430907288364],[77.03243214186668,16.999429069371708],[77.03272025223954,16.9973434083785],[77.03451534489201,16.99533426261402],[77.05475649838584,16.999097282404545],[77.06674986442164,16.973890555783164],[77.08693768583532,16.978326460590914],[77.08838020411184,16.979210223095038],[77.08740123987813,16.983020033085154],[77.08730486322456,17.00014001970779],[77.08581552834872,17.008152932008528],[77.08281924263429,17.017109500631573]]]}},{"type":"Feature","properties":{"type":"village","name":"Gajalapur","taluk":"Sedam","district":"Kalaburagi","village_code":"620569"},"geometry":{"type":"Polygon","coordinates":[[[77.46147236168494,17.01818480810469],[77.4560033885908,17.018976297026043],[77.4529207011157,17.023881696043528],[77.45009823491722,17.02333546773535],[77.4437299556972,17.0182860611775],[77.43946477089787,17.020876333165738],[77.43992012781369,17.008962889359896],[77.43867092698636,17.002217298723878],[77.4387931571538,16.995892224321228],[77.43971456902219,16.99094327363649],[77.441032579902,16.989039531808466],[77.44241690980598,16.9882989110163],[77.44646202263205,16.991596700647456],[77.44930244166153,17.00241379497105],[77.45033125430864,17.004097290733146],[77.45630460987522,17.007168118193174],[77.45643685985138,17.009483372693555],[77.45851812790559,17.010829005890862],[77.46147236168494,17.01818480810469]]]}},{"type":"Feature","properties":{"type":"village","name":" ","taluk":"Sedam","district":"Kalaburagi","village_code":" "},"geometry":{"type":"Polygon","coordinates":[[[77.43946477089787,17.020876333165738],[77.43603135238979,17.02509751690764],[77.42104431294047,17.022701768335555],[77.41911829083533,17.019334451940786],[77.41736640535139,17.011694285636995],[77.41889733222487,17.009841734751124],[77.42014306375862,17.00470570192436],[77.43353081993124,17.00419731096338],[77.4394375815892,17.00521644613246],[77.43946477089787,17.020876333165738]]]}},{"type":"Feature","properties":{"type":"village","name":"Balwadgi","taluk":"Chitapur","district":"Kalaburagi","village_code":"620663"},"geometry":{"type":"Polygon","coordinates":[[[76.98704296999757,17.00706097388863],[76.9872318740237,17.008881613826965],[76.98628885318116,17.01026461683429],[76.97857446737252,17.011501991095436],[76.97015221271329,17.015323673208012],[76.9636633768872,17.01707497116099],[76.95690591424844,17.016883439770755],[76.96176417398488,17.002288443762897],[76.96229611856688,16.995013712975897],[76.96576132665624,16.99511615809821],[76.98839061989185,16.98350747467631],[76.98286544909186,16.993359591363927],[76.98017934176357,17.000969229704953],[76.98704296999757,17.00706097388863]]]}},{"type":"Feature","properties":{"type":"village","name":" ","taluk":"Jevargi","district":"Kalaburagi","village_code":" "},"geometry":{"type":"Polygon","coordinates":[[[76.46453553230172,16.997786556722264],[76.46019982705762,17.00095655687005],[76.43936913529399,17.006213638589987],[76.43897798276814,17.002864015911143],[76.44078175943444,16.99861755884253],[76.43669127809328,16.981735085412502],[76.44698633327036,16.978840340424277],[76.4523806222284,16.97836856727957],[76.45410983603121,16.981937135166692],[76.45331300162809,16.985140682587243],[76.45432374825653,16.988262231021025],[76.45310446941298,16.991831889896734],[76.45377645955114,16.99320962534574],[76.45887974286615,16.992073644948658],[76.4603167463851,16.992637814744455],[76.46297078026448,16.995234560669395],[76.46453436718679,16.995315223580942],[76.46453553230172,16.997786556722264]]]}},{"type":"Feature","properties":{"type":"village","name":"Halgadla","taluk":"Jevargi","district":"Kalaburagi","village_code":"620815"},"geometry":{"type":"Polygon","coordinates":[[[76.74166513000432,16.957558760594896],[76.74045938607716,16.958743145359623],[76.73799904334608,16.973762278032783],[76.72067979056956,16.954885704087843],[76.71343665736573,16.945270055611388],[76.71847598602241,16.931347915702098],[76.72337147374083,16.922056663224048],[76.72821985739901,16.922004640825218],[76.73814802444437,16.924299188627735],[76.7404231552251,16.929972561590304],[76.7429404807896,16.932379254105044],[76.7471586917844,16.930045543863912],[76.74895604998801,16.930191927704985],[76.75431289985997,16.926975550214777],[76.76745501620971,16.93399880260002],[76.75984572610278,16.936263310689963],[76.74732274391823,16.944295216725692],[76.74373070718546,16.950102911914144],[76.74166513000432,16.957558760594896]]]}},{"type":"Feature","properties":{"type":"village","name":"Bhimanhalli","taluk":"Chitapur","district":"Kalaburagi","village_code":"620690"},"geometry":{"type":"Polygon","coordinates":[[[77.20965377537772,16.943044486212123],[77.21470751301155,16.949295305847876],[77.21854353037882,16.951037583383044],[77.21874165111981,16.962517716745648],[77.21652300281085,16.96639061329123],[77.21027040593818,16.96782544193188],[77.2091427543553,16.976328748585217],[77.20678733215448,16.984386336328214],[77.20171171964516,16.97532815637538],[77.19339307038256,16.96370904890889],[77.19204584808637,16.962949581413596],[77.18767996034705,16.963219109672668],[77.1866578167926,16.962236011245807],[77.1866100857083,16.95825773604991],[77.18405386129534,16.952670969749608],[77.18406635326768,16.94245677223914],[77.19611946984628,16.92676205691694],[77.19927975469392,16.930524475797164],[77.19942042996908,16.933799757196688],[77.20438442770268,16.936730364295464],[77.20483090117864,16.93805397073118],[77.20851075631526,16.937645929304026],[77.20817400755965,16.940424633637278],[77.20949335333594,16.941183134309544],[77.20965377537772,16.943044486212123]]]}},{"type":"Feature","properties":{"type":"village","name":"Dugnoor","taluk":"Sedam","district":"Kalaburagi","village_code":"620557"},"geometry":{"type":"Polygon","coordinates":[[[77.30327934108709,16.98196702399225],[77.30098182788275,16.98432948222044],[77.29957377796369,16.988093323394743],[77.29847491828396,16.98805060204204],[77.29935540290802,16.984624937648093],[77.29720160936934,16.984708691989237],[77.29685036180503,16.983778032736243],[77.2980380262388,16.981579088333874],[77.29689583182977,16.980140563063078],[77.29803910331881,16.978956713625767],[77.29764446802463,16.97667255266483],[77.29861235243759,16.974388924948936],[77.29610764640621,16.973076749842306],[77.29329675140686,16.968465296642027],[77.2919453761991,16.968232103257858],[77.2916000009218,16.96657710884675],[77.28799779975165,16.962895767653343],[77.2869221839799,16.960463245861124],[77.28665999359623,16.95726974739664],[77.2881552304035,16.955092140086318],[77.28797106319384,16.94945605070827],[77.28952153291634,16.937240921358008],[77.29076143797715,16.935642077772687],[77.29346084306657,16.93464021189381],[77.29500606483117,16.93240894800247],[77.29808978626716,16.932636073119966],[77.3049249953988,16.929810347720885],[77.31078768211565,16.929121096202888],[77.31055823173082,16.92754423484227],[77.31140782778382,16.92741800777663],[77.31286180317345,16.93061722533035],[77.31709506723747,16.93219079103204],[77.31867616681622,16.934531580742725],[77.3180706538057,16.934558513168525],[77.31871314237165,16.936447227139247],[77.32127154430083,16.935621153272077],[77.31160183783406,16.95313428857198],[77.30588003300488,16.976733777971035],[77.30327934108709,16.98196702399225]]]}},{"type":"Feature","properties":{"type":"village","name":"Aralgundgi","taluk":"Jevargi","district":"Kalaburagi","village_code":"620782"},"geometry":{"type":"Polygon","coordinates":[[[76.54562545407259,16.971715320079458],[76.54007088231167,16.973203943768542],[76.53555493729233,16.97226672940232],[76.53411728069818,16.974443743233923],[76.52828125058905,16.975145785829493],[76.52334242275144,16.966206737306006],[76.5166974956616,16.96159939612531],[76.50390133759575,16.96723047808009],[76.50239886935044,16.967509674922862],[76.49767845878932,16.965719200950172],[76.49425203636068,16.966742250995043],[76.49363344118468,16.96097765060607],[76.48663189909671,16.95747554406612],[76.48524093513436,16.955023011901016],[76.48235407500131,16.955309143133498],[76.48119392596472,16.954153127968457],[76.47845247702503,16.954217749588135],[76.47608951975559,16.95099305339095],[76.45832168875042,16.950716199344058],[76.45324925358227,16.94422577177821],[76.44761030576167,16.940608865691086],[76.45183441689124,16.927821445265824],[76.45853703199202,16.927918273090913],[76.46495135975178,16.91386913867601],[76.46524389163247,16.907218504155278],[76.47865189942486,16.906579814578578],[76.48657451381803,16.90759231116748],[76.49898809737068,16.91291641096182],[76.50314259625227,16.913705296014108],[76.50403644780775,16.917713312374786],[76.50500277364372,16.918527137076595],[76.51979486430335,16.9214405605815],[76.53700720498466,16.92882231703572],[76.53874704495892,16.93213477964281],[76.54341776341349,16.931187980369685],[76.55189423858664,16.932316287867668],[76.54750987699352,16.955948276590878],[76.54562545407259,16.971715320079458]]]}},{"type":"Feature","properties":{"type":"village","name":"Rajwal","taluk":"Jevargi","district":"Kalaburagi","village_code":"620848"},"geometry":{"type":"Polygon","coordinates":[[[76.9369641557641,16.993102510860577],[76.93032232696365,17.00001684298548],[76.92155048392843,16.99705512480351],[76.90831304464896,16.99046128865731],[76.90746749281136,16.98802622027344],[76.90922948164729,16.970816030107787],[76.91615428784705,16.969627519111217],[76.9279585639054,16.976076644266875],[76.93816548806491,16.97694132921338],[76.94002696262362,16.983681603977043],[76.9369641557641,16.993102510860577]]]}},{"type":"Feature","properties":{"type":"village","name":"Ramteerth","taluk":"Chitapur","district":"Kalaburagi","village_code":"620688"},"geometry":{"type":"Polygon","coordinates":[[[77.20696186133947,16.984920813585227],[77.20509246184331,16.985862079117428],[77.20105346474769,16.99171923857691],[77.20201507532673,17.001455307701658],[77.20022573189208,17.00277108299473],[77.19945393892581,17.005597321419483],[77.19740403285479,17.00650609929914],[77.19344968041514,17.005740255758283],[77.1920491188523,17.00239025178736],[77.18951086074507,17.002704163809828],[77.18633972963868,17.00096863008195],[77.17651698258686,16.983662909993512],[77.17060183695236,16.975817897336213],[77.16630511410007,16.973329262866162],[77.15688113998264,16.972086081996956],[77.15277006206863,16.973775927878346],[77.14343969959032,16.98475730002355],[77.1390792233023,16.992801775897146],[77.13763900111967,16.99043276372903],[77.13596618714367,16.98144818169051],[77.13085639194117,16.97523505000566],[77.13294650570599,16.972240117702167],[77.13424677126568,16.965624500257167],[77.13675459714604,16.960171018396803],[77.14979707056781,16.941608724185],[77.15625249984511,16.9421443242937],[77.1651110806109,16.938729250120424],[77.18406635326768,16.94245677223914],[77.18405386129534,16.952670969749608],[77.1866100857083,16.95825773604991],[77.1866578167926,16.962236011245807],[77.18767996034705,16.963219109672668],[77.19204584808637,16.962949581413596],[77.19339307038256,16.96370904890889],[77.20171171964516,16.97532815637538],[77.20696186133947,16.984920813585227]]]}},{"type":"Feature","properties":{"type":"village","name":"Kuranhalli","taluk":"Jevargi","district":"Kalaburagi","village_code":"620748"},"geometry":{"type":"Polygon","coordinates":[[[76.52828125058905,16.975145785829493],[76.52476276072524,16.978988842754784],[76.52631997769386,16.98184498916505],[76.52438875344494,16.98478070710123],[76.5245989223905,16.98685456602594],[76.52262185621426,16.987612576814605],[76.52187888389729,16.989681425881777],[76.51754318224647,16.993221222259322],[76.51340628136131,16.99380627827366],[76.50479756609347,16.989938394236795],[76.49753404113268,16.989271522353363],[76.49350435327834,16.987331120319205],[76.49560702998242,16.978763827045466],[76.49379082961572,16.972439692903087],[76.49395710058828,16.968061671408037],[76.49425203636068,16.966742250995043],[76.49666442342861,16.9657197946713],[76.50390133759575,16.96723047808009],[76.5166974956616,16.96159939612531],[76.52334242275144,16.966206737306006],[76.52828125058905,16.975145785829493]]]}},{"type":"Feature","properties":{"type":"village","name":"Chandapur","taluk":"Sedam","district":"Kalaburagi","village_code":"620574"},"geometry":{"type":"Polygon","coordinates":[[[77.41736640535139,17.011694285636995],[77.4027532276553,17.01388563109994],[77.39592737986725,17.01106589074632],[77.39282095530908,17.011339773776346],[77.38830179432107,17.0091710328719],[77.39013850681896,16.997873079990285],[77.38798334694273,16.978924422110108],[77.38916970163281,16.973721898128815],[77.3916087399186,16.970454636960426],[77.39489419871288,16.9715960975992],[77.40900278103577,16.972905609264764],[77.41177205439305,16.9745970217857],[77.41400372917194,16.98006344880631],[77.41833362411275,16.982283191957155],[77.42209173598533,16.982557334409442],[77.42048294493964,16.986824326597556],[77.42014306375862,17.00470570192436],[77.41889733222487,17.009841734751124],[77.41736640535139,17.011694285636995]]]}},{"type":"Feature","properties":{"type":"village","name":"Kolkunda","taluk":"Sedam","district":"Kalaburagi","village_code":"620558"},"geometry":{"type":"Polygon","coordinates":[[[77.33352290468954,16.991185854573544],[77.32164809471172,17.003814451870845],[77.31893272925464,17.01311701824297],[77.31289804839854,17.003264601688382],[77.30327934108709,16.98196702399225],[77.30588003300488,16.976733777971035],[77.31160183783406,16.95313428857198],[77.32127154430083,16.935621153272077],[77.33604901937079,16.92986875576445],[77.3396630468617,16.930578786951067],[77.34091101789541,16.933655780669884],[77.3502602701475,16.941252523664566],[77.35414890543423,16.945022689979304],[77.35465407662754,16.94679391590593],[77.36531049978889,16.953393100265835],[77.36117906155896,16.958891354254753],[77.35790296320995,16.97978551383314],[77.35653755182587,16.98275599482135],[77.3487322457307,16.986747461656645],[77.34512731997025,16.990680481920677],[77.33352290468954,16.991185854573544]]]}},{"type":"Feature","properties":{"type":"village","name":"Konchur","taluk":"Chitapur","district":"Kalaburagi","village_code":"620695"},"geometry":{"type":"Polygon","coordinates":[[[77.03243214186668,16.999429069371708],[77.02457458795797,17.00137889031448],[77.02083884503426,16.99929156639096],[77.00731210691079,16.9971825610535],[77.00637572821145,17.000239744814905],[77.0031153782277,16.999616640280852],[77.00119624979403,17.001446243796238],[76.99809948571846,17.001811681800465],[76.99694956040811,17.00341191121791],[76.99224503026456,17.004479543622633],[76.98704296999757,17.00706097388863],[76.98017934176357,17.000969229704953],[76.98286544909186,16.993359591363927],[76.98899663416229,16.982073676603065],[76.99402073996816,16.98471064136255],[77.00398931592996,16.985707568326685],[77.01369521731614,16.99009379931051],[77.03451534489201,16.99533426261402],[77.03272025223954,16.9973434083785],[77.03243214186668,16.999429069371708]]]}},{"type":"Feature","properties":{"type":"village","name":"Gudanhalli","taluk":"Sedam","district":"Kalaburagi","village_code":"620552"},"geometry":{"type":"Polygon","coordinates":[[[77.27416334732082,17.01091015688083],[77.26576320559063,17.010232169215875],[77.26514825128645,17.014357282221507],[77.26118910184317,17.01344998126469],[77.25983407767873,17.01128123301424],[77.26040470461518,17.008271667375617],[77.25265465209652,17.000446887762486],[77.25986487372329,16.99863244823478],[77.26105591312755,16.99173883896813],[77.26237578441832,16.989751663303796],[77.26839938814865,16.986751943706032],[77.26976518580832,16.981042665032238],[77.27130423435031,16.979816880749162],[77.27679211518453,16.99178953365448],[77.28162467861225,16.996994315910165],[77.28375691707569,17.000971763928188],[77.28641492330524,17.009232159087315],[77.2811659637939,17.00657765934056],[77.27630890690163,17.007732952107453],[77.27416334732082,17.01091015688083]]]}},{"type":"Feature","properties":{"type":"village","name":"Hulgoal","taluk":"Sedam","district":"Kalaburagi","village_code":"620553"},"geometry":{"type":"Polygon","coordinates":[[[77.26118910184317,17.01344998126469],[77.25254657398806,17.015339190055204],[77.24825442625546,17.013727283923767],[77.24333790717962,17.0101918169227],[77.2393362027447,17.012291992980224],[77.2331494137548,17.00656508996899],[77.23015451144593,17.005000990371013],[77.22422854740044,17.007169472884005],[77.22404896968358,17.003313226388048],[77.22524122271183,17.00252653092306],[77.22480416268169,17.001812899940287],[77.22558820507517,17.00160921620231],[77.22767378773767,16.994378873095727],[77.24889108206025,16.998707352203034],[77.25377946320647,17.000966754756707],[77.26040470461518,17.008271667375617],[77.25983407767873,17.01128123301424],[77.26118910184317,17.01344998126469]]]}},{"type":"Feature","properties":{"type":"village","name":"Channur","taluk":"Jevargi","district":"Kalaburagi","village_code":"620841"},"geometry":{"type":"Polygon","coordinates":[[[76.81325691364621,17.008702064303403],[76.8096837738738,17.007928328411886],[76.8088769888323,17.00547479514035],[76.80668438627673,17.004814417903145],[76.8020593022386,17.004654623303598],[76.79886288355698,17.0059568617776],[76.79456007192367,17.005568846041708],[76.79227219764228,17.000977066038576],[76.79325779503606,16.998474517700128],[76.78944437658636,16.98980289976661],[76.78796707823702,16.976049514166448],[76.79844165723205,16.97523158236878],[76.79962508790588,16.974409766088975],[76.80028388269086,16.970601351061266],[76.80712807767027,16.97258723371058],[76.81053989618735,16.976320245363574],[76.81391821922242,16.982393505200232],[76.81363956182129,16.987421933706983],[76.81528888575092,16.99795386117748],[76.81489734335622,17.003615337000433],[76.81325691364621,17.008702064303403]]]}},{"type":"Feature","properties":{"type":"village","name":"Devnoor","taluk":"Sedam","district":"Kalaburagi","village_code":"620551"},"geometry":{"type":"Polygon","coordinates":[[[77.3129694509889,17.018808758807886],[77.31140502593844,17.019387082160065],[77.30768831382404,17.01260830393269],[77.30488921460271,17.009660567756402],[77.2977132672973,17.010962865920387],[77.29053611804599,17.014706508122686],[77.28641492330524,17.009232159087315],[77.28464609829,17.002706399919013],[77.28162467861225,16.996994315910165],[77.27679211518453,16.99178953365448],[77.27130423435031,16.979816880749162],[77.27865406674866,16.982416521662415],[77.28814800255873,16.982590097828542],[77.29685036180503,16.983778032736243],[77.29720160936934,16.984708691989237],[77.29891604858065,16.984159509160794],[77.29847491828396,16.98805060204204],[77.29957377796369,16.988093323394743],[77.30098182788275,16.98432948222044],[77.30327934108709,16.98196702399225],[77.31289804839854,17.003264601688382],[77.31893272925464,17.01311701824297],[77.31768523073472,17.014842609934625],[77.31365913614154,17.01713564211145],[77.3129694509889,17.018808758807886]]]}},{"type":"Feature","properties":{"type":"village","name":"Medak","taluk":"Sedam","district":"Kalaburagi","village_code":"620570"},"geometry":{"type":"Polygon","coordinates":[[[77.48659619471783,17.00322118280957],[77.48641577438123,17.005302014154875],[77.4800747751998,17.010651555088202],[77.46982064008054,17.022401366064884],[77.46709495477747,17.018477090348203],[77.46147236168494,17.01818480810469],[77.45851812790559,17.010829005890862],[77.45643685985138,17.009483372693555],[77.45630460987522,17.007168118193174],[77.45033125430864,17.004097290733146],[77.44910260962995,16.999885871038373],[77.46140664363368,16.99074518031481],[77.45867773876864,16.982456198634434],[77.453971521589,16.97484466465969],[77.45570264700673,16.963106752218387],[77.46556523793463,16.957817217337475],[77.46598300933901,16.958939658784388],[77.47218365035057,16.957152181850454],[77.4733393042175,16.958543277205713],[77.4783350061924,16.968376907357523],[77.48137840495019,16.970440143999596],[77.48224042829686,16.97300665567626],[77.4827837177026,16.987238019905636],[77.47909263362493,16.994513834201676],[77.48379244940985,17.000973206287778],[77.48659619471783,17.00322118280957]]]}},{"type":"Feature","properties":{"type":"village","name":"Namwar","taluk":"Sedam","district":"Kalaburagi","village_code":"620546"},"geometry":{"type":"Polygon","coordinates":[[[77.29107996081395,17.021568462927064],[77.2849974527538,17.022660290057548],[77.28364236840225,17.019923400009176],[77.27966131803232,17.018658627621726],[77.278854408125,17.013690854579544],[77.27416334732082,17.01091015688083],[77.27412003594773,17.010089253767],[77.27630890690163,17.007732952107453],[77.2811659637939,17.00657765934056],[77.28503731998612,17.007989690406145],[77.29031767292174,17.01399077432746],[77.29107996081395,17.021568462927064]]]}},{"type":"Feature","properties":{"type":"village","name":"Kolkunda","taluk":"Chitapur","district":"Kalaburagi","village_code":"620696"},"geometry":{"type":"Polygon","coordinates":[[[76.97863497429678,16.971699633797133],[76.96661882878206,16.97202437832357],[76.95490762717027,16.977351333572106],[76.94522115544537,16.97491053871575],[76.93709499179195,16.975567221139872],[76.93151479918082,16.967721974052907],[76.93023206693886,16.9639497833413],[76.92965177862153,16.953956124048347],[76.93135403937251,16.94825247596376],[76.94994513141987,16.953507190673655],[76.96336659867015,16.95447788994241],[76.96673309628282,16.955854438830297],[76.97863497429678,16.971699633797133]]]}},{"type":"Feature","properties":{"type":"village","name":"Neeralkod","taluk":"Jevargi","district":"Kalaburagi","village_code":"620771"},"geometry":{"type":"Polygon","coordinates":[[[76.68764814019286,16.947931310581993],[76.68877843012774,16.95898651718226],[76.69433673169371,16.959215198094324],[76.69568125724744,16.964378822158345],[76.69893115263791,16.967603560991908],[76.69648691580159,16.972077209130916],[76.69614273887689,16.98074282400917],[76.68193033735828,16.978420332658665],[76.68252578564437,16.97574552394521],[76.67849679308605,16.9728686066424],[76.66887600437808,16.967742852879137],[76.66298854931223,16.96595482904483],[76.66287014417125,16.960673312049465],[76.66383647360047,16.95704519200111],[76.66705736867864,16.959520460127408],[76.67494347823363,16.957318525794662],[76.6752101350409,16.95379442494483],[76.67920762098721,16.946492367755894],[76.68764814019286,16.947931310581993]]]}},{"type":"Feature","properties":{"type":"village","name":"Tonnur","taluk":"Sedam","district":"Kalaburagi","village_code":"621187"},"geometry":{"type":"Polygon","coordinates":[[[77.31140502593844,17.019387082160065],[77.30939053235424,17.024437991382023],[77.29409799923299,17.024053416256727],[77.29107996081395,17.021568462927064],[77.29053611804599,17.014706508122686],[77.2977132672973,17.010962865920387],[77.30488921460271,17.009660567756402],[77.30768831382404,17.01260830393269],[77.31140502593844,17.019387082160065]]]}},{"type":"Feature","properties":{"type":"village","name":"Raghapur","taluk":"Sedam","district":"Kalaburagi","village_code":"620548"},"geometry":{"type":"Polygon","coordinates":[[[77.33503089218397,17.027307541112194],[77.31860031576856,17.027219239698017],[77.3129694509889,17.018808758807886],[77.31365913614154,17.01713564211145],[77.3188012787791,17.013748428213187],[77.32164809471172,17.003814451870845],[77.33352290468954,16.991185854573544],[77.33970663761085,17.00245574419912],[77.34894743356374,17.013544431891823],[77.34874968831858,17.019564204286546],[77.34522680569303,17.02341550095642],[77.3420103509873,17.02573026764931],[77.33503089218397,17.027307541112194]]]}},{"type":"Feature","properties":{"type":"village","name":"Nachawar","taluk":"Sedam","district":"Kalaburagi","village_code":"620555"},"geometry":{"type":"Polygon","coordinates":[[[77.2919126092508,16.967787976912195],[77.27329382663483,16.968355587828025],[77.26801608420345,16.974824167239294],[77.26305197777374,16.970676390806954],[77.25646436230069,16.962678563715155],[77.25809155892826,16.960945370605238],[77.25941519236342,16.9525291498549],[77.26297926364306,16.945171597144284],[77.26763850611987,16.943313114088795],[77.2733936878534,16.93018070760621],[77.27780323641043,16.932640718881586],[77.28965911888525,16.93401512538108],[77.2881552304035,16.955092140086318],[77.28657159128744,16.958348267060675],[77.28799779975165,16.962895767653343],[77.2919126092508,16.967787976912195]]]}},{"type":"Feature","properties":{"type":"village","name":"Krishnanagar","taluk":"Sedam","district":"Kalaburagi","village_code":"620979"},"geometry":{"type":"Polygon","coordinates":[[[77.42209173598533,16.982557334409442],[77.41833362411275,16.982283191957155],[77.41400372917194,16.98006344880631],[77.41177205439305,16.9745970217857],[77.40900278103577,16.972905609264764],[77.39489419871288,16.9715960975992],[77.3916087399186,16.970454636960426],[77.40657158594074,16.955405801281785],[77.421646788747,16.96039409731142],[77.4328555401625,16.96648206489971],[77.43733964978642,16.970160594086963],[77.43791191884323,16.97290969298186],[77.43527565543684,16.975532832653382],[77.42613446558094,16.978749737672437],[77.42310221491582,16.98073836673162],[77.42209173598533,16.982557334409442]]]}},{"type":"Feature","properties":{"type":"village","name":"Motakpalli","taluk":"Sedam","district":"Kalaburagi","village_code":"620577"},"geometry":{"type":"Polygon","coordinates":[[[77.3916087399186,16.970454636960426],[77.38842268060884,16.9760482417314],[77.38811544779851,16.98256190676895],[77.38442321118237,16.98006657441037],[77.3800718959136,16.982308382067824],[77.37659953723457,16.979897497883407],[77.37297920985858,16.979617420787154],[77.37359438604662,16.965638270126014],[77.37262760117154,16.958405549211992],[77.36959525708161,16.955825363868605],[77.35808157074634,16.949543549213335],[77.36773632565347,16.941299063362514],[77.37533867807147,16.936985040164835],[77.38368783322278,16.935716066733185],[77.38874134358285,16.936815568235115],[77.39256422758065,16.934911978126852],[77.40961747303187,16.933039494268893],[77.4084281691727,16.938463120687413],[77.40840028905954,16.951889636137654],[77.40397919894772,16.958832169009128],[77.3916087399186,16.970454636960426]]]}},{"type":"Feature","properties":{"type":"village","name":"Bilkal","taluk":"Sedam","district":"Kalaburagi","village_code":"620556"},"geometry":{"type":"Polygon","coordinates":[[[77.2919126092508,16.967787976912195],[77.29369214128592,16.96884612799671],[77.29610764640621,16.973076749842306],[77.29883187104863,16.97498115970602],[77.29764446802463,16.97667255266483],[77.29803910331881,16.978956713625767],[77.29689583182977,16.980140563063078],[77.2980380262388,16.981579088333874],[77.29685036180503,16.983778032736243],[77.27584127271082,16.98194987630047],[77.27130423435031,16.979816880749162],[77.26801608420345,16.974824167239294],[77.27329382663483,16.968355587828025],[77.2919126092508,16.967787976912195]]]}},{"type":"Feature","properties":{"type":"village","name":"Kasrbhosga","taluk":"Jevargi","district":"Kalaburagi","village_code":"620811"},"geometry":{"type":"Polygon","coordinates":[[[76.66287014417125,16.960673312049465],[76.66231363156453,16.97166116859066],[76.66147796119508,16.97163420023954],[76.64234632319689,16.965853432572793],[76.63695224713959,16.96639590692768],[76.63207445174066,16.964046710278808],[76.62494341211462,16.962411220575124],[76.60986940316934,16.96104601960891],[76.61243296232657,16.955809869593924],[76.61562997209964,16.95298181741186],[76.6149449716612,16.94650747696927],[76.62590576380376,16.94441603681475],[76.63153406838487,16.947705117370088],[76.63948600738219,16.948134026572163],[76.64404889925656,16.949751158858476],[76.64870086268463,16.949750735226935],[76.64996818612451,16.94886507339942],[76.66195724833177,16.94939654197436],[76.66383647360047,16.95704519200111],[76.66287014417125,16.960673312049465]]]}},{"type":"Feature","properties":{"type":"village","name":"Sanknoor","taluk":"Chitapur","district":"Kalaburagi","village_code":"620700"},"geometry":{"type":"Polygon","coordinates":[[[77.10910282405523,16.94941445225517],[77.10108865516492,16.970344291783118],[77.09543768429253,16.98092057204071],[77.07541878657644,16.975373644594264],[77.06108340839039,16.972860686652314],[77.03464626536153,16.964659096412575],[77.04204916663362,16.955509342967343],[77.05250382279227,16.93791914177388],[77.05697660196553,16.939366501266335],[77.0584056940218,16.946586759287676],[77.06071594533691,16.94443696119642],[77.0636350352257,16.946353531016552],[77.06413200120716,16.948237691706055],[77.06570889487375,16.9493360519066],[77.06328993034131,16.953744869706835],[77.0638954128091,16.953998067783722],[77.07262250537013,16.952726534212992],[77.07068212818676,16.942190021629816],[77.07204887267073,16.939416343876147],[77.07362593342397,16.939818869665793],[77.07585011266008,16.942706451112894],[77.07893897784939,16.941939151899994],[77.1023222648322,16.948173298323095],[77.10854558471142,16.948531576408662],[77.10910282405523,16.94941445225517]]]}},{"type":"Feature","properties":{"type":"village","name":"Nalwar","taluk":"Chitapur","district":"Kalaburagi","village_code":"620698"},"geometry":{"type":"Polygon","coordinates":[[[77.03464626536153,16.964659096412575],[77.01265553505407,16.961451843247918],[77.00463953090565,16.985886760143845],[76.99892369358493,16.985372708024276],[76.99097290532949,16.98351961086982],[76.98227387703622,16.976806017809686],[76.96673309628282,16.955854438830297],[76.971020436232,16.949296912730016],[76.9693701277488,16.9439619041174],[76.97925749780555,16.929852029572636],[76.99892383641703,16.929171592082575],[77.0140235299929,16.92697781214826],[77.01957715223459,16.927454226124574],[77.02349776035891,16.924849373152476],[77.03091813296494,16.925250604896604],[77.04114648104564,16.923041368241638],[77.04450571577922,16.926187297400666],[77.0442702817163,16.92794018932786],[77.04676547099555,16.932368837650056],[77.05196467192505,16.93624728114393],[77.05250382279227,16.93791914177388],[77.04204916663362,16.955509342967343],[77.03464626536153,16.964659096412575]]]}},{"type":"Feature","properties":{"type":"village","name":"Andola","taluk":"Jevargi","district":"Kalaburagi","village_code":"620852"},"geometry":{"type":"Polygon","coordinates":[[[76.87781267696126,16.97344883994823],[76.85595776833149,16.97935720786023],[76.84764111512547,16.983206757832907],[76.83057628500036,16.98186943617305],[76.81391821922242,16.982393505200232],[76.81053989618735,16.976320245363574],[76.80712807767027,16.97258723371058],[76.80028388269086,16.970601351061266],[76.80005589566164,16.965464309677838],[76.80478827178233,16.964883236294355],[76.80726296959165,16.963085944193022],[76.81166419166433,16.955885730691588],[76.81232738999084,16.952023057025716],[76.81122569882135,16.94773060084446],[76.80946614711476,16.94556137990506],[76.80598838776426,16.94399695919971],[76.81320823214435,16.942887938827077],[76.81848992356974,16.939925729246315],[76.82096994210048,16.93436928572574],[76.82049222072732,16.930763782321524],[76.84221038780456,16.929467525268866],[76.85520749720283,16.927323317011204],[76.86189605905928,16.925905289107185],[76.87006307000698,16.922079002118316],[76.87211868487162,16.930148239269773],[76.87460166424955,16.930487143422567],[76.87481287883409,16.931277798238963],[76.87549815325868,16.95218713700515],[76.8774650702688,16.953854290603946],[76.87646523188285,16.96535710975687],[76.87657793002685,16.97075159462931],[76.87781267696126,16.97344883994823]]]}},{"type":"Feature","properties":{"type":"village","name":"Butnal","taluk":"Jevargi","district":"Kalaburagi","village_code":"620843"},"geometry":{"type":"Polygon","coordinates":[[[76.8088769888323,17.00547479514035],[76.80757138458488,17.0191095903198],[76.80307980277439,17.024769451719752],[76.7984320335804,17.021690509681495],[76.79805702737349,17.02005485872496],[76.79943353025637,17.006989421763116],[76.79886288355698,17.0059568617776],[76.8020593022386,17.004654623303598],[76.80668438627673,17.004814417903145],[76.8088769888323,17.00547479514035]]]}},{"type":"Feature","properties":{"type":"village","name":"Naribole","taluk":"Jevargi","district":"Kalaburagi","village_code":"620847"},"geometry":{"type":"Polygon","coordinates":[[[76.91385474534847,17.02019375603363],[76.9035243836858,17.02531870620715],[76.889854206171,17.027226563005907],[76.8674677230651,17.026910408173944],[76.86359356862076,17.024502099184705],[76.85268942962992,17.023367037806608],[76.84867524490076,17.016842553762665],[76.84634733091056,17.00884539485969],[76.8389347224435,16.99922477310536],[76.8407485422747,16.991765922126405],[76.84454341590369,16.985043814653057],[76.85133771575728,16.981100606101396],[76.86052136987493,16.97792996012973],[76.87781267696126,16.97344883994823],[76.8801694969407,16.974727417700937],[76.8880943777833,16.974808492386074],[76.89787341999994,16.972291240378933],[76.90922948164729,16.970816030107787],[76.90746749281136,16.98802622027344],[76.90831304464896,16.99046128865731],[76.92155048392843,16.99705512480351],[76.93032232696365,17.00001684298548],[76.91621896475087,17.008383342343205],[76.91331341876165,17.013751224258602],[76.91385474534847,17.02019375603363]]]}},{"type":"Feature","properties":{"type":"village","name":"Soan","taluk":"Jevargi","district":"Kalaburagi","village_code":"620769"},"geometry":{"type":"Polygon","coordinates":[[[76.67569843227986,17.018210501047047],[76.66552901008856,17.02686879769313],[76.65381091480526,17.01852142909184],[76.63864778310239,17.018531840766695],[76.6350932195917,17.013746471410887],[76.63667514112895,17.000959297267592],[76.6342165932318,16.995297583135912],[76.63413666293445,16.99288498363805],[76.63466669500323,16.98169391509043],[76.63695224713959,16.96639590692768],[76.64234632319689,16.965853432572793],[76.65153413292106,16.96918233237109],[76.66231363156453,16.97166116859066],[76.66277503683719,16.978370306224],[76.66398703393703,16.981848944674805],[76.67280046268174,16.985438985611978],[76.67479791522499,16.993250129060282],[76.67422659029756,16.99907845422522],[76.67508975091134,17.00095703708392],[76.67305677628678,17.00769299185157],[76.67569843227986,17.018210501047047]]]}},{"type":"Feature","properties":{"type":"village","name":"Ladlapur","taluk":"Chitapur","district":"Kalaburagi","village_code":"620693"},"geometry":{"type":"Polygon","coordinates":[[[77.06674986442164,16.973890555783164],[77.05475649838584,16.999097282404545],[77.02140521844787,16.992332952786473],[77.01002612399662,16.98892952058645],[77.00463953090565,16.985886760143845],[77.01265553505407,16.961451843247918],[77.03464626536153,16.964659096412575],[77.06674986442164,16.973890555783164]]]}},{"type":"Feature","properties":{"type":"village","name":"Dandgund","taluk":"Chitapur","district":"Kalaburagi","village_code":"620692"},"geometry":{"type":"Polygon","coordinates":[[[77.14995065104038,17.004205416901762],[77.14614767011601,17.005619809302203],[77.1435867798535,17.002785466935354],[77.13259898704842,16.99500349672455],[77.1199635420785,16.989505339081838],[77.09543768429253,16.98092057204071],[77.10108865516492,16.970344291783118],[77.10910282405523,16.94941445225517],[77.12171210199924,16.952298358144645],[77.1375673218482,16.958941733875957],[77.13424677126568,16.965624500257167],[77.13294650570599,16.972240117702167],[77.13085639194117,16.97523505000566],[77.13596618714367,16.98144818169051],[77.13763900111967,16.99043276372903],[77.1390792233023,16.992801775897146],[77.14358568211222,16.997316149056438],[77.14911745732614,17.000967254728888],[77.14995065104038,17.004205416901762]]]}},{"type":"Feature","properties":{"type":"village","name":"Konapur","taluk":"Sedam","district":"Kalaburagi","village_code":"620550"},"geometry":{"type":"Polygon","coordinates":[[[77.36886657875745,17.001996028872238],[77.36409758101752,17.004795189126025],[77.3520216283661,17.00940359809452],[77.34894743356374,17.013544431891823],[77.33970663761085,17.00245574419912],[77.33352290468954,16.991185854573544],[77.34512731997025,16.990680481920677],[77.3487322457307,16.986747461656645],[77.35453466806838,16.983237604397306],[77.3644244006943,16.981673519797518],[77.365110732436,16.989704590075803],[77.36704453035823,16.99507633775995],[77.36641959307633,17.00097327587156],[77.36886657875745,17.001996028872238]]]}},{"type":"Feature","properties":{"type":"village","name":" ","taluk":"Sedam","district":"Kalaburagi","village_code":" "},"geometry":{"type":"Polygon","coordinates":[[[77.45570264700673,16.963106752218387],[77.453971521589,16.97484466465969],[77.45219076335351,16.973111171427874],[77.43773630718835,16.97350189460188],[77.43684900614795,16.96495298722578],[77.4429112913344,16.957168589407072],[77.45165823217161,16.960422432616024],[77.45570264700673,16.963106752218387]]]}},{"type":"Feature","properties":{"type":"village","name":"Gaddanna","taluk":"Sedam","district":"Kalaburagi","village_code":"620576"},"geometry":{"type":"Polygon","coordinates":[[[77.37297920985858,16.979617420787154],[77.35653755182587,16.98275599482135],[77.35790296320995,16.97978551383314],[77.36117906155896,16.958891354254753],[77.36531049978889,16.953393100265835],[77.37262760117154,16.958405549211992],[77.37359438604662,16.965638270126014],[77.37297920985858,16.979617420787154]]]}},{"type":"Feature","properties":{"type":"village","name":" ","taluk":"Jevargi","district":"Kalaburagi","village_code":" "},"geometry":{"type":"Polygon","coordinates":[[[76.93151479918082,16.967721974052907],[76.93816548806491,16.97694132921338],[76.9279585639054,16.976076644266875],[76.91615428784705,16.969627519111217],[76.89787341999994,16.972291240378933],[76.8880943777833,16.974808492386074],[76.8801694969407,16.974727417700937],[76.87781267696126,16.97344883994823],[76.87657793002685,16.97075159462931],[76.8774650702688,16.953854290603946],[76.87953996926767,16.954500358174343],[76.89944735641262,16.94446924832906],[76.9025594717981,16.944053236024292],[76.93007366430987,16.95185966432987],[76.93023206693886,16.9639497833413],[76.93151479918082,16.967721974052907]]]}},{"type":"Feature","properties":{"type":"village","name":" ","taluk":"Chitapur","district":"Kalaburagi","village_code":" "},"geometry":{"type":"Polygon","coordinates":[[[77.14707004767331,16.999416734904607],[77.15036124221066,16.99404160134662],[77.14803822134381,16.991426911149023],[77.14813097509185,16.9901529583768],[77.15189351296384,16.988900953328532],[77.15649261413067,16.990487196742066],[77.15876875192284,16.990062214181073],[77.15860655031851,16.99225252742124],[77.15979134373664,16.993481586912637],[77.16494772107818,16.993368959779545],[77.1701267718975,16.990931812320564],[77.17182283696802,16.993032339125897],[77.17444413623844,17.00044763600473],[77.16041093694092,16.999834438028397],[77.14995065104038,17.004205416901762],[77.14911745732614,17.000967254728888],[77.14707004767331,16.999416734904607]]]}},{"type":"Feature","properties":{"type":"village","name":"Shakapur","taluk":"Jevargi","district":"Kalaburagi","village_code":"620765"},"geometry":{"type":"Polygon","coordinates":[[[76.78944437658636,16.98980289976661],[76.75851017022715,16.993315687379738],[76.73636787975823,16.994252191797617],[76.73222284193321,16.99589438405336],[76.72969424341022,16.99136865282432],[76.72721892127177,16.980924305909124],[76.72866886502243,16.979446213145263],[76.73347627831713,16.97906878494572],[76.73799904334608,16.973762278032783],[76.74417278879805,16.973876314828154],[76.75067399981549,16.978713365107893],[76.75251603393312,16.9834267577148],[76.75595211774265,16.984517673065913],[76.76585397043841,16.984627263322803],[76.78830639707266,16.98331413399369],[76.78944437658636,16.98980289976661]]]}},{"type":"Feature","properties":{"type":"village","name":"Raddewadgi","taluk":"Jevargi","district":"Kalaburagi","village_code":"620760"},"geometry":{"type":"Polygon","coordinates":[[[76.81803090781574,17.04434575925321],[76.81367708534904,17.044665208388526],[76.81175577939914,17.045861851650706],[76.80813233576741,17.05243878673178],[76.7991447910628,17.058891662680015],[76.79155313578325,17.072546336670744],[76.78904356627291,17.075206323862353],[76.78226315167865,17.070093453791905],[76.78346738014794,17.06654291232108],[76.78346965198729,17.061912016706675],[76.767454222099,17.05138616460573],[76.75957417257894,17.04419476221973],[76.78442560318005,17.037479364641804],[76.80562706200077,17.033262863069446],[76.80825067982298,17.036747958957818],[76.81233636505884,17.037232737309335],[76.81803090781574,17.04434575925321]]]}},{"type":"Feature","properties":{"type":"village","name":"Yatnoor","taluk":"Jevargi","district":"Kalaburagi","village_code":"620741"},"geometry":{"type":"Polygon","coordinates":[[[76.47636392004061,17.066297890591972],[76.46523293398265,17.065794933838617],[76.45576457590367,17.06911819514477],[76.43114765589738,17.05343214621986],[76.42739802861263,17.05354855808757],[76.43069308410908,17.038953070964105],[76.43120893267786,17.029881757723103],[76.4382800214368,17.026480710197767],[76.44973263221425,17.027982978597905],[76.45695645343612,17.03035818623705],[76.47436875820132,17.0312753970377],[76.48012987690055,17.020043650009516],[76.48487927519761,17.01742552513489],[76.49181532920306,17.01765155269978],[76.49598805759668,17.02672121114239],[76.48948193279466,17.03340585358555],[76.48508520678995,17.035163335601307],[76.48526192067771,17.041814199205906],[76.48628591027006,17.043515081244546],[76.4851127733911,17.045048092982135],[76.48522674983771,17.047375153382298],[76.47636392004061,17.066297890591972]]]}},{"type":"Feature","properties":{"type":"village","name":"Harwal","taluk":"Jevargi","district":"Kalaburagi","village_code":"620751"},"geometry":{"type":"Polygon","coordinates":[[[76.67660801782753,17.07201191734938],[76.67398854842537,17.07041112337092],[76.67297009335347,17.073750115873995],[76.669757275028,17.07432910303165],[76.66945694666896,17.075616780164477],[76.65948378480765,17.071787366420253],[76.65872706287693,17.069153518787797],[76.65730838678638,17.068408268709224],[76.65351680638126,17.06190293683744],[76.64906941180128,17.058481580954144],[76.64934004365367,17.052989499798567],[76.65282036410105,17.05302072477021],[76.65316767434945,17.051299340582794],[76.65747917179327,17.050652687738594],[76.65735622297359,17.045705542116345],[76.65926597030071,17.035815436782265],[76.6636003128005,17.033871994573847],[76.66552901008856,17.02686879769313],[76.67611167976845,17.017884835805727],[76.69136353627533,17.016597537313025],[76.69676511865518,17.020115273595263],[76.70590391719577,17.021182728313423],[76.70048299408785,17.028589682776495],[76.69966370629426,17.035050662248686],[76.7017078478761,17.038108587269228],[76.70081895591929,17.046679475890066],[76.70387285957601,17.0493168397301],[76.70417021091822,17.052809107166],[76.70784792357288,17.053119428040958],[76.70828584508735,17.0556628616557],[76.71046067537335,17.05608215682759],[76.71101726433689,17.0612730540734],[76.70994251903264,17.063202657275056],[76.70001389204987,17.06501810559961],[76.69814740309525,17.060993293665007],[76.69581740321694,17.060198928771204],[76.69183926788013,17.060746895749098],[76.67660801782753,17.07201191734938]]]}},{"type":"Feature","properties":{"type":"village","name":"Gopanapalli(K)","taluk":"Sedam","district":"Kalaburagi","village_code":"620526"},"geometry":{"type":"Polygon","coordinates":[[[77.38524376290559,17.06942929012048],[77.38208213238167,17.083535575850572],[77.37733312305515,17.08376715379697],[77.37498050808959,17.08051125606286],[77.37344859666251,17.080216555734626],[77.36400548034472,17.079774129977288],[77.36285650185867,17.080458114104903],[77.36159828194585,17.078605782777558],[77.36006628607718,17.07977382685735],[77.3531507720507,17.080120403379034],[77.3538842365987,17.077205324649455],[77.3532065502433,17.071153906029256],[77.36222257064414,17.070312867199576],[77.36913778283666,17.067745401766594],[77.37344872601993,17.068566414137823],[77.38246451285875,17.06717722307496],[77.38524376290559,17.06942929012048]]]}},{"type":"Feature","properties":{"type":"village","name":"Kadlapur","taluk":"Sedam","district":"Kalaburagi","village_code":"620562"},"geometry":{"type":"Polygon","coordinates":[[[77.43933253259986,17.05027018736274],[77.44183054977564,17.06043567465965],[77.43944770470412,17.067224439975924],[77.44377271191149,17.07582123685089],[77.43817057615288,17.076286044029693],[77.43318001523636,17.073003963599252],[77.41781608491462,17.065767028397506],[77.42084577807616,17.06132524481324],[77.4313413228516,17.053978917830666],[77.4316254213484,17.052277764325233],[77.4334046057355,17.051938734119638],[77.4367064471056,17.04913436602282],[77.43933253259986,17.05027018736274]]]}},{"type":"Feature","properties":{"type":"village","name":"Ribbanpalli","taluk":"Sedam","district":"Kalaburagi","village_code":"620564"},"geometry":{"type":"Polygon","coordinates":[[[77.48031426515621,17.067961465371138],[77.47605238076726,17.06839093142516],[77.4728578305814,17.066826983097343],[77.46855932996316,17.07092848159029],[77.46730735873143,17.061478429913603],[77.46853055692459,17.057015679712762],[77.47259773596728,17.051541299665978],[77.47959799256608,17.04846487684141],[77.48312984307313,17.045158514400978],[77.4881438401371,17.047180113711995],[77.48769436988131,17.049538727813502],[77.48987424869921,17.050545039297088],[77.48655605888925,17.054594927896073],[77.48644434709547,17.056307290026673],[77.4834915155863,17.058915707158373],[77.48031426515621,17.067961465371138]]]}},{"type":"Feature","properties":{"type":"village","name":"Madri","taluk":"Jevargi","district":"Kalaburagi","village_code":"620845"},"geometry":{"type":"Polygon","coordinates":[[[76.88653959704577,17.04211794565642],[76.87144487833994,17.048113372761584],[76.8622858048234,17.05635363713163],[76.8616937952882,17.05912761498497],[76.85867328290892,17.063360675722464],[76.85479330468657,17.065361727050384],[76.85207842342142,17.065067736174665],[76.84833988673721,17.062699821856302],[76.84571594462324,17.05204608889898],[76.8397614779321,17.04667321230483],[76.84655030435069,17.032415678157466],[76.85155762513547,17.02381869178407],[76.85268942962992,17.023367037806608],[76.86359356862076,17.024502099184705],[76.8674677230651,17.026910408173944],[76.889854206171,17.027226563005907],[76.88653959704577,17.04211794565642]]]}},{"type":"Feature","properties":{"type":"village","name":"Wadi (TMC)","taluk":"Chitapur","district":"Kalaburagi","village_code":"803213"},"geometry":{"type":"Polygon","coordinates":[[[76.99944329082336,17.07299333512456],[76.99836422282597,17.071932396994736],[76.99222122670616,17.073566931836556],[76.98926482798699,17.07835307689924],[76.98245155212135,17.08305536482125],[76.98123445079402,17.082274386302288],[76.98099870681233,17.080729371754007],[76.98099354599104,17.071539885291745],[76.97976708601509,17.070677578108217],[76.96795739311555,17.06891213985472],[76.96375692833918,17.066388432075655],[76.96408459243234,17.06398022817631],[76.96578390221762,17.061847026886507],[76.96819299157018,17.06088816226701],[76.97083483890441,17.0558494546933],[76.97446970910654,17.054908022340268],[76.97635449943843,17.048685895932],[76.97980099921368,17.047134535575434],[76.98243877807799,17.044088092594446],[76.98078837976328,17.04068239926177],[76.97875393369831,17.03909309999202],[76.9689360662951,17.034421656081825],[76.9641184966478,17.036239979687135],[76.96114557701223,17.035970144152945],[76.9615650597072,17.02898972220553],[76.9679612927022,17.02905475265713],[76.9702256176484,17.030571771284894],[76.98316207459531,17.027705606012095],[76.98833119992908,17.025470987147038],[76.9887103428779,17.023406072198686],[76.99307676960636,17.021971449006287],[76.99420916519227,17.023014453218273],[76.99536411567831,17.022584581375064],[76.99364607601933,17.031196798998646],[76.9969767191741,17.03276260368848],[76.99709532823263,17.03462393330888],[76.9984892332792,17.033240614707964],[77.00168645685133,17.03379303860241],[77.00265820671497,17.03947104969836],[77.00617018019969,17.039135351056903],[77.01619711521393,17.04098039222948],[77.01449555964042,17.04807386686926],[77.01503974466651,17.05166829602499],[77.01064988807877,17.051459363299344],[77.01008512983607,17.049732353955996],[77.00436742581618,17.051324268054543],[77.00589636202304,17.05552928267125],[77.00470599635518,17.05579132119598],[77.00196754778855,17.06618725925264],[77.00075749733793,17.06659940825546],[77.00110583615734,17.070953857278347],[76.99944329082336,17.07299333512456]]]}},{"type":"Feature","properties":{"type":"village","name":"Alura","taluk":"Chitapur","district":"Kalaburagi","village_code":"620674"},"geometry":{"type":"Polygon","coordinates":[[[77.18012841214997,17.02432815126288],[77.18000547590671,17.021267377677518],[77.18168092104816,17.018934153074696],[77.18158271003477,17.017008453937834],[77.17962963426658,17.015834739788012],[77.17684706584306,17.016085931651943],[77.17651237602608,17.012023201824547],[77.17072309604099,17.009200327208113],[77.16820190592414,17.01094929866997],[77.1655824913192,17.014735866017666],[77.1585771161199,17.01930472025404],[77.15754965094571,17.024880046596085],[77.15345057721885,17.028951297101017],[77.14555298719455,17.03062615226359],[77.14535345520025,17.026879039692442],[77.1426121733472,17.021243113614823],[77.14375954025566,17.01816127377529],[77.14209775579472,17.015112603070527],[77.1433994622521,17.014272029293235],[77.14319380644257,17.0130690068396],[77.14132677131224,17.0128219401623],[77.14073556397258,17.009451824333556],[77.14614767011601,17.005619809302203],[77.1588315091269,17.000192283347136],[77.17444413623844,17.00044763600473],[77.17182283696802,16.993032339125897],[77.1701267718975,16.990931812320564],[77.16494772107818,16.993368959779545],[77.15979134373664,16.993481586912637],[77.15860655031851,16.99225252742124],[77.15876875192284,16.990062214181073],[77.15649261413067,16.990487196742066],[77.15038379261922,16.988901126010465],[77.14813097509185,16.9901529583768],[77.14803822134381,16.991426911149023],[77.15036124221066,16.99404160134662],[77.14707004767331,16.999416734904607],[77.14358568211222,16.997316149056438],[77.1390792233023,16.992801775897146],[77.14343969959032,16.98475730002355],[77.15277006206863,16.973775927878346],[77.15688113998264,16.972086081996956],[77.16140824028112,16.972218749637495],[77.16935433034764,16.974840141085313],[77.1791513882773,16.987707683086306],[77.18633972963868,17.00096863008195],[77.18951086074507,17.002704163809828],[77.1920491188523,17.00239025178736],[77.19344968041514,17.005740255758283],[77.19740403285479,17.00650609929914],[77.19662809416353,17.02006471885506],[77.1904768326448,17.0199727719837],[77.18374098526841,17.023888811615283],[77.18012841214997,17.02432815126288]]]}},{"type":"Feature","properties":{"type":"village","name":" ","taluk":"Sedam","district":"Kalaburagi","village_code":" "},"geometry":{"type":"Polygon","coordinates":[[[77.29776640893455,17.041188128235945],[77.2918800839493,17.0425959559474],[77.28925344239791,17.044846984773706],[77.28061249378104,17.04130694828382],[77.27256674192198,17.03023160228488],[77.27228329560205,17.02845288234194],[77.27416722714456,17.024023202588065],[77.29107996081395,17.021568462927064],[77.29409799923299,17.024053416256727],[77.29794231613518,17.039083378286314],[77.29776640893455,17.041188128235945]]]}},{"type":"Feature","properties":{"type":"village","name":" ","taluk":"Chitapur","district":"Kalaburagi","village_code":" "},"geometry":{"type":"Polygon","coordinates":[[[77.18098186287384,17.043274303871865],[77.16322373457201,17.046220027226678],[77.1589411826433,17.048165361056853],[77.15295537013867,17.031851782793563],[77.14555298719455,17.03062615226359],[77.15345057721885,17.028951297101017],[77.15754965094571,17.024880046596085],[77.1585771161199,17.01930472025404],[77.1655824913192,17.014735866017666],[77.16820190592414,17.01094929866997],[77.17072309604099,17.009200327208113],[77.17651237602608,17.012023201824547],[77.17684706584306,17.016085931651943],[77.17962963426658,17.015834739788012],[77.18158271003477,17.017008453937834],[77.18168092104816,17.018934153074696],[77.18000547590671,17.021267377677518],[77.17919189870334,17.034381517718025],[77.18098186287384,17.043274303871865]]]}},{"type":"Feature","properties":{"type":"village","name":"Janiwar","taluk":"Jevargi","district":"Kalaburagi","village_code":"620762"},"geometry":{"type":"Polygon","coordinates":[[[76.71799137726596,17.05940867925639],[76.71101726433689,17.0612730540734],[76.71046067537335,17.05608215682759],[76.70828584508735,17.0556628616557],[76.70784792357288,17.053119428040958],[76.70417021091822,17.052809107166],[76.70387285957601,17.0493168397301],[76.70081895591929,17.046679475890066],[76.7017078478761,17.038108587269228],[76.69966370629426,17.035050662248686],[76.70018284000197,17.029601814606245],[76.70590391719577,17.021182728313423],[76.73135643301136,17.021636709342104],[76.73201305477166,17.02849915819143],[76.73484069796115,17.02944194324545],[76.73448205636375,17.03457001386545],[76.73092213080913,17.034368543951224],[76.72747227043641,17.03793945233201],[76.7233306713623,17.039156771612227],[76.72216972462174,17.046503511405888],[76.71799137726596,17.05940867925639]]]}},{"type":"Feature","properties":{"type":"village","name":"Kalhangerga","taluk":"Jevargi","district":"Kalaburagi","village_code":"620768"},"geometry":{"type":"Polygon","coordinates":[[[76.64906941180128,17.058481580954144],[76.63638193641009,17.05852495866709],[76.63921832739382,17.05091206300394],[76.63597200460322,17.034877976416528],[76.63864778310239,17.018531840766695],[76.65381091480526,17.01852142909184],[76.66552901008856,17.02686879769313],[76.6636003128005,17.033871994573847],[76.65926597030071,17.035815436782265],[76.65735622297359,17.045705542116345],[76.65747917179327,17.050652687738594],[76.65316767434945,17.051299340582794],[76.65282036410105,17.05302072477021],[76.64934004365367,17.052989499798567],[76.64906941180128,17.058481580954144]]]}},{"type":"Feature","properties":{"type":"village","name":"Mudnal","taluk":"Sedam","district":"Kalaburagi","village_code":"621295"},"geometry":{"type":"Polygon","coordinates":[[[77.36811032574731,17.041371994206123],[77.36071514639342,17.038340570278475],[77.35857087499673,17.039140212337905],[77.3558578388712,17.038718974997668],[77.35065086212462,17.035897890193255],[77.34973129000592,17.040570467010486],[77.34434829826091,17.043895271368708],[77.34402112374961,17.037749143029025],[77.33942725077772,17.033454496223655],[77.33503089218397,17.027307541112194],[77.3420103509873,17.02573026764931],[77.34522680569303,17.02341550095642],[77.34874968831858,17.019564204286546],[77.34894743356374,17.013544431891823],[77.3520216283661,17.00940359809452],[77.36409758101752,17.004795189126025],[77.38969848234841,16.991867025390267],[77.39013850681896,16.997873079990285],[77.38815262996644,17.00888948419054],[77.39282095530908,17.011339773776346],[77.39030580726083,17.019548764238213],[77.37862960491086,17.025027949833206],[77.3770031673597,17.02665494901734],[77.38272037461124,17.034110523413656],[77.36811032574731,17.041371994206123]]]}},{"type":"Feature","properties":{"type":"village","name":"Jakanpalli","taluk":"Sedam","district":"Kalaburagi","village_code":"620542"},"geometry":{"type":"Polygon","coordinates":[[[77.32831048684733,17.04231339513716],[77.31448106228716,17.04611928740934],[77.31233791288629,17.042729851653462],[77.31065568815936,17.035362435810534],[77.31354469706254,17.03247976261241],[77.31848995414265,17.030418537656008],[77.32161937467379,17.027725251596998],[77.33503089218397,17.027307541112194],[77.34450225063598,17.03909630706403],[77.34439254567855,17.04094853139581],[77.34233596332832,17.040232544989045],[77.3386379343752,17.041978868805145],[77.32831048684733,17.04231339513716]]]}},{"type":"Feature","properties":{"type":"village","name":"Halkatta","taluk":"Chitapur","district":"Kalaburagi","village_code":"620682"},"geometry":{"type":"Polygon","coordinates":[[[77.04210134258193,17.008265929945864],[77.03994418575085,17.011971764415726],[77.03804882224803,17.018840156988404],[77.02947178337374,17.02556464834994],[77.02694157417147,17.03296751613396],[77.0223019589853,17.035381585005478],[77.02124593636822,17.039922965397725],[77.02007507222689,17.040410325032845],[77.01619711521393,17.04098039222948],[77.00617018019969,17.039135351056903],[77.00265820671497,17.03947104969836],[77.00168645685133,17.03379303860241],[76.9984892332792,17.033240614707964],[76.99709532823263,17.03462393330888],[76.9969767191741,17.03276260368848],[76.99364607601933,17.031196798998646],[76.99536411567831,17.022584581375064],[76.99420916519227,17.023014453218273],[76.99307676960636,17.021971449006287],[76.9887103428779,17.023406072198686],[76.98833119992908,17.025470987147038],[76.98485709402682,17.027203225651494],[76.9702256176484,17.030571771284894],[76.9679612927022,17.02905475265713],[76.95029427512978,17.02912959377956],[76.95690591424844,17.016883439770755],[76.9636633768872,17.01707497116099],[76.97015221271329,17.015323673208012],[76.97857446737252,17.011501991095436],[76.98628885318116,17.01026461683429],[76.9872318740237,17.008881613826965],[76.98704296999757,17.00706097388863],[76.99224503026456,17.004479543622633],[76.99694956040811,17.00341191121791],[76.99809948571846,17.001811681800465],[77.00119624979403,17.001446243796238],[77.0031153782277,16.999616640280852],[77.00637572821145,17.000239744814905],[77.00731210691079,16.9971825610535],[77.02083884503426,16.99929156639096],[77.02457458795797,17.00137889031448],[77.03243214186668,16.999429069371708],[77.03544340070027,17.002430907288364],[77.0407490870252,17.002118291978814],[77.04210134258193,17.008265929945864]]]}},{"type":"Feature","properties":{"type":"village","name":"Raghapur","taluk":"Sedam","district":"Kalaburagi","village_code":"620548"},"geometry":{"type":"Polygon","coordinates":[[[77.32364404527185,17.064012870855596],[77.31598385123102,17.068094028146042],[77.31237392724437,17.06577760404064],[77.31169733503697,17.06055744527461],[77.31463204303529,17.05285475004741],[77.31727876822151,17.051958856382225],[77.31922830822076,17.04885697070884],[77.31547672530367,17.045803872215394],[77.32449222468162,17.04302806981531],[77.324959034219,17.056456928948272],[77.32364404527185,17.064012870855596]]]}},{"type":"Feature","properties":{"type":"village","name":" ","taluk":"Jevargi","district":"Kalaburagi","village_code":" "},"geometry":{"type":"Polygon","coordinates":[[[76.5661268539958,17.039065985888087],[76.56868820689068,17.04864030098594],[76.5686821441608,17.05314921962167],[76.56571761568831,17.05583200116275],[76.56614384742602,17.05956847775092],[76.56506813822949,17.0621016727721],[76.55997112515514,17.06090225318752],[76.55859596615191,17.059249790943674],[76.55707406734703,17.059497753833103],[76.55614915204902,17.05846281886643],[76.55175788510631,17.057562149699393],[76.54353206325361,17.050370841635374],[76.53190287064074,17.050609656882603],[76.53150145576109,17.036228813168425],[76.5661268539958,17.039065985888087]]]}},{"type":"Feature","properties":{"type":"village","name":" ","taluk":"Jevargi","district":"Kalaburagi","village_code":" "},"geometry":{"type":"Polygon","coordinates":[[[76.55676150123887,17.079299805945542],[76.55377905407138,17.078182807997315],[76.55177253213704,17.080029904624983],[76.54412981122682,17.079922985843258],[76.54240123073627,17.079732512380122],[76.53870114913275,17.07647348460771],[76.53083262140451,17.07732828737146],[76.53338925005933,17.074790408635238],[76.53198537011981,17.07354731683356],[76.52958024413431,17.073758510763525],[76.52946818559082,17.063267789179584],[76.5321781674444,17.05425125571204],[76.53190287064074,17.050609656882603],[76.54353206325361,17.050370841635374],[76.55175788510631,17.057562149699393],[76.5591829639861,17.059588836217348],[76.55997112515514,17.06090225318752],[76.55835037483808,17.063017676634004],[76.55881831535443,17.06797402632222],[76.56093092293393,17.071205065240225],[76.56601499757325,17.074664486807837],[76.56091950444836,17.077073871789754],[76.56148711304547,17.079342065945863],[76.56035482795235,17.079919989852957],[76.55826976361776,17.078229575586928],[76.55676150123887,17.079299805945542]]]}},{"type":"Feature","properties":{"type":"village","name":"Allur (B)","taluk":"Chitapur","district":"Kalaburagi","village_code":"620691"},"geometry":{"type":"Polygon","coordinates":[[[77.06682025910222,17.026301838080027],[77.07104779910124,17.04626318019162],[77.07199985519892,17.060142600939482],[77.05094329822677,17.04361963238192],[77.03979645241246,17.03652069274499],[77.04093242508985,17.02668657607753],[77.04939947064747,17.02575159611497],[77.0586070253416,17.026843495898262],[77.06682025910222,17.026301838080027]]]}},{"type":"Feature","properties":{"type":"village","name":"Bammanhalli","taluk":"Chitapur","district":"Kalaburagi","village_code":"620675"},"geometry":{"type":"Polygon","coordinates":[[[77.09157057533496,17.05869248276725],[77.07984401522678,17.058633754151966],[77.07199985519892,17.060142600939482],[77.07104779910124,17.04626318019162],[77.06682025910222,17.026301838080027],[77.07368637656788,17.02729669702085],[77.08259560973927,17.024438994636903],[77.08407462117587,17.025573327139142],[77.087056585948,17.02584954073416],[77.08708423160088,17.028451896287248],[77.08939001379744,17.02864209823658],[77.09016916935573,17.030824420713326],[77.09291284432072,17.03183008568897],[77.091465723975,17.04511828730368],[77.09157057533496,17.05869248276725]]]}},{"type":"Feature","properties":{"type":"village","name":"Sulhalli","taluk":"Chitapur","district":"Kalaburagi","village_code":"620684"},"geometry":{"type":"Polygon","coordinates":[[[77.07199985519892,17.060142600939482],[77.05280047344851,17.059244932762248],[77.0387926632359,17.0555982363714],[77.03979645241246,17.03652069274499],[77.05094329822677,17.04361963238192],[77.07199985519892,17.060142600939482]]]}},{"type":"Feature","properties":{"type":"village","name":"Mahur","taluk":"Jevargi","district":"Kalaburagi","village_code":"620729"},"geometry":{"type":"Polygon","coordinates":[[[76.50497701624958,17.035247678883003],[76.49976860309685,17.042522891200523],[76.50124870688487,17.048564319404232],[76.48522674983771,17.047375153382298],[76.4851127733911,17.045048092982135],[76.48628591027006,17.043515081244546],[76.48526192067771,17.041814199205906],[76.48508520678995,17.035163335601307],[76.48948193279466,17.03340585358555],[76.49598805759668,17.02672121114239],[76.50218255233507,17.02830638960402],[76.50428080303975,17.029757939192393],[76.50544454893077,17.03118631759704],[76.50497701624958,17.035247678883003]]]}},{"type":"Feature","properties":{"type":"village","name":"Bhutpur","taluk":"Sedam","district":"Kalaburagi","village_code":"620539"},"geometry":{"type":"Polygon","coordinates":[[[77.31598385123102,17.068094028146042],[77.31427568136206,17.07205055085732],[77.31154016399823,17.072281207048277],[77.31046798787571,17.071944085206038],[77.30810599180363,17.067986241195808],[77.30394761399663,17.06956338213387],[77.3023296996609,17.065858317260524],[77.29946320882695,17.065478365922615],[77.29473879177965,17.060235503636694],[77.28712425730812,17.059285084679004],[77.28872418288026,17.053792225019208],[77.28925344239791,17.044846984773706],[77.2918800839493,17.0425959559474],[77.29776640893455,17.041188128235945],[77.30446112065742,17.042621926386605],[77.3107393320921,17.046602196648614],[77.31547672530367,17.045803872215394],[77.31922830822076,17.04885697070884],[77.31727876822151,17.051958856382225],[77.31463204303529,17.05285475004741],[77.31169733503697,17.06055744527461],[77.31237392724437,17.06577760404064],[77.31598385123102,17.068094028146042]]]}},{"type":"Feature","properties":{"type":"village","name":"Amarwadi","taluk":"Sedam","district":"Kalaburagi","village_code":"620524"},"geometry":{"type":"Polygon","coordinates":[[[77.3532065502433,17.071153906029256],[77.34703512603804,17.07315264195965],[77.344540589834,17.071952505938814],[77.34392837718808,17.06883728117531],[77.34517719533312,17.059681538233455],[77.34867820757478,17.06050294676386],[77.35330632342699,17.06018783324601],[77.3532065502433,17.071153906029256]]]}},{"type":"Feature","properties":{"type":"village","name":"Kadtal","taluk":"Sedam","district":"Kalaburagi","village_code":"620567"},"geometry":{"type":"Polygon","coordinates":[[[77.40575364112843,17.034284429600845],[77.40201688670173,17.034627198004117],[77.39446433508648,17.03767756312678],[77.38783474313686,17.036120435803937],[77.38560307464621,17.036562547581497],[77.3770031673597,17.02665494901734],[77.37862960491086,17.025027949833206],[77.39030580726083,17.019548764238213],[77.39282095530908,17.011339773776346],[77.39592737986725,17.01106589074632],[77.4027532276553,17.01388563109994],[77.41736640535139,17.011694285636995],[77.41911829083533,17.019334451940786],[77.42106601264445,17.021965073787232],[77.41857283828638,17.025817417921317],[77.41960156739019,17.027774692804766],[77.40986171777108,17.02841664740583],[77.40575364112843,17.034284429600845]]]}},{"type":"Feature","properties":{"type":"village","name":"Chamnoor","taluk":"Chitapur","district":"Kalaburagi","village_code":"620661"},"geometry":{"type":"Polygon","coordinates":[[[76.95029427512978,17.02912959377956],[76.94573893808693,17.029036291676253],[76.94280915195806,17.030808291879897],[76.93978958730138,17.03113001279962],[76.92377087317239,17.03171708823401],[76.91404736660324,17.02062292901412],[76.9130746393726,17.017297874165934],[76.91373571408174,17.012133715754032],[76.91733159560391,17.007289779180837],[76.92815351628836,17.00177997236429],[76.93273527278372,16.99829485597381],[76.9369641557641,16.993102510860577],[76.95038454683267,16.99626978876456],[76.96088238231206,16.994038410684542],[76.96229611856688,16.995013712975897],[76.96192810215118,17.001380263087338],[76.96027798411085,17.00738532560006],[76.95794287012363,17.014976450774153],[76.95029427512978,17.02912959377956]]]}},{"type":"Feature","properties":{"type":"village","name":"Alhalli","taluk":"Chitapur","district":"Kalaburagi","village_code":"620686"},"geometry":{"type":"Polygon","coordinates":[[[77.13013374221084,17.034472790998027],[77.12442812322648,17.036773499903337],[77.12142248066007,17.034930099805244],[77.10659066200698,17.034544646976613],[77.10229645713241,17.02504719113465],[77.09917563258024,17.02148078928464],[77.09699098730145,17.01990392797648],[77.09012464885029,17.01783825496994],[77.08281924263429,17.017109500631573],[77.08581552834872,17.008152932008528],[77.08730486322456,17.00014001970779],[77.08740123987813,16.983020033085154],[77.08838020411184,16.979210223095038],[77.09543768429253,16.98092057204071],[77.12841805613793,16.992992067320024],[77.13664066920845,16.997506545858418],[77.14614767011601,17.005619809302203],[77.14073556397258,17.009451824333556],[77.14132677131224,17.0128219401623],[77.14319380644257,17.0130690068396],[77.1433994622521,17.014272029293235],[77.14209775579472,17.015112603070527],[77.14375954025566,17.01816127377529],[77.1426121733472,17.021243113614823],[77.14535345520025,17.026879039692442],[77.14555298719455,17.03062615226359],[77.13780763555972,17.02961229867341],[77.13535633077873,17.031744886242983],[77.13215349632935,17.03198443475282],[77.13013374221084,17.034472790998027]]]}},{"type":"Feature","properties":{"type":"village","name":"Gundepalli(K)","taluk":"Sedam","district":"Kalaburagi","village_code":"620527"},"geometry":{"type":"Polygon","coordinates":[[[77.31448106228716,17.04611928740934],[77.3107393320921,17.046602196648614],[77.30446112065742,17.042621926386605],[77.29776640893455,17.041188128235945],[77.29794231613518,17.039083378286314],[77.29409799923299,17.024053416256727],[77.30939053235424,17.024437991382023],[77.31140502593844,17.019387082160065],[77.3129694509889,17.018808758807886],[77.31433645059441,17.0198300288924],[77.31472944197165,17.022313842271828],[77.31798780039043,17.02696648318667],[77.32161937467379,17.027725251596998],[77.31848995414265,17.030418537656008],[77.31354469706254,17.03247976261241],[77.31065568815936,17.035362435810534],[77.31233791288629,17.042729851653462],[77.31448106228716,17.04611928740934]]]}},{"type":"Feature","properties":{"type":"village","name":"Jeratgi","taluk":"Jevargi","district":"Kalaburagi","village_code":"620742"},"geometry":{"type":"Polygon","coordinates":[[[76.4908711917546,17.01723190934879],[76.48413790278015,17.01758444040661],[76.48012987690055,17.020043650009516],[76.47436875820132,17.0312753970377],[76.45695645343612,17.03035818623705],[76.44973263221425,17.027982978597905],[76.43731469632405,17.026702355677468],[76.43649807832345,17.025326270953528],[76.4331999847247,17.02549804824938],[76.43936913529399,17.006213638589987],[76.46019982705762,17.00095655687005],[76.46453553230172,16.997786556722264],[76.46572405103329,16.999005900814605],[76.4686443383764,16.99844890795753],[76.47531241774603,17.006116705090434],[76.48206134908455,17.008440116138704],[76.48679929835326,17.016303431938496],[76.4908711917546,17.01723190934879]]]}},{"type":"Feature","properties":{"type":"village","name":"Dongaon","taluk":"Chitapur","district":"Kalaburagi","village_code":"620681"},"geometry":{"type":"Polygon","coordinates":[[[77.21222731571605,17.02747605520479],[77.2133473936028,17.03261251032461],[77.2120512369372,17.032644676634096],[77.21015624174369,17.037759786392986],[77.2066021956626,17.04038613130463],[77.19927646326671,17.04231801241677],[77.19992533615938,17.044224360262287],[77.19736153086376,17.04558064160229],[77.19769557479205,17.047107596984002],[77.19624942372856,17.04820595422364],[77.19593535833216,17.049837040745945],[77.18666121332267,17.05073007179969],[77.1854985858342,17.047653588380328],[77.18140678935943,17.0442346167705],[77.17919189870334,17.034381517718025],[77.18012841214997,17.02432815126288],[77.18374098526841,17.023888811615283],[77.1904768326448,17.0199727719837],[77.19662809416353,17.02006471885506],[77.20092546829441,17.02325709913775],[77.21222731571605,17.02747605520479]]]}},{"type":"Feature","properties":{"type":"village","name":"Mandewal","taluk":"Jevargi","district":"Kalaburagi","village_code":"620733"},"geometry":{"type":"Polygon","coordinates":[[[76.58255298285219,17.027296486581044],[76.57928799486662,17.032044118269205],[76.57601490317887,17.031284293727605],[76.5731442971626,17.035593680137534],[76.57065509964629,17.036044791832815],[76.5661268539958,17.039065985888087],[76.52892330616704,17.035929390291443],[76.50497701624958,17.035247678883003],[76.50544454893077,17.03118631759704],[76.50428080303975,17.029757939192393],[76.51342144222836,17.01093240961517],[76.51216935960556,17.00814411582658],[76.51445025307888,17.00221782016905],[76.51444858580568,16.993897219966513],[76.51833695878436,16.992742743953738],[76.52187888389729,16.989681425881777],[76.52262185621426,16.987612576814605],[76.5245989223905,16.98685456602594],[76.52438875344494,16.98478070710123],[76.52631997769386,16.98184498916505],[76.52468275766438,16.97934120518733],[76.52505408886347,16.978532673216492],[76.52828125058905,16.975145785829493],[76.53411728069818,16.974443743233923],[76.53555493729233,16.97226672940232],[76.54007088231167,16.973203943768542],[76.54562545407259,16.971715320079458],[76.54615031004869,16.973988079016955],[76.54899028171715,16.974951528380355],[76.55076869714638,16.97729252530473],[76.55601296206207,16.97711371791911],[76.55939289397979,16.978226305417795],[76.57167513126149,16.993491806683306],[76.57238824537508,16.99551605684662],[76.57022260485441,16.999206645937374],[76.5722100079446,17.001487268037252],[76.5685409442695,17.00769393334616],[76.56815359970214,17.015234318167774],[76.56907781970413,17.018098979684726],[76.5683586383691,17.02042552590291],[76.57806005267047,17.022239833333312],[76.58255298285219,17.027296486581044]]]}},{"type":"Feature","properties":{"type":"village","name":"Kamarwadi","taluk":"Chitapur","district":"Kalaburagi","village_code":"620683"},"geometry":{"type":"Polygon","coordinates":[[[77.04093242508985,17.02668657607753],[77.03897957479874,17.052229409997395],[77.02952267562952,17.050062014858636],[77.0154636084451,17.044198751625963],[77.01619711521393,17.04098039222948],[77.02124593636822,17.039922965397725],[77.0223019589853,17.035381585005478],[77.02694157417147,17.03296751613396],[77.02947178337374,17.02556464834994],[77.03804882224803,17.018840156988404],[77.03994418575085,17.011971764415726],[77.04210134258193,17.008265929945864],[77.0453280443701,17.012096009614325],[77.0470053589057,17.01277234296074],[77.06783745293947,17.017312097219918],[77.06682025910222,17.026301838080027],[77.0586070253416,17.026843495898262],[77.04939947064747,17.02575159611497],[77.04093242508985,17.02668657607753]]]}},{"type":"Feature","properties":{"type":"village","name":"Kardal","taluk":"Chitapur","district":"Kalaburagi","village_code":"620676"},"geometry":{"type":"Polygon","coordinates":[[[77.10645807156935,17.058525672325256],[77.09157057533496,17.05869248276725],[77.091465723975,17.04511828730368],[77.09291284432072,17.03183008568897],[77.09016916935573,17.030824420713326],[77.08939001379744,17.02864209823658],[77.08708423160088,17.028451896287248],[77.087056585948,17.02584954073416],[77.08407462117587,17.025573327139142],[77.08259560973927,17.024438994636903],[77.07368637656788,17.02729669702085],[77.06682025910222,17.026301838080027],[77.06783745293947,17.017312097219918],[77.08657441701591,17.01716190814045],[77.09699098730145,17.01990392797648],[77.09917563258024,17.02148078928464],[77.10229645713241,17.02504719113465],[77.10596310793264,17.03373736159285],[77.10719279465708,17.03473258381322],[77.10645807156935,17.058525672325256]]]}},{"type":"Feature","properties":{"type":"village","name":"Hipperga-Kona","taluk":"Jevargi","district":"Kalaburagi","village_code":"620757"},"geometry":{"type":"Polygon","coordinates":[[[76.6350932195917,17.013746471410887],[76.63308284388475,17.011691852062896],[76.62028199212156,17.01988286942049],[76.61246301366776,17.022895917889272],[76.59937887368814,17.030037419973738],[76.59622773818168,17.029905934772962],[76.58866742063078,17.02697698028564],[76.58255298285219,17.027296486581044],[76.57806005267047,17.022239833333312],[76.5683586383691,17.02042552590291],[76.56907781970413,17.018098979684726],[76.56815359970214,17.015234318167774],[76.5685409442695,17.00769393334616],[76.57216768112505,17.00172670922744],[76.5702226794146,16.998953639421657],[76.57249642409485,16.99485646064812],[76.5611247470329,16.979898533165493],[76.55939289397979,16.978226305417795],[76.554618599773,16.97705900695077],[76.56221883665846,16.96543228477757],[76.57998484857522,16.958633118099087],[76.58910626471508,16.95794379691965],[76.59707712133394,16.959661991194228],[76.60530648524384,16.95985281802061],[76.61072847824524,16.961258440324045],[76.62494341211462,16.962411220575124],[76.63466121168672,16.965180655584227],[76.63727151288315,16.966901907771195],[76.63409421574065,16.988647115026904],[76.6342165932318,16.995297583135912],[76.63667514112895,17.000959297267592],[76.6350932195917,17.013746471410887]]]}},{"type":"Feature","properties":{"type":"village","name":"Gudur S.Andola","taluk":"Jevargi","district":"Kalaburagi","village_code":"620842"},"geometry":{"type":"Polygon","coordinates":[[[76.51234171576586,17.0086006016004],[76.51342144222836,17.01093240961517],[76.5052300707668,17.02876456211244],[76.50428080303975,17.029757939192393],[76.50218255233507,17.02830638960402],[76.49557307096971,17.026500121420245],[76.49212545908016,17.017972154655496],[76.4908711917546,17.01723190934879],[76.49356820193547,17.01318019275102],[76.49812448310767,17.009742815360276],[76.51234171576586,17.0086006016004]]]}},{"type":"Feature","properties":{"type":"village","name":"Yangunti","taluk":"Jevargi","district":"Kalaburagi","village_code":"620846"},"geometry":{"type":"Polygon","coordinates":[[[76.92377087317239,17.03171708823401],[76.92625630405271,17.035854965020203],[76.92644481012519,17.0382675107394],[76.9250600795726,17.04097861607575],[76.9210170571262,17.04366318531847],[76.91133282759624,17.04395868627132],[76.90920543464546,17.04478129505864],[76.89742607785308,17.04184610369442],[76.88653959704577,17.04211794565642],[76.889854206171,17.027226563005907],[76.9035243836858,17.02531870620715],[76.91385474534847,17.02019375603363],[76.92377087317239,17.03171708823401]]]}},{"type":"Feature","properties":{"type":"village","name":"Gudur S.Nelogi","taluk":"Jevargi","district":"Kalaburagi","village_code":"620735"},"geometry":{"type":"Polygon","coordinates":[[[76.85268942962992,17.023367037806608],[76.85155762513547,17.02381869178407],[76.84655030435069,17.032415678157466],[76.8397614779321,17.04667321230483],[76.83531887137258,17.04480641578407],[76.82829293822802,17.04421749367486],[76.84153782364292,17.015092955302617],[76.81929934336995,17.011739966041507],[76.81325691364621,17.008702064303403],[76.81489734335622,17.003615337000433],[76.81528888575092,16.99795386117748],[76.81363956182129,16.987421933706983],[76.81391821922242,16.982393505200232],[76.83057628500036,16.98186943617305],[76.84764111512547,16.983206757832907],[76.84454341590369,16.985043814653057],[76.8422891943095,16.98832349292366],[76.8389347224435,16.99922477310536],[76.84634733091056,17.00884539485969],[76.84867524490076,17.016842553762665],[76.85268942962992,17.023367037806608]]]}},{"type":"Feature","properties":{"type":"village","name":"Gounahalli","taluk":"Jevargi","district":"Kalaburagi","village_code":"620761"},"geometry":{"type":"Polygon","coordinates":[[[76.77441251569593,17.055618625328954],[76.75341330896813,17.0622166107257],[76.74264686104911,17.06137508505401],[76.73354440834491,17.0619312207189],[76.71875447903183,17.065393130293252],[76.71795904061068,17.06051107430831],[76.72216972462174,17.046503511405888],[76.7233306713623,17.039156771612227],[76.72747227043641,17.03793945233201],[76.73092213080913,17.034368543951224],[76.73448205636375,17.03457001386545],[76.7345838920793,17.03200827827137],[76.73927033194965,17.031300960203616],[76.75415428972016,17.034915087899748],[76.75415135312748,17.03946466820468],[76.7583122893364,17.039647873672607],[76.75953995125818,17.044198171895232],[76.76669837692401,17.05081649071949],[76.77441251569593,17.055618625328954]]]}},{"type":"Feature","properties":{"type":"village","name":" ","taluk":"Sedam","district":"Kalaburagi","village_code":" "},"geometry":{"type":"Polygon","coordinates":[[[77.48659619471783,17.00322118280957],[77.49191182539296,17.0036700668516],[77.49323261116871,17.0058108393677],[77.49593325323826,17.006857457354016],[77.49786476764304,17.009336689868995],[77.50223851204784,17.009378872059436],[77.5025688180862,17.014113904065457],[77.50065888301121,17.019294825724923],[77.4977365672722,17.021630145998547],[77.49498348425129,17.02709848581681],[77.49668885407151,17.042729623194816],[77.4881438401371,17.047180113711995],[77.48312984307313,17.045158514400978],[77.48139080978595,17.045969763022672],[77.47580404779515,17.042646928878565],[77.47396512993325,17.040753472994354],[77.4743778599922,17.03507026669374],[77.46978125793848,17.031136391142056],[77.46982064008054,17.022401366064884],[77.4800747751998,17.010651555088202],[77.48641577438123,17.005302014154875],[77.48659619471783,17.00322118280957]]]}},{"type":"Feature","properties":{"type":"village","name":"Nadepalli","taluk":"Sedam","district":"Kalaburagi","village_code":"620566"},"geometry":{"type":"Polygon","coordinates":[[[77.47259773596728,17.051541299665978],[77.46603882166761,17.051439020264407],[77.46310717512779,17.052345345109156],[77.45658572237205,17.05036945719829],[77.43933253259986,17.05027018736274],[77.4367064471056,17.04913436602282],[77.43930943511728,17.04668147958458],[77.4401732146703,17.042187363801506],[77.44170305458229,17.040145278614425],[77.43885620271709,17.032779284634294],[77.4344796906029,17.03046525278802],[77.42905374591258,17.030340407370474],[77.41960156739019,17.027774692804766],[77.41857283828638,17.025817417921317],[77.42104431294047,17.022701768335555],[77.43603135238979,17.02509751690764],[77.43843679009072,17.02166595104907],[77.4437299556972,17.0182860611775],[77.44922290841951,17.022788524038127],[77.4520237252197,17.023924123194362],[77.4529207011157,17.023881696043528],[77.45482252709868,17.020197544952726],[77.45731575535568,17.018344340337798],[77.46709495477747,17.018477090348203],[77.46982064008054,17.022401366064884],[77.46978125793848,17.031136391142056],[77.4743778599922,17.03507026669374],[77.47396512993325,17.040753472994354],[77.48139080978595,17.045969763022672],[77.47959799256608,17.04846487684141],[77.47259773596728,17.051541299665978]]]}},{"type":"Feature","properties":{"type":"village","name":"Jevargi (TP)","taluk":"Jevargi","district":"Kalaburagi","village_code":"803214"},"geometry":{"type":"Polygon","coordinates":[[[76.75957417257894,17.04419476221973],[76.7583122893364,17.039647873672607],[76.75415135312748,17.03946466820468],[76.75415428972016,17.034915087899748],[76.74895496661978,17.03426722227992],[76.74625909280776,17.032476194682964],[76.74187220155878,17.03154800420441],[76.7345838920793,17.03200827827137],[76.73484069796115,17.02944194324545],[76.73201305477166,17.02849915819143],[76.730970829379,17.003885809346645],[76.72973835787718,17.00095988915906],[76.73020064619375,16.998606195929696],[76.73332569192942,16.994913414654828],[76.73636787975823,16.994252191797617],[76.75851017022715,16.993315687379738],[76.78944437658636,16.98980289976661],[76.79325779503606,16.998474517700128],[76.79227219764228,17.000977066038576],[76.79456007192367,17.005568846041708],[76.79928829962438,17.006162576701993],[76.79800638574764,17.017592546624584],[76.7984320335804,17.021690509681495],[76.80472316638212,17.0257003016276],[76.80401319098215,17.0279725829097],[76.80651906572172,17.03307425738168],[76.78442560318005,17.037479364641804],[76.75957417257894,17.04419476221973]]]}},{"type":"Feature","properties":{"type":"village","name":"Rudrawaram","taluk":"Sedam","district":"Kalaburagi","village_code":"620540"},"geometry":{"type":"Polygon","coordinates":[[[77.3520126640779,17.08105164211739],[77.34308349998527,17.082576304908645],[77.3345484025533,17.082806199311133],[77.32721725241791,17.08185734306699],[77.32080577321588,17.0793719701241],[77.3234229761686,17.072095296811828],[77.324959034219,17.056456928948272],[77.32449222468162,17.04302806981531],[77.33248969568741,17.04178816080366],[77.3386379343752,17.041978868805145],[77.34233596332832,17.040232544989045],[77.34439254567855,17.04094853139581],[77.34373542984484,17.04520015774266],[77.33948997384579,17.048651307018986],[77.3403427849692,17.05153506630264],[77.34020981184923,17.0605015606843],[77.3406034796579,17.061638234365656],[77.34441087310695,17.062396626714065],[77.34392837718808,17.06883728117531],[77.3454376411885,17.073026105895117],[77.3492673101617,17.072774100049877],[77.3532065502433,17.071153906029256],[77.3538842365987,17.077205324649455],[77.3531507720507,17.080120403379034],[77.3520126640779,17.08105164211739]]]}},{"type":"Feature","properties":{"type":"village","name":"Kattisangavi","taluk":"Jevargi","district":"Kalaburagi","village_code":"620844"},"geometry":{"type":"Polygon","coordinates":[[[76.82829293822802,17.04421749367486],[76.81803090781574,17.04434575925321],[76.81233636505884,17.037232737309335],[76.80825067982298,17.036747958957818],[76.80577216327536,17.03359355966118],[76.80651906572172,17.03307425738168],[76.80401319098215,17.0279725829097],[76.80472316638212,17.0257003016276],[76.80307980277439,17.024769451719752],[76.80757138458488,17.0191095903198],[76.80916267644885,17.007584786947163],[76.81929934336995,17.011739966041507],[76.84153782364292,17.015092955302617],[76.82829293822802,17.04421749367486]]]}},{"type":"Feature","properties":{"type":"village","name":"Kundanoor","taluk":"Chitapur","district":"Kalaburagi","village_code":"620660"},"geometry":{"type":"Polygon","coordinates":[[[76.96114557701223,17.035970144152945],[76.95249592102533,17.038503568108965],[76.94853378917531,17.042751867850562],[76.9467082849572,17.046574687704442],[76.93951326102838,17.047168855091392],[76.93533995771296,17.05348618475029],[76.93021256541236,17.058669667194074],[76.92400736095914,17.05647545077247],[76.91980391018278,17.057524530869358],[76.9150644777955,17.056264949234883],[76.90750663420492,17.0527964077833],[76.90462703515432,17.049729117007267],[76.90592230608104,17.043412835239486],[76.90920543464546,17.04478129505864],[76.91133282759624,17.04395868627132],[76.92054272689326,17.043753645018718],[76.9250600795726,17.04097861607575],[76.92651949605792,17.03658229358576],[76.92377087317239,17.03171708823401],[76.94280915195806,17.030808291879897],[76.94772062429864,17.028764542357045],[76.9615650597072,17.02898972220553],[76.96114557701223,17.035970144152945]]]}},{"type":"Feature","properties":{"type":"village","name":"Jilladpalli","taluk":"Sedam","district":"Kalaburagi","village_code":"620525"},"geometry":{"type":"Polygon","coordinates":[[[77.36913778283666,17.067745401766594],[77.36222257064414,17.070312867199576],[77.3532065502433,17.071153906029256],[77.35330632342699,17.06018783324601],[77.35592143689837,17.058272746023917],[77.35627169901076,17.056799411926164],[77.3660421138074,17.052411661681806],[77.36812076686583,17.053990383015382],[77.36842701871586,17.056305696085232],[77.37231098276312,17.058200170910045],[77.37318623829393,17.059905092934347],[77.36877684514538,17.064114580017964],[77.36913778283666,17.067745401766594]]]}},{"type":"Feature","properties":{"type":"village","name":" ","taluk":"Sedam","district":"Kalaburagi","village_code":" "},"geometry":{"type":"Polygon","coordinates":[[[77.40575364112843,17.034284429600845],[77.40580186808278,17.03858037315829],[77.40348597624602,17.042434664821336],[77.40149945530148,17.043217532056577],[77.39783387080145,17.042608539217415],[77.39546087935028,17.04737017379476],[77.39121617703778,17.049054355832997],[77.3887876149048,17.05204334581431],[77.38710277608041,17.05221181614033],[77.38668715524287,17.054274557054953],[77.3837988407374,17.055095542788273],[77.38277055989292,17.05901053072548],[77.3805386533487,17.06113643987124],[77.38058659463879,17.064427892083966],[77.38308076702513,17.066159961013042],[77.38524376290559,17.06942929012048],[77.38246451285875,17.06717722307496],[77.38093270204303,17.067008867584907],[77.37344872601993,17.068566414137823],[77.36913778283666,17.067745401766594],[77.36877684514538,17.064114580017964],[77.37318623829393,17.059905092934347],[77.37231098276312,17.058200170910045],[77.36842701871586,17.056305696085232],[77.36812076686583,17.053990383015382],[77.3657686001596,17.05238007332637],[77.36648542611192,17.047896850756263],[77.36845481887899,17.044423997914773],[77.36811032574731,17.041371994206123],[77.38306495577783,17.033756640649333],[77.38560307464621,17.036562547581497],[77.38938819077454,17.036330834636324],[77.39262645927028,17.037698755384348],[77.39790476314874,17.036635363860633],[77.40201688670173,17.034627198004117],[77.40575364112843,17.034284429600845]]]}},{"type":"Feature","properties":{"type":"village","name":"Satnoor","taluk":"Chitapur","district":"Kalaburagi","village_code":"620677"},"geometry":{"type":"Polygon","coordinates":[[[77.12116511512778,17.07058444531395],[77.11298370418612,17.0708394562642],[77.11180415962421,17.067712891129215],[77.10735544272413,17.068737785002586],[77.10645807156935,17.058525672325256],[77.10719279465708,17.03473258381322],[77.12142248066007,17.034930099805244],[77.12442812322648,17.036773499903337],[77.13013374221084,17.034472790998027],[77.13173594591056,17.048320163843456],[77.13137622633482,17.0498692831043],[77.12754727242061,17.052769780901453],[77.12698192308646,17.05459080988996],[77.12700763556484,17.056461278790295],[77.12903788470081,17.058875581784758],[77.12885808779501,17.06442106917763],[77.12299848768947,17.06662932306391],[77.12116511512778,17.07058444531395]]]}},{"type":"Feature","properties":{"type":"village","name":"Hossur","taluk":"Chitapur","district":"Kalaburagi","village_code":"620678"},"geometry":{"type":"Polygon","coordinates":[[[77.1589411826433,17.048165361056853],[77.1496221092932,17.052904557337328],[77.14720311781127,17.060992316369838],[77.13988748697075,17.0627232758657],[77.13902698357359,17.06880440576057],[77.13554889813464,17.069645045203952],[77.13236227288624,17.07645957261634],[77.12312688389305,17.074638550021437],[77.11803812094628,17.072438308413023],[77.11759272095705,17.07047718019838],[77.12116511512778,17.07058444531395],[77.12299848768947,17.06662932306391],[77.12885808779501,17.06442106917763],[77.12903788470081,17.058875581784758],[77.12700763556484,17.056461278790295],[77.12698192308646,17.05459080988996],[77.12754727242061,17.052769780901453],[77.13137622633482,17.0498692831043],[77.13173594591056,17.048320163843456],[77.13013374221084,17.034472790998027],[77.13215349632935,17.03198443475282],[77.13535633077873,17.031744886242983],[77.13799548406543,17.029607771267482],[77.14467063676965,17.029953340609303],[77.14638055925171,17.031226241916574],[77.15295537013867,17.031851782793563],[77.1589411826433,17.048165361056853]]]}},{"type":"Feature","properties":{"type":"village","name":"Mudhole","taluk":"Sedam","district":"Kalaburagi","village_code":"620561"},"geometry":{"type":"Polygon","coordinates":[[[77.3953440300914,17.080503923680887],[77.38221336726153,17.081451809624475],[77.38524376290559,17.06942929012048],[77.38274903805532,17.065819326943544],[77.38073794189955,17.064848976990614],[77.38042925561507,17.061662645189347],[77.38277055989292,17.05901053072548],[77.3837988407374,17.055095542788273],[77.38668715524287,17.054274557054953],[77.38710277608041,17.05221181614033],[77.3887876149048,17.05204334581431],[77.39121617703778,17.049054355832997],[77.39546087935028,17.04737017379476],[77.39783387080145,17.042608539217415],[77.40149945530148,17.043217532056577],[77.40348597624602,17.042434664821336],[77.40580186808278,17.03858037315829],[77.40575364112843,17.034284429600845],[77.40986171777108,17.02841664740583],[77.41960156739019,17.027774692804766],[77.42905374591258,17.030340407370474],[77.4344796906029,17.03046525278802],[77.43885620271709,17.032779284634294],[77.44170305458229,17.040145278614425],[77.4401732146703,17.042187363801506],[77.43930943511728,17.04668147958458],[77.43563472283569,17.050502806270618],[77.4316254213484,17.052277764325233],[77.4313413228516,17.053978917830666],[77.42084577807616,17.06132524481324],[77.41848315857324,17.064230378935488],[77.41659136677201,17.06905077672376],[77.41672347391604,17.072734175163262],[77.41438196122903,17.072881948638944],[77.40663579302564,17.0766718666926],[77.40088025466098,17.076420029786707],[77.39950178716254,17.078188224702018],[77.39648179131451,17.07842005831353],[77.3953440300914,17.080503923680887]]]}},{"type":"Feature","properties":{"type":"village","name":"Malkapalli","taluk":"Sedam","district":"Kalaburagi","village_code":"620559"},"geometry":{"type":"Polygon","coordinates":[[[77.35330632342699,17.06018783324601],[77.34867820757478,17.06050294676386],[77.34517719533312,17.059681538233455],[77.34441087310695,17.062396626714065],[77.3406034796579,17.061638234365656],[77.34020981184923,17.0605015606843],[77.3403427849692,17.05153506630264],[77.33948997384579,17.048651307018986],[77.34434829826091,17.043895271368708],[77.34973129000592,17.040570467010486],[77.35065086212462,17.035897890193255],[77.3558578388712,17.038718974997668],[77.35857087499673,17.039140212337905],[77.36071514639342,17.038340570278475],[77.36536030328655,17.039613902340303],[77.36811032574731,17.041371994206123],[77.36834546965437,17.043055860989476],[77.3657686001596,17.05238007332637],[77.35627169901076,17.056799411926164],[77.35592143689837,17.058272746023917],[77.35330632342699,17.06018783324601]]]}},{"type":"Feature","properties":{"type":"village","name":"Ravoor","taluk":"Chitapur","district":"Kalaburagi","village_code":"620673"},"geometry":{"type":"Polygon","coordinates":[[[77.04153501498243,17.11386512278742],[77.02993024396886,17.11462700208342],[77.02420831786715,17.12066750760856],[77.01703388691793,17.123225565253325],[77.01668785676883,17.130882779342983],[77.01290215583721,17.12915399829983],[77.00935191771465,17.125548470115938],[77.01015666627539,17.118285663693054],[77.00838825987506,17.105935176265525],[76.999187588971,17.089319701282864],[77.00083564268279,17.076089146250315],[76.99944329082336,17.07299333512456],[77.00110583615734,17.070953857278347],[77.00075749733793,17.06659940825546],[77.00196754778855,17.06618725925264],[77.00470599635518,17.05579132119598],[77.00589636202304,17.05552928267125],[77.00436742581618,17.051324268054543],[77.01008512983607,17.049732353955996],[77.01064988807877,17.051459363299344],[77.01503974466651,17.05166829602499],[77.01449555964042,17.04807386686926],[77.0154636084451,17.044198751625963],[77.02952267562952,17.050062014858636],[77.03897957479874,17.052229409997395],[77.03878507875994,17.06145862900205],[77.0419711263916,17.103665071744476],[77.04153501498243,17.11386512278742]]]}},{"type":"Feature","properties":{"type":"village","name":"Kekarsawalgi","taluk":"Afzalpur","district":"Kalaburagi","village_code":"620180"},"geometry":{"type":"Polygon","coordinates":[[[76.60410720559344,17.121232770828854],[76.58623794221624,17.12399938819758],[76.58551974902807,17.12079603138347],[76.58169151376607,17.116417325233378],[76.5780430807998,17.105187134319383],[76.58496983724206,17.1000269876634],[76.58599443768881,17.097921844347425],[76.58632006440287,17.090910072130544],[76.58541983301228,17.086351381390926],[76.5924839921671,17.088064935852742],[76.59584233577195,17.09110154823208],[76.60183154570497,17.09428754883724],[76.60291185158083,17.095868963064824],[76.60730904560779,17.09585589998141],[76.60997595683676,17.11345802178558],[76.60258536068746,17.114884904406008],[76.60410720559344,17.121232770828854]]]}},{"type":"Feature","properties":{"type":"village","name":"Mallabad","taluk":"Sedam","district":"Kalaburagi","village_code":"620530"},"geometry":{"type":"Polygon","coordinates":[[[77.46289306078147,17.094093057922805],[77.4576163109885,17.092896779737845],[77.45468456383736,17.095192156071626],[77.45043886708979,17.095762024175627],[77.44943033930008,17.091300191234865],[77.4503238099699,17.076610528100787],[77.45875207884997,17.074230793106768],[77.46860254880978,17.069823435297998],[77.46698586965756,17.07532823597369],[77.4685527857363,17.079800261832297],[77.46782238085015,17.085336235765432],[77.46646947491313,17.087251368049845],[77.46648443815081,17.089044982019416],[77.46289306078147,17.094093057922805]]]}},{"type":"Feature","properties":{"type":"village","name":"Nelogi","taluk":"Jevargi","district":"Kalaburagi","village_code":"620732"},"geometry":{"type":"Polygon","coordinates":[[[76.62500120702504,17.08516294813949],[76.62263361714369,17.08547915807179],[76.60524355196998,17.081488630202497],[76.60561619201444,17.067076418991896],[76.60289279831366,17.059273600067154],[76.60014513842214,17.058911809098458],[76.59253527519007,17.063649964081296],[76.58142136969887,17.06656181013919],[76.5747281671457,17.065841817031355],[76.56506813822949,17.0621016727721],[76.56614384742602,17.05956847775092],[76.56571761568831,17.05583200116275],[76.5686821441608,17.05314921962167],[76.56868820689068,17.04864030098594],[76.5661268539958,17.039065985888087],[76.57065509964629,17.036044791832815],[76.5731442971626,17.035593680137534],[76.57601490317887,17.031284293727605],[76.57928799486662,17.032044118269205],[76.58255298285219,17.027296486581044],[76.58866742063078,17.02697698028564],[76.59622773818168,17.029905934772962],[76.59937887368814,17.030037419973738],[76.61246301366776,17.022895917889272],[76.62028199212156,17.01988286942049],[76.63308284388475,17.011691852062896],[76.63864778310239,17.018531840766695],[76.63597200460322,17.034877976416528],[76.63921832739382,17.05091206300394],[76.63638193641009,17.05852495866709],[76.63036986884465,17.058186278167494],[76.63145538494913,17.07525508012929],[76.62905034969347,17.075431308621543],[76.62838337664617,17.078779109987167],[76.62556022233812,17.078526094352164],[76.62500120702504,17.08516294813949]]]}},{"type":"Feature","properties":{"type":"village","name":"Lingampalli","taluk":"Sedam","district":"Kalaburagi","village_code":"620529"},"geometry":{"type":"Polygon","coordinates":[[[77.43314946173692,17.09820907337496],[77.41235792484156,17.101749779335663],[77.4113943900712,17.099097883792915],[77.40905263573741,17.099761274636776],[77.4081332100441,17.098709011404186],[77.407432283374,17.095446661981008],[77.40944574299732,17.095035917909623],[77.41132754912584,17.092909758023765],[77.41167685093924,17.088384358249858],[77.41351498816516,17.087205348042193],[77.44951629639468,17.087279976097026],[77.45043886708979,17.095762024175627],[77.44041496927956,17.095807472803195],[77.43314946173692,17.09820907337496]]]}},{"type":"Feature","properties":{"type":"village","name":"Kutnoor","taluk":"Jevargi","district":"Kalaburagi","village_code":"620750"},"geometry":{"type":"Polygon","coordinates":[[[76.67660801782753,17.07201191734938],[76.66260601432491,17.088295421111948],[76.6592569655883,17.09046006241867],[76.64037653876436,17.086793550255674],[76.62500120702504,17.08516294813949],[76.62556022233812,17.078526094352164],[76.62838337664617,17.078779109987167],[76.62905034969347,17.075431308621543],[76.63145538494913,17.07525508012929],[76.63036986884465,17.058186278167494],[76.65005000827387,17.05876337016083],[76.65351680638126,17.06190293683744],[76.65730838678638,17.068408268709224],[76.65872706287693,17.069153518787797],[76.65934754541337,17.071674437787205],[76.66945694666896,17.075616780164477],[76.669757275028,17.07432910303165],[76.67297009335347,17.073750115873995],[76.67398854842537,17.07041112337092],[76.67660801782753,17.07201191734938]]]}},{"type":"Feature","properties":{"type":"village","name":"Ferozabad","taluk":"Gulbarga","district":"Kalaburagi","village_code":"620317"},"geometry":{"type":"Polygon","coordinates":[[[76.82184804169746,17.11402708963317],[76.81060894070009,17.116160656165363],[76.79765738936146,17.1117374161493],[76.77585386706086,17.109717144994573],[76.7762556026391,17.105212974127923],[76.775050585449,17.100757687731296],[76.77405529164004,17.099505715102957],[76.76464781508282,17.09526286473788],[76.76166716005434,17.09119052266979],[76.76259412620612,17.088683599117424],[76.7669514826452,17.084177126712405],[76.78904356627291,17.075206323862353],[76.79377652180696,17.06893291293542],[76.7981297747418,17.060052381047967],[76.8011324133419,17.056823200750838],[76.80813233576741,17.05243878673178],[76.81175577939914,17.045861851650706],[76.81531156641523,17.044439818960928],[76.81803090781574,17.04434575925321],[76.81919813737343,17.051728441316563],[76.8173319071336,17.056955166839053],[76.8203977871297,17.060981550664515],[76.81867327241415,17.06336653512514],[76.81917020964957,17.06652020762835],[76.82233547385881,17.068617424636066],[76.82233369429622,17.074892852997856],[76.82017984596034,17.08325496695877],[76.8274018741449,17.09410446139682],[76.82184804169746,17.11402708963317]]]}},{"type":"Feature","properties":{"type":"village","name":"Narayanpur","taluk":"Jevargi","district":"Kalaburagi","village_code":"620740"},"geometry":{"type":"Polygon","coordinates":[[[76.4707699760191,17.083458414050323],[76.47029183603102,17.088623909661965],[76.46709455496672,17.09519092394384],[76.46517571668892,17.104121999797634],[76.45932828516223,17.114375710139708],[76.45877996698754,17.11707085086421],[76.45222282865714,17.11416483697839],[76.44703510101051,17.113169041674926],[76.43416319520327,17.114244571115975],[76.41825594942465,17.117019590920698],[76.41944295539331,17.113105610809413],[76.42984862192793,17.103353766022302],[76.43114762086306,17.05343213505522],[76.45576457590367,17.06911819514477],[76.45590681334912,17.080558388013092],[76.45708959274437,17.084098326822453],[76.45909471510356,17.08346343217439],[76.45854357532053,17.079579782777426],[76.45994428061383,17.078918698692043],[76.46667629308224,17.08248267830145],[76.4707699760191,17.083458414050323]]]}},{"type":"Feature","properties":{"type":"village","name":"Ghatterga","taluk":"Afzalpur","district":"Kalaburagi","village_code":"620140"},"geometry":{"type":"Polygon","coordinates":[[[76.42946367226914,17.099652155408062],[76.429347779716,17.104336251701234],[76.42063768417846,17.111770838613754],[76.41879748531896,17.11415297198084],[76.41827485896138,17.116705342183756],[76.40680830273745,17.113821191314575],[76.40539833940684,17.111668897889132],[76.3962122292952,17.10664008823794],[76.39378338509123,17.103433946105014],[76.39065442359926,17.10273840896799],[76.38737255177791,17.099455346706883],[76.39040767256037,17.09712735511536],[76.39144459879117,17.09169568891311],[76.38894656993726,17.081571639627303],[76.38803350790947,17.07258368540828],[76.39407427215664,17.069728909196403],[76.39822314668625,17.070061050906272],[76.40075891196857,17.07227776611251],[76.40487095287659,17.081736440746944],[76.41012595715151,17.089171757940516],[76.41946336691319,17.09524825694493],[76.42946367226914,17.099652155408062]]]}},{"type":"Feature","properties":{"type":"village","name":"Yankanchi","taluk":"Jevargi","district":"Kalaburagi","village_code":"620227"},"geometry":{"type":"Polygon","coordinates":[[[76.55676150123887,17.079299805945542],[76.56073646821764,17.090184876872737],[76.56161583174423,17.10082391668764],[76.55852999567409,17.099247114032686],[76.54237877914238,17.098563264114468],[76.53692362303565,17.097477625758017],[76.53745715763571,17.094729922973613],[76.53669827435843,17.09016646916077],[76.53300274721336,17.07746936873678],[76.53870114913275,17.07647348460771],[76.54240123073627,17.079732512380122],[76.54412981122682,17.079922985843258],[76.55177253213704,17.080029904624983],[76.55377905407138,17.078182807997315],[76.55676150123887,17.079299805945542]]]}},{"type":"Feature","properties":{"type":"village","name":"Umerga","taluk":"Afzalpur","district":"Kalaburagi","village_code":"620176"},"geometry":{"type":"Polygon","coordinates":[[[76.53358110684779,17.105333285108493],[76.51393911527543,17.111568191703807],[76.50906432474119,17.100931955970626],[76.50865769514131,17.09757489566158],[76.50957614616249,17.0937623002038],[76.51380684463808,17.089278416398017],[76.51726485362875,17.088399332368777],[76.52020526862407,17.08897920911432],[76.52797734064698,17.09396194840318],[76.53692362303565,17.097477625758017],[76.53602941484903,17.103724485067435],[76.53358110684779,17.105333285108493]]]}},{"type":"Feature","properties":{"type":"village","name":"Hadnoor","taluk":"Jevargi","district":"Kalaburagi","village_code":"620877"},"geometry":{"type":"Polygon","coordinates":[[[76.73423815298433,17.108167411822237],[76.72032986532537,17.114056587306276],[76.71460303621883,17.118267204672303],[76.71252628399557,17.11473769395724],[76.70712584696773,17.110014133077875],[76.7007694452724,17.09899277387553],[76.69988501614594,17.095920895981838],[76.70054911188942,17.08946800600027],[76.7215089697128,17.086175894803407],[76.72911151886183,17.089456775690245],[76.73123218882104,17.093024871902863],[76.73246585867545,17.09802558795798],[76.73268762936289,17.099719696705616],[76.73127459469235,17.101581811381912],[76.73423815298433,17.108167411822237]]]}},{"type":"Feature","properties":{"type":"village","name":"Sagnur","taluk":"Afzalpur","district":"Kalaburagi","village_code":"620177"},"geometry":{"type":"Polygon","coordinates":[[[76.56418943406634,17.104249932273845],[76.55870766087772,17.11479337426892],[76.5343499641197,17.108332003967043],[76.53358110684779,17.105333285108493],[76.53602941484903,17.103724485067435],[76.53692362303565,17.097477625758017],[76.56076602907872,17.09978550102187],[76.56418943406634,17.104249932273845]]]}},{"type":"Feature","properties":{"type":"village","name":"Allhalli","taluk":"Sedam","district":"Kalaburagi","village_code":"620534"},"geometry":{"type":"Polygon","coordinates":[[[77.24610975061692,17.13012665739655],[77.23307081835395,17.129950882421483],[77.22848294163657,17.12837669595608],[77.22666526893113,17.12392954293065],[77.23089265262328,17.10945717582523],[77.24707171962376,17.10857556411761],[77.2514930109582,17.111702075679293],[77.2547498063084,17.118734114913018],[77.25242384435731,17.127446559226833],[77.25049654125456,17.128918715846464],[77.24610975061692,17.13012665739655]]]}},{"type":"Feature","properties":{"type":"village","name":"Belgumpa (K)","taluk":"Gulbarga","district":"Kalaburagi","village_code":"620309"},"geometry":{"type":"Polygon","coordinates":[[[76.70881152931014,17.112008599064808],[76.69914696300347,17.118610199094686],[76.69271055016243,17.11981413482578],[76.68904392361668,17.11864338423231],[76.68847126558936,17.116015876364703],[76.69017523763097,17.111565198798047],[76.6900662468342,17.10886351078272],[76.6859783742006,17.092862207606125],[76.68969757464832,17.08864586978534],[76.69138413823806,17.08892545992555],[76.69699203399425,17.085937264172124],[76.698514670316,17.087508981136644],[76.70107198438536,17.087755200309473],[76.70002876635434,17.091172493719256],[76.70013927889723,17.09737558018389],[76.70881152931014,17.112008599064808]]]}},{"type":"Feature","properties":{"type":"village","name":" ","taluk":"Jevargi","district":"Kalaburagi","village_code":" "},"geometry":{"type":"Polygon","coordinates":[[[76.52498105313592,17.12684910474196],[76.52061788369866,17.13226115093747],[76.51717798564245,17.13294602390468],[76.51296778223008,17.13309728728024],[76.51006524020715,17.130976718128377],[76.5051177472203,17.13054457803255],[76.50679988121736,17.123163313956997],[76.50509375142244,17.116737807357627],[76.50865922766715,17.117688699184423],[76.51130651430043,17.114274691194385],[76.5148791977287,17.113155809813748],[76.5226471303148,17.124857349286476],[76.52498105313592,17.12684910474196]]]}},{"type":"Feature","properties":{"type":"village","name":" ","taluk":"Jevargi","district":"Kalaburagi","village_code":" "},"geometry":{"type":"Polygon","coordinates":[[[76.74878765270316,17.12136060225818],[76.74412755143696,17.12263287131993],[76.72528663790912,17.13369344002118],[76.71460303621883,17.118267204672303],[76.72032986532537,17.114056587306276],[76.73423815298433,17.108167411822237],[76.73691990887338,17.114563363949085],[76.74140072168022,17.11231549026202],[76.74841491833561,17.1118280136883],[76.74878765270316,17.12136060225818]]]}},{"type":"Feature","properties":{"type":"village","name":"Kalkhamb","taluk":"Sedam","district":"Kalaburagi","village_code":"620535"},"geometry":{"type":"Polygon","coordinates":[[[77.25321093293788,17.112155670870788],[77.2521050178899,17.113007432953566],[77.250486914908,17.110564853839414],[77.24536387225,17.108398266288894],[77.22190586340186,17.10925979881795],[77.21788530332911,17.089348568325615],[77.21870371526533,17.08689895041422],[77.2229572947295,17.08569582882112],[77.2296673820168,17.080418694057556],[77.23587700258796,17.087491096085024],[77.24106780786278,17.087291192799608],[77.24484691785513,17.092018632381325],[77.24889031759396,17.092528754154998],[77.25326283040846,17.099716318095826],[77.25321093293788,17.112155670870788]]]}},{"type":"Feature","properties":{"type":"village","name":"Hanchinal S.Sulekhan","taluk":"Jevargi","district":"Kalaburagi","village_code":"620772"},"geometry":{"type":"Polygon","coordinates":[[[76.5148791977287,17.113155809813748],[76.51130651430043,17.114274691194385],[76.50865922766715,17.117688699184423],[76.50509375142244,17.116737807357627],[76.50678518657594,17.12416889493993],[76.49898627199401,17.12046122086627],[76.4976891846738,17.118154337692296],[76.49775502579426,17.101268385733874],[76.50159880640221,17.1015689908233],[76.50405491267843,17.103029794726304],[76.50952688255231,17.102355386903692],[76.5148791977287,17.113155809813748]]]}},{"type":"Feature","properties":{"type":"village","name":"Kirsavalgi","taluk":"Afzalpur","district":"Kalaburagi","village_code":"620178"},"geometry":{"type":"Polygon","coordinates":[[[76.58623794221624,17.12399938819758],[76.57661887288373,17.12824403528741],[76.56203231226951,17.119994613722508],[76.55770540063376,17.118967593632355],[76.55744384266404,17.114702580710375],[76.55919633720576,17.11465348534194],[76.56418943406634,17.104249932273845],[76.57123033583846,17.109204061044196],[76.5780430807998,17.105187134319383],[76.58169151376607,17.116417325233378],[76.58551974902807,17.12079603138347],[76.58623794221624,17.12399938819758]]]}},{"type":"Feature","properties":{"type":"village","name":"Taklu","taluk":"Afzalpur","district":"Kalaburagi","village_code":"620175"},"geometry":{"type":"Polygon","coordinates":[[[76.55770540063376,17.118967593632355],[76.55430724100059,17.12209279306567],[76.55133671717189,17.128850580783418],[76.54581552141703,17.1256225479657],[76.52794053487318,17.128492436047452],[76.5226471303148,17.124857349286476],[76.51393911527543,17.111568191703807],[76.53358110684779,17.105333285108493],[76.5343499641197,17.108332003967043],[76.55744384266404,17.114702580710375],[76.55770540063376,17.118967593632355]]]}},{"type":"Feature","properties":{"type":"village","name":"Hullur","taluk":"Jevargi","district":"Kalaburagi","village_code":"620715"},"geometry":{"type":"Polygon","coordinates":[[[76.46463420504914,17.120899436871458],[76.4637835471875,17.12327766910528],[76.45911203731714,17.12235487366154],[76.45639382869219,17.127006002983165],[76.45286912967315,17.12847758190562],[76.45077489623444,17.12627050490134],[76.44846140469612,17.125418716839114],[76.43558470817348,17.124903825288676],[76.42191730106302,17.122534785200237],[76.41900612173863,17.120329730709035],[76.41825594942465,17.117019590920698],[76.43416319520327,17.114244571115975],[76.44703510101051,17.113169041674926],[76.45518207323916,17.11542001036273],[76.45877996698754,17.11707085086421],[76.45919274555554,17.1184974078724],[76.46463420504914,17.120899436871458]]]}},{"type":"Feature","properties":{"type":"village","name":"Gola (K)","taluk":"Chitapur","district":"Kalaburagi","village_code":"620656"},"geometry":{"type":"Polygon","coordinates":[[[76.95785794429496,17.110580790332097],[76.9442939790878,17.110066142754373],[76.91172769735074,17.10672925615915],[76.91238249732766,17.103825819688062],[76.92097978422845,17.103187138055294],[76.9241411057319,17.101415407640346],[76.9291922840655,17.08790103934382],[76.94915578896625,17.083986970153646],[76.95087598368359,17.09790160168497],[76.95785794429496,17.110580790332097]]]}},{"type":"Feature","properties":{"type":"village","name":"Mahur","taluk":"Jevargi","district":"Kalaburagi","village_code":"620729"},"geometry":{"type":"Polygon","coordinates":[[[76.58496983724206,17.1000269876634],[76.57123033583846,17.109204061044196],[76.56326419267988,17.10323349411628],[76.56161583174423,17.10082391668764],[76.56019232002251,17.087930244059343],[76.55676150123887,17.079299805945542],[76.55826976361776,17.078229575586928],[76.56035482795235,17.079919989852957],[76.56148711304547,17.079342065945863],[76.56091950444836,17.077073871789754],[76.56601499757325,17.074664486807837],[76.58450826578107,17.08395206491967],[76.58632006440287,17.090910072130544],[76.58599443768881,17.097921844347425],[76.58496983724206,17.1000269876634]]]}},{"type":"Feature","properties":{"type":"village","name":"Madhwar","taluk":"Sedam","district":"Kalaburagi","village_code":"620510"},"geometry":{"type":"Polygon","coordinates":[[[77.33615496398048,17.11820939798896],[77.33004774686009,17.1190920723987],[77.32249474069732,17.12367862497929],[77.32015280310722,17.122857099980344],[77.31321310822995,17.125086100353712],[77.30415054701255,17.125672356415592],[77.30603513163028,17.120116354011056],[77.30587171460536,17.118095686190223],[77.30055613782916,17.10954822693499],[77.31220945469899,17.10106389084923],[77.31291845003695,17.09915673103355],[77.31462807068509,17.098806744313574],[77.3187162020335,17.102734863846322],[77.32946612813782,17.103188814879154],[77.33541916111776,17.1044530267452],[77.3353294149293,17.114682364769997],[77.33615496398048,17.11820939798896]]]}},{"type":"Feature","properties":{"type":"village","name":"Kolkur","taluk":"Jevargi","district":"Kalaburagi","village_code":"620759"},"geometry":{"type":"Polygon","coordinates":[[[76.74858939901154,17.112812815638836],[76.74841491833561,17.1118280136883],[76.74140072168022,17.11231549026202],[76.73765758921502,17.11463525089725],[76.73597015515776,17.113389213113265],[76.73507041514561,17.10934163337868],[76.73127459469235,17.101581811381912],[76.73268762936289,17.099719696705616],[76.7301080837869,17.0906309383332],[76.7215089697128,17.086175894803407],[76.71875447903183,17.065393130293252],[76.73354440834491,17.0619312207189],[76.74264686104911,17.06137508505401],[76.75341330896813,17.0622166107257],[76.77441251569593,17.055618625328954],[76.78346965198729,17.061912016706675],[76.78346738014794,17.06654291232108],[76.78226315167865,17.070093453791905],[76.78904356627291,17.075206323862353],[76.7669514826452,17.084177126712405],[76.76190747915578,17.089979854631505],[76.76176068815015,17.09189537367252],[76.7637275126338,17.094467192995584],[76.77405529164004,17.099505715102957],[76.77571223597822,17.102190205631764],[76.76708895093479,17.106382835592438],[76.7584451330989,17.112734648590504],[76.75279707456473,17.113842652230986],[76.74858939901154,17.112812815638836]]]}},{"type":"Feature","properties":{"type":"village","name":"Rasangi","taluk":"Jevargi","district":"Kalaburagi","village_code":"620752"},"geometry":{"type":"Polygon","coordinates":[[[76.7215089697128,17.086175894803407],[76.70054911188942,17.08946800600027],[76.7028809631955,17.081394638106197],[76.70331096965401,17.076171737309053],[76.70001389204987,17.06501810559961],[76.70954824935275,17.06383080997681],[76.71101726433689,17.0612730540734],[76.71799137726596,17.05940867925639],[76.7215089697128,17.086175894803407]]]}},{"type":"Feature","properties":{"type":"village","name":" ","taluk":"Sedam","district":"Kalaburagi","village_code":" "},"geometry":{"type":"Polygon","coordinates":[[[77.26900576623679,17.078875938831906],[77.26731925474934,17.08133765462338],[77.26491115623858,17.082683407644495],[77.2646905542593,17.085651064663065],[77.26234817739304,17.086765295044945],[77.25960998574456,17.0908680920951],[77.25446648036271,17.091433329883515],[77.25082768901437,17.095425221268293],[77.24889031759396,17.092528754154998],[77.24484691785513,17.092018632381325],[77.24106780786278,17.087291192799608],[77.23587700258796,17.087491096085024],[77.2296673820168,17.080418694057556],[77.22941146456877,17.067562576803702],[77.22683975230201,17.03870761709552],[77.22533540478116,17.03474823132214],[77.2188326639328,17.027596437781717],[77.21805650335766,17.020502329785515],[77.22018298990834,17.01893364026585],[77.21955215338996,17.01576231312596],[77.22220420917907,17.013615064100293],[77.22194911997771,17.010651393593502],[77.22422854740044,17.007169472884005],[77.23015451144593,17.005000990371013],[77.2331494137548,17.00656508996899],[77.2393362027447,17.012291992980224],[77.24333790717962,17.0101918169227],[77.24825442625546,17.013727283923767],[77.25254657398806,17.015339190055204],[77.26118910184317,17.01344998126469],[77.26625251073936,17.01525243863088],[77.26959959216548,17.015401582130263],[77.27416722714456,17.024023202588065],[77.27228329560205,17.02845288234194],[77.27256674192198,17.03023160228488],[77.28061249378104,17.04130694828382],[77.28925344239791,17.044846984773706],[77.28826372533024,17.055833693871037],[77.28712425730812,17.059285084679004],[77.2850671701047,17.059652499994204],[77.28300812637062,17.06397694166594],[77.28557737725347,17.068045675337977],[77.26900576623679,17.078875938831906]]]}},{"type":"Feature","properties":{"type":"village","name":"Balwandgi","taluk":"Jevargi","district":"Kalaburagi","village_code":"620738"},"geometry":{"type":"Polygon","coordinates":[[[76.5195848651394,17.08883139515859],[76.51442239542358,17.089021239377225],[76.51076566292238,17.091880508881914],[76.4994888910736,17.088370794044632],[76.50004686074772,17.075910681428425],[76.4910606518379,17.071167572817735],[76.47636392004061,17.066297890591972],[76.48522674983771,17.047375153382298],[76.50124870688487,17.048564319404232],[76.49976860309685,17.042522891200523],[76.50497701624958,17.035247678883003],[76.52892330616704,17.035929390291443],[76.53150145576109,17.036228813168425],[76.53187665780077,17.03724553136894],[76.53229141805227,17.053189590130252],[76.52946818559082,17.063267789179584],[76.52958024413431,17.073758510763525],[76.51415955915122,17.072815250333857],[76.51107987025259,17.077683841060225],[76.5118572758927,17.081578747849623],[76.51913147822896,17.085495307943752],[76.5195848651394,17.08883139515859]]]}},{"type":"Feature","properties":{"type":"village","name":"Injepalli","taluk":"Sedam","district":"Kalaburagi","village_code":"620503"},"geometry":{"type":"Polygon","coordinates":[[[77.40669820707328,17.124519098383267],[77.40849830334189,17.12123037731543],[77.40811200531182,17.102634480809755],[77.4100813289086,17.09984530538887],[77.4113943900712,17.099097883792915],[77.41235792484156,17.101749779335663],[77.43314946173692,17.09820907337496],[77.43482573063352,17.11554954138659],[77.41503305296045,17.122507253977105],[77.40669820707328,17.124519098383267]]]}},{"type":"Feature","properties":{"type":"village","name":" ","taluk":"Gulbarga","district":"Kalaburagi","village_code":" "},"geometry":{"type":"Polygon","coordinates":[[[76.62966949014688,17.098599535235866],[76.63116505304257,17.105891236052326],[76.62997176605346,17.107215008340468],[76.60997595683676,17.11345802178558],[76.60667048806953,17.0923996123927],[76.60443794731474,17.08583150883956],[76.60625811015016,17.082469133416506],[76.62263361714369,17.08547915807179],[76.63358842740476,17.08586316366092],[76.63419170181359,17.08815175822576],[76.63631966878785,17.089339338668974],[76.6342510166735,17.090000305089216],[76.63532654620695,17.09118900973891],[76.63292282159331,17.092626684358773],[76.63020575382876,17.096081447974935],[76.62966949014688,17.098599535235866]]]}},{"type":"Feature","properties":{"type":"village","name":" ","taluk":"Chitapur","district":"Kalaburagi","village_code":" "},"geometry":{"type":"Polygon","coordinates":[[[77.0931156156399,17.122161960806434],[77.090460662784,17.124582584592964],[77.09205069610823,17.128683716390782],[77.08992294023807,17.129621737957493],[77.08543342634937,17.13012759140587],[77.08432148540247,17.12716198595429],[77.08320896773716,17.12689899012643],[77.07804611444072,17.12733884095527],[77.07835919797847,17.124242169791096],[77.07521692704724,17.12341557958302],[77.07432044342801,17.118423011249902],[77.07516032779445,17.116152280356868],[77.07418496580505,17.114237670189194],[77.08138786706058,17.11031689190017],[77.0831049329458,17.11226916994591],[77.08519355191399,17.111049685087234],[77.0917513262516,17.111107259610133],[77.09331255868953,17.111952099723315],[77.0929218068123,17.114279288663393],[77.09444361488735,17.117657819866682],[77.0931156156399,17.122161960806434]]]}},{"type":"Feature","properties":{"type":"village","name":" ","taluk":"Afzalpur","district":"Kalaburagi","village_code":" "},"geometry":{"type":"Polygon","coordinates":[[[76.40898879959627,17.121237672036862],[76.39826431557739,17.12151150676111],[76.38331709664797,17.12523780022663],[76.38145644404776,17.12690903519328],[76.3728871531428,17.125283237364684],[76.36746899055775,17.12384200580462],[76.36378020257398,17.12088582609991],[76.36232035489732,17.116045321352242],[76.36273370479384,17.112008623962712],[76.3646935179267,17.10833228557638],[76.36778675431816,17.106207856403145],[76.38418367984299,17.102633129386994],[76.38698836928036,17.100748571116476],[76.38737255177791,17.099455346706883],[76.39065442359926,17.10273840896799],[76.39378338509123,17.103433946105014],[76.3962122292952,17.10664008823794],[76.40539833940684,17.111668897889132],[76.40775976055716,17.114399823871718],[76.41739041995346,17.116247625126316],[76.41248609460926,17.116975097000125],[76.40898879959627,17.121237672036862]]]}},{"type":"Feature","properties":{"type":"village","name":"Imdapur","taluk":"Sedam","district":"Kalaburagi","village_code":"620518"},"geometry":{"type":"Polygon","coordinates":[[[77.34868432959342,17.094183895877045],[77.3470643114033,17.09713038860818],[77.3349819887982,17.101800878634258],[77.33541916111776,17.1044530267452],[77.32946612813782,17.103188814879154],[77.3187162020335,17.102734863846322],[77.31462807068509,17.098806744313574],[77.31856734041115,17.099872173687782],[77.3233175516835,17.09705306071336],[77.32642523118808,17.09779055292052],[77.3337141245725,17.094719244219807],[77.33769736234012,17.09493054982934],[77.34645207090963,17.093395576302253],[77.34868432959342,17.094183895877045]]]}},{"type":"Feature","properties":{"type":"village","name":"Belur","taluk":"Jevargi","district":"Kalaburagi","village_code":"620739"},"geometry":{"type":"Polygon","coordinates":[[[76.47636392004061,17.066297890591972],[76.4910606518379,17.071167572817735],[76.50004686074772,17.075910681428425],[76.4994888910736,17.088370794044632],[76.48368230870905,17.083558917329643],[76.46972604382742,17.08340604832035],[76.45994428061383,17.078918698692043],[76.45854357532053,17.079579782777426],[76.45909471510356,17.08346343217439],[76.45653991631697,17.0835172816863],[76.45576457590367,17.06911819514477],[76.46523293398265,17.065794933838617],[76.47636392004061,17.066297890591972]]]}},{"type":"Feature","properties":{"type":"village","name":"Hanmanhalli","taluk":"Sedam","district":"Kalaburagi","village_code":"620536"},"geometry":{"type":"Polygon","coordinates":[[[77.27794970581921,17.102339928801626],[77.26840700496395,17.102250814586892],[77.26612996795818,17.10359664925052],[77.25330273087845,17.105651888004896],[77.25326283040846,17.099716318095826],[77.25082768901437,17.095425221268293],[77.25446648036271,17.091433329883515],[77.25960998574456,17.0908680920951],[77.26234817739304,17.086765295044945],[77.2646905542593,17.085651064663065],[77.26491115623858,17.082683407644495],[77.26731925474934,17.08133765462338],[77.26900576623679,17.078875938831906],[77.27315067021284,17.082856207267564],[77.28354509343339,17.084576715633958],[77.2862140357532,17.08672484335764],[77.2918380948963,17.0877165623271],[77.29593002522003,17.090303595322847],[77.2956332407148,17.092317138428776],[77.29692380626601,17.093990978725344],[77.2958424376832,17.0957388507978],[77.28557720118367,17.09693418686094],[77.28150546319091,17.098658236670307],[77.27794970581921,17.102339928801626]]]}},{"type":"Feature","properties":{"type":"village","name":"Ingalgi","taluk":"Chitapur","district":"Kalaburagi","village_code":"620657"},"geometry":{"type":"Polygon","coordinates":[[[76.98123445079402,17.082274386302288],[76.9833162147183,17.083606105182294],[76.95334448760899,17.102969815371033],[76.95087598368359,17.09790160168497],[76.94940514691608,17.084971793091224],[76.94595379174669,17.076095227660144],[76.93829800034912,17.064744059020484],[76.93532379612267,17.061745005610383],[76.93021256541236,17.058669667194074],[76.93533995771296,17.05348618475029],[76.93908598185507,17.04750783211605],[76.9467082849572,17.046574687704442],[76.94853378917531,17.042751867850562],[76.95433651783851,17.03754959186681],[76.95922482442458,17.036101944600198],[76.9641184966478,17.036239979687135],[76.9689360662951,17.034421656081825],[76.97743381806579,17.038321180898155],[76.9816861003627,17.04191082477596],[76.98211055882604,17.045041550213867],[76.97635449943843,17.048685895932],[76.97446970910654,17.054908022340268],[76.97083483890441,17.0558494546933],[76.96852158002976,17.06048139983804],[76.96578390221762,17.061847026886507],[76.96361563142983,17.065570743837082],[76.9645605216665,17.067205839353964],[76.96795739311555,17.06891213985472],[76.97976708601509,17.070677578108217],[76.98099354599104,17.071539885291745],[76.98099870681233,17.080729371754007],[76.98123445079402,17.082274386302288]]]}},{"type":"Feature","properties":{"type":"village","name":"Chinmalla","taluk":"Afzalpur","district":"Kalaburagi","village_code":"620179"},"geometry":{"type":"Polygon","coordinates":[[[76.60730904560779,17.09585589998141],[76.60291185158083,17.095868963064824],[76.60183154570497,17.09428754883724],[76.59584233577195,17.09110154823208],[76.5924839921671,17.088064935852742],[76.58541983301228,17.086351381390926],[76.58450826578107,17.08395206491967],[76.5821222909791,17.082293457698498],[76.56359832374477,17.073112499037297],[76.56093092293393,17.071205065240225],[76.55881831535443,17.06797402632222],[76.55812898503632,17.064770565685173],[76.558999068966,17.061599262060334],[76.56250319656503,17.06110344372934],[76.57163772271814,17.064969022044576],[76.58142136969887,17.06656181013919],[76.59253527519007,17.063649964081296],[76.60014513842214,17.058911809098458],[76.60289279831366,17.059273600067154],[76.60561619201444,17.067076418991896],[76.60472703685124,17.07961362490386],[76.60506976659006,17.08128078361152],[76.60650690755125,17.08219829905431],[76.60443794731474,17.08583150883956],[76.60730904560779,17.09585589998141]]]}},{"type":"Feature","properties":{"type":"village","name":"Kudalgi","taluk":"Jevargi","district":"Kalaburagi","village_code":"620727"},"geometry":{"type":"Polygon","coordinates":[[[76.53300274721336,17.07746936873678],[76.53669827435843,17.09016646916077],[76.53745715763571,17.094729922973613],[76.53692362303565,17.097477625758017],[76.53258945660568,17.096241203888138],[76.52068395658443,17.08982883441039],[76.5195848651394,17.08883139515859],[76.51913147822896,17.085495307943752],[76.5118572758927,17.081578747849623],[76.51098033602078,17.079138560264827],[76.51117399393142,17.07739474705953],[76.51415955915122,17.072815250333857],[76.52693085005338,17.073978591382552],[76.53198537011981,17.07354731683356],[76.53338925005933,17.074790408635238],[76.53083262140451,17.07732828737146],[76.53300274721336,17.07746936873678]]]}},{"type":"Feature","properties":{"type":"village","name":"Bannur","taluk":"Sedam","district":"Kalaburagi","village_code":"620528"},"geometry":{"type":"Polygon","coordinates":[[[77.4341965380321,17.087095393708708],[77.41544082881062,17.086910325133896],[77.41575235017812,17.08531060958493],[77.41892518089699,17.083142034106295],[77.41949380189546,17.08150016582707],[77.41712910728425,17.07628070627133],[77.41650419335855,17.070692547637837],[77.41781608491462,17.065767028397506],[77.43741543525705,17.07585478168533],[77.4341965380321,17.087095393708708]]]}},{"type":"Feature","properties":{"type":"village","name":"Anantapur","taluk":"Sedam","district":"Kalaburagi","village_code":"620531"},"geometry":{"type":"Polygon","coordinates":[[[77.48031426515621,17.067961465371138],[77.47902156610616,17.072636132321517],[77.4819793140949,17.07585425958681],[77.481018259573,17.07924320737849],[77.47659807586129,17.079439681924576],[77.46729111539449,17.086338382898965],[77.4685527857363,17.079800261832297],[77.46698586965756,17.07532823597369],[77.46855932996316,17.07092848159029],[77.4728578305814,17.066826983097343],[77.47605238076726,17.06839093142516],[77.48031426515621,17.067961465371138]]]}},{"type":"Feature","properties":{"type":"village","name":"Biderched","taluk":"Sedam","district":"Kalaburagi","village_code":"620521"},"geometry":{"type":"Polygon","coordinates":[[[77.37733312305515,17.08376715379697],[77.37212449430679,17.08532463941256],[77.37437862786607,17.089534310238232],[77.3693884577167,17.094030449996097],[77.35940837433611,17.09580584657158],[77.35621300398844,17.09555295708323],[77.3545935957544,17.093995221221917],[77.3521861961329,17.09344768163546],[77.35185934411676,17.082061932018828],[77.3531507720507,17.080120403379034],[77.36006628607718,17.07977382685735],[77.36159828194585,17.078605782777558],[77.36285650185867,17.080458114104903],[77.36400548034472,17.079774129977288],[77.37344859666251,17.080216555734626],[77.37498050808959,17.08051125606286],[77.37733312305515,17.08376715379697]]]}},{"type":"Feature","properties":{"type":"village","name":"Gundhalli","taluk":"Sedam","district":"Kalaburagi","village_code":"621146"},"geometry":{"type":"Polygon","coordinates":[[[77.40944574299732,17.095035917909623],[77.40598767741277,17.09474175829838],[77.40134807839631,17.096678777999614],[77.39521432324582,17.095763810111468],[77.39464500784968,17.09309075070941],[77.39670119583948,17.083408440602643],[77.3953440300914,17.080503923680887],[77.39580346535863,17.079219947794275],[77.39950178716254,17.078188224702018],[77.40088025466098,17.076420029786707],[77.40663579302564,17.0766718666926],[77.41438196122903,17.072881948638944],[77.41672347391604,17.072734175163262],[77.41712910728425,17.07628070627133],[77.41920887515195,17.079669038356414],[77.41892518089699,17.083142034106295],[77.41575235017812,17.08531060958493],[77.41544082881062,17.086910325133896],[77.41167685093924,17.088384358249858],[77.41132754912584,17.092909758023765],[77.40944574299732,17.095035917909623]]]}},{"type":"Feature","properties":{"type":"village","name":"Somnathhalli","taluk":"Gulbarga","district":"Kalaburagi","village_code":"620816"},"geometry":{"type":"Polygon","coordinates":[[[76.84992731225218,17.06394248268281],[76.84811383018751,17.066797572410557],[76.84853542482173,17.074749221862042],[76.84373310317805,17.08448464509173],[76.84632003470232,17.093638408977466],[76.84576936473822,17.100094454985186],[76.82702520066476,17.09737535265075],[76.82749556303911,17.095148126602467],[76.82664609724186,17.091917590143986],[76.82017984596034,17.08325496695877],[76.82233369429622,17.074892852997856],[76.82233547385881,17.068617424636066],[76.81917020964957,17.06652020762835],[76.81867327241415,17.06336653512514],[76.8203977871297,17.060981550664515],[76.8173319071336,17.056955166839053],[76.81919813737343,17.051728441316563],[76.81803090781574,17.04434575925321],[76.83411659224747,17.04460285269811],[76.8397614779321,17.04667321230483],[76.84571594462324,17.05204608889898],[76.8478421086787,17.06197235879455],[76.84992731225218,17.06394248268281]]]}},{"type":"Feature","properties":{"type":"village","name":"Turkbommanhalli","taluk":"Sedam","district":"Kalaburagi","village_code":"620509"},"geometry":{"type":"Polygon","coordinates":[[[77.31462807068509,17.098806744313574],[77.31291845003695,17.09915673103355],[77.31220945469899,17.10106389084923],[77.30055613782916,17.10954822693499],[77.2978423731699,17.108747349802172],[77.2906849994313,17.10889174031893],[77.28611279921394,17.103964482107248],[77.28296166191085,17.10270015015585],[77.27794970581921,17.102339928801626],[77.28150546319091,17.098658236670307],[77.28557720118367,17.09693418686094],[77.2958424376832,17.0957388507978],[77.29692380626601,17.093990978725344],[77.2956332407148,17.092317138428776],[77.29593002522003,17.090303595322847],[77.3153296189894,17.095144595074366],[77.31462807068509,17.098806744313574]]]}},{"type":"Feature","properties":{"type":"village","name":"Kadhalli","taluk":"Chitapur","district":"Kalaburagi","village_code":"620659"},"geometry":{"type":"Polygon","coordinates":[[[76.88653959704577,17.04211794565642],[76.8864460958994,17.0495771005919],[76.88800565836924,17.05348506141685],[76.88649361318467,17.059069325349245],[76.88810011711966,17.061355333082034],[76.8915478673498,17.063216523881145],[76.89173598984166,17.06603119515951],[76.8900361239992,17.072365470024376],[76.8946218869807,17.0845048591581],[76.89995149633997,17.104234180693332],[76.87474170711076,17.097368117097215],[76.86887402755757,17.097643541031854],[76.86354800337462,17.075961635819663],[76.86190883759419,17.07306099170595],[76.85570907962656,17.06684823473734],[76.85376915788902,17.06691578362618],[76.85369887370122,17.065438405983222],[76.85737207860976,17.064634611857677],[76.85867328290892,17.063360675722464],[76.8616937952882,17.05912761498497],[76.8622858048234,17.05635363713163],[76.87045386320672,17.04884073092322],[76.88653959704577,17.04211794565642]]]}},{"type":"Feature","properties":{"type":"village","name":"Rajola(K)","taluk":"Sedam","district":"Kalaburagi","village_code":"620514"},"geometry":{"type":"Polygon","coordinates":[[[77.4100813289086,17.09984530538887],[77.40811200531182,17.102634480809755],[77.40849830334189,17.12123037731543],[77.40615667477225,17.124419497163643],[77.40292643362186,17.114022195103484],[77.40141615362685,17.11416971519206],[77.40068234502407,17.110097000150915],[77.39608592981995,17.11059210093108],[77.3944331851057,17.108603203005572],[77.39619463405414,17.103919855419218],[77.39932402673746,17.100136152178443],[77.39876544980224,17.096394914120417],[77.40134807839631,17.096678777999614],[77.40598767741277,17.09474175829838],[77.407432283374,17.095446661981008],[77.4081332100441,17.098709011404186],[77.4100813289086,17.09984530538887]]]}},{"type":"Feature","properties":{"type":"village","name":"Benkanhalli","taluk":"Sedam","district":"Kalaburagi","village_code":"620532"},"geometry":{"type":"Polygon","coordinates":[[[77.22190586340186,17.10925979881795],[77.20640044393129,17.10952422590422],[77.20657175714753,17.10046125928651],[77.20505984491366,17.091353687297598],[77.20335439604172,17.090947716856984],[77.20237114504745,17.087469269776694],[77.19860691744442,17.08383819910653],[77.1976987620147,17.079867245302864],[77.19514815836048,17.08017532894234],[77.19098264343859,17.06995256264139],[77.19252860541499,17.058408714789994],[77.19182138514799,17.050800707142916],[77.19593535833216,17.049837040745945],[77.19624942372856,17.04820595422364],[77.19769557479205,17.047107596984002],[77.19736153086376,17.04558064160229],[77.19992533615938,17.044224360262287],[77.19927646326671,17.04231801241677],[77.2066021956626,17.04038613130463],[77.21015624174369,17.037759786392986],[77.2120512369372,17.032644676634096],[77.2133473936028,17.03261251032461],[77.21222731571605,17.02747605520479],[77.21526079078491,17.02698231429937],[77.2188326639328,17.027596437781717],[77.22593091864425,17.03564882407663],[77.2286641246429,17.056893192264784],[77.2296673820168,17.080418694057556],[77.2229572947295,17.08569582882112],[77.21919138637857,17.08650459660324],[77.21784599125563,17.08877615616044],[77.22190586340186,17.10925979881795]]]}},{"type":"Feature","properties":{"type":"village","name":"Itga","taluk":"Chitapur","district":"Kalaburagi","village_code":"620670"},"geometry":{"type":"Polygon","coordinates":[[[77.12914520463117,17.102551049754602],[77.14242244915924,17.102212980678246],[77.15196779914625,17.103695246767213],[77.14978801465145,17.12800088033191],[77.13149001413522,17.12685904164308],[77.12613812206537,17.125254878967038],[77.12499107585549,17.123887394349627],[77.12617543628564,17.11792486724443],[77.1250149449909,17.11274278931157],[77.12603915736545,17.107709824873222],[77.12914520463117,17.102551049754602]]]}},{"type":"Feature","properties":{"type":"village","name":"Sindhanmadu","taluk":"Sedam","district":"Kalaburagi","village_code":"620537"},"geometry":{"type":"Polygon","coordinates":[[[77.28557737725347,17.068045675337977],[77.29051111164344,17.07001585276583],[77.29892078180389,17.0809116917827],[77.29955458096605,17.083016747331776],[77.2963368713139,17.08454673071641],[77.29593002522003,17.090303595322847],[77.2918380948963,17.0877165623271],[77.2862140357532,17.08672484335764],[77.28354509343339,17.084576715633958],[77.27315067021284,17.082856207267564],[77.2691040778615,17.07917066532235],[77.28557737725347,17.068045675337977]]]}},{"type":"Feature","properties":{"type":"village","name":"Nadvinhalli","taluk":"Gulbarga","district":"Kalaburagi","village_code":"620319"},"geometry":{"type":"Polygon","coordinates":[[[76.8681647411654,17.09523092902539],[76.84566133603711,17.099940827655995],[76.84632003470232,17.093638408977466],[76.84373310317805,17.08448464509173],[76.84853542482173,17.074749221862042],[76.84811383018751,17.066797572410557],[76.84992731225218,17.06394248268281],[76.85369887370122,17.065438405983222],[76.85376915788902,17.06691578362618],[76.85570907962656,17.06684823473734],[76.86216716162889,17.073422447823727],[76.8639754056171,17.076874289655862],[76.8681647411654,17.09523092902539]]]}},{"type":"Feature","properties":{"type":"village","name":" ","taluk":"Sedam","district":"Kalaburagi","village_code":" "},"geometry":{"type":"Polygon","coordinates":[[[77.46860254880978,17.069823435297998],[77.45875207884997,17.074230793106768],[77.4503238099699,17.076610528100787],[77.44951629639468,17.087279976097026],[77.4341965380321,17.087095393708708],[77.43741543525705,17.07585478168533],[77.44377271191149,17.07582123685089],[77.43944770470412,17.067224439975924],[77.44183054977564,17.06043567465965],[77.43933253259986,17.05027018736274],[77.45658572237205,17.05036945719829],[77.46310717512779,17.052345345109156],[77.46603882166761,17.051439020264407],[77.47259773596728,17.051541299665978],[77.46769991891738,17.05878409370219],[77.46730735873143,17.061478429913603],[77.46860254880978,17.069823435297998]]]}},{"type":"Feature","properties":{"type":"village","name":"Hongunta","taluk":"Chitapur","district":"Kalaburagi","village_code":"620658"},"geometry":{"type":"Polygon","coordinates":[[[76.91172769735074,17.10672925615915],[76.90189210259373,17.10641611992936],[76.89995149633997,17.104234180693332],[76.8946218869807,17.0845048591581],[76.8900361239992,17.072365470024376],[76.89173598984166,17.06603119515951],[76.8915478673498,17.063216523881145],[76.88810011711966,17.061355333082034],[76.88649361318467,17.059069325349245],[76.88800565836924,17.05348506141685],[76.8864460958994,17.0495771005919],[76.88653959704577,17.04211794565642],[76.89420893593615,17.041480436377263],[76.90592230608104,17.043412835239486],[76.90462703515432,17.049729117007267],[76.90750663420492,17.0527964077833],[76.91980391018278,17.057524530869358],[76.92320418624678,17.05643045287894],[76.92559498859507,17.056795858201824],[76.93362311730489,17.06056177784542],[76.93829800034912,17.064744059020484],[76.94401725396287,17.072734520372347],[76.94892995430043,17.083087979261144],[76.94915578896625,17.083986970153646],[76.9469904386014,17.084579570726806],[76.9291922840655,17.08790103934382],[76.9241411057319,17.101415407640346],[76.92097978422845,17.103187138055294],[76.91238249732766,17.103825819688062],[76.91172769735074,17.10672925615915]]]}},{"type":"Feature","properties":{"type":"village","name":"Bomdepalli","taluk":"Sedam","district":"Kalaburagi","village_code":"620516"},"geometry":{"type":"Polygon","coordinates":[[[77.46289306078147,17.094093057922805],[77.46325403171042,17.10250529539665],[77.46472701904474,17.10776805465774],[77.46366159106661,17.110004883839906],[77.45923077669185,17.109107649766848],[77.45746515596721,17.11115949306326],[77.45567055559152,17.111458375383407],[77.45431419473393,17.11486089290253],[77.44959243580155,17.115025269645468],[77.44583487100297,17.117963223374073],[77.44232936179503,17.116577370191074],[77.43852846855533,17.116854141923966],[77.43604242232907,17.11498897167552],[77.43482573063352,17.11554954138659],[77.43314946173692,17.09820907337496],[77.44041496927956,17.095807472803195],[77.45359036731224,17.095466193969248],[77.4576163109885,17.092896779737845],[77.46289306078147,17.094093057922805]]]}},{"type":"Feature","properties":{"type":"village","name":" ","taluk":"Sedam","district":"Kalaburagi","village_code":" "},"geometry":{"type":"Polygon","coordinates":[[[77.3234229761686,17.072095296811828],[77.3178276981489,17.0852330123142],[77.31839538669608,17.089569087346458],[77.31603103344469,17.09182052765378],[77.3153296189894,17.095144595074366],[77.29593002522003,17.090303595322847],[77.2963368713139,17.08454673071641],[77.29955458096605,17.083016747331776],[77.29892078180389,17.0809116917827],[77.29051111164344,17.07001585276583],[77.28462600836698,17.06692442872117],[77.28300812637062,17.06397694166594],[77.2850671701047,17.059652499994204],[77.29473879177965,17.060235503636694],[77.29946320882695,17.065478365922615],[77.3023296996609,17.065858317260524],[77.30394761399663,17.06956338213387],[77.30810599180363,17.067986241195808],[77.31046798787571,17.071944085206038],[77.31154016399823,17.072281207048277],[77.31427568136206,17.07205055085732],[77.31598385123102,17.068094028146042],[77.32364404527185,17.064012870855596],[77.3234229761686,17.072095296811828]]]}},{"type":"Feature","properties":{"type":"village","name":" ","taluk":"Sedam","district":"Kalaburagi","village_code":" "},"geometry":{"type":"Polygon","coordinates":[[[77.34868432959342,17.094183895877045],[77.34645207090963,17.093395576302253],[77.33769736234012,17.09493054982934],[77.3337141245725,17.094719244219807],[77.32642523118808,17.09779055292052],[77.3233175516835,17.09705306071336],[77.31856734041115,17.099872173687782],[77.31462807068509,17.098806744313574],[77.31603103344469,17.09182052765378],[77.31865828944376,17.08866409475384],[77.3178276981489,17.0852330123142],[77.32080577321588,17.0793719701241],[77.32721725241791,17.08185734306699],[77.3345484025533,17.082806199311133],[77.34308349998527,17.082576304908645],[77.3520126640779,17.08105164211739],[77.3521861961329,17.09344768163546],[77.34868432959342,17.094183895877045]]]}},{"type":"Feature","properties":{"type":"village","name":"Kachwar","taluk":"Sedam","district":"Kalaburagi","village_code":"620508"},"geometry":{"type":"Polygon","coordinates":[[[77.30055613782916,17.10954822693499],[77.3060572391694,17.119527017259358],[77.28685188182575,17.11469931569922],[77.2804373681147,17.117032667972648],[77.27505453626979,17.113672851043606],[77.26172711993482,17.10939291089126],[77.25688946934767,17.110074145364507],[77.25321093293788,17.112155670870788],[77.25308171028423,17.10893524539136],[77.25330273087845,17.105651888004896],[77.26612996795818,17.10359664925052],[77.26840700496395,17.102250814586892],[77.2798320024279,17.102319798236444],[77.28611279921394,17.103964482107248],[77.2906849994313,17.10889174031893],[77.2978423731699,17.108747349802172],[77.30055613782916,17.10954822693499]]]}},{"type":"Feature","properties":{"type":"village","name":" ","taluk":"Jevargi","district":"Kalaburagi","village_code":" "},"geometry":{"type":"Polygon","coordinates":[[[76.50952688255231,17.102355386903692],[76.50405491267843,17.103029794726304],[76.50159880640221,17.1015689908233],[76.49775502579426,17.101268385733874],[76.49786636029563,17.087869493059614],[76.51076566292238,17.091880508881914],[76.50865769514131,17.09757489566158],[76.50952688255231,17.102355386903692]]]}},{"type":"Feature","properties":{"type":"village","name":" ","taluk":"Sedam","district":"Kalaburagi","village_code":" "},"geometry":{"type":"Polygon","coordinates":[[[77.36611929795495,17.14934333083412],[77.36003322088818,17.148743024834577],[77.35153886025772,17.149373545655454],[77.34909802983292,17.148047192773255],[77.34727152758653,17.138038608310794],[77.34781932114512,17.134586816116954],[77.36296826036484,17.127200628627538],[77.36723630090847,17.126777400219392],[77.36791771886554,17.13100300590522],[77.36672170279459,17.137452478810463],[77.36727554201501,17.144014204947688],[77.3660212953507,17.146369616424913],[77.36611929795495,17.14934333083412]]]}},{"type":"Feature","properties":{"type":"village","name":"Shahabad (CMC)","taluk":"Chitapur","district":"Kalaburagi","village_code":"803212"},"geometry":{"type":"Polygon","coordinates":[[[76.94064467116246,17.140554247782745],[76.93938891532845,17.137247520658754],[76.9365459810162,17.13693211374443],[76.93531154579715,17.141224490293645],[76.92802035542056,17.147104244382678],[76.92541682482646,17.14633231081686],[76.92617321168557,17.145695105667546],[76.92518154168052,17.145103493719326],[76.92527517398088,17.14378424107928],[76.92390310697886,17.144010454596685],[76.92238434059935,17.140143460793222],[76.92309856143733,17.140052943147605],[76.92299916734275,17.137229266968852],[76.92413626381251,17.137093471614794],[76.92404100106991,17.132132817079775],[76.9247505264139,17.132177832748205],[76.924468208378,17.130677948724458],[76.92295048314593,17.13053823914506],[76.92271514610105,17.128947982804945],[76.92422808870255,17.128816619692877],[76.92447570661568,17.123413126861486],[76.92689071676426,17.1232544278977],[76.9269125359442,17.117150704808417],[76.92795552759975,17.11696973207619],[76.92776265930826,17.116124927621694],[76.92267885236691,17.115421323058687],[76.92236781159812,17.11162181416125],[76.93081554158053,17.112554986854988],[76.9312869352208,17.108657173176915],[76.95323490033086,17.110605156112314],[76.95432547305211,17.111996267738146],[76.95366491756916,17.116550586721896],[76.95200713330618,17.118367406715603],[76.95286279119071,17.119690843865595],[76.94898472637992,17.126975138089534],[76.95019776732218,17.128962591386813],[76.94506307531157,17.131580242380025],[76.94064467116246,17.140554247782745]]]}},{"type":"Feature","properties":{"type":"village","name":"Hipperga S.Nelogi","taluk":"Jevargi","district":"Kalaburagi","village_code":"620749"},"geometry":{"type":"Polygon","coordinates":[[[76.7745925398755,17.157299193851507],[76.76962725665274,17.162085575670016],[76.7628394363473,17.16492359030286],[76.75620761477911,17.1660130396085],[76.74895385091219,17.164967744868857],[76.741914080119,17.159649366636213],[76.73203868819829,17.144461818966324],[76.74455777528779,17.141589786813825],[76.74587106282583,17.137807533963905],[76.74419071378124,17.133331257884226],[76.74728607738327,17.131571984016272],[76.75667835803917,17.135259937903346],[76.76073559183337,17.139441394418988],[76.77145864393763,17.139356954057973],[76.77782184587967,17.137778927674045],[76.77912149339843,17.141556542249763],[76.7745925398755,17.157299193851507]]]}},{"type":"Feature","properties":{"type":"village","name":"Manderwad","taluk":"Jevargi","district":"Kalaburagi","village_code":"620758"},"geometry":{"type":"Polygon","coordinates":[[[76.77782184587967,17.137778927674045],[76.77145864393763,17.139356954057973],[76.76073559183337,17.139441394418988],[76.75667835803917,17.135259937903346],[76.74728607738327,17.131571984016272],[76.74858366865836,17.12554431504556],[76.74858939901154,17.112812815638836],[76.75279707456473,17.113842652230986],[76.7584451330989,17.112734648590504],[76.76708895093479,17.106382835592438],[76.77571223597822,17.102190205631764],[76.77558862689682,17.11372441068113],[76.77740030873765,17.12623092457196],[76.77688076000824,17.131349468189462],[76.77782184587967,17.137778927674045]]]}},{"type":"Feature","properties":{"type":"village","name":"Sompalli","taluk":"Sedam","district":"Kalaburagi","village_code":"620505"},"geometry":{"type":"Polygon","coordinates":[[[77.38358658500542,17.139949799830323],[77.37778806674595,17.140098979273787],[77.37903343805526,17.1478381647021],[77.37821115438015,17.152667819248013],[77.36693749609213,17.154420485722948],[77.36559382663286,17.150269411157335],[77.36727554201501,17.144014204947688],[77.36672170279459,17.137452478810463],[77.36791771886554,17.13100300590522],[77.36723630090847,17.126777400219392],[77.3736943137405,17.129369067828257],[77.3782146838609,17.132347400710522],[77.38060080957983,17.13443113296415],[77.38358658500542,17.139949799830323]]]}},{"type":"Feature","properties":{"type":"village","name":"Mogla","taluk":"Chitapur","district":"Kalaburagi","village_code":"620669"},"geometry":{"type":"Polygon","coordinates":[[[77.14978801465145,17.12800088033191],[77.1503838617895,17.13190459319033],[77.14868585186645,17.133331155728715],[77.14638345901345,17.141533064689195],[77.13580346900805,17.14273492827824],[77.13268023068271,17.143936190935992],[77.13260232788296,17.14870329907561],[77.12501953268705,17.15048099186027],[77.12475239438278,17.14704001220356],[77.12271699340867,17.14516788107932],[77.12231319889185,17.135404023694964],[77.12376573877364,17.135226327369296],[77.1259232405578,17.131758525942484],[77.12613812206537,17.125254878967038],[77.13316964183268,17.127122679669228],[77.14978801465145,17.12800088033191]]]}},{"type":"Feature","properties":{"type":"village","name":"Kolnur","taluk":"Afzalpur","district":"Kalaburagi","village_code":"620141"},"geometry":{"type":"Polygon","coordinates":[[[76.45299249081955,17.13340111936346],[76.44529465377506,17.131765748998983],[76.44397615870332,17.133034379998783],[76.44348319471644,17.13757891014742],[76.41787316201071,17.13993705574004],[76.41147037939898,17.13962117610948],[76.40898879959627,17.121237672036862],[76.41248609460926,17.116975097000125],[76.41739041995346,17.116247625126316],[76.41827485896138,17.116705342183756],[76.41900612173863,17.120329730709035],[76.42191730106302,17.122534785200237],[76.43558470817348,17.124903825288676],[76.449887994046,17.125788913750664],[76.45326269687048,17.129049843665737],[76.45299249081955,17.13340111936346]]]}},{"type":"Feature","properties":{"type":"village","name":"Udgi","taluk":"Sedam","district":"Kalaburagi","village_code":"620533"},"geometry":{"type":"Polygon","coordinates":[[[77.22127373510608,17.157901824022733],[77.21185478167281,17.158910063209074],[77.20511933135175,17.158237105250713],[77.20409197217876,17.153868047707636],[77.20399124678092,17.146445297171326],[77.20192858822611,17.138610371932476],[77.19680956642735,17.126121983974876],[77.19486363226562,17.123741843625794],[77.19567136682639,17.110083884835046],[77.19875780836101,17.109355439029315],[77.20403890510165,17.110135118356762],[77.23089265262328,17.10945717582523],[77.22666526893113,17.12392954293065],[77.22848294163657,17.12837669595608],[77.23307081835395,17.129950882421483],[77.24610975061692,17.13012665739655],[77.24310502612872,17.13208966424866],[77.24189621894642,17.134333140630297],[77.24457340241068,17.15794364301116],[77.23096474332316,17.154854324743905],[77.22704110787636,17.15530672710455],[77.22127373510608,17.157901824022733]]]}},{"type":"Feature","properties":{"type":"village","name":"Sirasgi","taluk":"Afzalpur","district":"Kalaburagi","village_code":"620295"},"geometry":{"type":"Polygon","coordinates":[[[76.57570233257914,17.144002128113314],[76.57026583987071,17.145577581390885],[76.56763958818814,17.143810313302335],[76.5641242334447,17.145205272760794],[76.55607446881127,17.13315329774927],[76.55133671717189,17.128850580783418],[76.55615927606229,17.11988419197359],[76.55770540063376,17.118967593632355],[76.56203231226951,17.119994613722508],[76.57661887288373,17.12824403528741],[76.57570233257914,17.144002128113314]]]}},{"type":"Feature","properties":{"type":"village","name":"Mangaroli","taluk":"Afzalpur","district":"Kalaburagi","village_code":"620109"},"geometry":{"type":"Polygon","coordinates":[[[76.2815726256727,17.167706046420488],[76.28063693059129,17.174827561641788],[76.27617510457627,17.179332927655164],[76.27283118162669,17.180242896858143],[76.26916164903102,17.177835027839535],[76.26880358864358,17.17451751661891],[76.27014017578517,17.171220158394387],[76.26781512562407,17.168887665251535],[76.26732799439834,17.166023043078145],[76.26836340157797,17.16338514507188],[76.27052169387957,17.161447955954078],[76.27290691768998,17.164875103008626],[76.2757692053067,17.166982674998714],[76.2815726256727,17.167706046420488]]]}},{"type":"Feature","properties":{"type":"village","name":" ","taluk":"Sedam","district":"Kalaburagi","village_code":" "},"geometry":{"type":"Polygon","coordinates":[[[77.19405287756885,17.123631798405135],[77.19273792814755,17.13082886283514],[77.19279976008687,17.139931392748846],[77.19553644975215,17.1502341938924],[77.19555839110299,17.15669041685528],[77.19427120411552,17.160125407618793],[77.19261223677131,17.161327106218028],[77.19099212156313,17.16204080929635],[77.18788783769031,17.161441178661615],[77.18036963405827,17.15446154499594],[77.15204018179857,17.151139155652594],[77.15181382970317,17.14552793278669],[77.15501383895099,17.14501700179132],[77.15600884440072,17.137639105827734],[77.1582878271574,17.13772461399721],[77.15688131335749,17.12852181810826],[77.1553121910164,17.130003915823433],[77.15439095701444,17.12814265730577],[77.1549302731717,17.12157803996948],[77.15630215871403,17.121112503608952],[77.1560761758262,17.118320457753114],[77.15844872440792,17.11744815064032],[77.16533667812148,17.11793492309824],[77.16346268733594,17.121264975085488],[77.17239418974323,17.11993944578179],[77.17289301703399,17.123065738922822],[77.19405287756885,17.123631798405135]]]}},{"type":"Feature","properties":{"type":"village","name":" ","taluk":"Jevargi","district":"Kalaburagi","village_code":" "},"geometry":{"type":"Polygon","coordinates":[[[76.54960316001468,17.147341672947533],[76.53364767201035,17.15368745321263],[76.53596220110283,17.145944422179966],[76.53713720018939,17.135553751038742],[76.53652808134132,17.13192107211591],[76.53848210034062,17.12699553469145],[76.54344743566561,17.125594467769023],[76.54705575795616,17.126083875053972],[76.55358510690326,17.130563633324517],[76.55815142405379,17.136165854236435],[76.55298462086505,17.140209165827176],[76.54960316001468,17.147341672947533]]]}},{"type":"Feature","properties":{"type":"village","name":" ","taluk":"Jevargi","district":"Kalaburagi","village_code":" "},"geometry":{"type":"Polygon","coordinates":[[[76.5641242334447,17.145205272760794],[76.56638750466705,17.155942798009207],[76.55676650305837,17.155097049711628],[76.54960316001468,17.147341672947533],[76.55298462086505,17.140209165827176],[76.55815142405379,17.136165854236435],[76.5641242334447,17.145205272760794]]]}},{"type":"Feature","properties":{"type":"village","name":" ","taluk":"Afzalpur","district":"Kalaburagi","village_code":" "},"geometry":{"type":"Polygon","coordinates":[[[76.41147037939898,17.13962117610948],[76.39518387478884,17.13980223667152],[76.39386922540484,17.13440917995943],[76.39125575674876,17.130825272750254],[76.38883465781917,17.12912574780118],[76.38145644404776,17.12690903519328],[76.38331709664797,17.12523780022663],[76.39826431557739,17.12151150676111],[76.40898879959627,17.121237672036862],[76.41147037939898,17.13962117610948]]]}},{"type":"Feature","properties":{"type":"village","name":"Hasargundgi","taluk":"Afzalpur","district":"Kalaburagi","village_code":"620172"},"geometry":{"type":"Polygon","coordinates":[[[76.59286320608282,17.149142859661865],[76.59242657275246,17.146938041889005],[76.59038732519231,17.14598891260026],[76.57972380893344,17.15097895590543],[76.57774086687697,17.15044536090084],[76.57553398829491,17.14388931023588],[76.57661887288373,17.12824403528741],[76.58623794221624,17.12399938819758],[76.60410720559344,17.121232770828854],[76.60591501120382,17.128814057158355],[76.61222451724804,17.140312746793338],[76.61248942862868,17.143714653042217],[76.60151481231225,17.14611716478252],[76.59286320608282,17.149142859661865]]]}},{"type":"Feature","properties":{"type":"village","name":"Mogan Itga","taluk":"Jevargi","district":"Kalaburagi","village_code":"620717"},"geometry":{"type":"Polygon","coordinates":[[[76.47659537816008,17.14381217088264],[76.4632569475814,17.148173969693673],[76.45408068210696,17.14899318103978],[76.4489329923725,17.14827219593166],[76.44661858095932,17.145696636181437],[76.44692617219746,17.143435263682495],[76.45005176231217,17.138825482023595],[76.45659089481101,17.13791769526499],[76.45774605370624,17.140268685939063],[76.45933997404073,17.140505834814043],[76.46021795685671,17.1374935169406],[76.46684237001872,17.134216755190756],[76.47027362179034,17.134133734042006],[76.47398394598474,17.13547945996127],[76.47659537816008,17.14381217088264]]]}},{"type":"Feature","properties":{"type":"village","name":"Injepalli","taluk":"Sedam","district":"Kalaburagi","village_code":"620503"},"geometry":{"type":"Polygon","coordinates":[[[77.33871145519302,17.14112067119682],[77.32485196761355,17.148926328887246],[77.32377865781716,17.151009795352515],[77.32587994572579,17.152567894064493],[77.331002729669,17.153242676846624],[77.33468021864316,17.155685055662033],[77.3344170832318,17.157579315969453],[77.33093529134399,17.16060944609763],[77.32942341773763,17.165450119342246],[77.32714590731975,17.167343875697913],[77.32219733006632,17.168689645859267],[77.31359334083518,17.166666498927874],[77.29918668582293,17.166724559179666],[77.2987289259137,17.161799163733598],[77.3021673516312,17.159085294064184],[77.30387637579797,17.155655108813693],[77.29895569392909,17.142708754612293],[77.29908798343108,17.14041457567276],[77.3008178323428,17.139362841973202],[77.33871145519302,17.14112067119682]]]}},{"type":"Feature","properties":{"type":"village","name":"Jogur","taluk":"Gulbarga","district":"Kalaburagi","village_code":"620306"},"geometry":{"type":"Polygon","coordinates":[[[76.61634783919938,17.153434492214252],[76.61230338124516,17.154602918951728],[76.61246412039219,17.14095430969254],[76.60591501120382,17.128814057158355],[76.60258536068746,17.114884904406008],[76.62869388201906,17.107906260817398],[76.63116505304257,17.105891236052326],[76.63058706800562,17.101427525877288],[76.6423557698804,17.103925437082832],[76.6448604588438,17.11000637858823],[76.65242070273283,17.115765959945943],[76.65373739219086,17.123414643822972],[76.65658530766136,17.12701956179805],[76.65771007924548,17.13749645706484],[76.6649825873591,17.153204038731484],[76.66113846628964,17.1526941880747],[76.65721002036446,17.153607416686672],[76.65071666870746,17.1522186499154],[76.64323412729387,17.15194186217524],[76.61634783919938,17.153434492214252]]]}},{"type":"Feature","properties":{"type":"village","name":"Shivpur","taluk":"Afzalpur","district":"Kalaburagi","village_code":"620130"},"geometry":{"type":"Polygon","coordinates":[[[76.36954225282618,17.150856483044148],[76.36498803957576,17.150486752384015],[76.36214293223883,17.149233741120838],[76.36054069619975,17.14690723610112],[76.35934975471183,17.141900484309126],[76.36159817498593,17.138667604853946],[76.36451893663944,17.137466950233467],[76.36752602459515,17.137679596238584],[76.37461090429035,17.14191688423295],[76.37148321840606,17.144944645889026],[76.36954225282618,17.150856483044148]]]}},{"type":"Feature","properties":{"type":"village","name":"Teghalli","taluk":"Afzalpur","district":"Kalaburagi","village_code":"620171"},"geometry":{"type":"Polygon","coordinates":[[[76.59286320608282,17.149142859661865],[76.5899247116856,17.156976391198587],[76.58797888442339,17.15837205084286],[76.56775702404693,17.159107996049546],[76.56672641566756,17.15877438585094],[76.5641242334447,17.145205272760794],[76.56763958818814,17.143810313302335],[76.57026583987071,17.145577581390885],[76.57570233257914,17.144002128113314],[76.57774086687697,17.15044536090084],[76.57897190107433,17.151096242429176],[76.58916082658878,17.14614229159015],[76.59242657275246,17.146938041889005],[76.59286320608282,17.149142859661865]]]}},{"type":"Feature","properties":{"type":"village","name":"Tonsinhalli","taluk":"Chitapur","district":"Kalaburagi","village_code":"620653"},"geometry":{"type":"Polygon","coordinates":[[[76.91246592117312,17.1457159997992],[76.90702450659529,17.14662496306767],[76.89580762901974,17.14612478986599],[76.8797695858408,17.148185760415856],[76.87314377579854,17.14682130897365],[76.86990207394173,17.123770780020514],[76.87138242027486,17.110402281274492],[76.87474170711076,17.097368117097215],[76.89950045493076,17.10402640497838],[76.90189210259373,17.10641611992936],[76.90763796789946,17.10679034100282],[76.90891710598197,17.113792941062567],[76.91039196899858,17.136879300361397],[76.91246592117312,17.1457159997992]]]}},{"type":"Feature","properties":{"type":"village","name":"Herur (B)","taluk":"Gulbarga","district":"Kalaburagi","village_code":"620308"},"geometry":{"type":"Polygon","coordinates":[[[76.68444752727716,17.139727095739918],[76.67840979664068,17.141246719760574],[76.6778186566747,17.144590123707022],[76.67287186257714,17.1498772483208],[76.67257199325721,17.15336966137519],[76.6649825873591,17.153204038731484],[76.65771007924548,17.13749645706484],[76.65658530766136,17.12701956179805],[76.65373739219086,17.123414643822972],[76.65204004612275,17.115124458647955],[76.64954981823884,17.11427085438965],[76.6448604588438,17.11000637858823],[76.64302763605109,17.10439977141343],[76.63658651064806,17.103175794379982],[76.6340448012135,17.10159913012469],[76.63058706800562,17.101427525877288],[76.62965766382615,17.098017262850277],[76.63178882610788,17.093789890631047],[76.63532654620695,17.09118900973891],[76.6342510166735,17.090000305089216],[76.63631966878785,17.089339338668974],[76.63419170181359,17.08815175822576],[76.63358842740476,17.08586316366092],[76.65693629471426,17.090478482122716],[76.66086348838793,17.08993572518595],[76.67935719138033,17.069442987950094],[76.68891357627234,17.062306491213203],[76.69183926788013,17.060746895749098],[76.69581740321694,17.060198928771204],[76.6990590152422,17.06200951470564],[76.70300956421494,17.0742923849454],[76.70333553767873,17.078783098654398],[76.70107198438536,17.087755200309473],[76.698514670316,17.087508981136644],[76.69699203399425,17.085937264172124],[76.69138413823806,17.08892545992555],[76.68969757464832,17.08864586978534],[76.68619422409199,17.092094097399897],[76.69017523763097,17.111565198798047],[76.68847126558936,17.116015876364703],[76.68940828299085,17.122010879121383],[76.68453915902943,17.132277022904077],[76.68444752727716,17.139727095739918]]]}},{"type":"Feature","properties":{"type":"village","name":"Hoshalli","taluk":"Sedam","district":"Kalaburagi","village_code":"620498"},"geometry":{"type":"Polygon","coordinates":[[[77.23939081222912,17.17603047982328],[77.23357482982222,17.180275919074855],[77.23259354524014,17.18203389197502],[77.22995200512976,17.183124242278613],[77.22096985929997,17.174483561306573],[77.21925289312777,17.17673651536593],[77.21563963728968,17.17404490528213],[77.22170671139493,17.164676901663224],[77.22127373510608,17.157901824022733],[77.22704110787636,17.15530672710455],[77.23096474332316,17.154854324743905],[77.24457340241068,17.15794364301116],[77.24433846242115,17.166585278402064],[77.24187504206192,17.172821384390932],[77.23939081222912,17.17603047982328]]]}},{"type":"Feature","properties":{"type":"village","name":"Honhalli","taluk":"Afzalpur","district":"Kalaburagi","village_code":"620013"},"geometry":{"type":"Polygon","coordinates":[[[76.6408868258632,17.170248366847595],[76.63182032014342,17.17317658474138],[76.62866203764055,17.17215106029489],[76.62206823636849,17.17322624397195],[76.61187440156101,17.172787463956915],[76.6072077596612,17.170270571381636],[76.60623587684687,17.161026832933317],[76.60759422837114,17.15898487707872],[76.61769358556357,17.152895488020746],[76.63791930420416,17.152606334030786],[76.6408868258632,17.170248366847595]]]}},{"type":"Feature","properties":{"type":"village","name":"Taranhalli","taluk":"Chitapur","district":"Kalaburagi","village_code":"620652"},"geometry":{"type":"Polygon","coordinates":[[[76.91246592117312,17.1457159997992],[76.91706394076837,17.15604310419762],[76.91341840397055,17.161831222769116],[76.91682631481615,17.165286789705583],[76.91928901113327,17.16574260583799],[76.92056793092519,17.168335617059395],[76.92293229315973,17.17001124309751],[76.92587045877359,17.183092779096068],[76.91266597059702,17.182907372694885],[76.91373082006008,17.172832267216975],[76.88958316917844,17.171104776229257],[76.88116908918825,17.171423899769],[76.8798405069342,17.167228752042032],[76.87917758978038,17.153340703839135],[76.8797695858408,17.148185760415856],[76.89580762901974,17.14612478986599],[76.90702450659529,17.14662496306767],[76.91246592117312,17.1457159997992]]]}},{"type":"Feature","properties":{"type":"village","name":"Dudangi","taluk":"Afzalpur","district":"Kalaburagi","village_code":"620108"},"geometry":{"type":"Polygon","coordinates":[[[76.26779324625703,17.168829918951165],[76.26117330670512,17.170799539053338],[76.25650829614587,17.170951866748652],[76.23915266699026,17.169725582379442],[76.23877995508056,17.167358409162826],[76.23525416460843,17.16435647390445],[76.24151040414958,17.15150374769491],[76.24644719370981,17.14963873286272],[76.2507013013834,17.149971728577384],[76.25408414563928,17.148736064243607],[76.26380606937687,17.151014178179334],[76.26528500894825,17.152197379694336],[76.27052169387957,17.161447955954078],[76.26836340157797,17.16338514507188],[76.26732799439834,17.166023043078145],[76.26779324625703,17.168829918951165]]]}},{"type":"Feature","properties":{"type":"village","name":"Hinchgera","taluk":"Afzalpur","district":"Kalaburagi","village_code":"620132"},"geometry":{"type":"Polygon","coordinates":[[[76.4159495797299,17.13985816700342],[76.41947370382717,17.168629619030085],[76.41920032941822,17.174891372238253],[76.40743096099347,17.174492825357973],[76.40558574414479,17.173052064119368],[76.40247233338866,17.172904672324677],[76.40057915728362,17.171713280197306],[76.39986761342514,17.168129273393248],[76.39869517543545,17.16696549280856],[76.3920073322312,17.166541159411295],[76.39183931583206,17.162036209575742],[76.39368103643767,17.157405201248906],[76.39077638157717,17.15271580673304],[76.38998290866985,17.14615331675707],[76.39421602541016,17.14394211990932],[76.39518387478884,17.13980223667152],[76.4159495797299,17.13985816700342]]]}},{"type":"Feature","properties":{"type":"village","name":"Adki","taluk":"Sedam","district":"Kalaburagi","village_code":"620511"},"geometry":{"type":"Polygon","coordinates":[[[77.36723630090847,17.126777400219392],[77.36296826036484,17.127200628627538],[77.34781932114512,17.134586816116954],[77.34727152758653,17.138038608310794],[77.34925141087946,17.147089530787216],[77.33269022301502,17.145686835913626],[77.33203358688172,17.145139441593166],[77.33871145519302,17.14112067119682],[77.34050705898687,17.138479486067116],[77.33665694435784,17.12526059133921],[77.3349819887982,17.101800878634258],[77.3470643114033,17.09713038860818],[77.34868432959342,17.094183895877045],[77.35078547826319,17.093552742305068],[77.35940837433611,17.09580584657158],[77.3693884577167,17.094030449996097],[77.37437862786607,17.089534310238232],[77.37212449430679,17.08532463941256],[77.37842735730948,17.08315675705279],[77.38208213238167,17.083535575850572],[77.38221336726153,17.081451809624475],[77.3953440300914,17.080503923680887],[77.39670119583948,17.083408440602643],[77.39473273282876,17.09485878492553],[77.39580529432854,17.096142623890742],[77.39876544980224,17.096394914120417],[77.39937863622191,17.09928369927101],[77.39619463405414,17.103919855419218],[77.3944331851057,17.108603203005572],[77.39608592981995,17.11059210093108],[77.40068234502407,17.110097000150915],[77.40141615362685,17.11416971519206],[77.40292643362186,17.114022195103484],[77.40576381544736,17.123868923007382],[77.40669820707328,17.124519098383267],[77.40412461373435,17.13253424660948],[77.38969982083817,17.138454096402963],[77.38358658500542,17.139949799830323],[77.38060080957983,17.13443113296415],[77.3782146838609,17.132347400710522],[77.3736943137405,17.129369067828257],[77.36723630090847,17.126777400219392]]]}},{"type":"Feature","properties":{"type":"village","name":"Banhatti","taluk":"Afzalpur","district":"Kalaburagi","village_code":"620129"},"geometry":{"type":"Polygon","coordinates":[[[76.3918585083381,17.166142997125153],[76.38656888478874,17.169719112654175],[76.36796856524681,17.171277224197247],[76.36899492728988,17.166749599084543],[76.36817845212138,17.159812319280373],[76.36607444860564,17.15451920907508],[76.36214293223883,17.149233741120838],[76.36550686516135,17.15070847962378],[76.37092581467058,17.15094890786881],[76.3780742950879,17.155604648333323],[76.39239080326307,17.156675650802374],[76.39366698678663,17.15787506625119],[76.39183931583206,17.162036209575742],[76.3918585083381,17.166142997125153]]]}},{"type":"Feature","properties":{"type":"village","name":"Karkanahalli","taluk":"Afzalpur","district":"Kalaburagi","village_code":"620135"},"geometry":{"type":"Polygon","coordinates":[[[76.50124695337342,17.17849521958972],[76.48512382536404,17.179337980095823],[76.47750649264037,17.178339722599045],[76.47373706019859,17.179298193087476],[76.47258320655547,17.17369983924853],[76.48113804716078,17.160709736888776],[76.48497598512613,17.159820596988336],[76.49640928392162,17.160765347634854],[76.50212741464127,17.16355349406299],[76.50609992562609,17.1670408201226],[76.50343450919374,17.168137045197998],[76.5009884038616,17.171542017909847],[76.50124695337342,17.17849521958972]]]}},{"type":"Feature","properties":{"type":"village","name":"Kalur","taluk":"Afzalpur","district":"Kalaburagi","village_code":"620133"},"geometry":{"type":"Polygon","coordinates":[[[76.44986748730469,17.177835251841195],[76.43264205188154,17.180568602748043],[76.4170579642466,17.1813648576397],[76.41670013292955,17.179013489883385],[76.41416778573688,17.17848692125931],[76.41409001768443,17.176811517725497],[76.41418285407747,17.174756916714216],[76.41873312013053,17.175023571307506],[76.41942006272662,17.174283651135152],[76.41703253114427,17.146928712082676],[76.42542695330108,17.145658092635927],[76.43391384803323,17.14661822386147],[76.43933130184749,17.146047132973056],[76.44298297863027,17.144512770045296],[76.44665328377707,17.144881045601025],[76.44740962572045,17.14734597774789],[76.4504262196485,17.148776007165264],[76.44897287757112,17.15693022278044],[76.4501377203051,17.164187761719887],[76.44986748730469,17.177835251841195]]]}},{"type":"Feature","properties":{"type":"village","name":"Itga","taluk":"Jevargi","district":"Kalaburagi","village_code":"620721"},"geometry":{"type":"Polygon","coordinates":[[[76.56524985932663,17.180928707624556],[76.55280191431605,17.18696941472616],[76.55089857197687,17.186426551678164],[76.54602160662131,17.18227268932948],[76.54341088321672,17.176624242638777],[76.54097728512828,17.174544979195147],[76.53524781497481,17.175314994773203],[76.52656077020747,17.178545642087833],[76.52081797624167,17.177607476357913],[76.52359463644554,17.170823046384776],[76.52840591519094,17.16421126388123],[76.53045847039374,17.157263727285294],[76.53254630872593,17.154644335258457],[76.53528690516441,17.15281585458232],[76.54960316001468,17.147341672947533],[76.55676650305837,17.155097049711628],[76.56638750466705,17.155942798009207],[76.56746466284613,17.16230658780916],[76.57808744410009,17.173473221631603],[76.57801623824079,17.176251713079303],[76.57537901273871,17.17845578170454],[76.56524985932663,17.180928707624556]]]}},{"type":"Feature","properties":{"type":"village","name":" ","taluk":"Gulbarga","district":"Kalaburagi","village_code":" "},"geometry":{"type":"Polygon","coordinates":[[[76.8798405069342,17.167228752042032],[76.88168774409395,17.17565913260268],[76.86658690786103,17.1794358328075],[76.86137463374926,17.179729141744367],[76.85024466817742,17.183053108753544],[76.8366711296243,17.182097527587416],[76.83482930840736,17.17940899489389],[76.83371659041774,17.174195098391575],[76.82835042591464,17.170100638095132],[76.82858695143062,17.163997004602965],[76.81763762358774,17.161852557976523],[76.81652552992723,17.156507539340225],[76.81705337100506,17.136692129192173],[76.81603343910282,17.13755474276478],[76.81447362600304,17.13687205604285],[76.81125461559031,17.1376661772669],[76.80946564495653,17.120669163670772],[76.8101518931549,17.11989682840763],[76.81338372971321,17.122007751598787],[76.8183001221266,17.116298596817035],[76.82158009311283,17.114528504796144],[76.82702520066476,17.09737535265075],[76.84576936473822,17.100094454985186],[76.8681647411654,17.09523092902539],[76.86887402755757,17.097643541031854],[76.87474170711076,17.097368117097215],[76.87138242027486,17.110402281274492],[76.86992552625887,17.1251351938272],[76.87314377579854,17.14682130897365],[76.8797695858408,17.148185760415856],[76.87917758978038,17.153340703839135],[76.8798405069342,17.167228752042032]]]}},{"type":"Feature","properties":{"type":"village","name":" ","taluk":"Jevargi","district":"Kalaburagi","village_code":" "},"geometry":{"type":"Polygon","coordinates":[[[76.53364767201035,17.15368745321263],[76.53045847039374,17.157263727285294],[76.52840591519094,17.16421126388123],[76.52359463644554,17.170823046384776],[76.52081797624167,17.177607476357913],[76.51952588714772,17.176929103752933],[76.51718677206424,17.17446558163017],[76.51582584956164,17.171017676744217],[76.51486708843866,17.163124372921168],[76.52256379001261,17.15670406877958],[76.52840668594546,17.153707136163632],[76.52942424180377,17.148841845627494],[76.52910121122085,17.137397818232095],[76.52812911101424,17.13629948872664],[76.52397141143528,17.136593912282283],[76.52833026806087,17.12848525235352],[76.53848210034062,17.12699553469145],[76.53652808134132,17.13192107211591],[76.53713720018939,17.135553751038742],[76.53596220110283,17.145944422179966],[76.53364767201035,17.15368745321263]]]}},{"type":"Feature","properties":{"type":"village","name":" ","taluk":"Afzalpur","district":"Kalaburagi","village_code":" "},"geometry":{"type":"Polygon","coordinates":[[[76.46676069609138,17.190288275214318],[76.46215629396605,17.191889581031873],[76.45415556117746,17.19284761927038],[76.44986748730469,17.177835251841195],[76.4668855628142,17.173634178684523],[76.47228776233662,17.173261831934642],[76.4753547436673,17.18426296369997],[76.46676069609138,17.190288275214318]]]}},{"type":"Feature","properties":{"type":"village","name":" ","taluk":"Sedam","district":"Kalaburagi","village_code":" "},"geometry":{"type":"Polygon","coordinates":[[[77.33615496398048,17.11820939798896],[77.33665694435784,17.12526059133921],[77.34050705898687,17.138479486067116],[77.33871145519302,17.14112067119682],[77.3008178323428,17.139362841973202],[77.303938936271,17.13522807429654],[77.3028793868681,17.129671012228265],[77.30415054701255,17.125672356415592],[77.31321310822995,17.125086100353712],[77.32015280310722,17.122857099980344],[77.32249474069732,17.12367862497929],[77.33004774686009,17.1190920723987],[77.33615496398048,17.11820939798896]]]}},{"type":"Feature","properties":{"type":"village","name":" ","taluk":"Gulbarga","district":"Kalaburagi","village_code":" "},"geometry":{"type":"Polygon","coordinates":[[[76.7163152206588,17.138419004803133],[76.6954119809528,17.144512713391016],[76.69092808872115,17.141731127649336],[76.68444752727716,17.139727095739918],[76.68453915902943,17.132277022904077],[76.68925341613084,17.122553078107092],[76.68904392361668,17.11864338423231],[76.69271055016243,17.11981413482578],[76.69914696300347,17.118610199094686],[76.70881152931014,17.112008599064808],[76.71252628399557,17.11473769395724],[76.72417246464876,17.13205904915115],[76.72211553465053,17.13288193620092],[76.72162625555293,17.13170298806304],[76.72100236391,17.133745374400675],[76.71945153665801,17.133307845384998],[76.71567469581007,17.135365174984507],[76.7163152206588,17.138419004803133]]]}},{"type":"Feature","properties":{"type":"village","name":" ","taluk":"Sedam","district":"Kalaburagi","village_code":" "},"geometry":{"type":"Polygon","coordinates":[[[77.303938936271,17.13522807429654],[77.29869352061338,17.14142472622428],[77.30387637579797,17.155655108813693],[77.3021673516312,17.159085294064184],[77.30070097320241,17.15784291211511],[77.29715443164724,17.157336379663423],[77.29461684997139,17.152578515420316],[77.28511934605302,17.144260446355535],[77.27616801423414,17.139604549359973],[77.27188368184456,17.12808910657156],[77.26452966239866,17.12633814470734],[77.26002456363808,17.119516024853425],[77.2547498063084,17.118734114913018],[77.2521050178899,17.113007432953566],[77.25688946934767,17.110074145364507],[77.26047960883852,17.10923433304511],[77.27505453626979,17.113672851043606],[77.2804373681147,17.117032667972648],[77.28685188182575,17.11469931569922],[77.3060572391694,17.119527017259358],[77.3028793868681,17.129671012228265],[77.303938936271,17.13522807429654]]]}},{"type":"Feature","properties":{"type":"village","name":"Soan","taluk":"Afzalpur","district":"Kalaburagi","village_code":"620110"},"geometry":{"type":"Polygon","coordinates":[[[76.33832183692925,17.174080374647637],[76.33247502434179,17.18904794403374],[76.32671953987601,17.185471727686796],[76.31272886862068,17.18162497934824],[76.30654139241958,17.17851914991628],[76.30083278743521,17.178845984845413],[76.3005544731905,17.177541060205733],[76.30407418566143,17.170578835714604],[76.33209585713846,17.170494982847547],[76.33832183692925,17.174080374647637]]]}},{"type":"Feature","properties":{"type":"village","name":"Mudbol","taluk":"Chitapur","district":"Kalaburagi","village_code":"620667"},"geometry":{"type":"Polygon","coordinates":[[[77.09329530384954,17.170399027361],[77.08718558581946,17.164992683731125],[77.08384721625494,17.16482307519741],[77.07998109993575,17.16726205123062],[77.07677836070779,17.170902278145846],[77.0711349877861,17.179772740939576],[77.06725568240192,17.173194051300143],[77.06650345833583,17.16943792914712],[77.06472737583141,17.16819495993869],[77.0633754760075,17.16337392866686],[77.06640121927671,17.15875174734133],[77.07696464704321,17.151378805660052],[77.08828822471159,17.145610129936966],[77.09387639256579,17.139524080987382],[77.09935783786932,17.136302984277833],[77.10587104768403,17.134164822659876],[77.10537304774164,17.1413761804285],[77.1071771442082,17.14462475404008],[77.10441713068488,17.15528441520264],[77.10551801426895,17.1606037906035],[77.10326258983058,17.16552077382366],[77.10018721464192,17.169330302178697],[77.09329530384954,17.170399027361]]]}},{"type":"Feature","properties":{"type":"village","name":"Malgatti","taluk":"Chitapur","district":"Kalaburagi","village_code":"620655"},"geometry":{"type":"Polygon","coordinates":[[[77.01670770055344,17.140539578306043],[76.97268262044325,17.14116520998534],[76.96757845138936,17.139007980361917],[76.96605951792323,17.136578012356004],[76.95768390469183,17.110115512354117],[76.95334448760899,17.102969815371033],[76.9833162147183,17.083606105182294],[76.98245155212135,17.08305536482125],[76.98926482798699,17.07835307689924],[76.99222122670616,17.073566931836556],[76.99892255991102,17.07220196675492],[77.00083564268279,17.076089146250315],[76.99944046202853,17.090539793827148],[77.00361287870676,17.096398070407837],[77.00838825987506,17.105935176265525],[77.01015666627539,17.118285663693054],[77.00935191771465,17.125548470115938],[77.01290215583721,17.12915399829983],[77.01668785676883,17.130882779342983],[77.01670770055344,17.140539578306043]]]}},{"type":"Feature","properties":{"type":"village","name":"Margol","taluk":"Chitapur","district":"Kalaburagi","village_code":"620668"},"geometry":{"type":"Polygon","coordinates":[[[77.12501953268705,17.15048099186027],[77.11299833325052,17.159055473939176],[77.10551801426895,17.1606037906035],[77.10441713068488,17.15528441520264],[77.1071771442082,17.14462475404008],[77.10537304774164,17.1413761804285],[77.10587104768403,17.134164822659876],[77.11350991482168,17.133432942077917],[77.12231319889185,17.135404023694964],[77.12271699340867,17.14516788107932],[77.12475239438278,17.14704001220356],[77.12501953268705,17.15048099186027]]]}},{"type":"Feature","properties":{"type":"village","name":"Shankerwadi","taluk":"Chitapur","district":"Kalaburagi","village_code":"620651"},"geometry":{"type":"Polygon","coordinates":[[[77.01804462456323,17.15893304932354],[77.01215076900098,17.15487585817401],[77.00736834593914,17.154216183194702],[77.00062230537924,17.156135782226443],[76.99694281495864,17.154543430901395],[76.99292946117113,17.154342453766308],[76.98513911382206,17.156275892283528],[76.9797300233231,17.15607538997224],[76.97245173005905,17.158057777618268],[76.96223768585259,17.15330043572375],[76.96133905705643,17.150983123282597],[76.9628971876117,17.146667867882233],[76.96733562598828,17.142102857808315],[76.96687808257306,17.13854294433138],[76.97268262044325,17.14116520998534],[77.01670770055344,17.140539578306043],[77.01804462456323,17.15893304932354]]]}},{"type":"Feature","properties":{"type":"village","name":"Chitapur (TMC)","taluk":"Chitapur","district":"Kalaburagi","village_code":"803210"},"geometry":{"type":"Polygon","coordinates":[[[77.10587104768403,17.134164822659876],[77.09557064932764,17.13840445104538],[77.08828822471159,17.145610129936966],[77.07696464704321,17.151378805660052],[77.06640121927671,17.15875174734133],[77.06427245998835,17.16130355133375],[77.06363093980629,17.151719297786205],[77.06878294684401,17.13208470065945],[77.07657183622736,17.129628190193845],[77.07804611444072,17.12733884095527],[77.08164747119453,17.126842335630155],[77.08432148540247,17.12716198595429],[77.08543342634937,17.13012759140587],[77.08992294023807,17.129621737957493],[77.09205069610823,17.128683716390782],[77.090460662784,17.124582584592964],[77.0931156156399,17.122161960806434],[77.1007345276018,17.124063958002218],[77.10284267414764,17.12335559735453],[77.10565332929683,17.12411399265302],[77.10608164782093,17.12554778161049],[77.1126114692818,17.126636039426064],[77.11350991482168,17.133432942077917],[77.10587104768403,17.134164822659876]]]}},{"type":"Feature","properties":{"type":"village","name":"Guddewadi","taluk":"Afzalpur","district":"Kalaburagi","village_code":"620142"},"geometry":{"type":"Polygon","coordinates":[[[76.44665328377707,17.144881045601025],[76.44298297863027,17.144512770045296],[76.43933130184749,17.146047132973056],[76.43391384803323,17.14661822386147],[76.42542695330108,17.145658092635927],[76.41703253114427,17.146928712082676],[76.4159495797299,17.13985816700342],[76.44348319471644,17.13757891014742],[76.44397615870332,17.133034379998783],[76.44529465377506,17.131765748998983],[76.45299249081955,17.13340111936346],[76.44665328377707,17.144881045601025]]]}},{"type":"Feature","properties":{"type":"village","name":"Kesapur","taluk":"Afzalpur","district":"Kalaburagi","village_code":"620131"},"geometry":{"type":"Polygon","coordinates":[[[76.38998290866985,17.14615331675707],[76.39077638157717,17.15271580673304],[76.39367857325716,17.157487576824927],[76.38875877802545,17.155881469237332],[76.3780742950879,17.155604648333323],[76.3693116642759,17.150690200647272],[76.37148321840606,17.144944645889026],[76.37461090429035,17.14191688423295],[76.38106312119218,17.145947261738666],[76.38571334458352,17.146723067375568],[76.38998290866985,17.14615331675707]]]}},{"type":"Feature","properties":{"type":"village","name":"Diggaon","taluk":"Chitapur","district":"Kalaburagi","village_code":"620679"},"geometry":{"type":"Polygon","coordinates":[[[77.10865929795166,17.175053018956607],[77.09809877623512,17.174948599980038],[77.09329530384954,17.170399027361],[77.10018721464192,17.169330302178697],[77.10326258983058,17.16552077382366],[77.10551801426895,17.1606037906035],[77.11299833325052,17.159055473939176],[77.12481276655978,17.150553276935707],[77.13260232788296,17.14870329907561],[77.13268023068271,17.143936190935992],[77.13580346900805,17.14273492827824],[77.14638345901345,17.141533064689195],[77.14868585186645,17.133331155728715],[77.1503838617895,17.13190459319033],[77.15006774104779,17.11997752333838],[77.15196779914625,17.103695246767213],[77.14242244915924,17.102212980678246],[77.12914520463117,17.102551049754602],[77.13036598096629,17.10090128680549],[77.13120666842666,17.092538571820594],[77.13431157932354,17.08575254736046],[77.13276591019789,17.081623191836123],[77.13236227288624,17.07645957261634],[77.13554889813464,17.069645045203952],[77.13902698357359,17.06880440576057],[77.13988748697075,17.0627232758657],[77.14720311781127,17.060992316369838],[77.1496221092932,17.052904557337328],[77.15106105856307,17.05175904213285],[77.16322373457201,17.046220027226678],[77.18098186287384,17.043274303871865],[77.1826283966362,17.045887863719855],[77.1854985858342,17.047653588380328],[77.18666121332267,17.05073007179969],[77.19182138514799,17.050800707142916],[77.19252860541499,17.058408714789994],[77.19108939114211,17.066261366722287],[77.191269812377,17.071777723702304],[77.19514815836048,17.08017532894234],[77.1976987620147,17.079867245302864],[77.19860691744442,17.08383819910653],[77.20237114504745,17.087469269776694],[77.20335439604172,17.090947716856984],[77.20505984491366,17.091353687297598],[77.20657175714753,17.10046125928651],[77.20640044393129,17.10952422590422],[77.19567136682639,17.110083884835046],[77.19486363226562,17.123741843625794],[77.17289301703399,17.123065738922822],[77.17239418974323,17.11993944578179],[77.16346268733594,17.121264975085488],[77.16533667812148,17.11793492309824],[77.15844872440792,17.11744815064032],[77.1560761758262,17.118320457753114],[77.15630215871403,17.121112503608952],[77.1549302731717,17.12157803996948],[77.15439095701444,17.12814265730577],[77.1553121910164,17.130003915823433],[77.15688131335749,17.12852181810826],[77.1582878271574,17.13772461399721],[77.15600884440072,17.137639105827734],[77.15501383895099,17.14501700179132],[77.15181382970317,17.14552793278669],[77.15176771828133,17.151794286227247],[77.14777341057446,17.15233235371194],[77.1476983159083,17.153118479320355],[77.1312790456891,17.155107319857994],[77.12970021166146,17.161721563180446],[77.12811177733842,17.161631213985416],[77.12653275735956,17.164414243055266],[77.11796556491909,17.16102106415345],[77.11560619013103,17.165317467989137],[77.11501846106817,17.170246466617936],[77.10999919269011,17.169798817799784],[77.10865929795166,17.175053018956607]]]}},{"type":"Feature","properties":{"type":"village","name":"Harnal (K)","taluk":"Jevargi","district":"Kalaburagi","village_code":"620716"},"geometry":{"type":"Polygon","coordinates":[[[76.51928953859985,17.13804789220854],[76.52812911101424,17.13629948872664],[76.52910121122085,17.137397818232095],[76.52885839300627,17.152600469711125],[76.52840668594546,17.153707136163632],[76.52256379001261,17.15670406877958],[76.51486708843866,17.163124372921168],[76.50565315211279,17.151106760865087],[76.51928953859985,17.13804789220854]]]}},{"type":"Feature","properties":{"type":"village","name":"Madkal","taluk":"Sedam","district":"Kalaburagi","village_code":"620504"},"geometry":{"type":"Polygon","coordinates":[[[77.3719417652999,17.18113506708259],[77.36473818132475,17.181978085924552],[77.3525203568422,17.179135466975122],[77.35100950731527,17.179303656624615],[77.35080728756166,17.180122937343445],[77.3480972643856,17.179766305036125],[77.34450662363479,17.17782934025746],[77.34231789012314,17.173030041870867],[77.3413141853882,17.154044616347008],[77.35153886025772,17.149373545655454],[77.36003322088818,17.148743024834577],[77.36611929795495,17.14934333083412],[77.36559382663286,17.150269411157335],[77.36693749609213,17.154420485722948],[77.36595995568817,17.15597459368629],[77.36685739511489,17.15898808981195],[77.3654992259486,17.159566305357057],[77.36376517561632,17.158789113111894],[77.3639200451713,17.162191109117337],[77.36248657562467,17.163835525058637],[77.36680991915212,17.169311505775138],[77.3662411104058,17.17221648793473],[77.37004782293187,17.175799362658758],[77.3719417652999,17.18113506708259]]]}},{"type":"Feature","properties":{"type":"village","name":"Kaddargi","taluk":"Chitapur","district":"Kalaburagi","village_code":"620665"},"geometry":{"type":"Polygon","coordinates":[[[77.02895587012631,17.161286445866413],[77.03389166525152,17.168186068069826],[77.02103993291064,17.1779578510765],[77.01702289423382,17.170431067744595],[77.01193670585867,17.17080044710979],[77.0147135636919,17.16318218365467],[77.01772249229562,17.15896102577284],[77.02895587012631,17.161286445866413]]]}},{"type":"Feature","properties":{"type":"village","name":"Batgera","taluk":"Afzalpur","district":"Kalaburagi","village_code":"620136"},"geometry":{"type":"Polygon","coordinates":[[[76.51486708843866,17.163124372921168],[76.5154912280166,17.167588027972947],[76.50984111593365,17.166600283989176],[76.50609992562609,17.1670408201226],[76.50212741464127,17.16355349406299],[76.49640928392162,17.160765347634854],[76.48497598512613,17.159820596988336],[76.48113804716078,17.160709736888776],[76.48047820134691,17.15383997177981],[76.47788960973602,17.147500631175873],[76.47781026244527,17.142955897359467],[76.48883302217276,17.13724443974781],[76.49135828974269,17.137113291956865],[76.4951954138344,17.138538293381472],[76.49898609592421,17.141647448023036],[76.50067714659879,17.145057883739227],[76.51486708843866,17.163124372921168]]]}},{"type":"Feature","properties":{"type":"village","name":"Ankalga","taluk":"Jevargi","district":"Kalaburagi","village_code":"620718"},"geometry":{"type":"Polygon","coordinates":[[[76.52397141143528,17.136593912282283],[76.51928953859985,17.13804789220854],[76.50565315211279,17.151106760865087],[76.49816557294707,17.140686602652536],[76.49330563785264,17.13763116792751],[76.48883302217276,17.13724443974781],[76.47659537816008,17.14381217088264],[76.47398394598474,17.13547945996127],[76.47027362179034,17.134133734042006],[76.46684237001872,17.134216755190756],[76.46746431770737,17.130742734258998],[76.47071212092153,17.12786544737963],[76.47082629409921,17.125685377057646],[76.4665205683311,17.121807618374646],[76.45919274555554,17.1184974078724],[76.45877996698754,17.11707085086421],[76.45932828516223,17.114375710139708],[76.46517571668892,17.104121999797634],[76.46709455496672,17.09519092394384],[76.47029183603102,17.088623909661965],[76.4707699760191,17.083458414050323],[76.48368230870905,17.083558917329643],[76.49786636029563,17.087869493059614],[76.49784344157779,17.11900408485067],[76.50202662815795,17.12246012920857],[76.50678518657594,17.12416889493993],[76.5051177472203,17.13054457803255],[76.51006524020715,17.130976718128377],[76.5124321886914,17.132984035272397],[76.52061788369866,17.13226115093747],[76.52498105313592,17.12684910474196],[76.52833026806087,17.12848525235352],[76.52397141143528,17.136593912282283]]]}},{"type":"Feature","properties":{"type":"village","name":"Aurad (K)","taluk":"Gulbarga","district":"Kalaburagi","village_code":"620312"},"geometry":{"type":"Polygon","coordinates":[[[76.73805035691176,17.153962753397064],[76.72460925967586,17.156983808975998],[76.72126019387129,17.15093139200542],[76.7193394646398,17.14407408436839],[76.71647716714159,17.142909740047738],[76.71567469581007,17.135365174984507],[76.71945153665801,17.133307845384998],[76.72100236391,17.133745374400675],[76.72162625555293,17.13170298806304],[76.72211553465053,17.13288193620092],[76.72417246464876,17.13205904915115],[76.73805035691176,17.153962753397064]]]}},{"type":"Feature","properties":{"type":"village","name":"Balwad","taluk":"Gulbarga","district":"Kalaburagi","village_code":"620315"},"geometry":{"type":"Polygon","coordinates":[[[76.80804957937018,17.13872680870099],[76.81447362600304,17.13687205604285],[76.81603343910282,17.13755474276478],[76.81705337100506,17.136692129192173],[76.81685352729538,17.159557226817356],[76.80529319863385,17.15867242112366],[76.80200563329028,17.153502728989107],[76.79500341566921,17.154091830099425],[76.79256927769329,17.143274941404627],[76.79624096175408,17.139201296362227],[76.79834653103335,17.138131386318967],[76.80135370163407,17.138475905572708],[76.80391051085023,17.136927210374864],[76.80804957937018,17.13872680870099]]]}},{"type":"Feature","properties":{"type":"village","name":"Shahabad ACC (NAC + OG)","taluk":"Chitapur","district":"Kalaburagi","village_code":"803211"},"geometry":{"type":"Polygon","coordinates":[[[76.93504304385031,17.18342181072076],[76.92587045877359,17.183092779096068],[76.92293229315973,17.17001124309751],[76.92056793092519,17.168335617059395],[76.91928901113327,17.16574260583799],[76.91682631481615,17.165286789705583],[76.91341840397055,17.161831222769116],[76.91706394076837,17.15604310419762],[76.91202401563038,17.144749241377156],[76.91069770341902,17.13851473732273],[76.90891710598197,17.113792941062567],[76.90763796789946,17.10679034100282],[76.9312869352208,17.108657173176915],[76.93081554158053,17.112554986854988],[76.92236781159812,17.11162181416125],[76.92267885236691,17.115421323058687],[76.92776265930826,17.116124927621694],[76.92795552759975,17.11696973207619],[76.9269125359442,17.117150704808417],[76.92689071676426,17.1232544278977],[76.92447570661568,17.123413126861486],[76.92422808870255,17.128816619692877],[76.92271514610105,17.128947982804945],[76.92295048314593,17.13053823914506],[76.924468208378,17.130677948724458],[76.9247505264139,17.132177832748205],[76.92404100106991,17.132132817079775],[76.92413626381251,17.137093471614794],[76.92299916734275,17.137229266968852],[76.92309856143733,17.140052943147605],[76.92238434059935,17.140143460793222],[76.92390310697886,17.144010454596685],[76.92527517398088,17.14378424107928],[76.92518154168052,17.145103493719326],[76.92617321168557,17.145695105667546],[76.92541682482646,17.14633231081686],[76.92802035542056,17.147104244382678],[76.93531154579715,17.141224490293645],[76.9365459810162,17.13693211374443],[76.93938891532845,17.137247520658754],[76.93969085885838,17.139492388937633],[76.93425180235815,17.148326951165487],[76.93060779269635,17.156979737009365],[76.93286042966236,17.162292192995594],[76.93006988240252,17.165613597321062],[76.92987836338057,17.169616510231258],[76.93504304385031,17.18342181072076]]]}},{"type":"Feature","properties":{"type":"village","name":"Kobal","taluk":"Jevargi","district":"Kalaburagi","village_code":"620755"},"geometry":{"type":"Polygon","coordinates":[[[76.74728607738327,17.131571984016272],[76.74419071378124,17.133331257884226],[76.74587106282583,17.137807533963905],[76.74455777528779,17.141589786813825],[76.73203868819829,17.144461818966324],[76.72528663790912,17.13369344002118],[76.74412755143696,17.12263287131993],[76.74878765270316,17.12136060225818],[76.74728607738327,17.131571984016272]]]}},{"type":"Feature","properties":{"type":"village","name":"Harnal (B)","taluk":"Jevargi","district":"Kalaburagi","village_code":"620790"},"geometry":{"type":"Polygon","coordinates":[[[76.46684237001872,17.134216755190756],[76.46021795685671,17.1374935169406],[76.45933997404073,17.140505834814043],[76.45774605370624,17.140268685939063],[76.45659089481101,17.13791769526499],[76.45005176231217,17.138825482023595],[76.45299249081955,17.13340111936346],[76.45286912967315,17.12847758190562],[76.45639382869219,17.127006002983165],[76.45911203731714,17.12235487366154],[76.4637835471875,17.12327766910528],[76.46463420504914,17.120899436871458],[76.47024947597383,17.1248727540088],[76.47101886415003,17.126535125864336],[76.47071212092153,17.12786544737963],[76.46746431770737,17.130742734258998],[76.46684237001872,17.134216755190756]]]}},{"type":"Feature","properties":{"type":"village","name":"Yergal","taluk":"Chitapur","district":"Kalaburagi","village_code":"620671"},"geometry":{"type":"Polygon","coordinates":[[[77.0531476579328,17.15238197131242],[77.05092798105287,17.1623470033173],[77.02895587012631,17.161286445866413],[77.01804462456323,17.15893304932354],[77.01672553840004,17.143429878062065],[77.01703388691793,17.123225565253325],[77.02420831786715,17.12066750760856],[77.02993024396886,17.11462700208342],[77.03188221930088,17.11419626719871],[77.04569221240313,17.113941921708033],[77.05494659806965,17.118707882922354],[77.0584852973324,17.12936474973435],[77.05356400640574,17.13578171377405],[77.05188312466016,17.14130830831494],[77.0531476579328,17.15238197131242]]]}},{"type":"Feature","properties":{"type":"village","name":"Jeevangi","taluk":"Chitapur","district":"Kalaburagi","village_code":"620664"},"geometry":{"type":"Polygon","coordinates":[[[77.01193670585867,17.17080044710979],[77.00578913821238,17.17102344178005],[76.99892175502053,17.16521026520581],[76.99116677164925,17.161219699423388],[76.9803434477963,17.160543287362934],[76.97245173005905,17.158057777618268],[76.9797300233231,17.15607538997224],[76.98513911382206,17.156275892283528],[76.99292946117113,17.154342453766308],[76.99694281495864,17.154543430901395],[77.00062230537924,17.156135782226443],[77.00639222487332,17.15427190403914],[77.01215076900098,17.15487585817401],[77.01772249229562,17.15896102577284],[77.0147135636919,17.16318218365467],[77.01193670585867,17.17080044710979]]]}},{"type":"Feature","properties":{"type":"village","name":"Guolnur","taluk":"Afzalpur","district":"Kalaburagi","village_code":"620137"},"geometry":{"type":"Polygon","coordinates":[[[76.47258320655547,17.17369983924853],[76.4668855628142,17.173634178684523],[76.44986748730469,17.177835251841195],[76.4501377203051,17.164187761719887],[76.44897287757112,17.15693022278044],[76.4504262196485,17.148776007165264],[76.4632569475814,17.148173969693673],[76.47781026244527,17.142955897359467],[76.47788960973602,17.147500631175873],[76.48047820134691,17.15383997177981],[76.48113804716078,17.160709736888776],[76.47258320655547,17.17369983924853]]]}},{"type":"Feature","properties":{"type":"village","name":"Naddisinur","taluk":"Gulbarga","district":"Kalaburagi","village_code":"620316"},"geometry":{"type":"Polygon","coordinates":[[[76.79654651022322,17.138925825786533],[76.78989410106539,17.146368565756255],[76.78591752789886,17.148689006212408],[76.78316420323114,17.147888066769838],[76.77886238064292,17.14284401965924],[76.77688076000824,17.131349468189462],[76.77740030873765,17.12623092457196],[76.77558862689682,17.11372441068113],[76.77585386706086,17.109717144994573],[76.79765738936146,17.1117374161493],[76.81060894070009,17.116160656165363],[76.82184804169746,17.11402708963317],[76.8183001221266,17.116298596817035],[76.81338372971321,17.122007751598787],[76.80965377643152,17.12012255675063],[76.80965142913371,17.126781975917375],[76.81125461559031,17.1376661772669],[76.80804957937018,17.13872680870099],[76.80391051085023,17.136927210374864],[76.80135370163407,17.138475905572708],[76.79834653103335,17.138131386318967],[76.79654651022322,17.138925825786533]]]}},{"type":"Feature","properties":{"type":"village","name":"Sulhalli","taluk":"Chitapur","district":"Kalaburagi","village_code":"620684"},"geometry":{"type":"Polygon","coordinates":[[[77.06363093980629,17.151719297786205],[77.05879833595439,17.15463615002155],[77.05504786066005,17.160715702234278],[77.05145589489419,17.160320248334827],[77.0531476579328,17.15238197131242],[77.05188312466016,17.14130830831494],[77.05356400640574,17.13578171377405],[77.05825078404263,17.130152932416646],[77.05842728592796,17.127844510033878],[77.05592187112585,17.120397366666197],[77.05378573666901,17.11750629925225],[77.04569221240313,17.113941921708033],[77.04153501498243,17.11386512278742],[77.0419711263916,17.103665071744476],[77.0387926632359,17.0555982363714],[77.05280047344851,17.059244932762248],[77.06265361230304,17.06024304807673],[77.07199985519892,17.060142600939482],[77.07984401522678,17.058633754151966],[77.10645807156935,17.058525672325256],[77.10735544272413,17.068737785002586],[77.11180415962421,17.067712891129215],[77.11298370418612,17.0708394562642],[77.11759272095705,17.07047718019838],[77.11803812094628,17.072438308413023],[77.12312688389305,17.074638550021437],[77.13236227288624,17.07645957261634],[77.13276591019789,17.081623191836123],[77.13431157932354,17.08575254736046],[77.13120666842666,17.092538571820594],[77.13036598096629,17.10090128680549],[77.12609083564712,17.10758332257393],[77.1250149449909,17.11274278931157],[77.12617543628564,17.11792486724443],[77.12478938431127,17.123201790054427],[77.12634656894052,17.125856165697016],[77.12556501937199,17.132603953008292],[77.12376573877364,17.135226327369296],[77.12231319889185,17.135404023694964],[77.11350991482168,17.133432942077917],[77.1126114692818,17.126636039426064],[77.10608164782093,17.12554778161049],[77.10565332929683,17.12411399265302],[77.10284267414764,17.12335559735453],[77.1007345276018,17.124063958002218],[77.0931156156399,17.122161960806434],[77.09444361488735,17.117657819866682],[77.0929218068123,17.114279288663393],[77.09331255868953,17.111952099723315],[77.09009239933157,17.11091927692405],[77.08519355191399,17.111049685087234],[77.0831049329458,17.11226916994591],[77.08138786706058,17.11031689190017],[77.07418496580505,17.114237670189194],[77.07516032779445,17.116152280356868],[77.07432044342801,17.118423011249902],[77.07521692704724,17.12341557958302],[77.07835919797847,17.124242169791096],[77.07804611444072,17.12733884095527],[77.07657183622736,17.129628190193845],[77.06878294684401,17.13208470065945],[77.06363093980629,17.151719297786205]]]}},{"type":"Feature","properties":{"type":"village","name":" ","taluk":"Gulbarga","district":"Kalaburagi","village_code":" "},"geometry":{"type":"Polygon","coordinates":[[[76.72460925967586,17.156983808975998],[76.7228623158243,17.159342983622558],[76.72185380779757,17.162980369579362],[76.71768153844302,17.164852683252647],[76.70393793712849,17.16008291190282],[76.69411423965906,17.155157341857365],[76.67257199325721,17.15336966137519],[76.672627663652,17.150509809928],[76.6778186566747,17.144590123707022],[76.67904872158987,17.140763140696244],[76.68444752727716,17.139727095739918],[76.69092808872115,17.141731127649336],[76.6954119809528,17.144512713391016],[76.7163152206588,17.138419004803133],[76.71668885423999,17.143384028176456],[76.7193394646398,17.14407408436839],[76.72126019387129,17.15093139200542],[76.72460925967586,17.156983808975998]]]}},{"type":"Feature","properties":{"type":"village","name":"Chinmmgera","taluk":"Afzalpur","district":"Kalaburagi","village_code":"620170"},"geometry":{"type":"Polygon","coordinates":[[[76.596283563985,17.213040076701514],[76.59306870468723,17.237083707091642],[76.58830159161279,17.236490987664578],[76.58338608314163,17.22701597763577],[76.57402647780589,17.225572495115568],[76.56795353231195,17.222661269604995],[76.56692986162155,17.2189924436302],[76.56457495864693,17.218151392702552],[76.56364011606674,17.21622196263004],[76.56121490734473,17.21492906215273],[76.56058096355376,17.213004232952137],[76.56300288713678,17.196031321605062],[76.56086263390436,17.18323200026969],[76.56296743781903,17.182166253303357],[76.56480215695532,17.184615174424497],[76.56603352981755,17.184769161704097],[76.56834182909353,17.18296721381635],[76.5706748679724,17.192749131728032],[76.57741424393124,17.196003808149666],[76.57968846292198,17.199099117893034],[76.5829878491964,17.200545602867336],[76.58785653657664,17.205570518108555],[76.5931441389166,17.208955393401297],[76.596283563985,17.213040076701514]]]}},{"type":"Feature","properties":{"type":"village","name":"Shirwad","taluk":"Afzalpur","district":"Kalaburagi","village_code":"620103"},"geometry":{"type":"Polygon","coordinates":[[[76.3260484067306,17.21570525263685],[76.32937587613746,17.22998024487736],[76.33270301316763,17.238542121726677],[76.3258206667381,17.23414485574771],[76.32244012306764,17.23516048224979],[76.31762655810984,17.233076361332902],[76.31176413370106,17.23274020489411],[76.31062681804235,17.231569697113393],[76.29965870642685,17.232861371808063],[76.30458695121213,17.22816562771957],[76.29893613574828,17.216329303211907],[76.31067862298646,17.21543630294336],[76.3260484067306,17.21570525263685]]]}},{"type":"Feature","properties":{"type":"village","name":"Arebommanhalli","taluk":"Sedam","district":"Kalaburagi","village_code":"620489"},"geometry":{"type":"Polygon","coordinates":[[[77.2593766106203,17.2231862367488],[77.24888913091947,17.226757150122967],[77.24614349672888,17.22643132302574],[77.24381867563821,17.22511892069531],[77.2416765826561,17.220140921763452],[77.24024271964736,17.219656392734827],[77.23741259531103,17.220225484921205],[77.23051110398615,17.22434670379485],[77.23057866268542,17.217808963305988],[77.23299209090081,17.200621513794424],[77.23826259830086,17.1978597939892],[77.24135715791073,17.19728564798009],[77.24647353596762,17.19806156922526],[77.25321923426942,17.20248522713018],[77.25976656299692,17.203141645361644],[77.25884355302561,17.208339916132257],[77.2593766106203,17.2231862367488]]]}},{"type":"Feature","properties":{"type":"village","name":"Samkhed","taluk":"Sedam","district":"Kalaburagi","village_code":"620471"},"geometry":{"type":"Polygon","coordinates":[[[77.17815354864285,17.206691879219512],[77.17522283365595,17.218863643815872],[77.16588538796165,17.211468694346983],[77.16115931711592,17.20957396635191],[77.15791793505939,17.214174682404966],[77.15004210312956,17.215849249313752],[77.15112701017628,17.2086069557145],[77.12635434835089,17.205472903174297],[77.1270968948664,17.1873290463089],[77.14142130641945,17.190361330871948],[77.15216099981438,17.195014787634474],[77.15837094018578,17.198842618076224],[77.17110296662518,17.20218098560099],[77.17815354864285,17.206691879219512]]]}},{"type":"Feature","properties":{"type":"village","name":"Taranhalli","taluk":"Sedam","district":"Kalaburagi","village_code":"620488"},"geometry":{"type":"Polygon","coordinates":[[[77.28457805989036,17.202965197288833],[77.28055521899515,17.208915891639023],[77.2742037346777,17.2100493135865],[77.2744629642142,17.21661636705628],[77.27330032055602,17.220109704268616],[77.26929616821197,17.22320950919225],[77.2660337422216,17.221755429318247],[77.2593766106203,17.2231862367488],[77.25884355302561,17.208339916132257],[77.25976656299692,17.203141645361644],[77.26736579736253,17.202577653675192],[77.26975360203272,17.201105596683703],[77.27115458221049,17.20205349474457],[77.27439682934465,17.19978201409842],[77.27930090944878,17.202057634371517],[77.28457805989036,17.202965197288833]]]}},{"type":"Feature","properties":{"type":"village","name":"Bibhalli","taluk":"Sedam","district":"Kalaburagi","village_code":"620487"},"geometry":{"type":"Polygon","coordinates":[[[77.29026641056004,17.22360119162118],[77.2797218420246,17.221867789651846],[77.27350061162672,17.22428516600228],[77.26929616821197,17.22320950919225],[77.27419906882811,17.218615774259696],[77.2742037346777,17.2100493135865],[77.28055521899515,17.208915891639023],[77.28673569642186,17.19883685562225],[77.29502427727526,17.198714134618495],[77.30105169525227,17.212650191032925],[77.29830444499251,17.222952037191362],[77.29026641056004,17.22360119162118]]]}},{"type":"Feature","properties":{"type":"village","name":"Bijjanhalli","taluk":"Sedam","district":"Kalaburagi","village_code":"620492"},"geometry":{"type":"Polygon","coordinates":[[[77.18172039122513,17.22344587323913],[77.17785916713096,17.222350953752745],[77.17522283365595,17.218863643815872],[77.17815354864285,17.206691879219512],[77.19420495695657,17.20678105829246],[77.1938090730041,17.218844321304715],[77.18873670610793,17.219315122779296],[77.18172039122513,17.22344587323913]]]}},{"type":"Feature","properties":{"type":"village","name":"Satpatanhalli","taluk":"Sedam","district":"Kalaburagi","village_code":"620486"},"geometry":{"type":"Polygon","coordinates":[[[77.32655283777251,17.22103529620379],[77.31861286343646,17.221196258243083],[77.31272009214076,17.22536191310585],[77.30659965990425,17.226274110799658],[77.30290257687714,17.225816297759884],[77.29830444499251,17.222952037191362],[77.30105169525227,17.212650191032925],[77.31115858841162,17.21249591975138],[77.32006168968289,17.209920300742297],[77.32631147213378,17.219640827707728],[77.32655283777251,17.22103529620379]]]}},{"type":"Feature","properties":{"type":"village","name":"Konkanhalli","taluk":"Sedam","district":"Kalaburagi","village_code":"620500"},"geometry":{"type":"Polygon","coordinates":[[[77.23299209090081,17.200621513794424],[77.22641245695905,17.202145053076404],[77.22344379174469,17.201001636907346],[77.22237329637007,17.198285473333595],[77.22601462725568,17.19282141319972],[77.2257634448275,17.18897681192505],[77.22772158080575,17.185610021066513],[77.23065263086423,17.182382771024905],[77.23259354524014,17.18203389197502],[77.23357482982222,17.180275919074855],[77.23939081222912,17.17603047982328],[77.24188592425328,17.184143041116375],[77.24586767171583,17.189653855712717],[77.24699820060259,17.194157513877805],[77.24647353596762,17.19806156922526],[77.23992206690501,17.197427212398985],[77.23299209090081,17.200621513794424]]]}},{"type":"Feature","properties":{"type":"village","name":"Mutga","taluk":"Chitapur","district":"Kalaburagi","village_code":"620649"},"geometry":{"type":"Polygon","coordinates":[[[77.00558101023917,17.19481040540449],[76.98271743368248,17.194570850147436],[76.98208760327724,17.16991251768939],[76.98303177486164,17.169094287874554],[76.98302687724674,17.160587084192137],[76.98941836264548,17.160899903426728],[76.99471100183922,17.162487207390754],[77.00578913821238,17.17102344178005],[77.01193670585867,17.17080044710979],[77.00558101023917,17.19481040540449]]]}},{"type":"Feature","properties":{"type":"village","name":"Neelhalli","taluk":"Sedam","district":"Kalaburagi","village_code":"620499"},"geometry":{"type":"Polygon","coordinates":[[[77.22237329637007,17.198285473333595],[77.20704382632093,17.195326743811812],[77.2028753721114,17.196177594842776],[77.19998041905598,17.195662534035954],[77.19823364318938,17.197727636101973],[77.19072563004589,17.197275000008204],[77.18774584009502,17.19116691330637],[77.18348906262847,17.190530022667108],[77.18155551713281,17.188803888681733],[77.18368191924186,17.182835067615336],[77.18294871700192,17.1795086309827],[77.18420720820593,17.176861985310502],[77.18356134197452,17.17181355211057],[77.18518077176815,17.16860375542391],[77.19179875928093,17.167513212422964],[77.19439437931067,17.16492237494493],[77.19833769864199,17.16417030976239],[77.2000740720176,17.161279407638634],[77.20511933135175,17.158237105250713],[77.21185478167281,17.158910063209074],[77.22127373510608,17.157901824022733],[77.22170671139493,17.164676901663224],[77.21563963728968,17.17404490528213],[77.21925289312777,17.17673651536593],[77.22096985929997,17.174483561306573],[77.22995200512976,17.183124242278613],[77.2257634448275,17.18897681192505],[77.22609441472092,17.192604514634947],[77.22237329637007,17.198285473333595]]]}},{"type":"Feature","properties":{"type":"village","name":"Belundgi","taluk":"Afzalpur","district":"Kalaburagi","village_code":"620111"},"geometry":{"type":"Polygon","coordinates":[[[76.33247502434179,17.18904794403374],[76.33061926755987,17.193250495625925],[76.32957933017624,17.201452979261035],[76.30331014515609,17.19833349792554],[76.30014252466586,17.1971395798586],[76.30057575877116,17.195115725745705],[76.30760467701742,17.189800714123578],[76.30654816212356,17.186940509637694],[76.30119166618783,17.182655575819123],[76.30083278743521,17.178845984845413],[76.30654139241958,17.17851914991628],[76.31272886862068,17.18162497934824],[76.32671953987601,17.185471727686796],[76.33247502434179,17.18904794403374]]]}},{"type":"Feature","properties":{"type":"village","name":"Malkhed (J)","taluk":"Sedam","district":"Kalaburagi","village_code":"620493"},"geometry":{"type":"Polygon","coordinates":[[[77.23237868080058,17.20673492373446],[77.2223226601341,17.207697065827738],[77.21442256470847,17.210105273355907],[77.21170119042044,17.205437885182395],[77.20267482771578,17.20699274096478],[77.17815354864285,17.206691879219512],[77.17110296662518,17.20218098560099],[77.15837094018578,17.198842618076224],[77.15216099981438,17.195014787634474],[77.14142130641945,17.190361330871948],[77.1270968948664,17.1873290463089],[77.12848337623548,17.18319516894553],[77.12442724018256,17.181744899270438],[77.11894715941996,17.177940663895725],[77.10820344067423,17.17475027637112],[77.10999919269011,17.169798817799784],[77.11501846106817,17.170246466617936],[77.11560619013103,17.165317467989137],[77.11796556491909,17.16102106415345],[77.12653275735956,17.164414243055266],[77.12811177733842,17.161631213985416],[77.12970021166146,17.161721563180446],[77.1312790456891,17.155107319857994],[77.1476983159083,17.153118479320355],[77.14777341057446,17.15233235371194],[77.15204018179857,17.151139155652594],[77.18036963405827,17.15446154499594],[77.18788783769031,17.161441178661615],[77.19099212156313,17.16204080929635],[77.19261223677131,17.161327106218028],[77.19427120411552,17.160125407618793],[77.19555839110299,17.15669041685528],[77.19553644975215,17.1502341938924],[77.19279976008687,17.139931392748846],[77.19302972969791,17.128088618099913],[77.19405287756885,17.123631798405135],[77.19486363226562,17.123741843625794],[77.19680956642735,17.126121983974876],[77.20192858822611,17.138610371932476],[77.20399124678092,17.146445297171326],[77.20409197217876,17.153868047707636],[77.20511933135175,17.158237105250713],[77.2000740720176,17.161279407638634],[77.19833769864199,17.16417030976239],[77.19439437931067,17.16492237494493],[77.19179875928093,17.167513212422964],[77.18518077176815,17.16860375542391],[77.18356134197452,17.17181355211057],[77.18420720820593,17.176861985310502],[77.18294871700192,17.1795086309827],[77.18368191924186,17.182835067615336],[77.18155551713281,17.188803888681733],[77.18348906262847,17.190530022667108],[77.18774584009502,17.19116691330637],[77.19072563004589,17.197275000008204],[77.19823364318938,17.197727636101973],[77.19998041905598,17.195662534035954],[77.2028753721114,17.196177594842776],[77.20704382632093,17.195326743811812],[77.22237329637007,17.198285473333595],[77.22344379174469,17.201001636907346],[77.22641245695905,17.202145053076404],[77.23299209090081,17.200621513794424],[77.23237868080058,17.20673492373446]]]}},{"type":"Feature","properties":{"type":"village","name":"Sedam (TMC)","taluk":"Sedam","district":"Kalaburagi","village_code":"803209"},"geometry":{"type":"Polygon","coordinates":[[[77.32006168968289,17.209920300742297],[77.31115858841162,17.21249591975138],[77.30105169525227,17.212650191032925],[77.29502427727526,17.198714134618495],[77.28673569642186,17.19883685562225],[77.28457805989036,17.202965197288833],[77.27930090944878,17.202057634371517],[77.27439682934465,17.19978201409842],[77.27115458221049,17.20205349474457],[77.26975360203272,17.201105596683703],[77.26736579736253,17.202577653675192],[77.26327088822532,17.20230175034296],[77.25854002935911,17.20345664105217],[77.25321923426942,17.20248522713018],[77.24647353596762,17.19806156922526],[77.24699820060259,17.194157513877805],[77.24586767171583,17.189653855712717],[77.24188592425328,17.184143041116375],[77.23939081222912,17.17603047982328],[77.24187504206192,17.172821384390932],[77.24433846242115,17.166585278402064],[77.24499490990827,17.16073045680751],[77.24189621894642,17.134333140630297],[77.24446570608623,17.130831417615717],[77.25049654125456,17.128918715846464],[77.25242384435731,17.127446559226833],[77.2547498063084,17.118734114913018],[77.26002456363808,17.119516024853425],[77.26452966239866,17.12633814470734],[77.27188368184456,17.12808910657156],[77.27616801423414,17.139604549359973],[77.28708885380445,17.145882030849833],[77.29461684997139,17.152578515420316],[77.29715443164724,17.157336379663423],[77.30205813984884,17.15843276679981],[77.2987289259137,17.161799163733598],[77.29975577394531,17.167145737929367],[77.30619314708538,17.166200961411455],[77.31359334083518,17.166666498927874],[77.32219733006632,17.168689645859267],[77.32714590731975,17.167343875697913],[77.32942341773763,17.165450119342246],[77.33093529134399,17.16060944609763],[77.3344170832318,17.157579315969453],[77.33468021864316,17.155685055662033],[77.331002729669,17.153242676846624],[77.32587994572579,17.152567894064493],[77.32377865781716,17.151009795352515],[77.32485196761355,17.148926328887246],[77.33203358688172,17.145139441593166],[77.34875880082879,17.1473209893031],[77.35153886025772,17.149373545655454],[77.3413141853882,17.154044616347008],[77.34293061660539,17.174987606049886],[77.3463237519612,17.17930298376676],[77.35080728756166,17.180122937343445],[77.34896762769132,17.182816815834897],[77.34916250731075,17.1982870446046],[77.34270611863273,17.2088836287997],[77.33857863119341,17.205988792220015],[77.3366411959926,17.202904894950002],[77.32386400495565,17.200102525628434],[77.32499105287069,17.202775902009687],[77.32028226111943,17.204616305139066],[77.32006168968289,17.209920300742297]]]}},{"type":"Feature","properties":{"type":"village","name":"Kurgunta (CT)","taluk":"Sedam","district":"Kalaburagi","village_code":"620588"},"geometry":{"type":"Polygon","coordinates":[[[77.36986682497854,17.21517981290439],[77.36655985782143,17.215726903415113],[77.36016461027828,17.219946541246554],[77.35010135907206,17.21859835574643],[77.34891897044398,17.21686174404591],[77.33957342374241,17.21437654968328],[77.34289207259148,17.20997815007568],[77.34270611863273,17.2088836287997],[77.3496224968385,17.19738205122945],[77.34870444556759,17.1857634857293],[77.34896762769132,17.182816815834897],[77.35100950731527,17.179303656624615],[77.36473818132475,17.181978085924552],[77.3719417652999,17.18113506708259],[77.37205924068452,17.182418154689007],[77.3694975967355,17.186330566678453],[77.37148097357657,17.18997658087794],[77.37339395304211,17.190875690699595],[77.37400025477346,17.1945577879974],[77.3718952855688,17.19585950511082],[77.37143528526123,17.202405380725235],[77.36909210080952,17.202847299985258],[77.36986682497854,17.21517981290439]]]}},{"type":"Feature","properties":{"type":"village","name":"Yadhalli","taluk":"Sedam","district":"Kalaburagi","village_code":"620485"},"geometry":{"type":"Polygon","coordinates":[[[77.33054908763702,17.220420633096335],[77.32655283777251,17.22103529620379],[77.32446178167496,17.216256909935094],[77.32006168968289,17.209920300742297],[77.32028226111943,17.204616305139066],[77.32499105287069,17.202775902009687],[77.32386400495565,17.200102525628434],[77.3366411959926,17.202904894950002],[77.33857863119341,17.205988792220015],[77.34270611863273,17.2088836287997],[77.34289207259148,17.20997815007568],[77.33797416741514,17.217070364770937],[77.3370322802465,17.21786999528406],[77.33370343731556,17.21765881758672],[77.33054908763702,17.220420633096335]]]}},{"type":"Feature","properties":{"type":"village","name":"Hayyal","taluk":"Sedam","district":"Kalaburagi","village_code":"620483"},"geometry":{"type":"Polygon","coordinates":[[[77.3723128153263,17.19556975819883],[77.37608721096005,17.19703361921202],[77.38178411718447,17.19766157128249],[77.38606616605662,17.197119288796355],[77.38743391575541,17.19608011225991],[77.39026826756343,17.196391689052824],[77.39393437128969,17.194403552264014],[77.39653952783442,17.204785439605978],[77.39645035477112,17.207536395807892],[77.39778078665636,17.208345080192895],[77.39842974758393,17.21031940722944],[77.4036900582072,17.20962750214254],[77.40204025817047,17.212040574767425],[77.40201705109342,17.214127842636685],[77.39597645393287,17.21387096379021],[77.38880309916537,17.21533076636444],[77.38300234230421,17.217983003238682],[77.38022890884885,17.222537082577624],[77.37584560816606,17.220115672849506],[77.3710055366192,17.219410468585377],[77.36986682497854,17.21517981290439],[77.36909210080952,17.202847299985258],[77.37143528526123,17.202405380725235],[77.3712601946292,17.198048466130302],[77.3723128153263,17.19556975819883]]]}},{"type":"Feature","properties":{"type":"village","name":"Banderwad","taluk":"Afzalpur","district":"Kalaburagi","village_code":"620169"},"geometry":{"type":"Polygon","coordinates":[[[76.6232662188516,17.210114890876447],[76.61850441571879,17.209156936008103],[76.6099773159878,17.20936418903576],[76.6065736415971,17.212869739886628],[76.600660149761,17.212019670091898],[76.596283563985,17.213040076701514],[76.5931441389166,17.208955393401297],[76.58785653657664,17.205570518108555],[76.5829878491964,17.200545602867336],[76.57968846292198,17.199099117893034],[76.57741424393124,17.196003808149666],[76.5706748679724,17.192749131728032],[76.56834182909353,17.18296721381635],[76.5651123200701,17.184746288643467],[76.56296743781903,17.182166253303357],[76.5744341970622,17.17892991289315],[76.57801623824079,17.176251713079303],[76.5784348846042,17.174837713114485],[76.57765532570234,17.17244755120367],[76.56746466284613,17.16230658780916],[76.56672641566756,17.15877438585094],[76.5716105028667,17.159334998583653],[76.57450087900575,17.15855418406246],[76.57785610455824,17.159210135636798],[76.58797888442339,17.15837205084286],[76.5899247116856,17.156976391198587],[76.59286320608282,17.149142859661865],[76.60151481231225,17.14611716478252],[76.61248942862868,17.143714653042217],[76.61230338124516,17.154602918951728],[76.61634783919938,17.153434492214252],[76.60654143879077,17.160100692983633],[76.6077434762691,17.170821807892075],[76.60974545093148,17.172168332981187],[76.6149386421317,17.173189775422134],[76.62866203764055,17.17215106029489],[76.63182032014342,17.17317658474138],[76.6408868258632,17.170248366847595],[76.64080106280471,17.17712941616405],[76.63641228868691,17.17777566396105],[76.63369145967626,17.18753894385802],[76.6317881577613,17.195445308406814],[76.63196695663883,17.200880329832493],[76.63054761669329,17.208863465165834],[76.62484566822516,17.209211342031235],[76.6232662188516,17.210114890876447]]]}},{"type":"Feature","properties":{"type":"village","name":"Balwadgi","taluk":"Chitapur","district":"Kalaburagi","village_code":"620663"},"geometry":{"type":"Polygon","coordinates":[[[77.05762952805676,17.19759662718632],[77.05363103869226,17.19748047366228],[77.04194901615755,17.193218297851363],[77.03458195407204,17.193457228393143],[77.03027096956626,17.19518880438559],[77.02626406119091,17.193650624959115],[77.02228270180055,17.19019526583237],[77.02255958592731,17.183814279394152],[77.02103993291064,17.1779578510765],[77.03389166525152,17.168186068069826],[77.02895587012631,17.161286445866413],[77.05092798105287,17.1623470033173],[77.05145589489419,17.160320248334827],[77.05504786066005,17.160715702234278],[77.05879833595439,17.15463615002155],[77.06363093980629,17.151719297786205],[77.06427245998835,17.16130355133375],[77.06336104367412,17.164372381751622],[77.0711349877861,17.179772740939576],[77.06105870382176,17.194959128808318],[77.05762952805676,17.19759662718632]]]}},{"type":"Feature","properties":{"type":"village","name":"Tellur","taluk":"Afzalpur","district":"Kalaburagi","village_code":"620127"},"geometry":{"type":"Polygon","coordinates":[[[76.496357090007,17.206679858812556],[76.48851546143162,17.209556554709852],[76.48117309044004,17.209016019845947],[76.47559971424528,17.21097710797045],[76.47160408511661,17.20990750139465],[76.46882347502044,17.20163914628028],[76.46676069609138,17.190288275214318],[76.4753547436673,17.18426296369997],[76.47373706019859,17.179298193087476],[76.47750649264037,17.178339722599045],[76.48512382536404,17.179337980095823],[76.50124695337342,17.17849521958972],[76.50132869736933,17.18277823279923],[76.49930243495659,17.190516096897817],[76.4999169095604,17.19237785491704],[76.50438365474989,17.197332239715056],[76.49828409307243,17.19939049661975],[76.49761527308888,17.205376657742],[76.496357090007,17.206679858812556]]]}},{"type":"Feature","properties":{"type":"village","name":"Sangavi","taluk":"Sedam","district":"Kalaburagi","village_code":"620634"},"geometry":{"type":"Polygon","coordinates":[[[77.36111667895236,17.227902698805327],[77.3524172266543,17.230652483961958],[77.350253327967,17.228427711120602],[77.34727558258173,17.22247075118841],[77.33674070327494,17.224552621009302],[77.33054908763702,17.220420633096335],[77.33370343731556,17.21765881758672],[77.3370322802465,17.21786999528406],[77.33957342374241,17.21437654968328],[77.34891897044398,17.21686174404591],[77.35010135907206,17.21859835574643],[77.36016461027828,17.219946541246554],[77.36111667895236,17.227902698805327]]]}},{"type":"Feature","properties":{"type":"village","name":"Afzalpur (TP)","taluk":"Afzalpur","district":"Kalaburagi","village_code":"803206"},"geometry":{"type":"Polygon","coordinates":[[[76.36285914643842,17.211222005906055],[76.36125481822307,17.211562297990763],[76.359952830593,17.209099167079177],[76.35614014337193,17.208237738409572],[76.35730714385925,17.205654693195775],[76.35545290972173,17.205354127041073],[76.35609908766853,17.202390563393912],[76.35434905630733,17.202110023299074],[76.35414088611327,17.20062818238681],[76.35230747672068,17.200828204005017],[76.34978713820671,17.196762880581186],[76.35675615319654,17.1946010739046],[76.36094349717989,17.19630355621746],[76.36144357402718,17.195322392068107],[76.36273519060731,17.196003327580232],[76.36421439697835,17.195442745076093],[76.36373506492589,17.198025882190084],[76.36569329882046,17.20036888372178],[76.3654223148285,17.20299208585098],[76.36708887563182,17.206736773819443],[76.36288019576219,17.20809817735092],[76.36285914643842,17.211222005906055]]]}},{"type":"Feature","properties":{"type":"village","name":"Anur","taluk":"Afzalpur","district":"Kalaburagi","village_code":"620128"},"geometry":{"type":"Polygon","coordinates":[[[76.4505610073653,17.21082771268234],[76.44349603613342,17.210671619868293],[76.44044566734733,17.2135788519005],[76.41733848295698,17.20667574074175],[76.41156578138045,17.206967419032637],[76.41416778573688,17.17848692125931],[76.41670013292955,17.179013489883385],[76.4170579642466,17.1813648576397],[76.43264205188154,17.180568602748043],[76.44986748730469,17.177835251841195],[76.45577952387,17.200204695829353],[76.4548732513091,17.20218658833846],[76.45206906043671,17.20134218291893],[76.4509423826276,17.202214474161824],[76.4505610073653,17.21082771268234]]]}},{"type":"Feature","properties":{"type":"village","name":"Bidnur","taluk":"Afzalpur","district":"Kalaburagi","village_code":"620167"},"geometry":{"type":"Polygon","coordinates":[[[76.67240899035565,17.215418497999238],[76.67148290724779,17.215364486797977],[76.6724621858918,17.22131883991618],[76.67066554095054,17.224319373878696],[76.65967574669904,17.22306066091682],[76.6566338220766,17.221019037993475],[76.65155201658173,17.22089320241787],[76.64725508262532,17.219023262319087],[76.63985038472268,17.209974520334317],[76.63015276760002,17.209252008169717],[76.63196695663883,17.200880329832493],[76.6317881577613,17.195445308406814],[76.6366284718533,17.177558794983995],[76.64080106280471,17.17712941616405],[76.63932227864187,17.187886575879016],[76.65288245385686,17.189154870424435],[76.65356429132717,17.191210425708086],[76.66569445640769,17.18567860301712],[76.68666463587368,17.182815513913962],[76.68615060190182,17.189527481316265],[76.6873240253434,17.198797851141343],[76.67167786591895,17.205357327814948],[76.67322592815647,17.211460648914077],[76.6721823651724,17.211487989311966],[76.67240899035565,17.215418497999238]]]}},{"type":"Feature","properties":{"type":"village","name":"Garoor (K)","taluk":"Gulbarga","district":"Kalaburagi","village_code":"620296"},"geometry":{"type":"Polygon","coordinates":[[[76.68698057605405,17.19630425390016],[76.68989482941338,17.197812175179887],[76.69142329759794,17.200170036401367],[76.69056551429942,17.20706008360919],[76.69396623682611,17.212914173055665],[76.69445157860783,17.216049422656493],[76.67240899035565,17.215418497999238],[76.6721823651724,17.211487989311966],[76.67322592815647,17.211460648914077],[76.67167786591895,17.205357327814948],[76.6873240253434,17.198797851141343],[76.68698057605405,17.19630425390016]]]}},{"type":"Feature","properties":{"type":"village","name":"Hiriyal","taluk":"Afzalpur","district":"Kalaburagi","village_code":"620107"},"geometry":{"type":"Polygon","coordinates":[[[76.21033623891337,17.205634080415834],[76.20761467687745,17.20585203463966],[76.20479316738474,17.20317854394305],[76.20071537564525,17.197198377157083],[76.20094004609442,17.183570866817526],[76.20682432831072,17.183607811351663],[76.21401710555298,17.18649057626454],[76.21401097005958,17.19329419118688],[76.21216803762668,17.202529534073932],[76.21033623891337,17.205634080415834]]]}},{"type":"Feature","properties":{"type":"village","name":"Farhatabad","taluk":"Gulbarga","district":"Kalaburagi","village_code":"620303"},"geometry":{"type":"Polygon","coordinates":[[[76.81264864819768,17.22576563588086],[76.79895421167866,17.22589628163709],[76.79009834113008,17.223597542412517],[76.78649263024205,17.2235733519239],[76.77612412162085,17.219732711115647],[76.77736238635792,17.207214284768824],[76.77670152814277,17.203572540253486],[76.77400117982229,17.199030693662518],[76.77391275595393,17.188797630737962],[76.75601746299304,17.19138089573922],[76.75620761477911,17.1660130396085],[76.76704640223137,17.163493764263535],[76.77199205007862,17.160401650135157],[76.7745925398755,17.157299193851507],[76.78928872370047,17.175111214761756],[76.79648241183443,17.17930232979011],[76.79579352887735,17.185586445237377],[76.79709125220477,17.19557602706989],[76.80847609677217,17.19401254860992],[76.80937275107131,17.197130200230596],[76.81585568676259,17.19376194509765],[76.8207012568973,17.195313010631757],[76.82083695730243,17.21337104841814],[76.8114898457357,17.218870974168066],[76.81099043094673,17.222078504348552],[76.81264864819768,17.22576563588086]]]}},{"type":"Feature","properties":{"type":"village","name":"Katamdevarhalli","taluk":"Chitapur","district":"Kalaburagi","village_code":"620650"},"geometry":{"type":"Polygon","coordinates":[[[77.02917412929929,17.197304093135596],[77.01899253313925,17.199744684052384],[77.01389622075085,17.199572960251515],[77.00558101023917,17.19481040540449],[77.01193670585867,17.17080044710979],[77.01541083332049,17.169976153171742],[77.01764145078226,17.170979367617164],[77.02103993291064,17.1779578510765],[77.02255958592731,17.183814279394152],[77.02228270180055,17.19019526583237],[77.02380470660664,17.191997787042105],[77.02960167706888,17.19514705129607],[77.02917412929929,17.197304093135596]]]}},{"type":"Feature","properties":{"type":"village","name":"Hagargundagi","taluk":"Gulbarga","district":"Kalaburagi","village_code":"620304"},"geometry":{"type":"Polygon","coordinates":[[[76.75601793011701,17.190653516312377],[76.75442131483666,17.18958496199476],[76.75224943192312,17.189620462713354],[76.74674803234214,17.1858413319654],[76.7444085723056,17.18772214091325],[76.74126277009698,17.19305504503326],[76.7386267681003,17.194484164172593],[76.73928684837445,17.197813482144305],[76.73780702396252,17.199156107315638],[76.72682641857806,17.198524781786347],[76.71768153844302,17.164852683252647],[76.72185380779757,17.162980369579362],[76.7228623158243,17.159342983622558],[76.72460925967586,17.156983808975998],[76.73805035691176,17.153962753397064],[76.741914080119,17.159649366636213],[76.74797948605277,17.16438512416454],[76.75620761477911,17.1660130396085],[76.75601793011701,17.190653516312377]]]}},{"type":"Feature","properties":{"type":"village","name":"Algi (K)","taluk":"Afzalpur","district":"Kalaburagi","village_code":"620104"},"geometry":{"type":"Polygon","coordinates":[[[76.3260484067306,17.21570525263685],[76.31067862298646,17.21543630294336],[76.29893613574828,17.216329303211907],[76.29909186409267,17.214984871141265],[76.3053657699022,17.20693180922841],[76.30016287779522,17.197201439909183],[76.30331014515609,17.19833349792554],[76.32957933017624,17.201452979261035],[76.32645352805912,17.210255353128094],[76.3260484067306,17.21570525263685]]]}},{"type":"Feature","properties":{"type":"village","name":"Pethsirur","taluk":"Chitapur","district":"Kalaburagi","village_code":"620638"},"geometry":{"type":"Polygon","coordinates":[[[77.01717352463895,17.232206052636695],[77.01213249277653,17.23299354062356],[77.01093990826992,17.230991559674838],[77.00284983443308,17.22904914815633],[76.99485061710234,17.233747714006437],[76.9942857339938,17.23261405726991],[76.96651186099129,17.235488045081645],[76.96185433968657,17.21854349685754],[76.9649049348481,17.217882589004752],[76.96452243489509,17.204437537256215],[76.97449244636468,17.1957089571217],[76.97780070799412,17.19425709998398],[76.98782236271111,17.195169005695412],[76.99235757569495,17.194168024722075],[77.00558101023917,17.19481040540449],[77.01389622075085,17.199572960251515],[77.01899253313925,17.199744684052384],[77.02917412929929,17.197304093135596],[77.01717352463895,17.232206052636695]]]}},{"type":"Feature","properties":{"type":"village","name":"Algi (B)","taluk":"Afzalpur","district":"Kalaburagi","village_code":"620105"},"geometry":{"type":"Polygon","coordinates":[[[76.28645629874849,17.218678304134624],[76.23810353265478,17.22242278005478],[76.23802701775213,17.21248801165647],[76.24699624041821,17.21265910221929],[76.24993727075952,17.211287091095382],[76.25091609216109,17.1992145778786],[76.25283095359711,17.195640941839223],[76.2516624951441,17.189617496811227],[76.24362133816773,17.183394214719627],[76.23957128101435,17.177979545748958],[76.23915266699026,17.169725582379442],[76.25650829614587,17.170951866748652],[76.26117330670512,17.170799539053338],[76.26779324625703,17.168829918951165],[76.27014017578517,17.171220158394387],[76.26880358864358,17.17451751661891],[76.26916164903102,17.177835027839535],[76.27360980089075,17.180350230841665],[76.27617510457627,17.179332927655164],[76.28063693059129,17.174827561641788],[76.2815726256727,17.167706046420488],[76.2936028163469,17.16821022288205],[76.30407418566143,17.170578835714604],[76.30064414481879,17.176592332921174],[76.30111658769135,17.182343811997228],[76.30654816212356,17.186940509637694],[76.30760467701742,17.189800714123578],[76.30088139886851,17.194817661191202],[76.30012853160866,17.196868500694922],[76.30182826629708,17.201540657408014],[76.3053001542589,17.206407708969483],[76.30387927999085,17.209813690112387],[76.29954340766012,17.214329951943164],[76.2989271615786,17.216218791218424],[76.28645629874849,17.218678304134624]]]}},{"type":"Feature","properties":{"type":"village","name":"Awarhalli","taluk":"Afzalpur","district":"Kalaburagi","village_code":"620168"},"geometry":{"type":"Polygon","coordinates":[[[76.65155201658173,17.22089320241787],[76.64932917493705,17.22664019807794],[76.648911404431,17.231673159228155],[76.63868161814754,17.234371147687177],[76.63579012989416,17.23141207570567],[76.63085377781346,17.23072097800281],[76.63037883492952,17.22617599798853],[76.62701279635593,17.22279212176814],[76.62425801821409,17.21766429715295],[76.6232662188516,17.210114890876447],[76.62484566822516,17.209211342031235],[76.63985038472268,17.209974520334317],[76.64220576829597,17.213538977003466],[76.6448525132451,17.215332370097318],[76.64641824714091,17.218440535360926],[76.65155201658173,17.22089320241787]]]}},{"type":"Feature","properties":{"type":"village","name":"Garoor (B)","taluk":"Gulbarga","district":"Kalaburagi","village_code":"620297"},"geometry":{"type":"Polygon","coordinates":[[[76.704790526368,17.23294102917385],[76.69318482469983,17.235820071376082],[76.68487696869535,17.234200684673286],[76.67442150495127,17.235400619833978],[76.67438337865397,17.233439872328628],[76.67023055513039,17.226948602790443],[76.67096302344675,17.223207642969413],[76.6724621858918,17.22131883991618],[76.67148290724779,17.215364486797977],[76.69445157860783,17.216049422656493],[76.69510141359613,17.219031007962528],[76.70410364306073,17.218788347876654],[76.70503670967159,17.22412360603242],[76.704790526368,17.23294102917385]]]}},{"type":"Feature","properties":{"type":"village","name":"Minajgi","taluk":"Gulbarga","district":"Kalaburagi","village_code":"620298"},"geometry":{"type":"Polygon","coordinates":[[[76.74448780461196,17.23083170011484],[76.74097010167236,17.236530742641495],[76.73949904032604,17.237308638982785],[76.73423770921657,17.236547973284573],[76.70606273843966,17.240182279192464],[76.70439116234213,17.231682258256185],[76.70503670967159,17.22412360603242],[76.70436246835534,17.21943430610177],[76.7036381477586,17.218549075931936],[76.69918171702517,17.21870883199545],[76.70057944709824,17.21088335987128],[76.7026329949394,17.209242615426074],[76.70576417796511,17.210429630138545],[76.7140653433173,17.209712417637036],[76.71976528225413,17.20568897831662],[76.72682641857806,17.198524781786347],[76.73780702396252,17.199156107315638],[76.74385596287883,17.220495174148226],[76.74353526611898,17.22628275362736],[76.74448780461196,17.23083170011484]]]}},{"type":"Feature","properties":{"type":"village","name":"Ingalgi (B)","taluk":"Afzalpur","district":"Kalaburagi","village_code":"620160"},"geometry":{"type":"Polygon","coordinates":[[[76.53925259973285,17.235002574767368],[76.53576650401648,17.235719387992496],[76.53094698233008,17.23972554475579],[76.52229076235339,17.23802589283055],[76.52072630496357,17.231876244622146],[76.51854614856626,17.229724566956822],[76.5187307622386,17.227524462842283],[76.51630528042875,17.22697647286787],[76.51205340776364,17.22259625620416],[76.5086553451485,17.221333787011655],[76.50645308839854,17.21740192219392],[76.51707436138118,17.21413709269169],[76.51818992433527,17.21973987239762],[76.53314727536281,17.22205156965288],[76.5365490390369,17.22577586864631],[76.53637184994038,17.232539045779873],[76.53925259973285,17.235002574767368]]]}},{"type":"Feature","properties":{"type":"village","name":"Tadtegnoor","taluk":"Gulbarga","district":"Kalaburagi","village_code":"620299"},"geometry":{"type":"Polygon","coordinates":[[[76.77736238635792,17.207214284768824],[76.77564643707862,17.225104223591124],[76.75362516135655,17.22704809659659],[76.74895319244712,17.232880843001627],[76.74676734701907,17.229962933827405],[76.74448780461196,17.23083170011484],[76.74353526611898,17.22628275362736],[76.74385596287883,17.220495174148226],[76.73781201769718,17.199644035942853],[76.73928684837445,17.197813482144305],[76.7386267681003,17.194484164172593],[76.74126277009698,17.19305504503326],[76.7444085723056,17.18772214091325],[76.74674803234214,17.1858413319654],[76.75224943192312,17.189620462713354],[76.75442131483666,17.18958496199476],[76.75601746299304,17.19138089573922],[76.77391275595393,17.188797630737962],[76.77400117982229,17.199030693662518],[76.77670152814277,17.203572540253486],[76.77736238635792,17.207214284768824]]]}},{"type":"Feature","properties":{"type":"village","name":"Tilgul","taluk":"Gulbarga","district":"Kalaburagi","village_code":"620314"},"geometry":{"type":"Polygon","coordinates":[[[76.8207012568973,17.195313010631757],[76.81585568676259,17.19376194509765],[76.8098710007453,17.197107779227764],[76.80871022198971,17.19649295079688],[76.80753125055296,17.181362118177468],[76.80905738671102,17.158836379732254],[76.81609698143444,17.159349173035988],[76.81862909596346,17.162263980153387],[76.82858695143062,17.163997004602965],[76.82835042591464,17.170100638095132],[76.83371659041774,17.174195098391575],[76.83482930840736,17.17940899489389],[76.8366711296243,17.182097527587416],[76.83027613181278,17.194294445725458],[76.8207012568973,17.195313010631757]]]}},{"type":"Feature","properties":{"type":"village","name":"Devatinagar","taluk":"Chitapur","district":"Kalaburagi","village_code":"620976"},"geometry":{"type":"Polygon","coordinates":[[[76.94503907592042,17.20598107091564],[76.92296088923017,17.208553399892196],[76.92292612622529,17.182747208108967],[76.93693720630559,17.183538730010167],[76.9398281744344,17.18478931680564],[76.9409333807116,17.186745222310012],[76.94081658714823,17.188773794423792],[76.94356219708433,17.190683985291454],[76.94621493469474,17.195440440910357],[76.9441578456947,17.199972573049255],[76.94503907592042,17.20598107091564]]]}},{"type":"Feature","properties":{"type":"village","name":"Aldihal","taluk":"Chitapur","district":"Kalaburagi","village_code":"620647"},"geometry":{"type":"Polygon","coordinates":[[[76.96452243489509,17.204437537256215],[76.96450554297446,17.218271299258713],[76.94729515972222,17.217618372101914],[76.94670259323156,17.216958965125684],[76.94446895293885,17.20233984360924],[76.95022298033724,17.203770024650247],[76.96452243489509,17.204437537256215]]]}},{"type":"Feature","properties":{"type":"village","name":"Beeranhalli","taluk":"Sedam","district":"Kalaburagi","village_code":"620490"},"geometry":{"type":"Polygon","coordinates":[[[77.22084465660726,17.22521473627896],[77.21683910558629,17.22099375659379],[77.21308874886957,17.219203040619107],[77.20809215666424,17.22531407485829],[77.20619798163254,17.225671413929806],[77.20360048592053,17.225409660390525],[77.19773251441484,17.221154095730046],[77.20166394095014,17.2195777026714],[77.20452909598927,17.213838920624806],[77.2081572647594,17.21188126086382],[77.2223226601341,17.207697065827738],[77.23237868080058,17.20673492373446],[77.23057866268542,17.217808963305988],[77.23051110398615,17.22434670379485],[77.22668397814358,17.225399628382263],[77.22084465660726,17.22521473627896]]]}},{"type":"Feature","properties":{"type":"village","name":"Bhosga","taluk":"Afzalpur","district":"Kalaburagi","village_code":"620106"},"geometry":{"type":"Polygon","coordinates":[[[76.23877995508056,17.167358409162826],[76.23892116664996,17.17546795558365],[76.24028179720013,17.17932548416625],[76.24362133816773,17.183394214719627],[76.25060624076171,17.18834208584654],[76.25239172413556,17.191336089240185],[76.25281129486542,17.196306014840975],[76.25091609216109,17.1992145778786],[76.24962941272173,17.21173028399401],[76.24840638161524,17.21251368979548],[76.2410873776008,17.212721243681166],[76.224271932375,17.21141077940696],[76.20915659284184,17.20609990242372],[76.21033623891337,17.205634080415834],[76.21216803762668,17.202529534073932],[76.21401097005958,17.19329419118688],[76.21401710555298,17.18649057626454],[76.21880706188679,17.18645940458484],[76.2214603941819,17.18460420389443],[76.22233587968138,17.178331333288025],[76.22472505607905,17.173504326834564],[76.23187910784773,17.168467553017262],[76.23525416460843,17.16435647390445],[76.23877995508056,17.167358409162826]]]}},{"type":"Feature","properties":{"type":"village","name":"Sangavi (M)","taluk":"Sedam","district":"Kalaburagi","village_code":"620472"},"geometry":{"type":"Polygon","coordinates":[[[77.17494844594736,17.237702438152354],[77.16976301439458,17.238724629085894],[77.16407891455283,17.23852695209521],[77.15322762524679,17.23620643595107],[77.1532198099038,17.215279617660048],[77.15791793505939,17.214174682404966],[77.16115931711592,17.20957396635191],[77.16588538796165,17.211468694346983],[77.16994800535936,17.215033802670632],[77.17242831314759,17.215990434851104],[77.17785916713096,17.222350953752745],[77.18172039122513,17.22344587323913],[77.18002720435678,17.227047195680154],[77.17618340668083,17.22956879211533],[77.17494844594736,17.237702438152354]]]}},{"type":"Feature","properties":{"type":"village","name":" ","taluk":"Afzalpur","district":"Kalaburagi","village_code":" "},"geometry":{"type":"Polygon","coordinates":[[[76.26179829968257,17.233377273661606],[76.26011335395867,17.232203010198074],[76.25611095602434,17.23306893373356],[76.25182320105351,17.231699672104305],[76.24901739590855,17.23241736557602],[76.24712785169217,17.23423638360309],[76.24429757913383,17.23413413096371],[76.24181135593943,17.235391522705083],[76.23610771684197,17.23391733060838],[76.23810353265478,17.22242278005478],[76.26699185829372,17.220358960141358],[76.26211561877692,17.229501112751358],[76.26179829968257,17.233377273661606]]]}},{"type":"Feature","properties":{"type":"village","name":"Awarad","taluk":"Afzalpur","district":"Kalaburagi","village_code":"620161"},"geometry":{"type":"Polygon","coordinates":[[[76.51707436138118,17.21413709269169],[76.50645308839854,17.21740192219392],[76.50156912876018,17.209912799274363],[76.4985965846204,17.206890986404],[76.496357090007,17.206679858812556],[76.49761527308888,17.205376657742],[76.49828409307243,17.19939049661975],[76.50438365474989,17.197332239715056],[76.50656229568935,17.201006602085126],[76.51665937565251,17.208349460805895],[76.51741525676015,17.209949204816972],[76.51707436138118,17.21413709269169]]]}},{"type":"Feature","properties":{"type":"village","name":" ","taluk":"Sedam","district":"Kalaburagi","village_code":" "},"geometry":{"type":"Polygon","coordinates":[[[77.21442256470847,17.210105273355907],[77.20452909598927,17.213838920624806],[77.20176261190095,17.219455682725137],[77.19958091399461,17.220635272426442],[77.19773251441484,17.221154095730046],[77.1938090730041,17.218844321304715],[77.19420495695657,17.20678105829246],[77.20267482771578,17.20699274096478],[77.21170119042044,17.205437885182395],[77.21442256470847,17.210105273355907]]]}},{"type":"Feature","properties":{"type":"village","name":" ","taluk":"Chitapur","district":"Kalaburagi","village_code":" "},"geometry":{"type":"Polygon","coordinates":[[[77.14216219913656,17.22250933624605],[77.13818866497064,17.221225780062085],[77.13176910811762,17.225164873913755],[77.12160893587875,17.219071700257523],[77.12064408777144,17.21588807258],[77.12205002395463,17.21528900237447],[77.12114153255494,17.21312833542621],[77.12183123028403,17.21270451365269],[77.11982534256022,17.207044715744953],[77.11884418823387,17.198911994918564],[77.12065320567159,17.17881268602086],[77.12442724018256,17.181744899270438],[77.12848337623548,17.18319516894553],[77.12657050187286,17.191724958246073],[77.12635434835089,17.205472903174297],[77.15112701017628,17.2086069557145],[77.15004210312956,17.215849249313752],[77.14657632461001,17.216716251694557],[77.14216219913656,17.22250933624605]]]}},{"type":"Feature","properties":{"type":"village","name":" ","taluk":"Gulbarga","district":"Kalaburagi","village_code":" "},"geometry":{"type":"Polygon","coordinates":[[[76.69918171702517,17.21870883199545],[76.69455124040041,17.21859295686503],[76.6944744577998,17.214359727132464],[76.69056551429942,17.20706008360919],[76.69142329759794,17.200170036401367],[76.68989482941338,17.197812175179887],[76.68698057605405,17.19630425390016],[76.68615060190182,17.189527481316265],[76.68666463587368,17.182815513913962],[76.66569445640769,17.18567860301712],[76.65356429132717,17.191210425708086],[76.65288245385686,17.189154870424435],[76.63932227864187,17.187886575879016],[76.64119177785099,17.173885488308112],[76.63791930420416,17.152606334030786],[76.6479569058141,17.152095055133177],[76.65721002036446,17.153607416686672],[76.66113846628964,17.1526941880747],[76.6914917860535,17.154534714340357],[76.71068293384602,17.162845211902155],[76.71768153844302,17.164852683252647],[76.72682641857806,17.198524781786347],[76.71976528225413,17.20568897831662],[76.7140653433173,17.209712417637036],[76.7066902404117,17.21046541174608],[76.70372830717207,17.209355152408392],[76.70111960318027,17.20982597889965],[76.69918171702517,17.21870883199545]]]}},{"type":"Feature","properties":{"type":"village","name":" ","taluk":"Afzalpur","district":"Kalaburagi","village_code":" "},"geometry":{"type":"Polygon","coordinates":[[[76.47160408511661,17.20990750139465],[76.45788857681595,17.21421997161952],[76.45507767642671,17.214214465350892],[76.45074666308338,17.211072036753688],[76.4509423826276,17.202214474161824],[76.45206906043671,17.20134218291893],[76.4548732513091,17.20218658833846],[76.45577952387,17.200204695829353],[76.45415556117746,17.19284761927038],[76.46215629396605,17.191889581031873],[76.46676069609138,17.190288275214318],[76.46882347502044,17.20163914628028],[76.47160408511661,17.20990750139465]]]}},{"type":"Feature","properties":{"type":"village","name":" ","taluk":"Chitapur","district":"Kalaburagi","village_code":" "},"geometry":{"type":"Polygon","coordinates":[[[77.09663857462225,17.22876996039691],[77.09378655115592,17.229865753049776],[77.0866236411002,17.230412546124988],[77.08341437112014,17.227174099584637],[77.07866616398917,17.225617851037725],[77.0685474741535,17.22606683210926],[77.06498472339736,17.223275075808782],[77.06029350987961,17.22176275869771],[77.05956337808126,17.214552127082378],[77.04925210202514,17.211510230090234],[77.05003837044386,17.21045571015069],[77.05926358421983,17.209049745721302],[77.05981789864904,17.207719173197372],[77.05762952805676,17.19759662718632],[77.06105870382176,17.194959128808318],[77.06852349542366,17.200468225349606],[77.06947852943648,17.19998411161654],[77.07175868808785,17.203299015413187],[77.0812407382884,17.20610579336844],[77.08230079164616,17.210261601765524],[77.0881756981458,17.213347646024346],[77.08740517719404,17.219453369419895],[77.08924865400601,17.220358774803273],[77.08907588731564,17.22207960263809],[77.09568104598785,17.223661403125007],[77.09663857462225,17.22876996039691]]]}},{"type":"Feature","properties":{"type":"village","name":" ","taluk":"Gulbarga","district":"Kalaburagi","village_code":" "},"geometry":{"type":"Polygon","coordinates":[[[76.80847609677217,17.19401254860992],[76.79709125220477,17.19557602706989],[76.79579352887735,17.185586445237377],[76.79648241183443,17.17930232979011],[76.78928872370047,17.175111214761756],[76.7745925398755,17.157299193851507],[76.77886238064292,17.14284401965924],[76.78316420323114,17.147888066769838],[76.78591752789886,17.148689006212408],[76.78989410106539,17.146368565756255],[76.79256927769329,17.143274941404627],[76.79500341566921,17.154091830099425],[76.80200563329028,17.153502728989107],[76.80474817008972,17.1583966318082],[76.80905738671102,17.158836379732254],[76.80753125055296,17.181362118177468],[76.80847609677217,17.19401254860992]]]}},{"type":"Feature","properties":{"type":"village","name":"Shahabad ACC (NAC + OG)","taluk":"Chitapur","district":"Kalaburagi","village_code":"803211"},"geometry":{"type":"Polygon","coordinates":[[[76.96452243489509,17.204437537256215],[76.95022298033724,17.203770024650247],[76.94446895293885,17.20233984360924],[76.9441578456947,17.199972573049255],[76.94621493469474,17.195440440910357],[76.94560335805603,17.194031066177697],[76.94356219708433,17.190683985291454],[76.94081658714823,17.188773794423792],[76.9409333807116,17.186745222310012],[76.9398281744344,17.18478931680564],[76.93504304385031,17.18342181072076],[76.92987836338057,17.169616510231258],[76.93006988240252,17.165613597321062],[76.93286042966236,17.162292192995594],[76.93060802176674,17.15775681666527],[76.93134475528409,17.15416036705629],[76.93969085885838,17.139492388937633],[76.94064467116246,17.140554247782745],[76.94506307531157,17.131580242380025],[76.95019776732218,17.128962591386813],[76.94898472637992,17.126975138089534],[76.95286279119071,17.119690843865595],[76.95200713330618,17.118367406715603],[76.95366491756916,17.116550586721896],[76.95465956908268,17.113225017794626],[76.95323490033086,17.110605156112314],[76.95785794429496,17.110580790332097],[76.9676687644148,17.14110425060078],[76.9628971876117,17.146667867882233],[76.96157928273308,17.152211894603308],[76.96466323144283,17.154781279986317],[76.97458583791655,17.159136544978814],[76.98302687724674,17.160587084192137],[76.98303177486164,17.169094287874554],[76.98208760327724,17.16991251768939],[76.98271743368248,17.194570850147436],[76.97780070799412,17.19425709998398],[76.97562957068224,17.19503072460228],[76.96452243489509,17.204437537256215]]]}},{"type":"Feature","properties":{"type":"village","name":" ","taluk":"Sedam","district":"Kalaburagi","village_code":" "},"geometry":{"type":"Polygon","coordinates":[[[77.3710055366192,17.219410468585377],[77.37063315798447,17.221915149147353],[77.36842102964789,17.225051185645892],[77.36111667895236,17.227902698805327],[77.36016461027828,17.219946541246554],[77.36655985782143,17.215726903415113],[77.36986682497854,17.21517981290439],[77.3710055366192,17.219410468585377]]]}},{"type":"Feature","properties":{"type":"village","name":" ","taluk":"Afzalpur","district":"Kalaburagi","village_code":" "},"geometry":{"type":"Polygon","coordinates":[[[76.56053411371677,17.212552428811797],[76.55684388842853,17.212835790748446],[76.5491424581229,17.21653307904765],[76.53981037806578,17.218282159678246],[76.53559555731286,17.22402701679837],[76.53183126503113,17.221499764901196],[76.52766139597503,17.221624236637027],[76.52500133799334,17.220290125047374],[76.51818992433527,17.21973987239762],[76.51717136416048,17.217078284682767],[76.51694588073597,17.20875622665535],[76.50656229568935,17.201006602085126],[76.50412553912436,17.19670861421031],[76.49953200032574,17.191618605745248],[76.4993699738929,17.187954497033296],[76.50146571739961,17.18169854220101],[76.50072912222282,17.17273006217802],[76.50219775991455,17.16924768210061],[76.50457224795896,17.167491683034388],[76.50833252566969,17.166612950719003],[76.5154912280166,17.167588027972947],[76.51718677206424,17.17446558163017],[76.51952588714772,17.176929103752933],[76.52381127056621,17.17861201325151],[76.52656077020747,17.178545642087833],[76.53794116272428,17.17460690086127],[76.54097728512828,17.174544979195147],[76.54341088321672,17.176624242638777],[76.54506348060724,17.180700070846747],[76.54831888177212,17.184781039354146],[76.55280191431605,17.18696941472616],[76.56086263390436,17.18323200026969],[76.56300288713678,17.196031321605062],[76.56053411371677,17.212552428811797]]]}},{"type":"Feature","properties":{"type":"village","name":"Nandoor (B)","taluk":"Gulbarga","district":"Kalaburagi","village_code":"620275"},"geometry":{"type":"Polygon","coordinates":[[[76.92564120871305,17.26922130672915],[76.90722446528933,17.28021229005962],[76.90708410172957,17.28440939835437],[76.90482730107219,17.287269515752914],[76.90506142718806,17.280935454329057],[76.90229862798905,17.264161000635244],[76.90258958691966,17.26023946023424],[76.89461312661004,17.23642907469338],[76.90322191733637,17.2350045472604],[76.90431243615866,17.23373036470021],[76.9083702349932,17.236869710612943],[76.9140875230931,17.23868946124398],[76.91758609101885,17.24172932537539],[76.92833744903776,17.25924520735251],[76.92564120871305,17.26922130672915]]]}},{"type":"Feature","properties":{"type":"village","name":"Dannur","taluk":"Afzalpur","district":"Kalaburagi","village_code":"620155"},"geometry":{"type":"Polygon","coordinates":[[[76.54882900537756,17.266793085674763],[76.54920702094068,17.27373266202661],[76.54646634634878,17.282893779014934],[76.52797296585155,17.279393144266383],[76.52638623563261,17.27433235491279],[76.5267649833227,17.2695345838957],[76.5255265784484,17.264004101914693],[76.52483933042515,17.250306773221553],[76.53686239835747,17.250938307084045],[76.54982832094403,17.260780202933535],[76.54949832662102,17.26285829087073],[76.5504942564372,17.265104052645864],[76.54882900537756,17.266793085674763]]]}},{"type":"Feature","properties":{"type":"village","name":"Tonsinhalli","taluk":"Sedam","district":"Kalaburagi","village_code":"620653"},"geometry":{"type":"Polygon","coordinates":[[[77.19511796867874,17.219175574370155],[77.194991025051,17.241648262192104],[77.1963805346409,17.252810979893376],[77.19463617614072,17.265416054343376],[77.18875156603936,17.26452346131253],[77.18383200526794,17.260838321147553],[77.18248436166186,17.251495748662272],[77.17786527387827,17.244600521160237],[77.17761055029126,17.241614272011727],[77.17494844594736,17.237702438152354],[77.17618340668083,17.22956879211533],[77.18002720435678,17.227047195680154],[77.18172039122513,17.22344587323913],[77.19023071401988,17.218801409174162],[77.19511796867874,17.219175574370155]]]}},{"type":"Feature","properties":{"type":"village","name":"Shivoor","taluk":"Afzalpur","district":"Kalaburagi","village_code":"620099"},"geometry":{"type":"Polygon","coordinates":[[[76.16467407262266,17.26476981691642],[76.15468058637805,17.26557046670967],[76.14827303820373,17.25983519518357],[76.13441496008093,17.25096448861628],[76.13458783816242,17.24439675826421],[76.13259218763963,17.24081551383997],[76.15272352388659,17.2221525281928],[76.15818423697168,17.241160644323028],[76.16454100607795,17.257999859639092],[76.16454092433125,17.260633761217996],[76.16554782976353,17.26202966414922],[76.16467407262266,17.26476981691642]]]}},{"type":"Feature","properties":{"type":"village","name":"Nandoor (K)","taluk":"Gulbarga","district":"Kalaburagi","village_code":"620273"},"geometry":{"type":"Polygon","coordinates":[[[76.90482730107219,17.287269515752914],[76.89946605125198,17.285797350033047],[76.89435919982867,17.288011586743707],[76.88693343104275,17.284723070847242],[76.86994297513495,17.281140477219125],[76.86565494707627,17.26844960116718],[76.85918949080377,17.26757716203681],[76.86028606966097,17.25581274195336],[76.8619457888951,17.251052886219828],[76.86578908531112,17.24649025121359],[76.8734621611931,17.24804018718967],[76.87360328113432,17.241538973332933],[76.88641011927061,17.23955547877091],[76.89461312661004,17.23642907469338],[76.90258958691966,17.26023946023424],[76.90229862798905,17.264161000635244],[76.90506142718806,17.280935454329057],[76.90482730107219,17.287269515752914]]]}},{"type":"Feature","properties":{"type":"village","name":"Pala","taluk":"Gulbarga","district":"Kalaburagi","village_code":"620254"},"geometry":{"type":"Polygon","coordinates":[[[76.9683297726486,17.290963344296937],[76.93530684221831,17.29174478580221],[76.9324515560709,17.274184691310225],[76.92564120871305,17.26922130672915],[76.92833744903776,17.25924520735251],[76.94667454782838,17.257681086209125],[76.97131276689008,17.25784279611184],[76.97353192364545,17.26644827078624],[76.9683297726486,17.290963344296937]]]}},{"type":"Feature","properties":{"type":"village","name":"Chowdapur","taluk":"Afzalpur","district":"Kalaburagi","village_code":"620163"},"geometry":{"type":"Polygon","coordinates":[[[76.58700659197729,17.246669496607666],[76.58550694174704,17.245842416933765],[76.58258705235768,17.246600786279895],[76.5804104901198,17.24535335337738],[76.57607079096597,17.2457363048944],[76.57317891464038,17.24705475921139],[76.56897594805596,17.2460009122632],[76.56758390970855,17.247129968132096],[76.56654068988088,17.245399309282934],[76.55984625214415,17.243499656288748],[76.55511364874967,17.238537380627132],[76.55115477778412,17.239163897946355],[76.54534505034654,17.23619336129826],[76.5425896847065,17.236978323581955],[76.53637184994038,17.232539045779873],[76.5365490390369,17.22577586864631],[76.53559555731286,17.22402701679837],[76.53981037806578,17.218282159678246],[76.5491424581229,17.21653307904765],[76.55684388842853,17.212835790748446],[76.56053411371677,17.212552428811797],[76.56121490734473,17.21492906215273],[76.56364011606674,17.21622196263004],[76.56457495864693,17.218151392702552],[76.56692986162155,17.2189924436302],[76.56870552012113,17.22324881570166],[76.57402647780589,17.225572495115568],[76.58338608314163,17.22701597763577],[76.58830159161279,17.236490987664578],[76.59306870468723,17.237083707091642],[76.58983288499893,17.24356627182612],[76.58700659197729,17.246669496607666]]]}},{"type":"Feature","properties":{"type":"village","name":"Gobbur (K)","taluk":"Afzalpur","district":"Kalaburagi","village_code":"620165"},"geometry":{"type":"Polygon","coordinates":[[[76.69421814329641,17.2873176587277],[76.68010553741937,17.287845912284066],[76.67711427328737,17.286595224583714],[76.67695411175707,17.285619407852906],[76.67157926234178,17.286709458187534],[76.67138562688903,17.283370807352775],[76.673885508069,17.276096502187958],[76.67635368860094,17.2567910997136],[76.68037303864297,17.25413358217433],[76.68176937183578,17.25375371075693],[76.68515573479263,17.257005635003527],[76.68951742829789,17.265759956709825],[76.69363804003203,17.269951221406203],[76.69515158989465,17.280960730948028],[76.69421814329641,17.2873176587277]]]}},{"type":"Feature","properties":{"type":"village","name":"Bhognalli","taluk":"Afzalpur","district":"Kalaburagi","village_code":"620152"},"geometry":{"type":"Polygon","coordinates":[[[76.52358221005024,17.28545386762186],[76.51464387595519,17.28314492978199],[76.50936777025426,17.282843710078566],[76.50663499904023,17.283741131853727],[76.50380974626769,17.28220785862074],[76.49898487062218,17.282109945389827],[76.49715380313754,17.283136819710467],[76.49086830367095,17.28136330618527],[76.4963567154095,17.257924926236992],[76.49898505926839,17.261645621805396],[76.50776453708522,17.267509174067754],[76.52002897514785,17.27375979676766],[76.52797296585155,17.279393144266383],[76.52807460663269,17.282840314221858],[76.52709567922992,17.284330716175322],[76.52358221005024,17.28545386762186]]]}},{"type":"Feature","properties":{"type":"village","name":"Itga Khandal","taluk":"Gulbarga","district":"Kalaburagi","village_code":"620302"},"geometry":{"type":"Polygon","coordinates":[[[76.83504471093777,17.204659552653066],[76.83632413109129,17.222871413661824],[76.84664597043685,17.23362130281088],[76.84555983090158,17.234438869023936],[76.83906749703577,17.233299221776935],[76.83665553936254,17.234166176616476],[76.8357048738569,17.23880583940617],[76.83319377631227,17.241082306598678],[76.82736830589937,17.242219438362945],[76.8165454806114,17.241823383847027],[76.81084975567157,17.221057415707648],[76.8114898457357,17.218870974168066],[76.82083695730243,17.21337104841814],[76.8207012568973,17.195313010631757],[76.83027613181278,17.194294445725458],[76.83504471093777,17.204659552653066]]]}},{"type":"Feature","properties":{"type":"village","name":"Siroli","taluk":"Chincholi","district":"Kalaburagi","village_code":"620467"},"geometry":{"type":"Polygon","coordinates":[[[77.34798478632885,17.274028586007017],[77.3242456470176,17.27694364697723],[77.32402221444686,17.260093719820432],[77.33374623305572,17.25879041598554],[77.33628339342167,17.250948461243205],[77.3364663721602,17.247363136696336],[77.34003026377678,17.247237333651942],[77.3402240321802,17.24197404957761],[77.35296980374176,17.242730501013824],[77.35890778005918,17.243729590722573],[77.35957056516067,17.245319942124528],[77.3661575275585,17.24546951457215],[77.36900978099351,17.25446648000254],[77.3714859062258,17.25464681574426],[77.37566906855147,17.253271027734733],[77.37432459060847,17.272336441977355],[77.36917169962854,17.273622040286206],[77.34798478632885,17.274028586007017]]]}},{"type":"Feature","properties":{"type":"village","name":"Kadni","taluk":"Gulbarga","district":"Kalaburagi","village_code":"620294"},"geometry":{"type":"Polygon","coordinates":[[[76.75555804120056,17.27235584381203],[76.71767830630463,17.274757924076525],[76.71563548165297,17.270647582415013],[76.70940476414738,17.270162284388086],[76.70887648738665,17.26654369519142],[76.71004673079211,17.254909727162676],[76.70801513238662,17.250941531089683],[76.70750791303445,17.24190499003364],[76.70623851089299,17.241932597038574],[76.70606273843966,17.240182279192464],[76.73423770921657,17.236547973284573],[76.73949904032604,17.237308638982785],[76.74097010167236,17.236530742641495],[76.74448780461196,17.23083170011484],[76.7469789820152,17.230084789822243],[76.75900899931456,17.247914854746277],[76.76283651772093,17.250939948255642],[76.76915047401907,17.253931870726667],[76.76296298524157,17.253716095639835],[76.762852707159,17.2572309278016],[76.76446156198509,17.263751109856223],[76.75865257296265,17.266779233420863],[76.75636091228237,17.26943436068609],[76.75555804120056,17.27235584381203]]]}},{"type":"Feature","properties":{"type":"village","name":"Tengli","taluk":"Chitapur","district":"Kalaburagi","village_code":"620610"},"geometry":{"type":"Polygon","coordinates":[[[77.12525608155923,17.279838668056225],[77.11896846296692,17.279429723102226],[77.11265701296841,17.282177212599944],[77.10837851423827,17.282358523950574],[77.10584911531635,17.28356187532463],[77.09499908095674,17.284173561865128],[77.0969379696317,17.28060846113214],[77.1015952852222,17.275476747036834],[77.10459793100885,17.269050290876944],[77.10497661671518,17.26450840619428],[77.10315758755365,17.25683233101418],[77.10320539409645,17.252381242157366],[77.10938868235165,17.252891364725684],[77.10821680041911,17.24549561366106],[77.1326090302133,17.245433118601042],[77.13675880575313,17.239923011980014],[77.135162014403,17.23696410016249],[77.13566645796091,17.225801369903415],[77.14098418979549,17.223968687931382],[77.14657632461001,17.216716251694557],[77.1532198099038,17.215279617660048],[77.15322762524679,17.23620643595107],[77.16407891455283,17.23852695209521],[77.16976301439458,17.238724629085894],[77.17549378261361,17.23759387966113],[77.17761055029126,17.241614272011727],[77.17786527387827,17.244600521160237],[77.18248436166186,17.251495748662272],[77.18340230244,17.25500587902093],[77.18306013504662,17.258453103642914],[77.18517968839991,17.26221613300187],[77.18260912687506,17.267193259065607],[77.17639304831535,17.26798970099365],[77.17464574334103,17.27468945496071],[77.17346420721412,17.27591604675048],[77.15609128908257,17.278598993853834],[77.15087868259408,17.274773095017455],[77.13390722515624,17.27397950541696],[77.12757252496156,17.274842567720505],[77.12525608155923,17.279838668056225]]]}},{"type":"Feature","properties":{"type":"village","name":"Chintpalli","taluk":"Chincholi","district":"Kalaburagi","village_code":"620460"},"geometry":{"type":"Polygon","coordinates":[[[77.29050812744005,17.289020253765248],[77.2631305165807,17.284920961647153],[77.26425915990369,17.280018949812685],[77.26633573336224,17.279443329940072],[77.26715256336524,17.267600011979848],[77.27718372495285,17.271746591087336],[77.2841120157176,17.272795355981728],[77.29329471312948,17.277503809727612],[77.3011483449937,17.279814088650475],[77.32107315137033,17.27813840362517],[77.3242456470176,17.27694364697723],[77.32526473270684,17.28363850780381],[77.32497403428764,17.28898418975568],[77.31489989011028,17.285688825000253],[77.2961143640079,17.282870260203385],[77.29116128080506,17.283012382605634],[77.28970898167174,17.286063894152107],[77.29050812744005,17.289020253765248]]]}},{"type":"Feature","properties":{"type":"village","name":"Mattimudu","taluk":"Chitapur","district":"Kalaburagi","village_code":"620631"},"geometry":{"type":"Polygon","coordinates":[[[77.07808655389988,17.2815925603771],[77.07541571793143,17.280660790032755],[77.07290942457693,17.283067338984925],[77.06230123555643,17.284750353217273],[77.06015541995579,17.278178055270626],[77.0548964729751,17.277131576127378],[77.05281411526444,17.260317175597102],[77.0705173026035,17.25898311880357],[77.07122543735545,17.26211725006841],[77.06990113557369,17.26450138733475],[77.07065664028723,17.267340306344778],[77.07481625687099,17.268590472837584],[77.07665946867995,17.270180622760883],[77.07717845326735,17.27408680898415],[77.08086444299904,17.27981052289939],[77.07808655389988,17.2815925603771]]]}},{"type":"Feature","properties":{"type":"village","name":"Nandikur","taluk":"Gulbarga","district":"Kalaburagi","village_code":"620271"},"geometry":{"type":"Polygon","coordinates":[[[76.83420907470428,17.278375509632813],[76.8085613702488,17.27974174600634],[76.80326747790524,17.276880051744417],[76.80282588677282,17.263787136771427],[76.80492474024705,17.259265529339487],[76.80769486071564,17.2574684021397],[76.81453200841166,17.25581712916176],[76.82199838015013,17.256596407759066],[76.82422673385739,17.257862015887227],[76.83319177037426,17.264690692282358],[76.83420907470428,17.278375509632813]]]}},{"type":"Feature","properties":{"type":"village","name":"Madra (B)","taluk":"Afzalpur","district":"Kalaburagi","village_code":"620156"},"geometry":{"type":"Polygon","coordinates":[[[76.58779124971672,17.24921321491256],[76.58484334995845,17.250934024423962],[76.58582168626978,17.263311897812276],[76.58793996401538,17.274918712311976],[76.58110853319782,17.270277402296603],[76.57451174143418,17.26857252890493],[76.55283937136846,17.268271959624162],[76.54882900537756,17.266793085674763],[76.5504942564372,17.265104052645864],[76.54949380899347,17.262411020618657],[76.55087931658876,17.254704082293312],[76.54895696769483,17.250938343973925],[76.54316442772358,17.2449300173257],[76.5425896847065,17.236978323581955],[76.54534505034654,17.23619336129826],[76.55115477778412,17.239163897946355],[76.55511364874967,17.238537380627132],[76.55984625214415,17.243499656288748],[76.56654068988088,17.245399309282934],[76.56758390970855,17.247129968132096],[76.56897594805596,17.2460009122632],[76.57317891464038,17.24705475921139],[76.57607079096597,17.2457363048944],[76.5804104901198,17.24535335337738],[76.58299137957545,17.24665960816964],[76.58550694174704,17.245842416933765],[76.58700659197729,17.246669496607666],[76.5866489196621,17.248318446718024],[76.58779124971672,17.24921321491256]]]}},{"type":"Feature","properties":{"type":"village","name":"Badnalli","taluk":"Afzalpur","district":"Kalaburagi","village_code":"620159"},"geometry":{"type":"Polygon","coordinates":[[[76.5425896847065,17.236978323581955],[76.54316442772358,17.2449300173257],[76.54895696769483,17.250938343973925],[76.55087931658876,17.254704082293312],[76.54982832094403,17.260780202933535],[76.53686239835747,17.250938307084045],[76.52483933042515,17.250306773221553],[76.52408361281091,17.247993237614377],[76.52229076235339,17.23802589283055],[76.53094698233008,17.23972554475579],[76.53726754034724,17.234978336867186],[76.53925259973285,17.235002574767368],[76.5425896847065,17.236978323581955]]]}},{"type":"Feature","properties":{"type":"village","name":"Rudnoor","taluk":"Chincholi","district":"Kalaburagi","village_code":"620465"},"geometry":{"type":"Polygon","coordinates":[[[77.3242456470176,17.27694364697723],[77.32107315137033,17.27813840362517],[77.3011483449937,17.279814088650475],[77.29329471312948,17.277503809727612],[77.28474184342794,17.27322222826393],[77.28380176726289,17.271052845408285],[77.28564135975958,17.268806643131544],[77.288418258017,17.26791868676784],[77.29888669882368,17.266937723628065],[77.30201384122725,17.26566519414844],[77.32358612459726,17.270526751699787],[77.32438935770013,17.271715081229136],[77.3242456470176,17.27694364697723]]]}},{"type":"Feature","properties":{"type":"village","name":"Haliyal","taluk":"Afzalpur","district":"Kalaburagi","village_code":"620122"},"geometry":{"type":"Polygon","coordinates":[[[76.40426733171805,17.24305308122079],[76.39806484466858,17.247340597387314],[76.39433126488808,17.254453171581723],[76.39378488707437,17.25618771406601],[76.39484925324385,17.261447112370426],[76.38685180289927,17.260227325784435],[76.37611063986056,17.25591083215321],[76.3722930433465,17.255388777048072],[76.37346569603353,17.252724081877112],[76.37874127801666,17.249200941613505],[76.38038009614904,17.246482132666028],[76.3804900014308,17.24357587902591],[76.38238712113998,17.243021014803773],[76.38376167557702,17.238925802053966],[76.38876560162836,17.238925590995677],[76.39880063136161,17.236388423113567],[76.40394200773623,17.236731287391166],[76.4051798493668,17.240641353851757],[76.40426733171805,17.24305308122079]]]}},{"type":"Feature","properties":{"type":"village","name":"Mugulnagaon","taluk":"Chitapur","district":"Kalaburagi","village_code":"620636"},"geometry":{"type":"Polygon","coordinates":[[[76.97131276689008,17.25784279611184],[76.94667454782838,17.257681086209125],[76.92833744903776,17.25924520735251],[76.92878704326104,17.25094291917938],[76.92717411008356,17.230559010104283],[76.92296088923017,17.208553399892196],[76.94503907592042,17.20598107091564],[76.94729515972222,17.217618372101914],[76.96185433968657,17.21854349685754],[76.96774081019886,17.239300581978164],[76.97114610335372,17.2537722806767],[76.97131276689008,17.25784279611184]]]}},{"type":"Feature","properties":{"type":"village","name":"Khandal","taluk":"Gulbarga","district":"Kalaburagi","village_code":"620301"},"geometry":{"type":"Polygon","coordinates":[[[76.85918949080377,17.26757716203681],[76.85508450526403,17.267382473750462],[76.84166392644754,17.27042555541083],[76.83350072884825,17.270776317792127],[76.83319177037426,17.264690692282358],[76.82422673385739,17.257862015887227],[76.82048441167255,17.25644237563913],[76.81720731888853,17.250941194791064],[76.8165454806114,17.241823383847027],[76.82736830589937,17.242219438362945],[76.83319377631227,17.241082306598678],[76.8357048738569,17.23880583940617],[76.83665553936254,17.234166176616476],[76.83906749703577,17.233299221776935],[76.84555983090158,17.234438869023936],[76.84664597043685,17.23362130281088],[76.83632413109129,17.222871413661824],[76.83504471093777,17.204659552653066],[76.83963618989942,17.20984249037418],[76.84072147693351,17.21293744421788],[76.84181205504466,17.212982820401606],[76.85161214927993,17.221360484134244],[76.85670306189517,17.224184755191718],[76.85798133040849,17.228693728116628],[76.85684340569202,17.2310112841747],[76.8587849066678,17.23233069733908],[76.85930173260358,17.23593149225464],[76.86048646313962,17.236162009239674],[76.8604862673069,17.23857455441347],[76.86578908531112,17.24649025121359],[76.8619457888951,17.251052886219828],[76.86028606966097,17.25581274195336],[76.85918949080377,17.26757716203681]]]}},{"type":"Feature","properties":{"type":"village","name":"Hawanur","taluk":"Afzalpur","district":"Kalaburagi","village_code":"620166"},"geometry":{"type":"Polygon","coordinates":[[[76.70940476414738,17.270162284388086],[76.69722226681169,17.272841440582233],[76.69415608767659,17.272119621317668],[76.69238660239961,17.268171590755603],[76.68951742829789,17.265759956709825],[76.685724891187,17.257696704649632],[76.67976468785449,17.250938408316774],[76.67529763723778,17.24167122430652],[76.67442150495127,17.235400619833978],[76.68487696869535,17.234200684673286],[76.69318482469983,17.235820071376082],[76.704790526368,17.23294102917385],[76.70623851089299,17.241932597038574],[76.70750791303445,17.24190499003364],[76.70801513238662,17.250941531089683],[76.71004673079211,17.254909727162676],[76.70887648738665,17.26654369519142],[76.70940476414738,17.270162284388086]]]}},{"type":"Feature","properties":{"type":"village","name":"Udchan","taluk":"Afzalpur","district":"Kalaburagi","village_code":"620100"},"geometry":{"type":"Polygon","coordinates":[[[76.23640390396756,17.24164835570844],[76.21498657100088,17.240572397621552],[76.2007388369455,17.246487229600575],[76.19698787296765,17.246026089004943],[76.18886406110364,17.247118141672043],[76.18591230397956,17.249826454160175],[76.18435128444234,17.254451631672218],[76.1799558717746,17.256649350855206],[76.18009492918395,17.25785127017659],[76.17214831809459,17.26067103006487],[76.16467407262266,17.26476981691642],[76.16554782976353,17.26202966414922],[76.16454092433125,17.260633761217996],[76.16454100607795,17.257999859639092],[76.15818423697168,17.241160644323028],[76.15272352388659,17.2221525281928],[76.16737235481797,17.209674384239154],[76.1777675353183,17.193305344851147],[76.18322061631675,17.191023021858474],[76.18964589723478,17.18567557440275],[76.20094004609442,17.183570866817526],[76.20071537564525,17.197198377157083],[76.20761467687745,17.20585203463966],[76.224271932375,17.21141077940696],[76.23802701775213,17.21248801165647],[76.23810353265478,17.22242278005478],[76.23562926873174,17.235756359863945],[76.23640390396756,17.24164835570844]]]}},{"type":"Feature","properties":{"type":"village","name":"Meenhabal","taluk":"Sedam","district":"Kalaburagi","village_code":"620474"},"geometry":{"type":"Polygon","coordinates":[[[77.22545706272176,17.23943220481387],[77.22578772089977,17.25147475665562],[77.20693055056023,17.255255493575078],[77.20190397259071,17.254584251720946],[77.19930065489731,17.258384720262693],[77.19889464064339,17.266114923636536],[77.19463617614072,17.265416054343376],[77.1963805346409,17.252810979893376],[77.194991025051,17.241648262192104],[77.19511796867874,17.219175574370155],[77.20360048592053,17.225409660390525],[77.20619798163254,17.225671413929806],[77.20809215666424,17.22531407485829],[77.20992711565069,17.223586680589214],[77.21256149169669,17.21923141468293],[77.21683910558629,17.22099375659379],[77.22084465660726,17.22521473627896],[77.22090031981553,17.227544870690895],[77.22279661576958,17.23126003971811],[77.22156842114683,17.23548340514493],[77.22545706272176,17.23943220481387]]]}},{"type":"Feature","properties":{"type":"village","name":"Dandothi","taluk":"Chitapur","district":"Kalaburagi","village_code":"620642"},"geometry":{"type":"Polygon","coordinates":[[[77.12160893587875,17.219071700257523],[77.1109972039028,17.229268799370743],[77.1094311187657,17.239491844905796],[77.10810435380344,17.242181357604284],[77.1069703331652,17.240549616398575],[77.1023940456133,17.238891970095093],[77.101055088716,17.232696703977506],[77.09663857462225,17.22876996039691],[77.09568104598785,17.223661403125007],[77.08907588731564,17.22207960263809],[77.08924865400601,17.220358774803273],[77.08740517719404,17.219453369419895],[77.08769838640445,17.212531735282546],[77.08318920659754,17.21117959398892],[77.0812407382884,17.20610579336844],[77.07175868808785,17.203299015413187],[77.06947852943648,17.19998411161654],[77.06852349542366,17.200468225349606],[77.06105870382176,17.194959128808318],[77.07998109993575,17.16726205123062],[77.08576051372408,17.16454195894013],[77.08982085479086,17.166644788340616],[77.09809877623512,17.174948599980038],[77.10865929795166,17.175053018956607],[77.12065320567159,17.17881268602086],[77.11884418823387,17.198911994918564],[77.11982534256022,17.207044715744953],[77.12183123028403,17.21270451365269],[77.12114153255494,17.21312833542621],[77.12205002395463,17.21528900237447],[77.12064408777144,17.21588807258],[77.12160893587875,17.219071700257523]]]}},{"type":"Feature","properties":{"type":"village","name":"Halkoda","taluk":"Chincholi","district":"Kalaburagi","village_code":"620468"},"geometry":{"type":"Polygon","coordinates":[[[77.40733817586484,17.240330825400164],[77.40567913306214,17.24819938583979],[77.3963917549702,17.248095228634575],[77.38275235733029,17.24643140181627],[77.38452114641296,17.22633651967723],[77.38528739407894,17.225613631284002],[77.39791083486172,17.23332477261683],[77.40446021713798,17.23619737575472],[77.40733817586484,17.240330825400164]]]}},{"type":"Feature","properties":{"type":"village","name":"Belgumpa","taluk":"Chitapur","district":"Kalaburagi","village_code":"620639"},"geometry":{"type":"Polygon","coordinates":[[[77.04920316809665,17.24185151935948],[77.0376515162625,17.24008685487822],[77.02828009089426,17.237058926370104],[77.01942179309776,17.232350679093233],[77.01717352463895,17.232206052636695],[77.02532335261189,17.20995390803567],[77.02960167706888,17.19514705129607],[77.03228741429126,17.19394054736638],[77.04194901615755,17.193218297851363],[77.05363103869226,17.19748047366228],[77.05762952805676,17.19759662718632],[77.05971994635048,17.208329723590726],[77.0587258266396,17.209613177937015],[77.05003837044386,17.21045571015069],[77.0478033584237,17.21883925792955],[77.04859873306448,17.21991032901694],[77.04574265011139,17.23011962382404],[77.04795567406833,17.23524484720511],[77.04920316809665,17.24185151935948]]]}},{"type":"Feature","properties":{"type":"village","name":"Surwar","taluk":"Sedam","district":"Kalaburagi","village_code":"620479"},"geometry":{"type":"Polygon","coordinates":[[[77.32565540732897,17.221165312926097],[77.32845693739146,17.228259131102472],[77.32830013196704,17.24200330297098],[77.32297593585567,17.247874257170707],[77.31436346113837,17.250882104026054],[77.30996561223957,17.24580761764113],[77.30849918440347,17.242671001812823],[77.30524761904488,17.23974421732598],[77.30771430657678,17.232673032905822],[77.30659965990425,17.226274110799658],[77.31272009214076,17.22536191310585],[77.31861286343646,17.221196258243083],[77.32565540732897,17.221165312926097]]]}},{"type":"Feature","properties":{"type":"village","name":"Habal (T)","taluk":"Sedam","district":"Kalaburagi","village_code":"620481"},"geometry":{"type":"Polygon","coordinates":[[[77.381365356735,17.252507963934484],[77.3714859062258,17.25464681574426],[77.36900978099351,17.25446648000254],[77.3661575275585,17.24546951457215],[77.35957056516067,17.245319942124528],[77.35890778005918,17.243729590722573],[77.34712643888837,17.242047628755227],[77.3484415832441,17.233493400349627],[77.349515034076,17.23183077698113],[77.35207761406959,17.231683782911738],[77.3524172266543,17.230652483961958],[77.36693168489056,17.226061407705426],[77.3698665779418,17.22330427724943],[77.3710055366192,17.219410468585377],[77.37775099237588,17.220852355217815],[77.38528739407894,17.225613631284002],[77.38365167782923,17.231889020998924],[77.38273360320213,17.250953844594488],[77.381365356735,17.252507963934484]]]}},{"type":"Feature","properties":{"type":"village","name":"Kachur","taluk":"Sedam","district":"Kalaburagi","village_code":"620477"},"geometry":{"type":"Polygon","coordinates":[[[77.29830444499251,17.222952037191362],[77.29711430480181,17.230943152316442],[77.2929257669575,17.24270714266158],[77.28753404179126,17.25095231066113],[77.28147166677327,17.253940487380962],[77.2831967258679,17.250952073021548],[77.2837462388019,17.246660047427028],[77.28434276955792,17.222269892361762],[77.29026641056004,17.22360119162118],[77.29830444499251,17.222952037191362]]]}},{"type":"Feature","properties":{"type":"village","name":"Martur","taluk":"Chitapur","district":"Kalaburagi","village_code":"620645"},"geometry":{"type":"Polygon","coordinates":[[[76.89461312661004,17.23642907469338],[76.88641011927061,17.23955547877091],[76.87360328113432,17.241538973332933],[76.8734621611931,17.24804018718967],[76.86578908531112,17.24649025121359],[76.8604862673069,17.23857455441347],[76.86048646313962,17.236162009239674],[76.85930173260358,17.23593149225464],[76.8587849066678,17.23233069733908],[76.85684340569202,17.2310112841747],[76.85798133040849,17.228693728116628],[76.85670306189517,17.224184755191718],[76.85161214927993,17.221360484134244],[76.84181205504466,17.212982820401606],[76.84072147693351,17.21293744421788],[76.83963618989942,17.20984249037418],[76.83504471093777,17.204659552653066],[76.83097125985776,17.196467714960153],[76.83027613181278,17.194294445725458],[76.8366711296243,17.182097527587416],[76.85024466817742,17.183053108753544],[76.86137463374926,17.179729141744367],[76.86658690786103,17.1794358328075],[76.88168774409395,17.17565913260268],[76.88116908918825,17.171423899769],[76.883924670424,17.170992082111315],[76.91373082006008,17.172832267216975],[76.91266597059702,17.182907372694885],[76.92292612622529,17.182747208108967],[76.92314410692056,17.208128676924655],[76.9166007523399,17.20808938607935],[76.91690720631085,17.212187049871996],[76.9144969751996,17.21826405812063],[76.90590831571882,17.21796726474297],[76.90615837165959,17.223483563165605],[76.90426456403887,17.228173382418],[76.90379071889618,17.23459334763986],[76.89461312661004,17.23642907469338]]]}},{"type":"Feature","properties":{"type":"village","name":"Magengera","taluk":"Sedam","district":"Kalaburagi","village_code":"620800"},"geometry":{"type":"Polygon","coordinates":[[[77.31725792820522,17.254092078319395],[77.30961187095204,17.25651573028887],[77.28390174616074,17.25674031593623],[77.28016956415884,17.25600332291106],[77.28147166677327,17.253940487380962],[77.28554923842553,17.25245236874615],[77.28825677686153,17.250240220170642],[77.2929257669575,17.24270714266158],[77.29711430480181,17.230943152316442],[77.29830444499251,17.222952037191362],[77.30290257687714,17.225816297759884],[77.30659965990425,17.226274110799658],[77.30771430657678,17.232673032905822],[77.30524761904488,17.23974421732598],[77.30849918440347,17.242671001812823],[77.30996561223957,17.24580761764113],[77.31725792820522,17.254092078319395]]]}},{"type":"Feature","properties":{"type":"village","name":"Telkur","taluk":"Sedam","district":"Kalaburagi","village_code":"620480"},"geometry":{"type":"Polygon","coordinates":[[[77.34712643888837,17.242047628755227],[77.3402240321802,17.24197404957761],[77.34003026377678,17.247237333651942],[77.3364663721602,17.247363136696336],[77.33628339342167,17.250948461243205],[77.33374623305572,17.25879041598554],[77.32402221444686,17.260093719820432],[77.32241491819781,17.25734642438666],[77.32116407435181,17.257797863316288],[77.31436346113837,17.250882104026054],[77.32297593585567,17.247874257170707],[77.32830013196704,17.24200330297098],[77.32845693739146,17.228259131102472],[77.32565540732897,17.221165312926097],[77.33054908763702,17.220420633096335],[77.33674070327494,17.224552621009302],[77.34727558258173,17.22247075118841],[77.350253327967,17.228427711120602],[77.3524172266543,17.230652483961958],[77.35207761406959,17.231683782911738],[77.349515034076,17.23183077698113],[77.34874832377766,17.2327462468541],[77.34712643888837,17.242047628755227]]]}},{"type":"Feature","properties":{"type":"village","name":"Yadga","taluk":"Sedam","district":"Kalaburagi","village_code":"620476"},"geometry":{"type":"Polygon","coordinates":[[[77.28016956415884,17.25600332291106],[77.26888686432747,17.260900154727665],[77.2688035222287,17.253765800164388],[77.26257165577785,17.2448547277208],[77.26232255474619,17.24027143695983],[77.25996578237749,17.23496603516639],[77.2593766106203,17.2231862367488],[77.2660337422216,17.221755429318247],[77.27141998496961,17.224284078880164],[77.27350061162672,17.22428516600228],[77.2797218420246,17.221867789651846],[77.28434276955792,17.222269892361762],[77.28471750267698,17.231337720094263],[77.28352614526908,17.248785767150554],[77.28292345207025,17.25168210291115],[77.28016956415884,17.25600332291106]]]}},{"type":"Feature","properties":{"type":"village","name":"Matoli","taluk":"Afzalpur","district":"Kalaburagi","village_code":"620124"},"geometry":{"type":"Polygon","coordinates":[[[76.43223493180152,17.242749482997382],[76.40426733171805,17.24305308122079],[76.4051798493668,17.240641353851757],[76.40394200773623,17.236731287391166],[76.40596268622116,17.236030869686278],[76.40326712142956,17.228052235595623],[76.40242746523518,17.220165813726176],[76.40385585930045,17.21255651500268],[76.4058484672294,17.209900979870945],[76.41005468571517,17.211406321638552],[76.41156578138045,17.206967419032637],[76.41733848295698,17.20667574074175],[76.43662414519547,17.21247034200565],[76.42963136437648,17.224427556632254],[76.42662298374509,17.231680741322524],[76.4312989492592,17.238865924124067],[76.43223493180152,17.242749482997382]]]}},{"type":"Feature","properties":{"type":"village","name":"Kuknoor","taluk":"Sedam","district":"Kalaburagi","village_code":"620785"},"geometry":{"type":"Polygon","coordinates":[[[77.26888686432747,17.260900154727665],[77.25971110101129,17.263174564161357],[77.25811024298785,17.259148208416416],[77.25677669125362,17.248971021717143],[77.24841024083814,17.247800807287764],[77.23448435069119,17.24864901035591],[77.23476964035406,17.246073675662725],[77.22588408318029,17.247081178939208],[77.22545706272176,17.23943220481387],[77.22156842114683,17.23548340514493],[77.22279661576958,17.23126003971811],[77.22090031981553,17.227544870690895],[77.22084465660726,17.22521473627896],[77.22668397814358,17.225399628382263],[77.23051110398615,17.22434670379485],[77.23741259531103,17.220225484921205],[77.24024271964736,17.219656392734827],[77.2416765826561,17.220140921763452],[77.24381867563821,17.22511892069531],[77.24614349672888,17.22643132302574],[77.24888913091947,17.226757150122967],[77.2593766106203,17.2231862367488],[77.25996578237749,17.23496603516639],[77.26232255474619,17.24027143695983],[77.26257165577785,17.2448547277208],[77.2688035222287,17.253765800164388],[77.26888686432747,17.260900154727665]]]}},{"type":"Feature","properties":{"type":"village","name":"Sirnoor","taluk":"Gulbarga","district":"Kalaburagi","village_code":"620300"},"geometry":{"type":"Polygon","coordinates":[[[76.80442860969876,17.244489398068744],[76.80128312279881,17.244781888342608],[76.79169895571006,17.249851584052905],[76.78388472844578,17.249735144221745],[76.76915047401907,17.253931870726667],[76.76283651772093,17.250939948255642],[76.75900899931456,17.247914854746277],[76.74895319244712,17.232880843001627],[76.75362516135655,17.22704809659659],[76.77564643707862,17.225104223591124],[76.77612412162085,17.219732711115647],[76.78649263024205,17.2235733519239],[76.78712401832604,17.230418218363102],[76.7882843057032,17.232374975681644],[76.79929379012741,17.2346791628408],[76.80040657369403,17.238230641694713],[76.80442860969876,17.244489398068744]]]}},{"type":"Feature","properties":{"type":"village","name":"Gundgurthi","taluk":"Chitapur","district":"Kalaburagi","village_code":"621160"},"geometry":{"type":"Polygon","coordinates":[[[77.07470090779859,17.258257557287898],[77.05281411526444,17.260317175597102],[77.05220330219375,17.250947528700905],[77.04979810883461,17.24674663172503],[77.04795567406833,17.23524484720511],[77.04574265011139,17.23011962382404],[77.04859873306448,17.21991032901694],[77.0478033584237,17.21883925792955],[77.04925210202514,17.211510230090234],[77.05956337808126,17.214552127082378],[77.06029350987961,17.22176275869771],[77.06498472339736,17.223275075808782],[77.0685474741535,17.22606683210926],[77.07866616398917,17.225617851037725],[77.08341437112014,17.227174099584637],[77.0866236411002,17.230412546124988],[77.09378655115592,17.229865753049776],[77.09663857462225,17.22876996039691],[77.101055088716,17.232696703977506],[77.1023940456133,17.238891970095093],[77.10760701322448,17.241059564046385],[77.10938868235165,17.252891364725684],[77.07725529964836,17.25128634837747],[77.07597760426019,17.256736342246832],[77.07470090779859,17.258257557287898]]]}},{"type":"Feature","properties":{"type":"village","name":"Sirnoor","taluk":"Gulbarga","district":"Kalaburagi","village_code":"620300"},"geometry":{"type":"Polygon","coordinates":[[[76.82048441167255,17.25644237563913],[76.81453200841166,17.25581712916176],[76.8101824277897,17.25676898363208],[76.79929379012741,17.2346791628408],[76.7882843057032,17.232374975681644],[76.78712401832604,17.230418218363102],[76.78649263024205,17.2235733519239],[76.79009834113008,17.223597542412517],[76.79895421167866,17.22589628163709],[76.81264864819768,17.22576563588086],[76.8165454806114,17.241823383847027],[76.81720731888853,17.250941194791064],[76.82048441167255,17.25644237563913]]]}},{"type":"Feature","properties":{"type":"village","name":"Mallabad","taluk":"Afzalpur","district":"Kalaburagi","village_code":"620125"},"geometry":{"type":"Polygon","coordinates":[[[76.45507767642671,17.214214465350892],[76.4525348000806,17.230814113727256],[76.45245945568279,17.248066709726587],[76.44870376476989,17.253476647606924],[76.4487899051208,17.26483460529476],[76.43464636036705,17.263727958332435],[76.43212874644334,17.250934231179],[76.43198679017058,17.240477388758308],[76.42665065095753,17.23231482621859],[76.42770815489648,17.228813849199486],[76.43662414519547,17.21247034200565],[76.44044566734733,17.2135788519005],[76.44349603613342,17.210671619868293],[76.4505610073653,17.21082771268234],[76.45507767642671,17.214214465350892]]]}},{"type":"Feature","properties":{"type":"village","name":"Tonsinhalli (T)","taluk":"Chitapur","district":"Kalaburagi","village_code":"620643"},"geometry":{"type":"Polygon","coordinates":[[[77.14216219913656,17.22250933624605],[77.14098418979549,17.223968687931382],[77.13566645796091,17.225801369903415],[77.135162014403,17.23696410016249],[77.13675880575313,17.239923011980014],[77.1326090302133,17.245433118601042],[77.10821680041911,17.24549561366106],[77.10810435380344,17.242181357604284],[77.1094311187657,17.239491844905796],[77.1109972039028,17.229268799370743],[77.12160893587875,17.219071700257523],[77.13176910811762,17.225164873913755],[77.13818866497064,17.221225780062085],[77.14216219913656,17.22250933624605]]]}},{"type":"Feature","properties":{"type":"village","name":"Dharmapur","taluk":"Gulbarga","district":"Kalaburagi","village_code":"620274"},"geometry":{"type":"Polygon","coordinates":[[[76.92296088923017,17.208553399892196],[76.92717411008356,17.230559010104283],[76.92878704326104,17.25094291917938],[76.92833744903776,17.25924520735251],[76.91758609101885,17.24172932537539],[76.9140875230931,17.23868946124398],[76.9083702349932,17.236869710612943],[76.90431243615866,17.23373036470021],[76.90426456403887,17.228173382418],[76.90615837165959,17.223483563165605],[76.90590831571882,17.21796726474297],[76.9144969751996,17.21826405812063],[76.91690720631085,17.212187049871996],[76.9166007523399,17.20808938607935],[76.92296088923017,17.208553399892196]]]}},{"type":"Feature","properties":{"type":"village","name":"Wadenhalli","taluk":"Afzalpur","district":"Kalaburagi","village_code":"621228"},"geometry":{"type":"Polygon","coordinates":[[[76.6139583259335,17.27265873107998],[76.60091894720784,17.271631860968196],[76.59487160459786,17.272832714154696],[76.59081775835057,17.275226475343704],[76.58793996401538,17.274918712311976],[76.58582168626978,17.263311897812276],[76.58484334995845,17.250934024423962],[76.59384265989837,17.24747946392072],[76.59932457591908,17.249160960302312],[76.61557153669042,17.266794652073965],[76.6139583259335,17.27265873107998]]]}},{"type":"Feature","properties":{"type":"village","name":"Mangalgi","taluk":"Chitapur","district":"Kalaburagi","village_code":"620614"},"geometry":{"type":"Polygon","coordinates":[[[77.26355318470166,17.289217028332725],[77.24888855599768,17.28951411109375],[77.24443690609822,17.288133441271178],[77.23675176674027,17.283913788670816],[77.23462427227985,17.283824096180748],[77.22472220129347,17.28821207464988],[77.2047461514198,17.278333560044807],[77.1983149416209,17.273748587914675],[77.19636478088576,17.265840215801077],[77.19889464064339,17.266114923636536],[77.19930065489731,17.258384720262693],[77.20190397259071,17.254584251720946],[77.20693055056023,17.255255493575078],[77.22578772089977,17.25147475665562],[77.22645759281049,17.24690921857255],[77.23476964035406,17.246073675662725],[77.23448435069119,17.24864901035591],[77.24841024083814,17.247800807287764],[77.25677669125362,17.248971021717143],[77.25811024298785,17.259148208416416],[77.25971110101129,17.263174564161357],[77.267893836968,17.261232003193893],[77.26596743218055,17.276290337205975],[77.26633573336224,17.279443329940072],[77.26425915990369,17.280018949812685],[77.26335677704795,17.28307057958376],[77.26355318470166,17.289217028332725]]]}},{"type":"Feature","properties":{"type":"village","name":"Garoor (K)","taluk":"Afzalpur","district":"Kalaburagi","village_code":"620296"},"geometry":{"type":"Polygon","coordinates":[[[76.26701612538281,17.26436923078964],[76.25789806175563,17.268537319572236],[76.25555137387428,17.268755813767722],[76.25061450975389,17.250926844619645],[76.2392966543539,17.245116827761134],[76.23669348488252,17.242762707325937],[76.23566758098029,17.23694002124413],[76.23610771684197,17.23391733060838],[76.24181135593943,17.235391522705083],[76.24429757913383,17.23413413096371],[76.24712785169217,17.23423638360309],[76.25033666712473,17.23189569189576],[76.25611095602434,17.23306893373356],[76.26011335395867,17.232203010198074],[76.26137987699964,17.23262608800256],[76.26203247879904,17.23485023801036],[76.26341409219758,17.235835925035833],[76.27055390477074,17.23868611433583],[76.27564499974396,17.239782085814088],[76.27724426235945,17.2383236131933],[76.279288417416,17.240235686861478],[76.29124836522492,17.241695932341432],[76.2929917086288,17.24381555782215],[76.29580764766844,17.244553138311023],[76.29887697899188,17.24380176561418],[76.29899934211,17.246271203872723],[76.2945642355848,17.24967590293616],[76.29262580055905,17.254268704056518],[76.29168935358777,17.2548911899571],[76.28887357444823,17.254336987731868],[76.28976465559936,17.260509350093624],[76.29084465784463,17.261825126129793],[76.28985091362959,17.263202064184238],[76.28544468883908,17.263522619253006],[76.28298689373013,17.262354307203353],[76.28020160161472,17.263769908671776],[76.27253787360156,17.263192021361974],[76.26701612538281,17.26436923078964]]]}},{"type":"Feature","properties":{"type":"village","name":"Indankal","taluk":"Chitapur","district":"Kalaburagi","village_code":"620630"},"geometry":{"type":"Polygon","coordinates":[[[77.09499908095674,17.284173561865128],[77.09012869216735,17.288896306110836],[77.08596849257698,17.28776000602876],[77.08440890136109,17.285216202042353],[77.07808655389988,17.2815925603771],[77.08086444299904,17.27981052289939],[77.07717845326735,17.27408680898415],[77.07665946867995,17.270180622760883],[77.07481625687099,17.268590472837584],[77.07065664028723,17.267340306344778],[77.06990113557369,17.26450138733475],[77.07122543735545,17.26211725006841],[77.0705173026035,17.25898311880357],[77.07470090779859,17.258257557287898],[77.07597760426019,17.256736342246832],[77.07725529964836,17.25128634837747],[77.10320539409645,17.252381242157366],[77.10315758755365,17.25683233101418],[77.10497661671518,17.26450840619428],[77.10459793100885,17.269050290876944],[77.1015952852222,17.275476747036834],[77.0969379696317,17.28060846113214],[77.09499908095674,17.284173561865128]]]}},{"type":"Feature","properties":{"type":"village","name":"Atnoor","taluk":"Afzalpur","district":"Kalaburagi","village_code":"620153"},"geometry":{"type":"Polygon","coordinates":[[[76.49086830367095,17.28136330618527],[76.4909197798317,17.285153827664537],[76.45243444389033,17.28151100263276],[76.45718556515607,17.27497022192122],[76.4487899051208,17.26483460529476],[76.44870376476989,17.253476647606924],[76.45245945568279,17.248066709726587],[76.4525348000806,17.230814113727256],[76.45507767642671,17.214214465350892],[76.45978532102933,17.21400784415368],[76.47044953887244,17.209960876624958],[76.47559971424528,17.21097710797045],[76.48117309044004,17.209016019845947],[76.48851546143162,17.209556554709852],[76.49285150803549,17.207386149931406],[76.49819280267995,17.2067064816789],[76.50156912876018,17.209912799274363],[76.5086553451485,17.221333787011655],[76.51205340776364,17.22259625620416],[76.51630528042875,17.22697647286787],[76.5187307622386,17.227524462842283],[76.51854614856626,17.229724566956822],[76.52072630496357,17.231876244622146],[76.52170725806732,17.23476368416828],[76.52471746138042,17.249610959956293],[76.5255265784484,17.264004101914693],[76.5267649833227,17.2695345838957],[76.52638623563261,17.27433235491279],[76.52797296585155,17.279393144266383],[76.52002897514785,17.27375979676766],[76.50776453708522,17.267509174067754],[76.49898505926839,17.261645621805396],[76.4963567154095,17.257924926236992],[76.49086830367095,17.28136330618527]]]}},{"type":"Feature","properties":{"type":"village","name":"Garoor (B)","taluk":"Afzalpur","district":"Kalaburagi","village_code":"620297"},"geometry":{"type":"Polygon","coordinates":[[[76.33790870083178,17.281670965811337],[76.3169625989103,17.282660134727063],[76.31123343238741,17.284114044300217],[76.30060203808648,17.278609927065624],[76.2994654833008,17.27294796764336],[76.30033940213846,17.260533841141033],[76.29084465784463,17.261825126129793],[76.28976465559936,17.260509350093624],[76.28887357444823,17.254336987731868],[76.29168935358777,17.2548911899571],[76.29262580055905,17.254268704056518],[76.2945642355848,17.24967590293616],[76.29899934211,17.246271203872723],[76.29992402115106,17.238347197744474],[76.29875013507713,17.23470080882234],[76.29938078744087,17.233029437123847],[76.31062681804235,17.231569697113393],[76.31176413370106,17.23274020489411],[76.31762655810984,17.233076361332902],[76.32244012306764,17.23516048224979],[76.3258206667381,17.23414485574771],[76.33186759073317,17.238393423078506],[76.3325959303925,17.24796339578033],[76.33390744824945,17.25092914123054],[76.33568505699151,17.252260777805002],[76.33628109906401,17.25576887672658],[76.33790870083178,17.281670965811337]]]}},{"type":"Feature","properties":{"type":"village","name":"Chincholi","taluk":"Afzalpur","district":"Kalaburagi","village_code":"620121"},"geometry":{"type":"Polygon","coordinates":[[[76.43701169727366,17.290750022760182],[76.42427166504847,17.291138522034327],[76.4088485537158,17.287147122853032],[76.39305203338077,17.287500538101668],[76.39307195172559,17.261310595725572],[76.39484925324385,17.261447112370426],[76.39378517363696,17.255681707296983],[76.39822298498952,17.247198102597135],[76.40426733171805,17.24305308122079],[76.43223493180152,17.242749482997382],[76.43212874644334,17.250934231179],[76.43464636036705,17.263727958332435],[76.4487899051208,17.26483460529476],[76.45718556515607,17.27497022192122],[76.45015747066492,17.285065951626397],[76.43701169727366,17.290750022760182]]]}},{"type":"Feature","properties":{"type":"village","name":"Diksanga (K)","taluk":"Afzalpur","district":"Kalaburagi","village_code":"620095"},"geometry":{"type":"Polygon","coordinates":[[[76.3107464619601,17.28658480220057],[76.30658996342866,17.285997962149818],[76.28560352535432,17.28877745328047],[76.27183497243446,17.28794437312902],[76.26842451396674,17.277436496206054],[76.26836778625487,17.270167220256777],[76.26701612538281,17.26436923078964],[76.27253787360156,17.263192021361974],[76.28020160161472,17.263769908671776],[76.28298689373013,17.262354307203353],[76.28544468883908,17.263522619253006],[76.28862796337143,17.26352598372545],[76.29084465784463,17.261825126129793],[76.30033940213846,17.260533841141033],[76.29946672567087,17.27180040565457],[76.30024058296561,17.278035803902178],[76.30272572997832,17.280310736115588],[76.3107448108566,17.28365271561514],[76.31163695830799,17.284972795260508],[76.3107464619601,17.28658480220057]]]}},{"type":"Feature","properties":{"type":"village","name":"Bennur (B)","taluk":"Chitapur","district":"Kalaburagi","village_code":"620635"},"geometry":{"type":"Polygon","coordinates":[[[76.9896282710796,17.27931808231785],[76.98519709198882,17.280858831018243],[76.98202072460266,17.27709262077641],[76.9802959448841,17.270556177274656],[76.97353192364545,17.26644827078624],[76.9716529606848,17.261036764325006],[76.97114610335372,17.2537722806767],[76.96651186099129,17.235488045081645],[76.9942857339938,17.23261405726991],[76.99485061710234,17.233747714006437],[77.00284983443308,17.22904914815633],[77.01093990826992,17.230991559674838],[77.01213249277653,17.23299354062356],[77.01942179309776,17.232350679093233],[77.02828009089426,17.237058926370104],[77.0376515162625,17.24008685487822],[77.03724972409043,17.24464068534139],[77.03897243498888,17.250596001095293],[77.03863308471219,17.253768179955426],[77.03650523811217,17.255334191599736],[77.02733517011488,17.255034599317366],[77.02089286432556,17.25838095078176],[77.00853116476878,17.259327808679263],[77.00351959674933,17.260732771910153],[77.00006623384533,17.26459124192737],[76.98949299557759,17.269859573158367],[76.9896282710796,17.27931808231785]]]}},{"type":"Feature","properties":{"type":"village","name":"Kodagnur","taluk":"Afzalpur","district":"Kalaburagi","village_code":"620098"},"geometry":{"type":"Polygon","coordinates":[[[76.16578611238423,17.268706610820406],[76.1354125769332,17.272037255614674],[76.13254441523281,17.26953814727225],[76.1242854617158,17.27043535164637],[76.11870951723763,17.26999106095973],[76.11504338835856,17.266943551726538],[76.10944866010783,17.253176038276813],[76.1137101393566,17.252398218241023],[76.11512482872394,17.250930255648708],[76.12233131335911,17.248051931230496],[76.13259218763963,17.24081551383997],[76.13458783816242,17.24439675826421],[76.13441496008093,17.25096448861628],[76.14827303820373,17.25983519518357],[76.15468058637805,17.26557046670967],[76.16467407262266,17.26476981691642],[76.16578611238423,17.268706610820406]]]}},{"type":"Feature","properties":{"type":"village","name":" ","taluk":"Afzalpur","district":"Kalaburagi","village_code":" "},"geometry":{"type":"Polygon","coordinates":[[[76.29887697899188,17.24380176561418],[76.29580764766844,17.244553138311023],[76.2929917086288,17.24381555782215],[76.29124836522492,17.241695932341432],[76.279288417416,17.240235686861478],[76.27724426235945,17.2383236131933],[76.27564499974396,17.239782085814088],[76.27223208438393,17.239125234002945],[76.26250708840804,17.235230012772067],[76.26211561877692,17.229501112751358],[76.26699185829372,17.220358960141358],[76.28645629874849,17.218678304134624],[76.2989271615786,17.216218791218424],[76.30458695121213,17.22816562771957],[76.29885390037393,17.23386955892482],[76.29992402115106,17.238347197744474],[76.29887697899188,17.24380176561418]]]}},{"type":"Feature","properties":{"type":"village","name":" ","taluk":"Chincholi","district":"Kalaburagi","village_code":" "},"geometry":{"type":"Polygon","coordinates":[[[77.32402221444686,17.260093719820432],[77.32429885243525,17.271103727322863],[77.30201384122725,17.26566519414844],[77.31725792820522,17.254092078319395],[77.32116407435181,17.257797863316288],[77.32241491819781,17.25734642438666],[77.32402221444686,17.260093719820432]]]}},{"type":"Feature","properties":{"type":"village","name":" ","taluk":"Chincholi","district":"Kalaburagi","village_code":" "},"geometry":{"type":"Polygon","coordinates":[[[77.30201384122725,17.26566519414844],[77.29888669882368,17.266937723628065],[77.28564135975958,17.268806643131544],[77.28380176726289,17.271052845408285],[77.2841120157176,17.272795355981728],[77.27718372495285,17.271746591087336],[77.26715256336524,17.267600011979848],[77.267893836968,17.261232003193893],[77.27545609757485,17.2586246672091],[77.27983045283403,17.255649571870162],[77.28077502866034,17.256634923060904],[77.28390174616074,17.25674031593623],[77.30961187095204,17.25651573028887],[77.31725792820522,17.254092078319395],[77.30201384122725,17.26566519414844]]]}},{"type":"Feature","properties":{"type":"village","name":" ","taluk":"Chitapur","district":"Kalaburagi","village_code":" "},"geometry":{"type":"Polygon","coordinates":[[[77.0548964729751,17.277131576127378],[77.04756839777292,17.278286975876092],[77.03972155627396,17.276523699642627],[77.03649485718076,17.27695374309049],[77.03694716341789,17.270265971057782],[77.03520239887922,17.261363004739717],[77.03650523811217,17.255334191599736],[77.03863308471219,17.253768179955426],[77.0391065238164,17.252156004347114],[77.03724972409043,17.24464068534139],[77.0376515162625,17.24008685487822],[77.04920316809665,17.24185151935948],[77.04979810883461,17.24674663172503],[77.05220330219375,17.250947528700905],[77.0548964729751,17.277131576127378]]]}},{"type":"Feature","properties":{"type":"village","name":"Sirnoor","taluk":"Gulbarga","district":"Kalaburagi","village_code":"620300"},"geometry":{"type":"Polygon","coordinates":[[[76.8101824277897,17.25676898363208],[76.8056961936501,17.258389340750544],[76.80340499380557,17.261858224708302],[76.80257401893009,17.270536723781692],[76.80326747790524,17.276880051744417],[76.79640390985841,17.272278215015923],[76.78603968260781,17.272996610171383],[76.78117949778175,17.26903669184971],[76.77674094082754,17.268397492690177],[76.77509236429623,17.26489531976952],[76.76731592107113,17.263422894614884],[76.76446156198509,17.263751109856223],[76.76254864629993,17.254664609186054],[76.76408227261088,17.253296569805176],[76.76697323534978,17.254423130904485],[76.78388472844578,17.249735144221745],[76.79169895571006,17.249851584052905],[76.80281600620302,17.244375857249082],[76.80442860969876,17.244489398068744],[76.8101824277897,17.25676898363208]]]}},{"type":"Feature","properties":{"type":"village","name":" ","taluk":"Chitapur","district":"Kalaburagi","village_code":" "},"geometry":{"type":"Polygon","coordinates":[[[77.02070517212674,17.28204993223048],[77.00326211084283,17.27933744395973],[76.99999956178326,17.278420737634093],[76.99811221215111,17.27676284668241],[76.9896282710796,17.27931808231785],[76.98949299557759,17.269859573158367],[77.00006623384533,17.26459124192737],[77.00351959674933,17.260732771910153],[77.00853116476878,17.259327808679263],[77.02089286432556,17.25838095078176],[77.02733517011488,17.255034599317366],[77.03650523811217,17.255334191599736],[77.03520239887922,17.261363004739717],[77.03694716341789,17.270265971057782],[77.03649485718076,17.27695374309049],[77.03217073661058,17.27980746494826],[77.02070517212674,17.28204993223048]]]}},{"type":"Feature","properties":{"type":"village","name":" ","taluk":"Gulbarga","district":"Kalaburagi","village_code":" "},"geometry":{"type":"Polygon","coordinates":[[[76.86036778491082,17.29137281686191],[76.85449401118674,17.291290903208925],[76.84842712123614,17.293309588700797],[76.84036191007138,17.292490520048023],[76.83979896103565,17.28530251262467],[76.83420907470428,17.278375509632813],[76.83350072884825,17.270776317792127],[76.84166392644754,17.27042555541083],[76.85508450526403,17.267382473750462],[76.86565494707627,17.26844960116718],[76.86994297513495,17.281140477219125],[76.86036778491082,17.29137281686191]]]}},{"type":"Feature","properties":{"type":"village","name":"Machnal","taluk":"Gulbarga","district":"Kalaburagi","village_code":"620289"},"geometry":{"type":"Polygon","coordinates":[[[76.66826851237902,17.286402940911586],[76.65474903443965,17.29071072977556],[76.65284745010348,17.27939375414245],[76.66095900625207,17.27818630709381],[76.66875594274374,17.279336918145198],[76.66826851237902,17.286402940911586]]]}},{"type":"Feature","properties":{"type":"village","name":"Afzalpur (TP)","taluk":"Afzalpur","district":"Kalaburagi","village_code":"803206"},"geometry":{"type":"Polygon","coordinates":[[[76.40599024922903,17.23645359381801],[76.39880063136161,17.236388423113567],[76.38876560162836,17.238925590995677],[76.38376167557702,17.238925802053966],[76.38238712113998,17.243021014803773],[76.3804900014308,17.24357587902591],[76.38038009614904,17.246482132666028],[76.37874127801666,17.249200941613505],[76.37346569603353,17.252724081877112],[76.3722930433465,17.255388777048072],[76.35345308832105,17.254838055047607],[76.34228324563547,17.252791904576124],[76.33584636207723,17.252863496843943],[76.3325959303925,17.24796339578033],[76.33240556121413,17.239834559284485],[76.33132594883767,17.238080961284435],[76.33270301316763,17.238542121726677],[76.32909875395713,17.22894106420514],[76.32587622574178,17.21261995306187],[76.32957933017624,17.201452979261035],[76.330927106733,17.191957343671504],[76.33478119461051,17.18467342386899],[76.33832183692925,17.174080374647637],[76.34666161726228,17.180991356652846],[76.35238814363657,17.18751371195027],[76.35530944068599,17.188788799931032],[76.36057591914204,17.186738632172293],[76.36340143781591,17.183561217880282],[76.36568878209123,17.179478470847123],[76.36796856524681,17.171277224197247],[76.38656888478874,17.169719112654175],[76.3918585083381,17.166142997125153],[76.39333341357555,17.167113775941182],[76.39869517543545,17.16696549280856],[76.39986761342514,17.168129273393248],[76.40057915728362,17.171713280197306],[76.40247233338866,17.172904672324677],[76.40558574414479,17.173052064119368],[76.40869943517527,17.174751279674897],[76.41418285407747,17.174756916714216],[76.411263847732,17.209318900348404],[76.41005468571517,17.211406321638552],[76.4058484672294,17.209900979870945],[76.40385585930045,17.21255651500268],[76.40281184895537,17.216783935740178],[76.4029094625891,17.226308526806573],[76.40599024922903,17.23645359381801]],[[76.36285914643842,17.211222005906055],[76.36288019576219,17.20809817735092],[76.36708887563182,17.206736773819443],[76.3654223148285,17.20299208585098],[76.36569329882046,17.20036888372178],[76.36373506492589,17.198025882190084],[76.36421439697835,17.195442745076093],[76.36273519060731,17.196003327580232],[76.36144357402718,17.195322392068107],[76.36094349717989,17.19630355621746],[76.35675615319654,17.1946010739046],[76.34978713820671,17.196762880581186],[76.35230747672068,17.200828204005017],[76.35414088611327,17.20062818238681],[76.35434905630733,17.202110023299074],[76.35609908766853,17.202390563393912],[76.35545290972173,17.205354127041073],[76.35730714385925,17.205654693195775],[76.35614014337193,17.208237738409572],[76.359952830593,17.209099167079177],[76.36125481822307,17.211562297990763],[76.36285914643842,17.211222005906055]]]}},{"type":"Feature","properties":{"type":"village","name":"Diksanga (B)","taluk":"Afzalpur","district":"Kalaburagi","village_code":"620150"},"geometry":{"type":"Polygon","coordinates":[[[76.58793996401538,17.274918712311976],[76.58643942265638,17.277213479781615],[76.57823838711899,17.27721162697166],[76.57654001786979,17.280197503846892],[76.57644896373425,17.286630903936732],[76.57999319392422,17.31213050287076],[76.5697684525794,17.311242312088194],[76.5611282253097,17.3117600734183],[76.55657687768503,17.308120753699388],[76.54753384135036,17.30517170971618],[76.54617093267265,17.302835435968674],[76.54426193993037,17.291092772233597],[76.54894295038316,17.275521629202547],[76.54882900537756,17.266793085674763],[76.55586272242405,17.268711297101884],[76.57451174143418,17.26857252890493],[76.58110853319782,17.270277402296603],[76.58793996401538,17.274918712311976]]]}},{"type":"Feature","properties":{"type":"village","name":"Chatarsal","taluk":"Chincholi","district":"Kalaburagi","village_code":"620456"},"geometry":{"type":"Polygon","coordinates":[[[77.45606613232015,17.331401263968388],[77.44139152333335,17.32955281512777],[77.43412951472877,17.330072337689206],[77.42563153837924,17.32054089363997],[77.4263529268749,17.316388329248802],[77.42294912941497,17.31206326805138],[77.42289815361588,17.30841032905608],[77.43060192223616,17.30172738263989],[77.432301022714,17.294853605653866],[77.43365145828402,17.293339177888527],[77.437966976587,17.291924615035885],[77.4405474079019,17.301307388921465],[77.443016475071,17.30122527813858],[77.4456385379094,17.307743653161634],[77.44769374493893,17.30750349833734],[77.45153574867926,17.31770791499946],[77.45223180019231,17.317558567583244],[77.45249547099958,17.327480164188756],[77.45606613232015,17.331401263968388]]]}},{"type":"Feature","properties":{"type":"village","name":"Sidnur","taluk":"Afzalpur","district":"Kalaburagi","village_code":"620143"},"geometry":{"type":"Polygon","coordinates":[[[76.52285649975974,17.29663967619138],[76.49090978517582,17.297356514802896],[76.49068858941015,17.300708754785543],[76.48714241706257,17.300871124203994],[76.48738205344438,17.304602913104333],[76.49077297085975,17.304788329392434],[76.49207085768055,17.30953668428821],[76.4869913339065,17.309441462268733],[76.48678409796034,17.313100896934536],[76.48146477431108,17.311342997093085],[76.47467858444786,17.306616472182217],[76.47411570098916,17.29622537881008],[76.46594314833447,17.290630900087272],[76.45015747066492,17.285065951626397],[76.45243444389033,17.28151100263276],[76.4909197798317,17.285153827664537],[76.49086830367095,17.28136330618527],[76.49715380313754,17.283136819710467],[76.49898487062218,17.282109945389827],[76.50380974626769,17.28220785862074],[76.50663499904023,17.283741131853727],[76.50936777025426,17.282843710078566],[76.51464387595519,17.28314492978199],[76.52358221005024,17.28545386762186],[76.52225175660543,17.29317417294794],[76.52285649975974,17.29663967619138]]]}},{"type":"Feature","properties":{"type":"village","name":"Dhannur","taluk":"Chitapur","district":"Kalaburagi","village_code":"620068"},"geometry":{"type":"Polygon","coordinates":[[[77.15993240618569,17.3104883297328],[77.16105781916691,17.316433607080953],[77.15948048622413,17.320777059980067],[77.1577430815826,17.32279847387649],[77.15202747602721,17.323781438396185],[77.14551415032986,17.327608677144084],[77.13217900489016,17.326882719818393],[77.12892550276382,17.327455088626085],[77.12840039615776,17.324011436399008],[77.12201677461103,17.319424035856088],[77.11804496700707,17.315018238178393],[77.11360039134043,17.312519926954955],[77.1133169252576,17.308931799912926],[77.12052771372133,17.30341376493783],[77.12182801341699,17.300484274201356],[77.12769086991541,17.30461749666521],[77.13215920781792,17.310499219026333],[77.15993240618569,17.3104883297328]]]}},{"type":"Feature","properties":{"type":"village","name":"Bhootpur","taluk":"Chincholi","district":"Kalaburagi","village_code":"620462"},"geometry":{"type":"Polygon","coordinates":[[[77.32497403428764,17.28898418975568],[77.32444044399202,17.296229880844866],[77.29487330640859,17.289310493047882],[77.29050812744005,17.289020253765248],[77.28970898167174,17.286063894152107],[77.29116128080506,17.283012382605634],[77.2961143640079,17.282870260203385],[77.31489989011028,17.285688825000253],[77.32497403428764,17.28898418975568]]]}},{"type":"Feature","properties":{"type":"village","name":"Muchakhed","taluk":"Chitapur","district":"Kalaburagi","village_code":"620628"},"geometry":{"type":"Polygon","coordinates":[[[77.09801494365615,17.310579580397608],[77.089243910003,17.310487254268157],[77.08470547655888,17.30703448376946],[77.07191549171564,17.30737197986576],[77.06285361231959,17.293981975185822],[77.06172041813139,17.289621368727794],[77.06201746314807,17.285079550328106],[77.07290942457693,17.283067338984925],[77.074233311337,17.282522665388367],[77.07494292471593,17.280796924362317],[77.07683394037274,17.280842830261488],[77.08440890136109,17.285216202042353],[77.08596849257698,17.28776000602876],[77.09012869216735,17.288896306110836],[77.09454165701746,17.297324997319315],[77.09801494365615,17.310579580397608]]]}},{"type":"Feature","properties":{"type":"village","name":"Kollur","taluk":"Gulbarga","district":"Kalaburagi","village_code":"620291"},"geometry":{"type":"Polygon","coordinates":[[[76.71767830630463,17.274757924076525],[76.70589362429922,17.295192576183943],[76.7034230991644,17.3027880200637],[76.7011556516743,17.30141092168356],[76.69162656927874,17.29940374421099],[76.6924687326711,17.287291124683424],[76.69421814329641,17.2873176587277],[76.69515158989465,17.280960730948028],[76.69415608767659,17.272119621317668],[76.69722226681169,17.272841440582233],[76.70940476414738,17.270162284388086],[76.71459611200464,17.27029564115147],[76.71623768077839,17.27127981607372],[76.71767830630463,17.274757924076525]]]}},{"type":"Feature","properties":{"type":"village","name":"Salhalli","taluk":"Chitapur","district":"Kalaburagi","village_code":"620611"},"geometry":{"type":"Polygon","coordinates":[[[77.19408700366819,17.31308128584866],[77.15993240618569,17.3104883297328],[77.16066473166995,17.30751326086714],[77.16656085008839,17.296793293032245],[77.16847697275911,17.276870926638587],[77.17412595296479,17.275552541387874],[77.17639304831535,17.26798970099365],[77.18260912687506,17.267193259065607],[77.18517968839991,17.26221613300187],[77.1893770342256,17.264776268733296],[77.19636478088576,17.265840215801077],[77.19836272031591,17.275031663896225],[77.20069321786087,17.28056061662156],[77.19993950708299,17.28728292559007],[77.19451954157918,17.3010013814014],[77.19591538339351,17.31154665078586],[77.19408700366819,17.31308128584866]]]}},{"type":"Feature","properties":{"type":"village","name":"Jettur","taluk":"Chincholi","district":"Kalaburagi","village_code":"620470"},"geometry":{"type":"Polygon","coordinates":[[[77.45491857496884,17.28724734500302],[77.43365145828402,17.293339177888527],[77.432301022714,17.294853605653866],[77.4311520109903,17.300717869275367],[77.42824445367312,17.303338175889326],[77.42500379655701,17.30025078089405],[77.41872368159227,17.297260108012345],[77.41191270721033,17.297021062215663],[77.40558360890978,17.29851206637104],[77.40408902697436,17.299846077899947],[77.40086135770062,17.296866436062867],[77.4004605770316,17.293105377888782],[77.40527520379801,17.28642370335493],[77.4044862503149,17.280295487573806],[77.40465965301252,17.26948077038248],[77.40584677306721,17.26325614203172],[77.4051960164074,17.26056457225808],[77.40734653558687,17.257464048427664],[77.40589548421349,17.255229215710802],[77.40569530902548,17.246652371575998],[77.40733817586484,17.240330825400164],[77.40986770504247,17.241008117033342],[77.41148908058697,17.2376781782994],[77.4204593929095,17.237631288720237],[77.42258405677846,17.250765561038644],[77.42637059044833,17.256468614726028],[77.43582295671861,17.260188962216453],[77.4440368687073,17.270555308309714],[77.45085540959884,17.270539411311304],[77.45359921122625,17.27610458597806],[77.45703735487272,17.27723735786849],[77.45857583657777,17.279003245197124],[77.45872952574643,17.280735618979513],[77.45491857496884,17.28724734500302]]]}},{"type":"Feature","properties":{"type":"village","name":"Bablad Sindagi","taluk":"Gulbarga","district":"Kalaburagi","village_code":"620283"},"geometry":{"type":"Polygon","coordinates":[[[76.78326066702128,17.329450276669917],[76.78259362839695,17.33701732176481],[76.77904473415406,17.34106357697348],[76.7754596872125,17.34209184211723],[76.76673908587773,17.340799619031607],[76.75890878236314,17.34518192868878],[76.75642976006405,17.337784770312947],[76.75764476831677,17.320879795377728],[76.76592228192585,17.322086325906724],[76.78189193636223,17.3200480200871],[76.78326066702128,17.329450276669917]]]}},{"type":"Feature","properties":{"type":"village","name":"Jevargi (K)","taluk":"Afzalpur","district":"Kalaburagi","village_code":"620092"},"geometry":{"type":"Polygon","coordinates":[[[76.31772228528148,17.332379512360674],[76.28767701309988,17.334075276737376],[76.285184543021,17.33353499037391],[76.2838707362567,17.33477596470482],[76.27641995118675,17.334577932048074],[76.27318572690638,17.332925255968373],[76.2779049085722,17.320181362999104],[76.30780228122711,17.318545567654983],[76.31406768897402,17.322802868921944],[76.31435778372536,17.324275925299258],[76.31276921375671,17.327680873187653],[76.31772228528148,17.332379512360674]]]}},{"type":"Feature","properties":{"type":"village","name":"Belurgi","taluk":"Afzalpur","district":"Kalaburagi","village_code":"620114"},"geometry":{"type":"Polygon","coordinates":[[[76.36678866405377,17.31375583499044],[76.34365096029995,17.314470546907923],[76.3398133645927,17.281505412595298],[76.33790870083178,17.281670965811337],[76.33584636207723,17.252863496843943],[76.34228324563547,17.252791904576124],[76.35345308832105,17.254838055047607],[76.37523620269498,17.25570240113972],[76.38515937510738,17.259729359703375],[76.39307195172559,17.261310595725572],[76.39305203338077,17.287500538101668],[76.39089627971813,17.290738658836393],[76.38941912060766,17.299362408367003],[76.3850063758448,17.309095762415865],[76.38386016057657,17.314353904365994],[76.36678866405377,17.31375583499044]]]}},{"type":"Feature","properties":{"type":"village","name":"Huvinhalli","taluk":"Chincholi","district":"Kalaburagi","village_code":"620173"},"geometry":{"type":"Polygon","coordinates":[[[77.37432459060847,17.272336441977355],[77.37399931962725,17.28353565296116],[77.37254836437359,17.28766923381018],[77.36646929326776,17.29197083036835],[77.35893913036429,17.294253368056246],[77.35368558944498,17.294397005807475],[77.34828228319813,17.29220932092391],[77.32570903585311,17.276775802658854],[77.34798478632885,17.274028586007017],[77.36917169962854,17.273622040286206],[77.37432459060847,17.272336441977355]]]}},{"type":"Feature","properties":{"type":"village","name":"Hadgilharuti","taluk":"Gulbarga","district":"Kalaburagi","village_code":"620293"},"geometry":{"type":"Polygon","coordinates":[[[76.75764476831677,17.320879795377728],[76.74639342687534,17.321778232192692],[76.71066301280628,17.31709314970241],[76.70695448434411,17.312057262996333],[76.7034230991644,17.3027880200637],[76.7037228957208,17.299946184209414],[76.71767830630463,17.274757924076525],[76.75555804120056,17.27235584381203],[76.75475622294425,17.285742819908933],[76.75709223704338,17.294969673898187],[76.75489693684699,17.300733106690984],[76.75609297627416,17.30573959974852],[76.75777974827304,17.308347406791757],[76.75776661490356,17.314197995222973],[76.7565322362784,17.317454609971193],[76.75764476831677,17.320879795377728]]]}},{"type":"Feature","properties":{"type":"village","name":"Tegaltippi","taluk":"Chincholi","district":"Kalaburagi","village_code":"620434"},"geometry":{"type":"Polygon","coordinates":[[[77.26717940412762,17.333957963202604],[77.24479795877382,17.33483530980362],[77.24039712836661,17.330159689704463],[77.23929844296003,17.324485119087985],[77.24242002389367,17.32190819157705],[77.2488883224357,17.313772595302126],[77.26145944982792,17.306760976792887],[77.2625553271009,17.315741564095045],[77.26717940412762,17.333957963202604]]]}},{"type":"Feature","properties":{"type":"village","name":"Kusnoor (Part)","taluk":"Gulbarga","district":"Kalaburagi","village_code":"620266"},"geometry":{"type":"Polygon","coordinates":[[[76.89771935084389,17.31978942870742],[76.88580222662291,17.323233233836355],[76.87636682683338,17.3275027502865],[76.87602345210422,17.326287449975453],[76.87312128108549,17.326531368061943],[76.87195949442014,17.325433503867416],[76.87295673308165,17.320816301089092],[76.86371459504575,17.3159591926813],[76.8629057995746,17.313144520379794],[76.86143369977582,17.31254353374169],[76.86143852013564,17.31101650389473],[76.85966530774853,17.311852152771316],[76.85554082427552,17.30892417811438],[76.85568204842134,17.30774503567747],[76.85382459023027,17.305124475378182],[76.8559087149271,17.299152119031902],[76.86102625270901,17.290387980788342],[76.86368812977915,17.2886352581327],[76.86994297513495,17.281140477219125],[76.88693343104275,17.284723070847242],[76.89435919982867,17.288011586743707],[76.89946605125198,17.285797350033047],[76.90482730107219,17.287269515752914],[76.90353927326163,17.29063548717319],[76.89633982063849,17.294991492918758],[76.89590774356324,17.30034066435959],[76.89674514498624,17.30265824185029],[76.89470912597119,17.306643163819302],[76.89587567730085,17.308129432999262],[76.8954859108755,17.313709003362764],[76.89347317978586,17.31687165983982],[76.89630471537548,17.317449700240886],[76.89771935084389,17.31978942870742]]]}},{"type":"Feature","properties":{"type":"village","name":"Kasrbhosga","taluk":"Afzalpur","district":"Kalaburagi","village_code":"620811"},"geometry":{"type":"Polygon","coordinates":[[[76.55493746396961,17.31517251374487],[76.54333802266068,17.3171332251818],[76.53826686579517,17.31892008784694],[76.52881808470116,17.317908170718066],[76.516973800375,17.3195464655941],[76.51617304033411,17.305617537322426],[76.52089026636757,17.305678837847605],[76.52046914873877,17.301865556359992],[76.52301809230632,17.30207020600853],[76.5295757184219,17.299064639921973],[76.53736372925292,17.299343886783902],[76.54513398398402,17.297241920716345],[76.54617093267265,17.302835435968674],[76.54753384135036,17.30517170971618],[76.55657687768503,17.308120753699388],[76.5611282253097,17.3117600734183],[76.55466124010458,17.31184728405715],[76.55493746396961,17.31517251374487]]]}},{"type":"Feature","properties":{"type":"village","name":"Melkunda (K)","taluk":"Gulbarga","district":"Kalaburagi","village_code":"620292"},"geometry":{"type":"Polygon","coordinates":[[[76.71470325406855,17.326818329748782],[76.68805764889319,17.32918644094905],[76.6819527602061,17.33108567733775],[76.6763071792254,17.310210206133615],[76.68643672879455,17.30629052463021],[76.69162656927874,17.29940374421099],[76.7011556516743,17.30141092168356],[76.7034230991644,17.3027880200637],[76.70695448434411,17.312057262996333],[76.71066301280628,17.31709314970241],[76.71470325406855,17.326818329748782]]]}},{"type":"Feature","properties":{"type":"village","name":"Kadnal","taluk":"Gulbarga","district":"Kalaburagi","village_code":"620288"},"geometry":{"type":"Polygon","coordinates":[[[76.65474903443965,17.29071072977556],[76.64752119595182,17.29343583804148],[76.64659508499618,17.296512583364024],[76.64022764480265,17.30047071609089],[76.6367663030623,17.301803667061318],[76.63129666072325,17.302111053231894],[76.63404303422732,17.297407905777835],[76.63452715609687,17.29156179313789],[76.63590975764224,17.2912229016919],[76.63597047207733,17.283678085356172],[76.63830764410487,17.283424976207414],[76.63893746373036,17.278884496633978],[76.64660708469174,17.27790806433223],[76.64664481034042,17.278847775299276],[76.65284745010348,17.27939375414245],[76.65474903443965,17.29071072977556]]]}},{"type":"Feature","properties":{"type":"village","name":"Madra (K)","taluk":"Afzalpur","district":"Kalaburagi","village_code":"620154"},"geometry":{"type":"Polygon","coordinates":[[[76.54513398398402,17.297241920716345],[76.53736372925292,17.299343886783902],[76.5295757184219,17.299064639921973],[76.52301809230632,17.30207020600853],[76.52225175660543,17.29317417294794],[76.52358221005024,17.28545386762186],[76.52709567922992,17.284330716175322],[76.52807460663269,17.282840314221858],[76.52797296585155,17.279393144266383],[76.54646634634878,17.282893779014934],[76.54426193993037,17.291092772233597],[76.54513398398402,17.297241920716345]]]}},{"type":"Feature","properties":{"type":"village","name":"Kalgurthi","taluk":"Chitapur","district":"Kalaburagi","village_code":"620629"},"geometry":{"type":"Polygon","coordinates":[[[77.12040912712067,17.3172438713653],[77.10660197538965,17.316561610632004],[77.0975281708582,17.314813416840714],[77.09801494365615,17.310579580397608],[77.09645554018815,17.30338875641943],[77.09454165701746,17.297324997319315],[77.09012869216735,17.288896306110836],[77.09430740962904,17.28456785109398],[77.11265701296841,17.282177212599944],[77.11896846296692,17.279429723102226],[77.1256695581182,17.280272816763148],[77.12442855621445,17.283361307730118],[77.12088279709188,17.28467837619721],[77.12017359334476,17.286540536871957],[77.12215913243071,17.292081741286474],[77.1205988001047,17.29725947503786],[77.12161521689922,17.302051226704098],[77.1133169252576,17.308931799912926],[77.11360039134043,17.312519926954955],[77.12040912712067,17.3172438713653]]]}},{"type":"Feature","properties":{"type":"village","name":"Wacha","taluk":"Chitapur","district":"Kalaburagi","village_code":"620627"},"geometry":{"type":"Polygon","coordinates":[[[77.06285361231959,17.293981975185822],[77.06142284400701,17.29511396980311],[77.05504006328339,17.295293438084418],[77.0534782343641,17.29942600612571],[77.05451727073748,17.302378628650786],[77.05754199891041,17.30583155861533],[77.0553645590185,17.31232571157723],[77.04812936692177,17.314185153370442],[77.04595317838306,17.31677316216556],[77.04360246964254,17.31708484902583],[77.03733445857792,17.313567246001934],[77.03744313316771,17.312523673887192],[77.03181369311606,17.31165363828729],[77.02828318199714,17.30847587909775],[77.02861457230208,17.299880993067056],[77.03145692181108,17.289027210792014],[77.03103374524369,17.280163063580844],[77.03649485718076,17.27695374309049],[77.03972155627396,17.276523699642627],[77.04756839777292,17.278286975876092],[77.0548964729751,17.277131576127378],[77.06015541995579,17.278178055270626],[77.06230123555643,17.284750353217273],[77.06172041813139,17.289621368727794],[77.06285361231959,17.293981975185822]]]}},{"type":"Feature","properties":{"type":"village","name":"Malni","taluk":"Gulbarga","district":"Kalaburagi","village_code":"620290"},"geometry":{"type":"Polygon","coordinates":[[[76.69162656927874,17.29940374421099],[76.68643672879455,17.30629052463021],[76.6763071792254,17.310210206133615],[76.67304868066944,17.295243350220467],[76.66895999416221,17.287220529611265],[76.67695411175707,17.285619407852906],[76.67711427328737,17.286595224583714],[76.68010553741937,17.287845912284066],[76.6924687326711,17.287291124683424],[76.69162656927874,17.29940374421099]]]}},{"type":"Feature","properties":{"type":"village","name":"Kodagnur","taluk":"Chitapur","district":"Kalaburagi","village_code":"620098"},"geometry":{"type":"Polygon","coordinates":[[[77.21866309973642,17.3201445126938],[77.21291865556545,17.32178212386627],[77.20750384728971,17.320558042674325],[77.20376868827096,17.321558715256312],[77.196082736836,17.316429139844757],[77.19451954157918,17.3010013814014],[77.19993950708299,17.28728292559007],[77.20069321786087,17.28056061662156],[77.1983149416209,17.273748587914675],[77.2047461514198,17.278333560044807],[77.22472220129347,17.28821207464988],[77.21894244884031,17.291374787894263],[77.21802041803268,17.314822797347198],[77.21866309973642,17.3201445126938]]]}},{"type":"Feature","properties":{"type":"village","name":"Bhairamadgi","taluk":"Afzalpur","district":"Kalaburagi","village_code":"620149"},"geometry":{"type":"Polygon","coordinates":[[[76.57926212787801,17.32031665166664],[76.57354256075224,17.320604327993188],[76.57129695579825,17.311468638866028],[76.57999319392422,17.31213050287076],[76.57644896373425,17.286630903936732],[76.57654001786979,17.280197503846892],[76.57823838711899,17.27721162697166],[76.58643942265638,17.277213479781615],[76.58793996401538,17.274918712311976],[76.59081775835057,17.275226475343704],[76.59810222843055,17.271952233246946],[76.6139583259335,17.27265873107998],[76.61392990323793,17.275974836986858],[76.62166982096355,17.28673223370756],[76.6338360408263,17.295980272054315],[76.63404303422732,17.297407905777835],[76.63012094837437,17.30428415428872],[76.6295378366521,17.307866811955027],[76.62196085625098,17.313636022258684],[76.60757774518399,17.31622381666799],[76.5940695087621,17.316298807816917],[76.57926212787801,17.32031665166664]]]}},{"type":"Feature","properties":{"type":"village","name":"Kognur","taluk":"Afzalpur","district":"Kalaburagi","village_code":"620146"},"geometry":{"type":"Polygon","coordinates":[[[76.58612854178767,17.345749069078035],[76.5578559412074,17.34717786638005],[76.55804592321188,17.342221878015955],[76.55651018136847,17.335562059753283],[76.55669760407268,17.32491811705792],[76.55466124010458,17.31184728405715],[76.57129695579825,17.311468638866028],[76.57354256075224,17.320604327993188],[76.57926212787801,17.32031665166664],[76.58019197672353,17.32621264899287],[76.58520931911363,17.33297697314709],[76.58612854178767,17.345749069078035]]]}},{"type":"Feature","properties":{"type":"village","name":"Naganhalli *","taluk":"Gulbarga","district":"Kalaburagi","village_code":"620267"},"geometry":{"type":"Polygon","coordinates":[[[76.86036778491082,17.29137281686191],[76.85450681128121,17.30278431067028],[76.85382459023027,17.305124475378182],[76.85519740822387,17.307172092603892],[76.85300135074772,17.306683030596304],[76.85301103907804,17.30437441400948],[76.84859002442468,17.304938551698317],[76.84781908485796,17.302444588233296],[76.8451852801405,17.30296824760894],[76.8446493775813,17.30147727185265],[76.84342653512104,17.301770726610815],[76.84304114079615,17.30031139706818],[76.84064755906036,17.298973686304723],[76.83842286508956,17.29988586810176],[76.83416707576981,17.297960386584315],[76.83629839435838,17.29381797090566],[76.83818445311147,17.292752138939527],[76.84377148998675,17.29226975105058],[76.84842712123614,17.293309588700797],[76.85449401118674,17.291290903208925],[76.86036778491082,17.29137281686191]]]}},{"type":"Feature","properties":{"type":"village","name":"Hadnoor","taluk":"Chitapur","district":"Kalaburagi","village_code":"620625"},"geometry":{"type":"Polygon","coordinates":[[[77.01208717366877,17.313052800157394],[76.9976746832004,17.31923079942004],[76.9886296948266,17.318964942264504],[76.9872267410502,17.308999372927826],[76.9888071282649,17.30147630440163],[77.00124079724901,17.299759298127036],[77.00284239997579,17.288768393093832],[77.00351481411879,17.28888175561292],[77.00138179412103,17.278855324574966],[77.02070517212674,17.28204993223048],[77.02052795967401,17.30276094792224],[77.01956822387896,17.308272584784014],[77.0169913732488,17.30739923657906],[77.01585636985361,17.309982809199887],[77.01477944343986,17.30978342134459],[77.01208717366877,17.313052800157394]]]}},{"type":"Feature","properties":{"type":"village","name":"Nidugunda","taluk":"Chincholi","district":"Kalaburagi","village_code":"620458"},"geometry":{"type":"Polygon","coordinates":[[[77.40408902697436,17.299846077899947],[77.39655446142774,17.31713236329751],[77.39636762622166,17.32434214715645],[77.39360293067907,17.32827268432563],[77.38757532764913,17.324430567847177],[77.37584690084175,17.320419027137735],[77.32541761339179,17.307191970189358],[77.32427216528478,17.294114967331485],[77.32538909996636,17.286258097801046],[77.3242456470176,17.27694364697723],[77.32570903585311,17.276775802658854],[77.34119090958175,17.287858255059604],[77.35090885557928,17.293411318775032],[77.35576196796913,17.294541437678355],[77.36399259221535,17.29310021019586],[77.36989660772345,17.290024347886437],[77.3733238763651,17.28603503373271],[77.37566906855147,17.253271027734733],[77.38205314913733,17.25213544222303],[77.38275235733029,17.24643140181627],[77.3963917549702,17.248095228634575],[77.40567913306214,17.24819938583979],[77.40589548421349,17.255229215710802],[77.40734653558687,17.257464048427664],[77.4051960164074,17.26056457225808],[77.40584677306721,17.26325614203172],[77.40465965301252,17.26948077038248],[77.4044862503149,17.280295487573806],[77.40527520379801,17.28642370335493],[77.40014798577057,17.29398260388305],[77.40086135770062,17.296866436062867],[77.40408902697436,17.299846077899947]]]}},{"type":"Feature","properties":{"type":"village","name":"Revoor (B)","taluk":"Afzalpur","district":"Kalaburagi","village_code":"620120"},"geometry":{"type":"Polygon","coordinates":[[[76.47211881258788,17.345672730877816],[76.46994069626456,17.346074517878588],[76.45657673826045,17.343388242288565],[76.44058898366943,17.33883446290743],[76.43989115079718,17.315025317717172],[76.43869106984955,17.30325599825781],[76.4373612775648,17.2998942527495],[76.43701169727366,17.290750022760182],[76.43961284014576,17.289025020156338],[76.44552926228627,17.287617235413332],[76.45015747066492,17.285065951626397],[76.46594314833447,17.290630900087272],[76.47439784475189,17.29657781000767],[76.47467858444786,17.306616472182217],[76.48146477431108,17.311342997093085],[76.48280932232271,17.317555088323093],[76.48269598008669,17.323035241042785],[76.48511286681588,17.332206660084278],[76.47404444212926,17.334102855345783],[76.47211881258788,17.345672730877816]]]}},{"type":"Feature","properties":{"type":"village","name":"Nanderga","taluk":"Afzalpur","district":"Kalaburagi","village_code":"620093"},"geometry":{"type":"Polygon","coordinates":[[[76.34354796935092,17.313901225905255],[76.33524572332541,17.314761854062773],[76.30236902784364,17.314822104400676],[76.30518210395246,17.30551359268312],[76.30844605168895,17.300989962362042],[76.30843829832973,17.29487284215317],[76.3072205017064,17.290168597920903],[76.31118429094809,17.28611990721515],[76.31123343238741,17.284114044300217],[76.3169625989103,17.282660134727063],[76.3398133645927,17.281505412595298],[76.34354796935092,17.313901225905255]]]}},{"type":"Feature","properties":{"type":"village","name":"Kalagnoor","taluk":"Gulbarga","district":"Kalaburagi","village_code":"620252"},"geometry":{"type":"Polygon","coordinates":[[[76.91826730236342,17.326857105632207],[76.91165868338072,17.327197173989447],[76.9041942070875,17.32910934636924],[76.89630471537548,17.317449700240886],[76.89347317978586,17.31687165983982],[76.8954859108755,17.313709003362764],[76.89587567730085,17.308129432999262],[76.89470912597119,17.306643163819302],[76.89674514498624,17.30265824185029],[76.89590774356324,17.30034066435959],[76.89633982063849,17.294991492918758],[76.90353927326163,17.29063548717319],[76.90966342632001,17.296864718108125],[76.91306398176006,17.2985357495745],[76.9212442266885,17.30574462128602],[76.92202681381121,17.313167262610598],[76.91826730236342,17.326857105632207]]]}},{"type":"Feature","properties":{"type":"village","name":"Telloni","taluk":"Afzalpur","district":"Kalaburagi","village_code":"620094"},"geometry":{"type":"Polygon","coordinates":[[[76.30780228122711,17.318545567654983],[76.2779049085722,17.320181362999104],[76.27809428870546,17.311403438944005],[76.2749148535726,17.30366083612074],[76.27183497243446,17.28794437312902],[76.28560352535432,17.28877745328047],[76.30658996342866,17.285997962149818],[76.3107464619601,17.28658480220057],[76.3072205017064,17.290168597920903],[76.30843829832973,17.29487284215317],[76.30844605168895,17.300989962362042],[76.30518210395246,17.30551359268312],[76.30212284274337,17.31627201038176],[76.30297756817664,17.317533380036547],[76.30780228122711,17.318545567654983]]]}},{"type":"Feature","properties":{"type":"village","name":"Gudur","taluk":"Afzalpur","district":"Kalaburagi","village_code":"620147"},"geometry":{"type":"Polygon","coordinates":[[[76.60174624258393,17.346917303333623],[76.59450671072607,17.34552474299363],[76.58612854178767,17.345749069078035],[76.58520931911363,17.33297697314709],[76.58019197672353,17.32621264899287],[76.57926212787801,17.32031665166664],[76.5940695087621,17.316298807816917],[76.60066366397042,17.316625090954098],[76.60227885371587,17.338722032421316],[76.60174624258393,17.346917303333623]]]}},{"type":"Feature","properties":{"type":"village","name":"Bolewad","taluk":"Gulbarga","district":"Kalaburagi","village_code":"620256"},"geometry":{"type":"Polygon","coordinates":[[[77.04268326044323,17.32163392119447],[77.02332846206383,17.328138694695642],[77.02025288026265,17.3314299423314],[77.02107924767904,17.33351965363307],[77.01989573436019,17.335767255838533],[77.01991761193062,17.33885575279104],[77.01651152736,17.340829613024166],[77.01714935636458,17.341851889975324],[77.01629719921469,17.343395658578277],[77.00924847670967,17.346979703054632],[77.00456722281348,17.34588682640237],[77.00684283329458,17.337213209748384],[77.00729569379222,17.33158153977287],[77.00475122293649,17.316519065999948],[77.01208717366877,17.313052800157394],[77.01477944343986,17.30978342134459],[77.01585636985361,17.309982809199887],[77.0169913732488,17.30739923657906],[77.01956822387896,17.308272584784014],[77.0199421314463,17.304152517730955],[77.02433921228553,17.304755704235557],[77.02416897165772,17.306449805882988],[77.0274510509899,17.307833930910046],[77.02972602995534,17.310487026139285],[77.03050706478925,17.309918159349362],[77.03357240669447,17.312300520740504],[77.03744313316771,17.312523673887192],[77.03733445857792,17.313567246001934],[77.04360246964254,17.31708484902583],[77.04364785881889,17.320798527761198],[77.04268326044323,17.32163392119447]]]}},{"type":"Feature","properties":{"type":"village","name":" ","taluk":"Chitapur","district":"Kalaburagi","village_code":" "},"geometry":{"type":"Polygon","coordinates":[[[77.03103374524369,17.280163063580844],[77.03145692181108,17.289027210792014],[77.02861457230208,17.299880993067056],[77.02828318199714,17.30847587909775],[77.02416897165772,17.306449805882988],[77.02433921228553,17.304755704235557],[77.0203322940287,17.304225368805167],[77.02018428400925,17.283548485802555],[77.02070517212674,17.28204993223048],[77.03103374524369,17.280163063580844]]]}},{"type":"Feature","properties":{"type":"village","name":" ","taluk":"Gulbarga","district":"Kalaburagi","village_code":" "},"geometry":{"type":"Polygon","coordinates":[[[76.8045145973361,17.28659389337325],[76.80726241533112,17.295382092317944],[76.80588451556795,17.295255104118876],[76.80591630784416,17.298254966230893],[76.80224614283453,17.302929587615477],[76.80517619576307,17.30284482995126],[76.80576300584937,17.30569579872803],[76.79892897261244,17.306542586019205],[76.7926188027132,17.303219394138775],[76.78770706896289,17.29691034210878],[76.77454804182788,17.288713156223444],[76.77292665730025,17.286810303293343],[76.77206990257274,17.279947241140775],[76.77284474981093,17.264898677354193],[76.77509236429623,17.26489531976952],[76.77674094082754,17.268397492690177],[76.78117949778175,17.26903669184971],[76.78603968260781,17.272996610171383],[76.79640390985841,17.272278215015923],[76.8085613702488,17.27974174600634],[76.8045145973361,17.28659389337325]]]}},{"type":"Feature","properties":{"type":"village","name":"Bhantanahalli","taluk":"Chincholi","district":"Kalaburagi","village_code":"620450"},"geometry":{"type":"Polygon","coordinates":[[[77.32605703061775,17.321320132412172],[77.31436367493741,17.32246784095157],[77.3060839397946,17.325655858973164],[77.30655812539881,17.318273590596444],[77.302875708267,17.316325606963392],[77.30132596258662,17.313701283136865],[77.29859536439724,17.311584306407255],[77.2987983854481,17.31070416438145],[77.29682570305047,17.308350476275553],[77.29678329358593,17.304484671635798],[77.31426371400586,17.305022051936298],[77.32541761339179,17.307191970189358],[77.32605703061775,17.321320132412172]]]}},{"type":"Feature","properties":{"type":"village","name":" ","taluk":"Chitapur","district":"Kalaburagi","village_code":" "},"geometry":{"type":"Polygon","coordinates":[[[77.23960675285039,17.328654901710966],[77.23609329175554,17.32904085117545],[77.23271081041901,17.32676880530928],[77.23100528608856,17.321205869707217],[77.21835388164929,17.319750607595275],[77.2190840314139,17.29087511422094],[77.23462427227985,17.283824096180748],[77.23675176674027,17.283913788670816],[77.24443690609822,17.288133441271178],[77.24888855599768,17.28951411109375],[77.26147702267151,17.288933454305592],[77.26119210041959,17.29391487611063],[77.26260504436033,17.305910556650073],[77.2488883224357,17.313772595302126],[77.24242002389367,17.32190819157705],[77.23929844296003,17.324485119087985],[77.23960675285039,17.328654901710966]]]}},{"type":"Feature","properties":{"type":"village","name":" ","taluk":"Chincholi","district":"Kalaburagi","village_code":" "},"geometry":{"type":"Polygon","coordinates":[[[77.4224037568161,17.331974350162145],[77.42012711506905,17.333416798393078],[77.41569731489226,17.329320145111456],[77.41204383069913,17.327590463694023],[77.41031753821763,17.328528023107403],[77.406739414592,17.328168087045484],[77.40161042239188,17.33090847615609],[77.39775712862503,17.33136551869756],[77.39360293067907,17.32827268432563],[77.39636762622166,17.32434214715645],[77.39737984429054,17.314825159197092],[77.40408902697436,17.299846077899947],[77.40558360890978,17.29851206637104],[77.41191270721033,17.297021062215663],[77.41872368159227,17.297260108012345],[77.42500379655701,17.30025078089405],[77.42824445367312,17.303338175889326],[77.42289815361588,17.30841032905608],[77.42242335895394,17.31062143172687],[77.4263529268749,17.316388329248802],[77.4224037568161,17.331974350162145]]]}},{"type":"Feature","properties":{"type":"village","name":" ","taluk":"Gulbarga","district":"Kalaburagi","village_code":" "},"geometry":{"type":"Polygon","coordinates":[[[76.78840737489712,17.317787593147475],[76.7937599020759,17.317812495080844],[76.79460979187802,17.321092797249193],[76.79670671217772,17.32310861032253],[76.79775837886402,17.32771270361661],[76.79914108641059,17.32816051578243],[76.79919657624399,17.33046914913103],[76.78326066702128,17.329450276669917],[76.78189193636223,17.3200480200871],[76.78840737489712,17.317787593147475]]]}},{"type":"Feature","properties":{"type":"village","name":" ","taluk":"Afzalpur","district":"Kalaburagi","village_code":" "},"geometry":{"type":"Polygon","coordinates":[[[76.55493746396961,17.31517251374487],[76.55669760407268,17.32491811705792],[76.55651018136847,17.335562059753283],[76.55804592321188,17.342221878015955],[76.5578559412074,17.34717786638005],[76.55329381290102,17.344741113825343],[76.55343644021531,17.340896497749107],[76.52962424900682,17.341464527733066],[76.52561991520307,17.343635598411517],[76.52029835834202,17.337488573328294],[76.51735479115835,17.335589486359012],[76.516973800375,17.3195464655941],[76.52881808470116,17.317908170718066],[76.53826686579517,17.31892008784694],[76.54333802266068,17.3171332251818],[76.55493746396961,17.31517251374487]]]}},{"type":"Feature","properties":{"type":"village","name":"Karajagi","taluk":"Afzalpur","district":"Kalaburagi","village_code":"620096"},"geometry":{"type":"Polygon","coordinates":[[[76.2558754725541,17.269031809993418],[76.2428340223134,17.287479667705192],[76.2377767201645,17.2987314581608],[76.21688183928225,17.307652503148454],[76.1961672619556,17.314366976046003],[76.18332477238067,17.315684158727922],[76.1819304747703,17.314200147824035],[76.18056813831943,17.30777821262412],[76.17174719157414,17.29063688782973],[76.17086105295371,17.286510654960033],[76.17125101790676,17.27347297361169],[76.16728392735637,17.272504137650817],[76.16467407262266,17.26476981691642],[76.17214831809459,17.26067103006487],[76.18009492918395,17.25785127017659],[76.1799558717746,17.256649350855206],[76.18435128444234,17.254451631672218],[76.18591230397956,17.249826454160175],[76.18886406110364,17.247118141672043],[76.19698787296765,17.246026089004943],[76.2007388369455,17.246487229600575],[76.21370873906878,17.24076086574015],[76.21886004003065,17.240368204734303],[76.23640390396756,17.24164835570844],[76.2392966543539,17.245116827761134],[76.25061450975389,17.250926844619645],[76.2558754725541,17.269031809993418]]]}},{"type":"Feature","properties":{"type":"village","name":"Raikod","taluk":"Chincholi","district":"Kalaburagi","village_code":"620461"},"geometry":{"type":"Polygon","coordinates":[[[77.32444044399202,17.296229880844866],[77.32541761339179,17.307191970189358],[77.31426371400586,17.305022051936298],[77.29866879179026,17.304508698847652],[77.26260504436033,17.305910556650073],[77.26119210041959,17.29391487611063],[77.26147102372207,17.28851888911911],[77.26355318470166,17.289217028332725],[77.2631305165807,17.284920961647153],[77.27368589005236,17.287065606167097],[77.29487330640859,17.289310493047882],[77.32444044399202,17.296229880844866]]]}},{"type":"Feature","properties":{"type":"village","name":"Gulbarga (M Corp. + OG)","taluk":"Gulbarga","district":"Kalaburagi","village_code":"803207"},"geometry":{"type":"Polygon","coordinates":[[[76.84036191007138,17.292490520048023],[76.83685344540615,17.293271425005766],[76.83416707576981,17.297960386584315],[76.83249287659163,17.297729607225428],[76.83206996412892,17.29622958579822],[76.8301792772555,17.296708039368045],[76.82792243707223,17.29451633617972],[76.82617751622672,17.295103215972773],[76.82464940916489,17.293905588027453],[76.82368981440534,17.29466432998956],[76.82389619066379,17.29662964977298],[76.82145036291107,17.29768615509146],[76.82076875091789,17.296619751150157],[76.81858627237553,17.297671777683604],[76.81667282578606,17.295615584942766],[76.80669380331584,17.29420725107515],[76.8045145973361,17.28659389337325],[76.8085613702488,17.27974174600634],[76.83420907470428,17.278375509632813],[76.83979896103565,17.28530251262467],[76.84036191007138,17.292490520048023]]]}},{"type":"Feature","properties":{"type":"village","name":"Gobbur (B)","taluk":"Afzalpur","district":"Kalaburagi","village_code":"620164"},"geometry":{"type":"Polygon","coordinates":[[[76.65284745010348,17.27939375414245],[76.64664481034042,17.278847775299276],[76.64660708469174,17.27790806433223],[76.63893746373036,17.278884496633978],[76.63830764410487,17.283424976207414],[76.63597047207733,17.283678085356172],[76.63590975764224,17.2912229016919],[76.63452715609687,17.29156179313789],[76.63461199119568,17.295374855064235],[76.6338360408263,17.295980272054315],[76.62166982096355,17.28673223370756],[76.61811949480608,17.282010937605015],[76.61392990323793,17.275974836986858],[76.61557153669042,17.266794652073965],[76.60029770110346,17.250118882785387],[76.59827620335498,17.2484108426217],[76.5948676295527,17.24745252692365],[76.58845416058233,17.24937147142136],[76.5866489196621,17.248318446718024],[76.5930780013521,17.237698138883832],[76.596283563985,17.213040076701514],[76.600660149761,17.212019670091898],[76.6065736415971,17.212869739886628],[76.6099773159878,17.20936418903576],[76.61850441571879,17.209156936008103],[76.6232662188516,17.210114890876447],[76.62425801821409,17.21766429715295],[76.62701279635593,17.22279212176814],[76.63037883492952,17.22617599798853],[76.63085377781346,17.23072097800281],[76.63579012989416,17.23141207570567],[76.63868161814754,17.234371147687177],[76.648911404431,17.231673159228155],[76.64932917493705,17.22664019807794],[76.6517306429827,17.220807341344056],[76.6566338220766,17.221019037993475],[76.65967574669904,17.22306066091682],[76.67066554095054,17.224319373878696],[76.67023055513039,17.226948602790443],[76.67438337865397,17.233439872328628],[76.67529763723778,17.24167122430652],[76.68176937183578,17.25375371075693],[76.67635368860094,17.2567910997136],[76.673885508069,17.276096502187958],[76.67138562688903,17.283370807352775],[76.67157926234178,17.286709458187534],[76.66818408601364,17.28736977814981],[76.66875594274374,17.279336918145198],[76.66095900625207,17.27818630709381],[76.65284745010348,17.27939375414245]]]}},{"type":"Feature","properties":{"type":"village","name":"Arjamga","taluk":"Chitapur","district":"Kalaburagi","village_code":"620609"},"geometry":{"type":"Polygon","coordinates":[[[77.15993240618569,17.3104883297328],[77.13215920781792,17.310499219026333],[77.12769086991541,17.30461749666521],[77.12182801341699,17.300484274201356],[77.1205988001047,17.29725947503786],[77.12215913243071,17.292081741286474],[77.12017359334476,17.286540536871957],[77.12088279709188,17.28467837619721],[77.12442855621445,17.283361307730118],[77.12542135989344,17.281862486729025],[77.12572883524888,17.27795377623558],[77.12757252496156,17.274842567720505],[77.13390722515624,17.27397950541696],[77.15087868259408,17.274773095017455],[77.15609128908257,17.278598993853834],[77.16847697275911,17.276870926638587],[77.16656085008839,17.296793293032245],[77.16066473166995,17.30751326086714],[77.15993240618569,17.3104883297328]]]}},{"type":"Feature","properties":{"type":"village","name":"Sirasgi","taluk":"Gulbarga","district":"Kalaburagi","village_code":"620295"},"geometry":{"type":"Polygon","coordinates":[[[76.78189193636223,17.3200480200871],[76.76410196637684,17.32214403542719],[76.75764476831677,17.320879795377728],[76.75662038256736,17.319347635253692],[76.75788579169736,17.31169518577396],[76.75777974827304,17.308347406791757],[76.75609297627416,17.30573959974852],[76.75489693684699,17.300733106690984],[76.75709223704338,17.294969673898187],[76.75475622294425,17.285742819908933],[76.75545594856683,17.2727273261897],[76.75739631317377,17.268007341312906],[76.76446156198509,17.263751109856223],[76.77121838232839,17.263894857180247],[76.77284474981093,17.264898677354193],[76.77206990257274,17.279947241140775],[76.77292665730025,17.286810303293343],[76.77815822003781,17.29158832913974],[76.78770706896289,17.29691034210878],[76.79449008238325,17.30447613968063],[76.79627093224687,17.308285410754443],[76.79174152058316,17.30875337581622],[76.79000994600779,17.31045133340245],[76.78522610181119,17.311709660711973],[76.7858876616106,17.3150215391045],[76.78830971634763,17.31542923861411],[76.78840737489712,17.317787593147475],[76.78189193636223,17.3200480200871]]]}},{"type":"Feature","properties":{"type":"village","name":"Malaghan","taluk":"Chitapur","district":"Kalaburagi","village_code":"620623"},"geometry":{"type":"Polygon","coordinates":[[[77.12892550276382,17.327455088626085],[77.12693010915918,17.328654111056764],[77.12659910512981,17.33051628777106],[77.12882179226426,17.33801041783351],[77.12650457990404,17.340508461220047],[77.12640427761269,17.341888947721877],[77.11933435666361,17.338005458917834],[77.11257160025289,17.341456904711983],[77.09464892843879,17.337310273864652],[77.09713679465185,17.323136396394386],[77.0975281708582,17.314813416840714],[77.10660197538965,17.316561610632004],[77.12040912712067,17.3172438713653],[77.12201677461103,17.319424035856088],[77.12840039615776,17.324011436399008],[77.12892550276382,17.327455088626085]]]}},{"type":"Feature","properties":{"type":"village","name":"Ankalga","taluk":"Afzalpur","district":"Kalaburagi","village_code":"620144"},"geometry":{"type":"Polygon","coordinates":[[[76.51725253233629,17.325478531636342],[76.49898444571906,17.328381786223794],[76.48511286681588,17.332206660084278],[76.48269598008669,17.323035241042785],[76.48280932232271,17.317555088323093],[76.48146477431108,17.311342997093085],[76.48678409796034,17.313100896934536],[76.4869913339065,17.309441462268733],[76.49207085768055,17.30953668428821],[76.49077297085975,17.304788329392434],[76.48738205344438,17.304602913104333],[76.48714241706257,17.300871124203994],[76.49068858941015,17.300708754785543],[76.49090978517582,17.297356514802896],[76.52285649975974,17.29663967619138],[76.52301809230632,17.30207020600853],[76.52035621343958,17.301973924334614],[76.52089026636757,17.305678837847605],[76.51617304033411,17.305617537322426],[76.51725253233629,17.325478531636342]]]}},{"type":"Feature","properties":{"type":"village","name":"Melkunda (B)","taluk":"Gulbarga","district":"Kalaburagi","village_code":"620287"},"geometry":{"type":"Polygon","coordinates":[[[76.6819527602061,17.33108567733775],[76.65793152474279,17.337171746066133],[76.65609150195306,17.332459918185506],[76.65342435356885,17.331967834671815],[76.65245003003193,17.327608249227932],[76.65038974392779,17.327156708805305],[76.65000387619075,17.32591434776375],[76.64641524856451,17.32831368522894],[76.64149929902054,17.321867131786355],[76.64012586029109,17.32189432889266],[76.63994222308744,17.319332726121086],[76.63793830896232,17.315985119696414],[76.63553015116275,17.31580903340956],[76.63222826487689,17.31324300198888],[76.63170611013481,17.31069494918666],[76.62957081470446,17.310419391921926],[76.62953311600525,17.30698583222505],[76.63129666072325,17.302111053231894],[76.6367663030623,17.301803667061318],[76.64022764480265,17.30047071609089],[76.64659508499618,17.296512583364024],[76.64752119595182,17.29343583804148],[76.66826851237902,17.286402940911586],[76.67304868066944,17.295243350220467],[76.6819527602061,17.33108567733775]]]}},{"type":"Feature","properties":{"type":"village","name":"Sannur","taluk":"Gulbarga","district":"Kalaburagi","village_code":"620255"},"geometry":{"type":"Polygon","coordinates":[[[77.00206587558296,17.293783885704332],[76.99892056744773,17.294180934165276],[76.9901700423325,17.299912371169142],[76.98786735393381,17.295102149852866],[76.97789370877886,17.29722173071437],[76.97570149339717,17.29602558493109],[76.97305619473562,17.291725873192135],[76.9683297726486,17.290963344296937],[76.97353192364545,17.26644827078624],[76.9802959448841,17.270556177274656],[76.98202072460266,17.27709262077641],[76.98519709198882,17.280858831018243],[76.9976937265861,17.276808274943374],[77.00138179412103,17.278855324574966],[77.00351481411879,17.28888175561292],[77.00284239997579,17.288768393093832],[77.00206587558296,17.293783885704332]]]}},{"type":"Feature","properties":{"type":"village","name":" ","taluk":"Gulbarga","district":"Kalaburagi","village_code":" "},"geometry":{"type":"Polygon","coordinates":[[[76.93530684221831,17.29174478580221],[76.92071730997716,17.30507157623294],[76.91306398176006,17.2985357495745],[76.90966342632001,17.296864718108125],[76.90353927326163,17.29063548717319],[76.90708410172957,17.28440939835437],[76.90722446528933,17.28021229005962],[76.92564120871305,17.26922130672915],[76.9324515560709,17.274184691310225],[76.93530684221831,17.29174478580221]]]}},{"type":"Feature","properties":{"type":"village","name":"Kalgi","taluk":"Chitapur","district":"Kalaburagi","village_code":"620605"},"geometry":{"type":"Polygon","coordinates":[[[77.1771880411721,17.375551292686758],[77.17642568770285,17.37810975021077],[77.17297691069835,17.37805634914301],[77.17260105917674,17.380197875863214],[77.16429813492319,17.38728349818895],[77.15878956858292,17.39369633541459],[77.14959344495078,17.389852100224317],[77.14465756538395,17.38420962296344],[77.14348985073602,17.385680746693826],[77.14238821616038,17.384663021204556],[77.14074863266337,17.381482403002824],[77.13529604034844,17.360714937215764],[77.13364026292183,17.351335996214765],[77.12640427761269,17.341888947721877],[77.12650457990404,17.340508461220047],[77.12882179226426,17.33801041783351],[77.12659911590961,17.332514722583433],[77.12693010915918,17.328654111056764],[77.13217900489016,17.326882719818393],[77.14551415032986,17.327608677144084],[77.15202747602721,17.323781438396185],[77.1577430815826,17.32279847387649],[77.15948048622413,17.320777059980067],[77.16105781916691,17.316433607080953],[77.15993240618569,17.3104883297328],[77.19408700366819,17.31308128584866],[77.18433330472237,17.319651704969168],[77.17965353214805,17.32478532213507],[77.17383830791927,17.32887445818874],[77.17322407586057,17.330755687045965],[77.16816545857814,17.336278978939177],[77.16849955371038,17.34945039871557],[77.1752550265808,17.36562937059165],[77.1771880411721,17.375551292686758]]]}},{"type":"Feature","properties":{"type":"village","name":"Kallur Road","taluk":"Chincholi","district":"Kalaburagi","village_code":"620400"},"geometry":{"type":"Polygon","coordinates":[[[77.50782140858797,17.398941369984126],[77.49733335935524,17.399689559943855],[77.47162297135756,17.390359512916408],[77.45771305325637,17.39029787121001],[77.44396065923183,17.387137525061107],[77.44110702778119,17.37515608082929],[77.44258720612933,17.37350519793969],[77.44337886533808,17.369137707387303],[77.44636890237139,17.364842068628114],[77.44577683085248,17.360762798582574],[77.44399163404115,17.35783008830054],[77.45100922542998,17.353905398227504],[77.45171950715546,17.352684871810396],[77.4521774081002,17.356484188054118],[77.45195259661548,17.35890130441246],[77.45110598296925,17.359385023777406],[77.45232545584891,17.361788050156136],[77.45197853636763,17.364729277699773],[77.45289706194902,17.36738992615701],[77.45227320803535,17.371889902086732],[77.45364791338935,17.37399468287535],[77.47934029375888,17.370481952610994],[77.49939621284446,17.388592046660612],[77.50782140858797,17.398941369984126]]]}},{"type":"Feature","properties":{"type":"village","name":"Kudki","taluk":"Afzalpur","district":"Kalaburagi","village_code":"620085"},"geometry":{"type":"Polygon","coordinates":[[[76.56683517380068,17.365401166937847],[76.55229263512695,17.36638561280151],[76.53848786482979,17.368887314628576],[76.5255268120104,17.37650265407902],[76.52178421763603,17.380322769212405],[76.5160832079074,17.369856422631564],[76.5147521813374,17.361321530372372],[76.52052781860831,17.339304860887058],[76.52108343379805,17.338347379399035],[76.52561991520307,17.343635598411517],[76.52962424900682,17.341464527733066],[76.55343644021531,17.340896497749107],[76.55329381290102,17.344741113825343],[76.5569762659654,17.347145932144738],[76.57107039439538,17.346061621662873],[76.57143522269016,17.353204402619685],[76.5679284378745,17.359713565015742],[76.56683517380068,17.365401166937847]]]}},{"type":"Feature","properties":{"type":"village","name":"Badadal","taluk":"Afzalpur","district":"Kalaburagi","village_code":"620115"},"geometry":{"type":"Polygon","coordinates":[[[76.44058898366943,17.33883446290743],[76.43423715170397,17.342672612224636],[76.42508213318263,17.34487393632817],[76.41521008209642,17.35081078729556],[76.40749790165181,17.350989540085113],[76.39666555242523,17.347107725611185],[76.3851570673354,17.3237652261241],[76.38335659018112,17.31480087090568],[76.38928721558462,17.299764404737875],[76.39042500375717,17.29239194670152],[76.3920875526844,17.288277118965503],[76.39503216910033,17.286900778300573],[76.40694869594162,17.287019780731026],[76.42544264058085,17.291288002410653],[76.43701169727366,17.290750022760182],[76.4373612775648,17.2998942527495],[76.43869106984955,17.30325599825781],[76.4401625480142,17.319353487420198],[76.44087654068011,17.33675189767252],[76.44058898366943,17.33883446290743]]]}},{"type":"Feature","properties":{"type":"village","name":"Bedagpalli","taluk":"Chincholi","district":"Kalaburagi","village_code":"620444"},"geometry":{"type":"Polygon","coordinates":[[[77.38157159465287,17.369030003211464],[77.37482015970969,17.372923296093248],[77.36556558809191,17.36957135357389],[77.36663252074811,17.360176775917697],[77.3742826033521,17.357858009729842],[77.37592187603201,17.354607991103215],[77.3796057385531,17.352627494286118],[77.38875371068934,17.352542556345046],[77.39434089129507,17.349495251675922],[77.398245194997,17.350916779584548],[77.39993750870288,17.352567011129626],[77.40372013380293,17.364424116648447],[77.39635205123128,17.36552521729512],[77.39384889838702,17.364899126815644],[77.3902883547915,17.367116858053944],[77.38157159465287,17.369030003211464]]]}},{"type":"Feature","properties":{"type":"village","name":"Yalvanthi (B)","taluk":"Gulbarga","district":"Kalaburagi","village_code":"620222"},"geometry":{"type":"Polygon","coordinates":[[[76.71762931578229,17.355862127407132],[76.70943654294886,17.361020472264865],[76.69590609029169,17.36067315732412],[76.69498171038961,17.354592487211963],[76.70037202879409,17.340707331244158],[76.7043186727903,17.340592914251285],[76.70344281269331,17.327279207138872],[76.71470325406855,17.326818329748782],[76.71794011580259,17.337673237844193],[76.71904078019774,17.34683940161702],[76.71894522640095,17.353232160984813],[76.71762931578229,17.355862127407132]]]}},{"type":"Feature","properties":{"type":"village","name":"Khajikotnur","taluk":"Gulbarga","district":"Kalaburagi","village_code":"620248"},"geometry":{"type":"Polygon","coordinates":[[[77.01900438281616,17.374554444255228],[77.01915100673513,17.379346726130898],[77.01263827212924,17.380933350739294],[77.01244579190997,17.38023749776067],[77.0065737357647,17.380468951813345],[77.00302794070952,17.377733499924627],[76.9634945070885,17.378757091068398],[76.96147978084065,17.376657165146078],[76.95874216321566,17.36771754767114],[76.97683557062928,17.36590678176788],[76.98446030996244,17.363268970401315],[76.98687123457312,17.35905254819699],[76.99724756302888,17.3491525982748],[77.00234375504303,17.34697549808597],[77.00527601603054,17.34679563697854],[77.00456722281348,17.34588682640237],[77.00924847670967,17.346979703054632],[77.01003824586309,17.350783995755204],[77.00934814838372,17.357675894027693],[77.010030353265,17.363387708160012],[77.01900438281616,17.374554444255228]]]}},{"type":"Feature","properties":{"type":"village","name":"Pallapur","taluk":"Gulbarga","district":"Kalaburagi","village_code":"620259"},"geometry":{"type":"Polygon","coordinates":[[[76.79752406859349,17.359040367108587],[76.81010000376912,17.356825600799556],[76.80840359194892,17.364536935200604],[76.79257263918906,17.377475077311423],[76.79148994828614,17.37577067642396],[76.79229232888781,17.3701463472677],[76.79550770022529,17.365553078393486],[76.79752406859349,17.359040367108587]]]}},{"type":"Feature","properties":{"type":"village","name":"Kupnoor","taluk":"Chincholi","district":"Kalaburagi","village_code":"620447"},"geometry":{"type":"Polygon","coordinates":[[[77.34739396975637,17.38124712668907],[77.3451713293343,17.389744253071626],[77.33697374332763,17.388642483671745],[77.33387037124481,17.391121668303],[77.33281269213434,17.390639006607685],[77.3299220222462,17.38815003490851],[77.32551702185943,17.37934676899616],[77.32444181482113,17.37882174066917],[77.32264336426613,17.37996384441631],[77.32224725034499,17.378118663675558],[77.32376413205903,17.375190663604798],[77.32391509124757,17.371195871744586],[77.3189901917884,17.364313553782605],[77.32330966717025,17.36152177279845],[77.33388617620395,17.360187110101467],[77.3332877868336,17.3561413556526],[77.33416916887464,17.355887639799374],[77.33674261309325,17.3559897459222],[77.3465599495921,17.359901713907117],[77.34608223360885,17.371124424143357],[77.34264305689979,17.380823169907455],[77.34739396975637,17.38124712668907]]]}},{"type":"Feature","properties":{"type":"village","name":"Yakapur","taluk":"Chincholi","district":"Kalaburagi","village_code":"620445"},"geometry":{"type":"Polygon","coordinates":[[[77.3800207036205,17.38324892633199],[77.37898058837047,17.383265863753905],[77.37624809563418,17.38756538321061],[77.37094150470575,17.391983285966383],[77.36669274110983,17.390984391619405],[77.35919997866495,17.391931768031238],[77.3572610432776,17.388343005838212],[77.35920128301872,17.377205065143183],[77.36454286422577,17.374818741106257],[77.36556558809191,17.36957135357389],[77.37482015970969,17.372923296093248],[77.38157159465287,17.369030003211464],[77.3800207036205,17.38324892633199]]]}},{"type":"Feature","properties":{"type":"village","name":"Hoshalli","taluk":"Chincholi","district":"Kalaburagi","village_code":"620498"},"geometry":{"type":"Polygon","coordinates":[[[77.23915329676969,17.376771972855973],[77.23767123465439,17.38973982876952],[77.23684372458095,17.390239888244743],[77.23304292386776,17.389823937640255],[77.22911538164777,17.387441492663335],[77.22568108638396,17.378563853695688],[77.22513369616897,17.372216855401298],[77.22160926933944,17.370980882419474],[77.22073491661553,17.364274031325035],[77.22561364716063,17.36429880606048],[77.22566839498563,17.361154381293048],[77.22515010210098,17.35969086199006],[77.22245426961142,17.35943012638257],[77.22113496515763,17.35549572859298],[77.22418306120606,17.354807572933012],[77.22648902396396,17.355863298636507],[77.22890502225937,17.36292471286044],[77.23247845218762,17.36728307317129],[77.2347280717126,17.37230065082235],[77.23915329676969,17.376771972855973]]]}},{"type":"Feature","properties":{"type":"village","name":"Mannur","taluk":"Afzalpur","district":"Kalaburagi","village_code":"620088"},"geometry":{"type":"Polygon","coordinates":[[[76.17637572604127,17.30079147303118],[76.16514031981467,17.3033389280577],[76.16267921621058,17.345223538045],[76.1411133782527,17.35349388287395],[76.13306394958919,17.358322214765206],[76.12171690792559,17.367354407384397],[76.11901562625553,17.37050734122461],[76.1130510427377,17.36752512428778],[76.09980229277045,17.36465376105048],[76.0894412689122,17.35313625510384],[76.09353303574255,17.349354285069712],[76.09217964830852,17.34868743711909],[76.09072446468483,17.345156110406922],[76.08818149581225,17.342169095023007],[76.08815794378211,17.337981137676806],[76.08704293329193,17.335936842799995],[76.0817179942738,17.333915318840326],[76.07888210095676,17.331591774379326],[76.07318377269924,17.33651292639492],[76.07219877717672,17.335318155378634],[76.07307592366118,17.33028732266883],[76.06645632457077,17.31684629038827],[76.06504876603016,17.31139034818554],[76.06672000795442,17.30870141682596],[76.07002262636725,17.306278014992326],[76.08077123374474,17.301326876043287],[76.08867212507771,17.299314869776303],[76.09892227257542,17.29176402605734],[76.10001013687605,17.28886129879803],[76.09871502405286,17.283252108782186],[76.09425264737055,17.278766012189017],[76.09190380892245,17.277672470847254],[76.09027731387911,17.27530632200369],[76.08692559175623,17.26849564138985],[76.08624081859158,17.26141490674614],[76.08768262001246,17.257975304772636],[76.08979815699814,17.25598281440442],[76.10944866010783,17.253176038276813],[76.11504338835856,17.266943551726538],[76.11870951723763,17.26999106095973],[76.1242854617158,17.27043535164637],[76.13254441523281,17.26953814727225],[76.1354125769332,17.272037255614674],[76.16578611238423,17.268706610820406],[76.16728392735637,17.272504137650817],[76.17125101790676,17.27347297361169],[76.17086105295371,17.286510654960033],[76.1725754553341,17.292964876629018],[76.17637572604127,17.30079147303118]]]}},{"type":"Feature","properties":{"type":"village","name":"Keshwar","taluk":"Chincholi","district":"Kalaburagi","village_code":"621283"},"geometry":{"type":"Polygon","coordinates":[[[77.3189901917884,17.364313553782605],[77.31757826563891,17.369865279055624],[77.31551511840061,17.371997482838655],[77.29533280276128,17.367944579859547],[77.28655318121397,17.370149780091154],[77.28336969288259,17.373474508852105],[77.28275769134076,17.36357177472606],[77.28133076961423,17.361844511695654],[77.27630789989018,17.360284722796106],[77.27294166728052,17.351455417362782],[77.27109170822544,17.350083330334087],[77.26902074564416,17.349938335055047],[77.26640597083765,17.345417314765918],[77.26602892186177,17.34221784700651],[77.26789988262988,17.33759772891721],[77.2625553271009,17.315741564095045],[77.26145944982792,17.306760976792887],[77.26603307926491,17.30545170461204],[77.27253513200374,17.306064603149053],[77.29678329358593,17.304484671635798],[77.29682570305047,17.308350476275553],[77.2987983854481,17.31070416438145],[77.29859536439724,17.311584306407255],[77.30682212768437,17.31918776057849],[77.30629479505305,17.32733173972156],[77.30444356578016,17.329243860962844],[77.30391377895144,17.33200282091411],[77.30487377974949,17.3333573576509],[77.30476681465366,17.336539653991462],[77.30661640809444,17.339197906641214],[77.30612156303535,17.34278632136004],[77.30784814567268,17.344665860759836],[77.30828724218355,17.348889373942928],[77.30990822965587,17.35054033969483],[77.31042726724388,17.35317270865618],[77.31331752570362,17.35447706026321],[77.31474436119188,17.357202807169813],[77.31839197669127,17.360724794658918],[77.32330966717025,17.36152177279845],[77.3189901917884,17.364313553782605]]]}},{"type":"Feature","properties":{"type":"village","name":"Garagpalli","taluk":"Chincholi","district":"Kalaburagi","village_code":"620442"},"geometry":{"type":"Polygon","coordinates":[[[77.42435043657952,17.371851427219195],[77.41727258979468,17.370947349096337],[77.40838890470997,17.375333076362313],[77.40298151562016,17.376019391425086],[77.4014460666275,17.367789358406974],[77.40199224860844,17.3658849737448],[77.40372013380293,17.364424116648447],[77.40269710720456,17.36005700977584],[77.40723266873472,17.35922400419683],[77.41468840172529,17.35033074859635],[77.42039356706043,17.34871943367979],[77.42589883478699,17.348549952852125],[77.43122958321004,17.350567321622492],[77.43438361039338,17.353546478261347],[77.43485972288386,17.35554103622035],[77.43075660314494,17.35885864698579],[77.43038511294402,17.3641444466121],[77.42435043657952,17.371851427219195]]]}},{"type":"Feature","properties":{"type":"village","name":"Bomanhalli","taluk":"Afzalpur","district":"Kalaburagi","village_code":"620074"},"geometry":{"type":"Polygon","coordinates":[[[76.63261229286421,17.39371897936082],[76.61932429819717,17.3923815938586],[76.60847341942117,17.39573757367615],[76.60398131928278,17.382079758637417],[76.60416077033717,17.376441551245605],[76.61715118099839,17.375792094045785],[76.62844782897115,17.381624865732935],[76.63138864012353,17.385767665007386],[76.63748657674869,17.385871367865445],[76.64156118485877,17.38480040636191],[76.64026792975157,17.393171988617237],[76.63261229286421,17.39371897936082]]]}},{"type":"Feature","properties":{"type":"village","name":"Gotur","taluk":"Chitapur","district":"Kalaburagi","village_code":"620604"},"geometry":{"type":"Polygon","coordinates":[[[77.14273709666391,17.38494686228779],[77.13766717138866,17.389420926403886],[77.13426130331202,17.389103137920074],[77.11945526900253,17.39096524920511],[77.108906457724,17.39141872586056],[77.10654132204,17.39078262721449],[77.09918169710676,17.388069172586537],[77.09835567913501,17.379673082306613],[77.08771982200376,17.370992990697104],[77.08721025804874,17.36970859487584],[77.09077781479168,17.36692534884659],[77.09686787498842,17.364877274946572],[77.09873980593702,17.35572472825919],[77.10155402200796,17.354407968341153],[77.10812782318855,17.35586212140522],[77.11181721573853,17.350593855962497],[77.11127371702533,17.345733988024413],[77.11257160025289,17.341456904711983],[77.11933435666361,17.338005458917834],[77.12640427761269,17.341888947721877],[77.13364026292183,17.351335996214765],[77.14074863266337,17.381482403002824],[77.14273709666391,17.38494686228779]]]}},{"type":"Feature","properties":{"type":"village","name":"Bhopal Tegnur","taluk":"Gulbarga","district":"Kalaburagi","village_code":"620242"},"geometry":{"type":"Polygon","coordinates":[[[76.93925326792392,17.403053752143318],[76.93643472017665,17.403438614858807],[76.93177104541226,17.402197538987046],[76.9220730159629,17.403148671820976],[76.91529676865325,17.402558233989286],[76.91388448497428,17.39968969195423],[76.90986993912237,17.39586831900093],[76.89998295264625,17.389603474315198],[76.89610567026807,17.388497007125878],[76.89975604090043,17.381552763798556],[76.89956261565348,17.37759066466388],[76.8928294138156,17.373651757208837],[76.93108554461222,17.37603511297746],[76.924988889883,17.37958764937901],[76.92465680518032,17.386987898133537],[76.93916791180224,17.38754868107782],[76.93925326792392,17.403053752143318]]]}},{"type":"Feature","properties":{"type":"village","name":"Kapnoor","taluk":"Gulbarga","district":"Kalaburagi","village_code":"620262"},"geometry":{"type":"Polygon","coordinates":[[[76.87466854022917,17.37821078431281],[76.86770495465692,17.382529586396195],[76.8698875418954,17.401436701847533],[76.86314897262373,17.403799135973962],[76.8599639508681,17.39547256896081],[76.857159763589,17.39290166871346],[76.8530662441455,17.391618150134214],[76.84513297393643,17.391991993016344],[76.84246565217738,17.3885851148388],[76.83752046336922,17.38836280861955],[76.83425672494022,17.380731547818193],[76.83018232703587,17.379967111596322],[76.82974122818024,17.375245893324546],[76.83137903480959,17.37318615583422],[76.82803021783835,17.36905455096241],[76.83074968500303,17.36865464220938],[76.83336462420122,17.3726083261822],[76.83516178836874,17.37302887264617],[76.83521315044345,17.374813419679672],[76.8379843560769,17.374755257771334],[76.83877985738012,17.372898593683082],[76.84466523913429,17.37530764640884],[76.8465040968091,17.380173625375125],[76.84839101884316,17.378841156120334],[76.85396645936645,17.378887072663957],[76.85961733322077,17.377175413170338],[76.85858762315667,17.369811279725297],[76.86164108484229,17.369066108089037],[76.86174945669987,17.36690208342646],[76.86711758042863,17.36588141137878],[76.86703764384308,17.364946218026137],[76.86902303021542,17.364422248427648],[76.87466854022917,17.37821078431281]]]}},{"type":"Feature","properties":{"type":"village","name":"Hithal Sirur","taluk":"Afzalpur","district":"Kalaburagi","village_code":"620080"},"geometry":{"type":"Polygon","coordinates":[[[76.56683517380068,17.365401166937847],[76.57209147344625,17.37754206525992],[76.57792997482069,17.397191546847967],[76.56825136065957,17.395359189127923],[76.53828168709904,17.396902138239682],[76.53311815287961,17.390769103208363],[76.52710672311801,17.38708415491717],[76.52178421763603,17.380322769212405],[76.5255268120104,17.37650265407902],[76.53848786482979,17.368887314628576],[76.55229263512695,17.36638561280151],[76.56683517380068,17.365401166937847]]]}},{"type":"Feature","properties":{"type":"village","name":"Jevargi(B)","taluk":"Afzalpur","district":"Kalaburagi","village_code":"620091"},"geometry":{"type":"Polygon","coordinates":[[[76.35406577527743,17.314481720691656],[76.35434405808107,17.324404957606784],[76.34708362242654,17.34420177635524],[76.34535788779885,17.354451739737204],[76.33808968261543,17.354116068166086],[76.32926234615351,17.35081053263618],[76.31440319715621,17.348393491393455],[76.31220459385456,17.3464185138095],[76.31251639010652,17.345038027091494],[76.31476170580298,17.343585478278243],[76.31872760967887,17.33850210013256],[76.31895177886813,17.335393992812616],[76.31670803881669,17.330652741931576],[76.31276921375671,17.327680873187653],[76.31435778372536,17.324275925299258],[76.31395963242512,17.322662675924594],[76.30804199755899,17.318658723151575],[76.30247459066928,17.3172301481171],[76.30236902784364,17.314822104400676],[76.33524572332541,17.314761854062773],[76.34354796935092,17.313901225905255],[76.3449533360022,17.31500923674385],[76.35406577527743,17.314481720691656]]]}},{"type":"Feature","properties":{"type":"village","name":"Hanchinal","taluk":"Chincholi","district":"Kalaburagi","village_code":"621172"},"geometry":{"type":"Polygon","coordinates":[[[77.25997735267833,17.373115099954035],[77.2508626658183,17.374514486769925],[77.24734595461875,17.373576568309506],[77.23662132327618,17.37443430771597],[77.22890502225937,17.36292471286044],[77.22648902396396,17.355863298636507],[77.22418306120606,17.354807572933012],[77.22415212502428,17.34973859530028],[77.22832559273142,17.342684220748197],[77.23222307103381,17.338851107741302],[77.23257965099764,17.337256130317737],[77.23557595916996,17.33706930618909],[77.23609329175554,17.32904085117545],[77.23960675285039,17.328654901710966],[77.24479795877382,17.33483530980362],[77.26717940412762,17.333957963202604],[77.26795219512212,17.33856261365148],[77.26602892186177,17.34221784700651],[77.26640597083765,17.345417314765918],[77.26902074564416,17.349938335055047],[77.27109170822544,17.350083330334087],[77.27294166728052,17.351455417362782],[77.27630789989018,17.360284722796106],[77.27012496916446,17.360806240079967],[77.26582315915267,17.362208844380227],[77.25944219033097,17.362154391808225],[77.25997735267833,17.373115099954035]]]}},{"type":"Feature","properties":{"type":"village","name":"Korwar","taluk":"Chitapur","district":"Kalaburagi","village_code":"620624"},"geometry":{"type":"Polygon","coordinates":[[[77.07477724483479,17.34616412425904],[77.06291828563016,17.347307467373632],[77.06213837009712,17.34610361238966],[77.05989210218645,17.345762221697026],[77.05591780175759,17.350393563872313],[77.05062128992665,17.349505926867465],[77.0428194342605,17.351341968260066],[77.02995744136243,17.335931568265146],[77.0264614722628,17.32894075385148],[77.02595458079574,17.326875849121386],[77.04268326044323,17.32163392119447],[77.04364785881889,17.320798527761198],[77.04360246964254,17.31708484902583],[77.04595317838306,17.31677316216556],[77.0499738040328,17.313322913628514],[77.0553645590185,17.31232571157723],[77.05754199891041,17.30583155861533],[77.05451727073748,17.302378628650786],[77.0534782343641,17.29942600612571],[77.05504006328339,17.295293438084418],[77.06142284400701,17.29511396980311],[77.06285361231959,17.293981975185822],[77.07191549171564,17.30737197986576],[77.08470547655888,17.30703448376946],[77.089243910003,17.310487254268157],[77.09801494365615,17.310579580397608],[77.09424872897971,17.344323886027357],[77.0906782823565,17.343823649756718],[77.08862136493468,17.34243798235156],[77.08701336710139,17.342869142423314],[77.08535841881975,17.341687907834928],[77.08341929029464,17.34250502941102],[77.08209533795754,17.341619063194713],[77.07708240719383,17.34184495466999],[77.07485936612315,17.343116109952522],[77.07477724483479,17.34616412425904]]]}},{"type":"Feature","properties":{"type":"village","name":"Iragpalli","taluk":"Chincholi","district":"Kalaburagi","village_code":"620453"},"geometry":{"type":"Polygon","coordinates":[[[77.42589883478699,17.348549952852125],[77.42039356706043,17.34871943367979],[77.41468840172529,17.35033074859635],[77.40723266873472,17.35922400419683],[77.40212419675063,17.35980317073285],[77.39993750870288,17.352567011129626],[77.398245194997,17.350916779584548],[77.39434089129507,17.349495251675922],[77.39750320004707,17.336630203996588],[77.39570509893669,17.333075636209152],[77.39209185387841,17.330134805738123],[77.39360293067907,17.32827268432563],[77.39775712862503,17.33136551869756],[77.40161042239188,17.33090847615609],[77.40533828798885,17.32860087223711],[77.41031753821763,17.328528023107403],[77.41204383069913,17.327590463694023],[77.41569731489226,17.329320145111456],[77.42012711506905,17.333416798393078],[77.4224037568161,17.331974350162145],[77.42149350112523,17.344189072081104],[77.42239483115544,17.346087438102376],[77.42589883478699,17.348549952852125]]]}},{"type":"Feature","properties":{"type":"village","name":"Vaijapur","taluk":"Afzalpur","district":"Kalaburagi","village_code":"620087"},"geometry":{"type":"Polygon","coordinates":[[[76.64156118485877,17.38480040636191],[76.63748657674869,17.385871367865445],[76.63138864012353,17.385767665007386],[76.62844782897115,17.381624865732935],[76.61715118099839,17.375792094045785],[76.60416077033717,17.376441551245605],[76.60811447598986,17.360173319757713],[76.61069304330053,17.35425069218432],[76.61400467630723,17.358335056959657],[76.6167755360893,17.36014235578508],[76.61915567363855,17.37039791887266],[76.62381813567733,17.370009532396278],[76.62381814915204,17.36864063301986],[76.62729965088404,17.366779330336275],[76.6286452193818,17.368107566272784],[76.63089405737252,17.36707296279296],[76.63133154500072,17.36544202322083],[76.63598918578133,17.365676811421192],[76.65560217075317,17.36058797103723],[76.66066431482145,17.36083568035466],[76.66149433209281,17.37118134319918],[76.65783865331544,17.370996696997626],[76.658247473008,17.383286033146245],[76.65242010175989,17.380593275730646],[76.6504230938827,17.3831298362456],[76.64724927501702,17.380896541787852],[76.64500973908109,17.38163315234411],[76.64156118485877,17.38480040636191]]]}},{"type":"Feature","properties":{"type":"village","name":"Bhaktampalli","taluk":"Chincholi","district":"Kalaburagi","village_code":"620440"},"geometry":{"type":"Polygon","coordinates":[[[77.44110702778119,17.37515608082929],[77.43703555658804,17.37716321442599],[77.43271650970259,17.376961325046462],[77.42435043657952,17.371851427219195],[77.42992704581098,17.364965539779952],[77.43068478912619,17.36211666596625],[77.44313195170415,17.36879924287481],[77.44288658676574,17.37269259295924],[77.44110702778119,17.37515608082929]]]}},{"type":"Feature","properties":{"type":"village","name":"Ramteerth","taluk":"Chincholi","district":"Kalaburagi","village_code":"620443"},"geometry":{"type":"Polygon","coordinates":[[[77.40298151562016,17.376019391425086],[77.39935035007024,17.378220362188486],[77.39607210744265,17.384280647961827],[77.39304013974683,17.38695541018248],[77.38593547735245,17.3870235416879],[77.38225087102632,17.385635628263902],[77.3800207036205,17.38324892633199],[77.38157159465287,17.369030003211464],[77.3902883547915,17.367116858053944],[77.39384889838702,17.364899126815644],[77.39635205123128,17.36552521729512],[77.40372013380293,17.364424116648447],[77.40199224860844,17.3658849737448],[77.4014460666275,17.367789358406974],[77.40298151562016,17.376019391425086]]]}},{"type":"Feature","properties":{"type":"village","name":"Sindagi","taluk":"Gulbarga","district":"Kalaburagi","village_code":"620282"},"geometry":{"type":"Polygon","coordinates":[[[76.79752406859349,17.359040367108587],[76.79550770022529,17.365553078393486],[76.79229232888781,17.3701463472677],[76.79148994828614,17.37577067642396],[76.76288299475709,17.369589483121807],[76.76055065117423,17.36762288311145],[76.76103607739758,17.3511241123803],[76.75890878236314,17.34518192868878],[76.76673908587773,17.340799619031607],[76.7754596872125,17.34209184211723],[76.77904473415406,17.34106357697348],[76.78259362839695,17.33701732176481],[76.78326066702128,17.329450276669917],[76.79497270316796,17.33018282601033],[76.79752406859349,17.359040367108587]]]}},{"type":"Feature","properties":{"type":"village","name":"Hunsihadgil","taluk":"Gulbarga","district":"Kalaburagi","village_code":"620286"},"geometry":{"type":"Polygon","coordinates":[[[76.69559487794464,17.358798368231827],[76.66112183398215,17.366943693854658],[76.66066431482145,17.36083568035466],[76.66418805443976,17.360957049309825],[76.66349986588035,17.35452379660675],[76.66299088493196,17.350051243122465],[76.65793152474279,17.337171746066133],[76.68805764889319,17.32918644094905],[76.70344281269331,17.327279207138872],[76.7043186727903,17.340592914251285],[76.70037202879409,17.340707331244158],[76.69498171038961,17.354592487211963],[76.69559487794464,17.358798368231827]]]}},{"type":"Feature","properties":{"type":"village","name":"Penchganpalli","taluk":"Chincholi","district":"Kalaburagi","village_code":"620446"},"geometry":{"type":"Polygon","coordinates":[[[77.35920128301872,17.377205065143183],[77.34924087184454,17.379319805880478],[77.34739396975637,17.38124712668907],[77.34269589041492,17.381127869841812],[77.34608223360885,17.371124424143357],[77.3465599495921,17.359901713907117],[77.3550921553472,17.354312922212674],[77.3643112111719,17.34318162531448],[77.36401137778456,17.346431648373894],[77.36693680528766,17.355420222715182],[77.36587413873075,17.368335680819733],[77.36454286422577,17.374818741106257],[77.35920128301872,17.377205065143183]]]}},{"type":"Feature","properties":{"type":"village","name":"Arjungi","taluk":"Afzalpur","district":"Kalaburagi","village_code":"620116"},"geometry":{"type":"Polygon","coordinates":[[[76.44826436193351,17.360879164704365],[76.44787234343174,17.366182951913967],[76.44487547830394,17.365996903164284],[76.44332183034197,17.369773337692994],[76.44011770142026,17.37001185409783],[76.44045600156635,17.371376284186805],[76.43747256355714,17.373200573624494],[76.42405706830685,17.377772283903507],[76.42342690283002,17.37706273014284],[76.41156477077575,17.378855749213407],[76.41088319291856,17.377518158202946],[76.4090142515632,17.37025716724718],[76.41224623993682,17.351071506866273],[76.41595823320102,17.35052648774714],[76.42508213318263,17.34487393632817],[76.43423715170397,17.342672612224636],[76.43934676185354,17.33995455199029],[76.43939255796671,17.34370888657344],[76.44182750262975,17.349316195608864],[76.44611578580998,17.355868375392753],[76.44731073019084,17.35604035739378],[76.44826436193351,17.360879164704365]]]}},{"type":"Feature","properties":{"type":"village","name":"Kansoor","taluk":"Chitapur","district":"Kalaburagi","village_code":"620622"},"geometry":{"type":"Polygon","coordinates":[[[77.11257160025289,17.341456904711983],[77.11127371702533,17.345733988024413],[77.11181721573853,17.350593855962497],[77.10812782318855,17.35586212140522],[77.10155402200796,17.354407968341153],[77.09873980593702,17.35572472825919],[77.09415350396635,17.348093639927036],[77.09464892843879,17.337310273864652],[77.11257160025289,17.341456904711983]]]}},{"type":"Feature","properties":{"type":"village","name":"Kulali","taluk":"Afzalpur","district":"Kalaburagi","village_code":"620117"},"geometry":{"type":"Polygon","coordinates":[[[76.47295415327564,17.358977896040614],[76.46080717532628,17.358573560817458],[76.44826436193351,17.360879164704365],[76.44731073019084,17.35604035739378],[76.44611578580998,17.355868375392753],[76.44182750262975,17.349316195608864],[76.43939255796671,17.34370888657344],[76.43934676185354,17.33995455199029],[76.44110637015397,17.33881660471651],[76.45657673826045,17.343388242288565],[76.46994069626456,17.346074517878588],[76.47211881258788,17.345672730877816],[76.47295415327564,17.358977896040614]]]}},{"type":"Feature","properties":{"type":"village","name":"Nawadgi","taluk":"Chincholi","district":"Kalaburagi","village_code":"620430"},"geometry":{"type":"Polygon","coordinates":[[[77.22865489535165,17.39927328365959],[77.22342657643058,17.397390988829333],[77.21949416624005,17.397126003654478],[77.2046065846657,17.401367589928416],[77.20716538993844,17.384286326599952],[77.20686573441752,17.364523970836135],[77.21206919425975,17.364770320182693],[77.21455390558953,17.366124600358937],[77.21545676904393,17.365225159787606],[77.2208723489725,17.36620307174597],[77.22160926933944,17.370980882419474],[77.22481415194767,17.371706048782855],[77.22568108638396,17.378563853695688],[77.22911538164777,17.387441492663335],[77.23304292386776,17.389823937640255],[77.23628348037256,17.39025367803881],[77.22865489535165,17.39927328365959]]]}},{"type":"Feature","properties":{"type":"village","name":"Habballi","taluk":"Chitapur","district":"Kalaburagi","village_code":"621137"},"geometry":{"type":"Polygon","coordinates":[[[77.0513113694397,17.397468409576042],[77.04657966166556,17.40014624492653],[77.04456986537198,17.398510347887747],[77.03882197975518,17.398984768133676],[77.03835217074308,17.392126342307396],[77.03487758334381,17.387514761590108],[77.0309955605559,17.375462974656372],[77.03717129038633,17.359685146578563],[77.04390148017303,17.35355288066259],[77.0428194342605,17.351341968260066],[77.05062128992665,17.349505926867465],[77.05591780175759,17.350393563872313],[77.05989210218645,17.345762221697026],[77.06213837009712,17.34610361238966],[77.06291828563016,17.347307467373632],[77.07477724483479,17.34616412425904],[77.08747023228858,17.370511581662015],[77.0856253972239,17.371374159691417],[77.07398983555566,17.371507631623803],[77.06632509334459,17.37872701240736],[77.06322361131713,17.388422936194342],[77.05834961938514,17.393235685874817],[77.05192688608923,17.396106083902012],[77.0513113694397,17.397468409576042]]]}},{"type":"Feature","properties":{"type":"village","name":"Malgathi","taluk":"Gulbarga","district":"Kalaburagi","village_code":"620241"},"geometry":{"type":"Polygon","coordinates":[[[76.89975604090043,17.381552763798556],[76.89094939443616,17.39680114360386],[76.88438531482356,17.398025798381298],[76.88155712276343,17.392432831348227],[76.88138739507365,17.381838574622854],[76.87924182201813,17.37931766433113],[76.87466854022917,17.37821078431281],[76.86949344469205,17.36592218267523],[76.87276322159641,17.364575980043792],[76.86982305363779,17.35692269912329],[76.86869871234673,17.356285637803023],[76.86943744820883,17.35210216559561],[76.87922248308669,17.35311432209153],[76.88414370663969,17.36308505528766],[76.88697611359513,17.366794070999784],[76.89164824599797,17.370873386804917],[76.8928294138156,17.373651757208837],[76.89956261565348,17.37759066466388],[76.89975604090043,17.381552763798556]]]}},{"type":"Feature","properties":{"type":"village","name":"Kamaknoor","taluk":"Chitapur","district":"Kalaburagi","village_code":"620619"},"geometry":{"type":"Polygon","coordinates":[[[77.03882197975518,17.398984768133676],[77.03662184662257,17.39982402187499],[77.0356030331229,17.4033662077899],[77.0340413326627,17.40450094678344],[77.02323539929533,17.397660083988445],[77.01954514166776,17.398384817183995],[77.01358502637011,17.39770022072211],[77.01082245983474,17.389977455903683],[77.0101406618903,17.380311393686714],[77.01418174487402,17.380586363323758],[77.01915100673513,17.379346726130898],[77.01883662782673,17.37786471591944],[77.0309955605559,17.375462974656372],[77.03487758334381,17.387514761590108],[77.03835217074308,17.392126342307396],[77.03882197975518,17.398984768133676]]]}},{"type":"Feature","properties":{"type":"village","name":"Kalbenur","taluk":"Gulbarga","district":"Kalaburagi","village_code":"620250"},"geometry":{"type":"Polygon","coordinates":[[[77.0309955605559,17.375462974656372],[77.01930823796101,17.377755838070893],[77.01900438281616,17.374554444255228],[77.01052643081265,17.364250955048348],[77.009500149618,17.3603897561855],[77.01003824586309,17.350783995755204],[77.00924847670967,17.346979703054632],[77.01629719921469,17.343395658578277],[77.01714935636458,17.341851889975324],[77.01651152736,17.340829613024166],[77.01991761193062,17.33885575279104],[77.01989573436019,17.335767255838533],[77.02107924767904,17.33351965363307],[77.02025288026265,17.3314299423314],[77.02332846206383,17.328138694695642],[77.02595458079574,17.326875849121386],[77.02995744136243,17.335931568265146],[77.03624269828386,17.34396722989748],[77.04118466124184,17.348505319167753],[77.04390148017303,17.35355288066259],[77.03717129038633,17.359685146578563],[77.0309955605559,17.375462974656372]]]}},{"type":"Feature","properties":{"type":"village","name":"Nellur","taluk":"Afzalpur","district":"Kalaburagi","village_code":"620067"},"geometry":{"type":"Polygon","coordinates":[[[76.66418805443976,17.360957049309825],[76.65560217075317,17.36058797103723],[76.63598918578133,17.365676811421192],[76.63133154500072,17.36544202322083],[76.63089405737252,17.36707296279296],[76.6286452193818,17.368107566272784],[76.62729965088404,17.366779330336275],[76.62381814915204,17.36864063301986],[76.62381813567733,17.370009532396278],[76.61915567363855,17.37039791887266],[76.6167755360893,17.36014235578508],[76.61400467630723,17.358335056959657],[76.60662422662904,17.349578874850764],[76.60174624258393,17.346917303333623],[76.60227885371587,17.338722032421316],[76.60066366397042,17.316625090954098],[76.61162743043488,17.315700112716975],[76.62196085625098,17.313636022258684],[76.6295378366521,17.307866811955027],[76.62957081470446,17.310419391921926],[76.63170611013481,17.31069494918666],[76.63222826487689,17.31324300198888],[76.63553015116275,17.31580903340956],[76.63793830896232,17.315985119696414],[76.63994222308744,17.319332726121086],[76.64012586029109,17.32189432889266],[76.64149929902054,17.321867131786355],[76.64641524856451,17.32831368522894],[76.65000387619075,17.32591434776375],[76.65038974392779,17.327156708805305],[76.65245003003193,17.327608249227932],[76.65342435356885,17.331967834671815],[76.65609150195306,17.332459918185506],[76.66299088493196,17.350051243122465],[76.66418805443976,17.360957049309825]]]}},{"type":"Feature","properties":{"type":"village","name":"Ghanpur","taluk":"Chincholi","district":"Kalaburagi","village_code":"620454"},"geometry":{"type":"Polygon","coordinates":[[[77.45171950715546,17.352684871810396],[77.45100922542998,17.353905398227504],[77.44399163404115,17.35783008830054],[77.4381042562304,17.357611902311742],[77.43639413072908,17.356579846963935],[77.43566638216122,17.341057728928806],[77.43296744599239,17.33366125582134],[77.43449180528283,17.329749559180993],[77.44139152333335,17.32955281512777],[77.45606613232015,17.331401263968388],[77.45709895235176,17.34741502739989],[77.45490867014455,17.351789136282026],[77.45171950715546,17.352684871810396]]]}},{"type":"Feature","properties":{"type":"village","name":"Miryan","taluk":"Chincholi","district":"Kalaburagi","village_code":"620402"},"geometry":{"type":"Polygon","coordinates":[[[77.53211949583866,17.39716018881324],[77.50782140858797,17.398941369984126],[77.49939621284446,17.388592046660612],[77.48041353528332,17.37135965602306],[77.47604016008611,17.368414446190375],[77.47657408006343,17.363716564597006],[77.47447266998394,17.36151767705168],[77.47647180597002,17.36081637359847],[77.47878467407753,17.357431272253198],[77.48385952301886,17.355002449885486],[77.48824178614747,17.35873184071286],[77.50266594303642,17.35707023109897],[77.50778785112222,17.359463439747476],[77.51098689737606,17.35969121009341],[77.51151802628779,17.360586023039737],[77.51579938255882,17.36038970474185],[77.52414350983952,17.364175778580382],[77.52984235373,17.370716213085657],[77.5303624477368,17.374694701329584],[77.53222557699226,17.3750139208452],[77.532747132558,17.37620956227732],[77.53308363787019,17.38069590475299],[77.53008680418347,17.380134257225155],[77.52625592338296,17.381934954993323],[77.526442975083,17.38407648863047],[77.52501215556643,17.38490703566276],[77.52523716288387,17.386452240119542],[77.52413601699175,17.386682080644043],[77.52432802020564,17.38800370070621],[77.53211949583866,17.39716018881324]]]}},{"type":"Feature","properties":{"type":"village","name":"Kudhalli","taluk":"Chincholi","district":"Kalaburagi","village_code":"620432"},"geometry":{"type":"Polygon","coordinates":[[[77.25997735267833,17.373115099954035],[77.26344055932123,17.388783256309537],[77.26323706934983,17.394979554809503],[77.25797326158512,17.393386370669596],[77.24888760288516,17.393754281280223],[77.24341815458227,17.389009879180236],[77.23863696760226,17.383244424716988],[77.2395560366644,17.37788450611759],[77.23662132327618,17.37443430771597],[77.24734595461875,17.373576568309506],[77.2508626658183,17.374514486769925],[77.25997735267833,17.373115099954035]]]}},{"type":"Feature","properties":{"type":"village","name":"Keroli","taluk":"Chincholi","district":"Kalaburagi","village_code":"620451"},"geometry":{"type":"Polygon","coordinates":[[[77.3643112111719,17.34318162531448],[77.3550921553472,17.354312922212674],[77.3465599495921,17.359901713907117],[77.33674261309325,17.3559897459222],[77.33850572122999,17.353696450614702],[77.33891167619511,17.35092045199355],[77.32828531784969,17.3426406643429],[77.32426479101461,17.333896672969267],[77.32438164296845,17.325610774649014],[77.32641852885777,17.320480205238248],[77.32541761339179,17.307191970189358],[77.37584690084175,17.320419027137735],[77.38757532764913,17.324430567847177],[77.39360293067907,17.32827268432563],[77.39209185387841,17.330134805738123],[77.38615241240875,17.327532568939354],[77.36344846827471,17.329487359216323],[77.36505161520547,17.34064257473179],[77.3643112111719,17.34318162531448]]]}},{"type":"Feature","properties":{"type":"village","name":"Sangam","taluk":"Chincholi","district":"Kalaburagi","village_code":"621220"},"geometry":{"type":"Polygon","coordinates":[[[77.44399163404115,17.35783008830054],[77.44577683085248,17.360762798582574],[77.44636890237139,17.364842068628114],[77.44337886533808,17.369137707387303],[77.43068478912619,17.36211666596625],[77.43075660314494,17.35885864698579],[77.43423437866514,17.356430415424455],[77.43486010466785,17.354972200127275],[77.4381042562304,17.357611902311742],[77.44399163404115,17.35783008830054]]]}},{"type":"Feature","properties":{"type":"village","name":"Rajapur","taluk":"Chitapur","district":"Kalaburagi","village_code":"620607"},"geometry":{"type":"Polygon","coordinates":[[[77.20701204302785,17.365576564328972],[77.19598417637796,17.366479927337963],[77.1936612417494,17.353996917982023],[77.17213674336259,17.33205417133126],[77.17383830791927,17.32887445818874],[77.17965353214805,17.32478532213507],[77.18433330472237,17.319651704969168],[77.19591538339351,17.31154665078586],[77.196082736836,17.316429139844757],[77.20376868827096,17.321558715256312],[77.20750384728971,17.320558042674325],[77.21291865556545,17.32178212386627],[77.21764644488833,17.32012226272112],[77.23020126965478,17.32093376966505],[77.23162072188973,17.32245457432156],[77.23271081041901,17.32676880530928],[77.23609329175554,17.32904085117545],[77.23557595916996,17.33706930618909],[77.23257965099764,17.337256130317737],[77.23222307103381,17.338851107741302],[77.22936903983283,17.341152150818026],[77.22415212502428,17.34973859530028],[77.22418306120606,17.354807572933012],[77.22113496515763,17.35549572859298],[77.22245426961142,17.35943012638257],[77.22515010210098,17.35969086199006],[77.22561364716063,17.36429880606048],[77.22073491661553,17.364274031325035],[77.2208723489725,17.36620307174597],[77.21545676904393,17.365225159787606],[77.21455390558953,17.366124600358937],[77.21206919425975,17.364770320182693],[77.20686573441752,17.364523970836135],[77.20701204302785,17.365576564328972]]]}},{"type":"Feature","properties":{"type":"village","name":"Savalgi (B)","taluk":"Gulbarga","district":"Kalaburagi","village_code":"620284"},"geometry":{"type":"Polygon","coordinates":[[[76.76288299475709,17.369589483121807],[76.74895186204219,17.385578056170996],[76.71884509389119,17.38777538606073],[76.71805113140202,17.38084091684355],[76.71413004986557,17.367388616108737],[76.71694771726384,17.356960262268974],[76.71894522640095,17.353232160984813],[76.71881390797779,17.34472064779337],[76.7161680676321,17.330829522311618],[76.71066301280628,17.31709314970241],[76.74639342687534,17.321778232192692],[76.75764476831677,17.320879795377728],[76.75642976006405,17.337784770312947],[76.76103607739758,17.3511241123803],[76.76055065117423,17.36762288311145],[76.76288299475709,17.369589483121807]]]}},{"type":"Feature","properties":{"type":"village","name":"Korvi","taluk":"Chincholi","district":"Kalaburagi","village_code":"620436"},"geometry":{"type":"Polygon","coordinates":[[[77.28702615499085,17.399273292231705],[77.28223074588331,17.39903407761525],[77.28144639087614,17.400245055264364],[77.27457793329918,17.397075182375282],[77.26323706934983,17.394979554809503],[77.26344055932123,17.388783256309537],[77.25982360062756,17.372327892749272],[77.25944219033097,17.362154391808225],[77.26582315915267,17.362208844380227],[77.27012496916446,17.360806240079967],[77.27630789989018,17.360284722796106],[77.28200026243591,17.36250499715485],[77.28349589629852,17.367854720915847],[77.28319252085404,17.375251785716788],[77.28861725281872,17.385410617181197],[77.28898499434996,17.3906751483716],[77.28702693023695,17.393077933860233],[77.28772970114834,17.39817334181425],[77.28702615499085,17.399273292231705]]]}},{"type":"Feature","properties":{"type":"village","name":"Chincholi (H)","taluk":"Chitapur","district":"Kalaburagi","village_code":"620602"},"geometry":{"type":"Polygon","coordinates":[[[77.10654132204,17.39078262721449],[77.10632780327674,17.397027676819047],[77.07431466187082,17.394035414821566],[77.06963701381217,17.375866619325677],[77.07398983555566,17.371507631623803],[77.0856253972239,17.371374159691417],[77.08747023228858,17.370511581662015],[77.09835567913501,17.379673082306613],[77.09918169710676,17.388069172586537],[77.10654132204,17.39078262721449]]]}},{"type":"Feature","properties":{"type":"village","name":"Hatkunda","taluk":"Gulbarga","district":"Kalaburagi","village_code":"620276"},"geometry":{"type":"Polygon","coordinates":[[[76.71884509389119,17.38777538606073],[76.70827225178047,17.387427544920047],[76.69850511763127,17.389794058824332],[76.69637296810106,17.388100627336225],[76.68233090782157,17.382963699808972],[76.66758345893996,17.37596006565748],[76.65786771740817,17.375767504331822],[76.65783865331544,17.370996696997626],[76.66149433209281,17.37118134319918],[76.66112183398215,17.366943693854658],[76.68048964086519,17.361920222414735],[76.69559487794464,17.358798368231827],[76.69590609029169,17.36067315732412],[76.69693658458502,17.36118331565145],[76.70943654294886,17.361020472264865],[76.71762931578229,17.355862127407132],[76.71413004986557,17.367388616108737],[76.71805113140202,17.38084091684355],[76.71884509389119,17.38777538606073]]]}},{"type":"Feature","properties":{"type":"village","name":"Mashal","taluk":"Afzalpur","district":"Kalaburagi","village_code":"620090"},"geometry":{"type":"Polygon","coordinates":[[[76.27641995118675,17.334577932048074],[76.27206896919293,17.360595293175454],[76.27010061667498,17.360513804790987],[76.26708108525597,17.3634785166992],[76.26510264555569,17.361709667761453],[76.25078768517774,17.360436172928395],[76.24911388485157,17.366592005575484],[76.25048822728618,17.3696840566434],[76.24946596156086,17.370645103091693],[76.24464203902785,17.371542526303436],[76.24418550891227,17.378788675157452],[76.23594268015458,17.377923971627617],[76.23163981911392,17.37594581440484],[76.22859107987175,17.375846773183518],[76.22950540043928,17.36520865109754],[76.22266555240752,17.364720331003163],[76.21241838102836,17.361990535853447],[76.20548837537974,17.36208876576298],[76.19645298101318,17.363669918050093],[76.18048519417431,17.358390640724277],[76.17037607139643,17.352627568882554],[76.17324547456853,17.334208817841457],[76.17931718038737,17.31857822895605],[76.18330896831986,17.31943846730611],[76.18332477238067,17.315684158727922],[76.1961672619556,17.314366976046003],[76.21688183928225,17.307652503148454],[76.2377767201645,17.2987314581608],[76.2428340223134,17.287479667705192],[76.2558754725541,17.269031809993418],[76.26701612538281,17.26436923078964],[76.26812139903366,17.267903462077406],[76.26873784633783,17.2788373155933],[76.27098358873405,17.284306537938075],[76.2749148535726,17.30366083612074],[76.27843038887741,17.31350916587169],[76.27735199371818,17.322385435182238],[76.27318572690638,17.332925255968373],[76.27641995118675,17.334577932048074]]]}},{"type":"Feature","properties":{"type":"village","name":"Srinivas Saradgi","taluk":"Gulbarga","district":"Kalaburagi","village_code":"620251"},"geometry":{"type":"Polygon","coordinates":[[[76.94260265263046,17.374391735352113],[76.9360486494204,17.37416786698585],[76.93190414968622,17.375854179586717],[76.9272774432907,17.352841622848672],[76.91826730236342,17.326857105632207],[76.92202681381121,17.313167262610598],[76.92197862458613,17.30855907584145],[76.92071730997716,17.30507157623294],[76.93530684221831,17.29174478580221],[76.97213415314819,17.29116157919537],[76.97641675628087,17.29679778561853],[76.97789370877886,17.29722173071437],[76.98786735393381,17.295102149852866],[76.9901700423325,17.299912371169142],[76.99892056744773,17.294180934165276],[77.00206587558296,17.293783885704332],[77.00093011939957,17.300174743696804],[76.9888071282649,17.30147630440163],[76.98726406694855,17.308502391218873],[76.98736090264124,17.313087940084955],[76.9886296948266,17.318964942264504],[76.9976746832004,17.31923079942004],[77.00475122293649,17.316519065999948],[77.00729569379222,17.33158153977287],[77.00684283329458,17.337213209748384],[77.00456722281348,17.34588682640237],[77.00527601603054,17.34679563697854],[77.00234375504303,17.34697549808597],[76.99724756302888,17.3491525982748],[76.98687123457312,17.35905254819699],[76.98446030996244,17.363268970401315],[76.97683557062928,17.36590678176788],[76.95729319144218,17.367912396320943],[76.95375976529013,17.36751620516322],[76.94897207899905,17.371850552731857],[76.94260265263046,17.374391735352113]]]}},{"type":"Feature","properties":{"type":"village","name":"Bharatnoor","taluk":"Chitapur","district":"Kalaburagi","village_code":"620606"},"geometry":{"type":"Polygon","coordinates":[[[77.19598417637796,17.366479927337963],[77.1947672538154,17.36953865676764],[77.1950179798994,17.373179929015127],[77.18381586074568,17.373752636879093],[77.1771880411721,17.375551292686758],[77.1752550265808,17.36562937059165],[77.16849955371038,17.34945039871557],[77.16816545857814,17.336278978939177],[77.17213674336259,17.33205417133126],[77.1936612417494,17.353996917982023],[77.19598417637796,17.366479927337963]]]}},{"type":"Feature","properties":{"type":"village","name":"Hagargi","taluk":"Gulbarga","district":"Kalaburagi","village_code":"620264"},"geometry":{"type":"Polygon","coordinates":[[[76.93190414968622,17.375854179586717],[76.8928294138156,17.373651757208837],[76.89164824599797,17.370873386804917],[76.88414370663969,17.36308505528766],[76.8796129681643,17.35415341838843],[76.87922248308669,17.35311432209153],[76.88197451777368,17.352662498882374],[76.88106169829096,17.346744166354846],[76.8816355268231,17.344214171939374],[76.8950327144079,17.342465058936153],[76.89659875193429,17.338755779153015],[76.89984894107387,17.336690797023167],[76.90428374486683,17.33018006131625],[76.9041942070875,17.32910934636924],[76.91165868338072,17.327197173989447],[76.91826730236342,17.326857105632207],[76.9272774432907,17.352841622848672],[76.93190414968622,17.375854179586717]]]}},{"type":"Feature","properties":{"type":"village","name":"Gulbarga (M Corp. + OG)","taluk":"Gulbarga","district":"Kalaburagi","village_code":"803207"},"geometry":{"type":"Polygon","coordinates":[[[76.86946533910177,17.365832567947013],[76.86902303021542,17.364422248427648],[76.86703764384308,17.364946218026137],[76.86711758042863,17.36588141137878],[76.86174945669987,17.36690208342646],[76.86164108484229,17.369066108089037],[76.85858762315667,17.369811279725297],[76.85961733322077,17.377175413170338],[76.85396645936645,17.378887072663957],[76.84839101884316,17.378841156120334],[76.8465040968091,17.380173625375125],[76.84466523913429,17.37530764640884],[76.83877985738012,17.372898593683082],[76.8379843560769,17.374755257771334],[76.83521315044345,17.374813419679672],[76.83516178836874,17.37302887264617],[76.83336462420122,17.3726083261822],[76.83074968500303,17.36865464220938],[76.82803021783835,17.36905455096241],[76.82537230593191,17.368075026959154],[76.82376288157391,17.369506747004227],[76.82099714129068,17.367247074255182],[76.8189318057563,17.36712449715547],[76.81448698035805,17.363707671865782],[76.81384460497983,17.35726054165913],[76.81167636473477,17.35575992175299],[76.81029898060457,17.352899682819636],[76.80815338239621,17.35402840259165],[76.8067247403959,17.35003414657502],[76.8052473279605,17.350738398852734],[76.8045565226087,17.34884969724895],[76.80593990389175,17.347969222787956],[76.8062466336455,17.345430314780117],[76.80389010741519,17.34476082271148],[76.80423051770389,17.340328960777303],[76.7984729509433,17.339920160646642],[76.79940422900843,17.328802151133964],[76.79775837886402,17.32771270361661],[76.79670671217772,17.32310861032253],[76.79460979187802,17.321092797249193],[76.7937599020759,17.317812495080844],[76.78840737489712,17.317787593147475],[76.78830971634763,17.31542923861411],[76.7858876616106,17.3150215391045],[76.78522610181119,17.311709660711973],[76.79000994600779,17.31045133340245],[76.79174152058316,17.30875337581622],[76.79609207228391,17.30860610432213],[76.79449008238325,17.30447613968063],[76.79892897261244,17.306542586019205],[76.80576300584937,17.30569579872803],[76.80517619576307,17.30284482995126],[76.80224614283453,17.302929587615477],[76.80591630784416,17.298254966230893],[76.80588451556795,17.295255104118876],[76.80726241533112,17.295382092317944],[76.80669380331584,17.29420725107515],[76.81667282578606,17.295615584942766],[76.81858627237553,17.297671777683604],[76.82076875091789,17.296619751150157],[76.82145036291107,17.29768615509146],[76.82389619066379,17.29662964977298],[76.82368981440534,17.29466432998956],[76.82464940916489,17.293905588027453],[76.82617751622672,17.295103215972773],[76.82792243707223,17.29451633617972],[76.8301792772555,17.296708039368045],[76.83206996412892,17.29622958579822],[76.83249287659163,17.297729607225428],[76.83842286508956,17.29988586810176],[76.84064755906036,17.298973686304723],[76.84304114079615,17.30031139706818],[76.84342653512104,17.301770726610815],[76.8446493775813,17.30147727185265],[76.8451852801405,17.30296824760894],[76.84781908485796,17.302444588233296],[76.84859002442468,17.304938551698317],[76.85301103907804,17.30437441400948],[76.85300135074772,17.306683030596304],[76.855315258206,17.30719833561323],[76.85554082427552,17.30892417811438],[76.85966530774853,17.311852152771316],[76.86143852013564,17.31101650389473],[76.86143369977582,17.31254353374169],[76.8629057995746,17.313144520379794],[76.86371459504575,17.3159591926813],[76.87295673308165,17.320816301089092],[76.87195949442014,17.325433503867416],[76.87312128108549,17.326531368061943],[76.87602345210422,17.326287449975453],[76.87636682683338,17.3275027502865],[76.87641860572637,17.33608663318079],[76.87452291972836,17.336782357951595],[76.87525673192441,17.33902772930714],[76.86715154393288,17.34328778064479],[76.86709500666383,17.345180747959073],[76.86602244965563,17.345365919212306],[76.86943744820883,17.35210216559561],[76.86869871234673,17.356285637803023],[76.86982305363779,17.35692269912329],[76.87276322159641,17.364575980043792],[76.86946533910177,17.365832567947013]]]}},{"type":"Feature","properties":{"type":"village","name":"Pardarmotakpalli","taluk":"Chincholi","district":"Kalaburagi","village_code":"620439"},"geometry":{"type":"Polygon","coordinates":[[[77.4156143653572,17.39577782227148],[77.4072402738719,17.397505817819404],[77.40096315299202,17.392597755617352],[77.39676721302972,17.392564348840157],[77.38950350930418,17.390584427901462],[77.38898539069271,17.38726037166129],[77.39304013974683,17.38695541018248],[77.39473245435103,17.385871929380478],[77.39839853561938,17.379269952697165],[77.40298151562016,17.376019391425086],[77.40838890470997,17.375333076362313],[77.41727258979468,17.370947349096337],[77.42333673718875,17.371504653217112],[77.42435043657952,17.371851427219195],[77.4224476493992,17.37591440471889],[77.41703657991165,17.379673396937147],[77.41741637324074,17.383075697660097],[77.42036125286303,17.386460536799373],[77.42098772626406,17.389007951202068],[77.4156143653572,17.39577782227148]]]}},{"type":"Feature","properties":{"type":"village","name":"Kordampalli","taluk":"Chincholi","district":"Kalaburagi","village_code":"620452"},"geometry":{"type":"Polygon","coordinates":[[[77.39434089129507,17.349495251675922],[77.38875371068934,17.352542556345046],[77.37847767015191,17.352949119609093],[77.37592187603201,17.354607991103215],[77.3742826033521,17.357858009729842],[77.36663252074811,17.360176775917697],[77.36693680528766,17.355420222715182],[77.3639056802116,17.34555142125956],[77.36505161520547,17.34064257473179],[77.36344846827471,17.329487359216323],[77.38358815615885,17.32759190780399],[77.38968605325812,17.328522636021574],[77.39484141819835,17.33221241837073],[77.3973092007766,17.335546874103663],[77.39434089129507,17.349495251675922]]]}},{"type":"Feature","properties":{"type":"village","name":"Bennur (K)","taluk":"Chitapur","district":"Kalaburagi","village_code":"620621"},"geometry":{"type":"Polygon","coordinates":[[[77.09873980593702,17.35572472825919],[77.09686787498842,17.364877274946572],[77.09077781479168,17.36692534884659],[77.08721025804874,17.36970859487584],[77.07477724483479,17.34616412425904],[77.07485936612315,17.343116109952522],[77.07708240719383,17.34184495466999],[77.08209533795754,17.341619063194713],[77.08341929029464,17.34250502941102],[77.08535841881975,17.341687907834928],[77.08701336710139,17.342869142423314],[77.08862136493468,17.34243798235156],[77.0906782823565,17.343823649756718],[77.09424872897971,17.344323886027357],[77.09415350396635,17.348093639927036],[77.09873980593702,17.35572472825919]]]}},{"type":"Feature","properties":{"type":"village","name":"Burugpalli","taluk":"Chincholi","district":"Kalaburagi","village_code":"620455"},"geometry":{"type":"Polygon","coordinates":[[[77.43412951472877,17.330072337689206],[77.43296744599239,17.33366125582134],[77.43566638216122,17.341057728928806],[77.43602377869364,17.35598750121033],[77.43260618580592,17.351408085176434],[77.42342106204445,17.34707253817391],[77.42149350112523,17.344189072081104],[77.42229316971304,17.339911110698132],[77.4216914996953,17.335441198788985],[77.42563153837924,17.32054089363997],[77.43412951472877,17.330072337689206]]]}},{"type":"Feature","properties":{"type":"village","name":"Benkanhalli","taluk":"Chincholi","district":"Kalaburagi","village_code":"620449"},"geometry":{"type":"Polygon","coordinates":[[[77.33674261309325,17.3559897459222],[77.3332877868336,17.3561413556526],[77.33388617620395,17.360187110101467],[77.31973140879734,17.361436133347063],[77.31474436119188,17.357202807169813],[77.31331752570362,17.35447706026321],[77.31042726724388,17.35317270865618],[77.30990822965587,17.35054033969483],[77.30807597370008,17.348229136107076],[77.30784814567268,17.344665860759836],[77.30612156303535,17.34278632136004],[77.30661640809444,17.339197906641214],[77.30476681465366,17.336539653991462],[77.30487377974949,17.3333573576509],[77.30391377895144,17.33200282091411],[77.30444356578016,17.329243860962844],[77.30629479505305,17.32733173972156],[77.3060839397946,17.325655858973164],[77.31436367493741,17.32246784095157],[77.32605703061775,17.321320132412172],[77.32438164296845,17.325610774649014],[77.32426479101461,17.333896672969267],[77.32828531784969,17.3426406643429],[77.33891167619511,17.35092045199355],[77.33850572122999,17.353696450614702],[77.33674261309325,17.3559897459222]]]}},{"type":"Feature","properties":{"type":"village","name":"Azadpur","taluk":"Gulbarga","district":"Kalaburagi","village_code":"620265"},"geometry":{"type":"Polygon","coordinates":[[[76.89771935084389,17.31978942870742],[76.90428374486683,17.33018006131625],[76.89984894107387,17.336690797023167],[76.89659875193429,17.338755779153015],[76.8950327144079,17.342465058936153],[76.8816355268231,17.344214171939374],[76.88106169829096,17.346744166354846],[76.88197451777368,17.352662498882374],[76.86943744820883,17.35210216559561],[76.86793213140575,17.350421468427868],[76.86602244965563,17.345365919212306],[76.86709500666383,17.345180747959073],[76.86715154393288,17.34328778064479],[76.87525673192441,17.33902772930714],[76.87452291972836,17.336782357951595],[76.87641860572637,17.33608663318079],[76.87636682683338,17.3275027502865],[76.88580222662291,17.323233233836355],[76.89771935084389,17.31978942870742]]]}},{"type":"Feature","properties":{"type":"village","name":" ","taluk":"Afzalpur","district":"Kalaburagi","village_code":" "},"geometry":{"type":"Polygon","coordinates":[[[76.52108343379805,17.338347379399035],[76.5147521813374,17.361321530372372],[76.5160832079074,17.369856422631564],[76.5215961562296,17.38007419036739],[76.50263171357042,17.37061196923049],[76.4989841546649,17.362012679578196],[76.4947954200895,17.35875634783077],[76.49017270041722,17.357610773106515],[76.47396534636677,17.36061348963083],[76.47295415327564,17.358977896040614],[76.4720811516179,17.345365512774148],[76.47404444212926,17.334102855345783],[76.48511286681588,17.332206660084278],[76.49898444571906,17.328381786223794],[76.51725253233629,17.325478531636342],[76.51735479115835,17.335589486359012],[76.52108343379805,17.338347379399035]]]}},{"type":"Feature","properties":{"type":"village","name":"Zhapur","taluk":"Gulbarga","district":"Kalaburagi","village_code":"620253"},"geometry":{"type":"Polygon","coordinates":[[[76.82099714129068,17.367247074255182],[76.81907566555918,17.373607602027555],[76.81666084226018,17.377415393658048],[76.8146423538679,17.377572891693255],[76.81162257361554,17.375209101233416],[76.80811756027762,17.374787755603776],[76.80653651010623,17.3753203013733],[76.80337297874715,17.379963457772867],[76.79584826322763,17.38307780487396],[76.79257263918906,17.377475077311423],[76.80840359194892,17.364536935200604],[76.81010000376912,17.356825600799556],[76.79752406859349,17.359040367108587],[76.79497270316796,17.33018282601033],[76.79919657624399,17.33046914913103],[76.7984729509433,17.339920160646642],[76.80423051770389,17.340328960777303],[76.80389010741519,17.34476082271148],[76.8062466336455,17.345430314780117],[76.80593990389175,17.347969222787956],[76.8045565226087,17.34884969724895],[76.8052473279605,17.350738398852734],[76.8067247403959,17.35003414657502],[76.80815338239621,17.35402840259165],[76.81029898060457,17.352899682819636],[76.81167636473477,17.35575992175299],[76.81384460497983,17.35726054165913],[76.81448698035805,17.363707671865782],[76.8189318057563,17.36712449715547],[76.82099714129068,17.367247074255182]]]}},{"type":"Feature","properties":{"type":"village","name":" ","taluk":"Gulbarga","district":"Kalaburagi","village_code":" "},"geometry":{"type":"Polygon","coordinates":[[[76.93916791180224,17.38754868107782],[76.92465680518032,17.386987898133537],[76.924988889883,17.37958764937901],[76.9360486494204,17.37416786698585],[76.94260265263046,17.374391735352113],[76.94117806293038,17.377188717850924],[76.9389249300943,17.378784208582417],[76.93916791180224,17.38754868107782]]]}},{"type":"Feature","properties":{"type":"village","name":"Venkatbennur","taluk":"Gulbarga","district":"Kalaburagi","village_code":"620246"},"geometry":{"type":"Polygon","coordinates":[[[76.9555226389666,17.407624593015328],[76.94030059484906,17.410652359822937],[76.93925326792392,17.403053752143318],[76.9389249300943,17.378784208582417],[76.94117806293038,17.377188717850924],[76.94260265263046,17.374391735352113],[76.94897207899905,17.371850552731857],[76.95375976529013,17.36751620516322],[76.95874216321566,17.36771754767114],[76.96147978084065,17.376657165146078],[76.96470468959151,17.380812169052327],[76.96775233109241,17.387727577188713],[76.97015425099066,17.401248252762496],[76.96875457157343,17.406354006327927],[76.9555226389666,17.407624593015328]]]}},{"type":"Feature","properties":{"type":"village","name":"Somlingadhalli","taluk":"Chincholi","district":"Kalaburagi","village_code":"620398"},"geometry":{"type":"Polygon","coordinates":[[[77.53211949583866,17.39716018881324],[77.5372752722073,17.402255166709864],[77.5375267259267,17.407077397007324],[77.53544624389833,17.408192343185895],[77.529874621215,17.40818065566914],[77.51421489992471,17.41418555187455],[77.51316685794065,17.430354585854644],[77.50179781923069,17.42232892605144],[77.49424488313649,17.422170671172736],[77.4845450238189,17.41912922281363],[77.4735433753989,17.42109837438281],[77.4652561060858,17.421322243583514],[77.44989525518886,17.41457446427627],[77.45253872128725,17.411357324360747],[77.45359499633093,17.40751445140547],[77.44702843557151,17.387779716111055],[77.45771305325637,17.39029787121001],[77.47162297135756,17.390359512916408],[77.49885551418,17.399963526666934],[77.53211949583866,17.39716018881324]]]}},{"type":"Feature","properties":{"type":"village","name":"Chikkalingadhalli","taluk":"Chincholi","district":"Kalaburagi","village_code":"620397"},"geometry":{"type":"Polygon","coordinates":[[[77.51521579023786,17.44596589270839],[77.50047842764027,17.460065106773623],[77.49635779165163,17.45772907136648],[77.49420606244148,17.45756107296262],[77.45426972902567,17.459654043769103],[77.45179998542515,17.458106150073124],[77.45208566944842,17.455939374164643],[77.45580031813262,17.45102485289776],[77.46161019558885,17.44878810525903],[77.4648518076141,17.442015860026743],[77.46321114703709,17.440696255590954],[77.46098909321489,17.44049407387401],[77.44674062074436,17.44119354540352],[77.44426700360835,17.44024223707044],[77.44861981367374,17.43289435026029],[77.45004588020414,17.427290947749807],[77.45053715356165,17.42127316125049],[77.44962639122096,17.414638039219245],[77.4652561060858,17.421322243583514],[77.4735433753989,17.42109837438281],[77.4845450238189,17.41912922281363],[77.49424488313649,17.422170671172736],[77.50179781923069,17.42232892605144],[77.51326754381262,17.43103135580891],[77.53263860080035,17.442381609006997],[77.5359799123474,17.44341446306735],[77.53633985201037,17.445853385790926],[77.53534461120206,17.44903221659637],[77.53293471156913,17.4516171624115],[77.52309304330248,17.448127556171443],[77.51521579023786,17.44596589270839]]]}},{"type":"Feature","properties":{"type":"village","name":"Jawali.D","taluk":"Afzalpur","district":"Kalaburagi","village_code":"620079"},"geometry":{"type":"Polygon","coordinates":[[[76.54172981372326,17.419700446263864],[76.54131308526294,17.42535653825203],[76.53658374185463,17.434249949731964],[76.53135147124463,17.440911215202306],[76.52827676979244,17.44333575058054],[76.52519652663324,17.43854082718137],[76.52279716603522,17.436795714017904],[76.5132399726595,17.434002981774288],[76.50570328529217,17.42939037522448],[76.49661154859099,17.430560225068376],[76.48777433066095,17.419984946926544],[76.48794239377253,17.415199833634066],[76.4989839318827,17.388165329358685],[76.50201389004724,17.38686212034346],[76.50590926988511,17.387700327266256],[76.51073289327913,17.38650147496801],[76.5145779908173,17.384945049142228],[76.5215961562296,17.38007419036739],[76.52710672311801,17.38708415491717],[76.53286417758922,17.390547609747014],[76.53801834507519,17.396554149009773],[76.53400581234781,17.403527786006254],[76.53247852814279,17.4087677058121],[76.53669178582713,17.415225596610377],[76.54172981372326,17.419700446263864]]]}},{"type":"Feature","properties":{"type":"village","name":"Chalgera","taluk":"Afzalpur","district":"Kalaburagi","village_code":"620039"},"geometry":{"type":"Polygon","coordinates":[[[76.3948705091801,17.4377142580117],[76.39272362278764,17.438851556907117],[76.38434527867777,17.440007817155447],[76.37225998085246,17.438233809576893],[76.37006303584077,17.416926490147272],[76.37658601483417,17.416271134785596],[76.39985643209481,17.417382298069526],[76.3948705091801,17.4377142580117]]]}},{"type":"Feature","properties":{"type":"village","name":"Harsoor","taluk":"Gulbarga","district":"Kalaburagi","village_code":"620245"},"geometry":{"type":"Polygon","coordinates":[[[76.97896826633519,17.45218650680411],[76.9654830932599,17.452355555657835],[76.96274406527995,17.453169945338477],[76.95963251223982,17.452561350883673],[76.95809245129652,17.45055608762608],[76.95602683638612,17.441408411871173],[76.94205313879809,17.44210916026828],[76.93891297082295,17.439670549129588],[76.93777251555231,17.435351894931827],[76.93771638522007,17.422471699794773],[76.94159932159465,17.410426057782324],[76.9555226389666,17.407624593015328],[76.96875457157343,17.406354006327927],[76.97015425099066,17.401248252762496],[76.99177393576328,17.404738349011723],[77.00034645880663,17.40487022109965],[77.00285513988314,17.4181450701995],[77.00581501418414,17.425696118590672],[77.00592204665361,17.434776923749908],[77.00047904205773,17.438225107301978],[76.99844051494642,17.44489751082989],[76.99097166475607,17.44600423885094],[76.98514203873664,17.44938676709769],[76.97975740127801,17.449330870777228],[76.97896826633519,17.45218650680411]]]}},{"type":"Feature","properties":{"type":"village","name":"Hodebeeranhalli","taluk":"Chincholi","district":"Kalaburagi","village_code":"620437"},"geometry":{"type":"Polygon","coordinates":[[[77.32302229072096,17.380285565779694],[77.31628445537288,17.39157407729673],[77.31326897176251,17.393858303646944],[77.31275697067811,17.395990967719037],[77.30995340233825,17.396971815899366],[77.30949405241095,17.39964616024717],[77.30672460118726,17.40348767112455],[77.30330346444573,17.4053145642665],[77.30080861383135,17.410823422050086],[77.2998714877337,17.395817093617715],[77.298302711244,17.39505475291772],[77.29302980713872,17.398328002596937],[77.28702615499085,17.399273292231705],[77.28772970114834,17.39817334181425],[77.28702693023695,17.393077933860233],[77.28898499434996,17.3906751483716],[77.28861725281872,17.385410617181197],[77.28319252085404,17.375251785716788],[77.28336969288259,17.373474508852105],[77.28655318121397,17.370149780091154],[77.29533280276128,17.367944579859547],[77.31551511840061,17.371997482838655],[77.31757826563891,17.369865279055624],[77.3189901917884,17.364313553782605],[77.32391509124757,17.371195871744586],[77.32376413205903,17.375190663604798],[77.32224725034499,17.378118663675558],[77.32302229072096,17.380285565779694]]]}},{"type":"Feature","properties":{"type":"village","name":"Hulgera","taluk":"Chitapur","district":"Kalaburagi","village_code":"620600"},"geometry":{"type":"Polygon","coordinates":[[[77.10356852996523,17.423158375340595],[77.09555337202977,17.424239890087758],[77.0900567829272,17.42306882207983],[77.08901092295092,17.428575808212567],[77.0891642186575,17.438727304332176],[77.08222629076641,17.44098169795118],[77.06578405960852,17.43227931934138],[77.06399747669674,17.420962621013565],[77.06509001403349,17.407678028309967],[77.07062393442433,17.397259120775775],[77.07431466187082,17.394035414821566],[77.10632780327674,17.397027676819047],[77.10356852996523,17.423158375340595]]]}},{"type":"Feature","properties":{"type":"village","name":"Seri","taluk":"Chincholi","district":"Kalaburagi","village_code":"620424"},"geometry":{"type":"Polygon","coordinates":[[[77.21065983998692,17.445329412409702],[77.20828106069035,17.442991341272158],[77.2033612555772,17.445809217202115],[77.19051364111358,17.443633605081455],[77.18599421691917,17.441795534248335],[77.18574187117271,17.43375742332999],[77.1869939142696,17.4283749586722],[77.1900920249198,17.425739736656432],[77.19248105938362,17.42501227842019],[77.19929428224869,17.425509546698777],[77.2006060749901,17.422727184951803],[77.20462628202492,17.419659920945726],[77.20779935079737,17.426834797731697],[77.20709085492267,17.42953748364774],[77.20855900123591,17.432670768652788],[77.21083051539931,17.43355549275168],[77.21544314699096,17.43239534170793],[77.22074441629962,17.43632163195253],[77.22606012333158,17.442233941028686],[77.21065983998692,17.445329412409702]]]}},{"type":"Feature","properties":{"type":"village","name":"Madiyal","taluk":"Afzalpur","district":"Kalaburagi","village_code":"620081"},"geometry":{"type":"Polygon","coordinates":[[[76.49661154859099,17.430560225068376],[76.48746680230491,17.434639159639296],[76.47379079113068,17.428687669267973],[76.47330277506437,17.387218790711024],[76.47803270776753,17.377411237397332],[76.47964859999551,17.35955255686996],[76.49017270041722,17.357610773106515],[76.4947954200895,17.35875634783077],[76.4989841546649,17.362012679578196],[76.50263171357042,17.37061196923049],[76.5215961562296,17.38007419036739],[76.5145779908173,17.384945049142228],[76.51073289327913,17.38650147496801],[76.50590926988511,17.387700327266256],[76.50201389004724,17.38686212034346],[76.4989839318827,17.388165329358685],[76.48794239377253,17.415199833634066],[76.48777433066095,17.419984946926544],[76.49661154859099,17.430560225068376]]]}},{"type":"Feature","properties":{"type":"village","name":"Bhimnal","taluk":"Gulbarga","district":"Kalaburagi","village_code":"620193"},"geometry":{"type":"Polygon","coordinates":[[[76.78150835124433,17.4265145381917],[76.77410060625623,17.43526177172107],[76.76875676039636,17.438719542239355],[76.75796112621371,17.451543826647345],[76.74726462561428,17.451501818993773],[76.73357140182087,17.449946426079837],[76.7384525137998,17.434840843903302],[76.73100703597652,17.435061699165338],[76.72580767604529,17.43739550194724],[76.72191551576934,17.43764134174337],[76.72015949713678,17.431350434962855],[76.7167736309483,17.42812669800535],[76.71968202729194,17.42338877910922],[76.72797268774521,17.42053857375621],[76.73363381317358,17.42003868888123],[76.74942084640085,17.406500751863778],[76.75229378534193,17.402852201638368],[76.7684343550409,17.410492243362352],[76.77798642981615,17.41191131420268],[76.78150835124433,17.4265145381917]]]}},{"type":"Feature","properties":{"type":"village","name":"Jamga (B)","taluk":"Gulbarga","district":"Kalaburagi","village_code":"620233"},"geometry":{"type":"Polygon","coordinates":[[[76.8181228988941,17.456499804839904],[76.79455444038513,17.457584661046482],[76.79456981055968,17.454756540629727],[76.79127011256982,17.444775368019485],[76.7883046067303,17.425568966097153],[76.79689281705346,17.427031876092705],[76.80603251301102,17.426615216424313],[76.81004158722453,17.428414696117734],[76.8179462631598,17.434416841743314],[76.81961635434216,17.436694299208444],[76.81843400344329,17.439969343769807],[76.81802702978867,17.447007926231457],[76.8189524409567,17.45290842011287],[76.8181228988941,17.456499804839904]]]}},{"type":"Feature","properties":{"type":"village","name":"Anwar","taluk":"Chincholi","district":"Kalaburagi","village_code":"620395"},"geometry":{"type":"Polygon","coordinates":[[[77.41948802572814,17.430126552956057],[77.41518513055154,17.428739384252452],[77.40938392543106,17.42982373282786],[77.40428832361002,17.43298986122403],[77.39671012778837,17.432614102715124],[77.39691417381694,17.41185874758493],[77.39307690419814,17.401368964880827],[77.38333346760614,17.39967462305679],[77.38361522419498,17.392091216666394],[77.38950350930418,17.390584427901462],[77.39676721302972,17.392564348840157],[77.40096315299202,17.392597755617352],[77.4083333897237,17.39765799837303],[77.41339293137258,17.39569359612643],[77.4156143653572,17.39577782227148],[77.4188486201803,17.40129756763404],[77.41767915381756,17.40469806038679],[77.42320585624509,17.41064043674486],[77.42403532464584,17.413585577108186],[77.42294452734578,17.422828070120428],[77.41948802572814,17.430126552956057]]]}},{"type":"Feature","properties":{"type":"village","name":"Kalhipperga","taluk":"Chitapur","district":"Kalaburagi","village_code":"620599"},"geometry":{"type":"Polygon","coordinates":[[[77.065713346026,17.40537624291289],[77.06399747669674,17.420962621013565],[77.06578405960852,17.43227931934138],[77.06136015866815,17.43225518803748],[77.04539194243456,17.42520683804603],[77.04104211118268,17.424548957406465],[77.03947787657503,17.412633351728537],[77.03422887124961,17.407907429857733],[77.03370938809721,17.406090441634365],[77.03662184662257,17.39982402187499],[77.04258311176375,17.39830512691571],[77.04456986537198,17.398510347887747],[77.04657966166556,17.40014624492653],[77.0513113694397,17.397468409576042],[77.065713346026,17.40537624291289]]]}},{"type":"Feature","properties":{"type":"village","name":"Battarga","taluk":"Afzalpur","district":"Kalaburagi","village_code":"620076"},"geometry":{"type":"Polygon","coordinates":[[[76.5826158253962,17.42079815175238],[76.57331293789086,17.417095759386385],[76.56914802933177,17.417433415410464],[76.55837466797833,17.42103515824643],[76.54362120667251,17.420695166395905],[76.53968344431952,17.418059595247204],[76.5344532200717,17.41226992687053],[76.53247852814279,17.4087677058121],[76.53305885598603,17.40575461273011],[76.53801834507519,17.396554149009773],[76.5506382959031,17.396848560067706],[76.56825136065957,17.395359189127923],[76.57792997482069,17.397191546847967],[76.58165051555481,17.40346314770789],[76.58292412899834,17.410429883286348],[76.5826158253962,17.42079815175238]]]}},{"type":"Feature","properties":{"type":"village","name":"Ganganpalli","taluk":"Chincholi","district":"Kalaburagi","village_code":"620399"},"geometry":{"type":"Polygon","coordinates":[[[77.44396065923183,17.387137525061107],[77.43786261391057,17.392302262731672],[77.431763653206,17.39558789291964],[77.42524206839792,17.40156486377841],[77.41767915381756,17.40469806038679],[77.4188486201803,17.40129756763404],[77.41558563274285,17.39539908034151],[77.42098772626406,17.389007951202068],[77.42036125286303,17.386460536799373],[77.41741637324074,17.383075697660097],[77.41703657991165,17.379673396937147],[77.4224476493992,17.37591440471889],[77.42435043657952,17.371851427219195],[77.43271650970259,17.376961325046462],[77.43703555658804,17.37716321442599],[77.44110702778119,17.37515608082929],[77.44396065923183,17.387137525061107]]]}},{"type":"Feature","properties":{"type":"village","name":"Banbi","taluk":"Chitapur","district":"Kalaburagi","village_code":"620601"},"geometry":{"type":"Polygon","coordinates":[[[77.07431466187082,17.394035414821566],[77.07062393442433,17.397259120775775],[77.065713346026,17.40537624291289],[77.0513113694397,17.397468409576042],[77.05192688608923,17.396106083902012],[77.05834961938514,17.393235685874817],[77.06322361131713,17.388422936194342],[77.06561518172502,17.379953099843025],[77.06963701381217,17.375866619325677],[77.07431466187082,17.394035414821566]]]}},{"type":"Feature","properties":{"type":"village","name":"Alur (B)","taluk":"Afzalpur","district":"Kalaburagi","village_code":"620073"},"geometry":{"type":"Polygon","coordinates":[[[76.67069840312026,17.37707080091685],[76.66807254579807,17.39537298796558],[76.66382273656318,17.41417688359591],[76.66294283764067,17.414705623839634],[76.65586986241964,17.41496426384548],[76.65457089133227,17.414128651342114],[76.6355816991887,17.39925319317896],[76.63261229286421,17.39371897936082],[76.64026792975157,17.393171988617237],[76.64156118485877,17.38480040636191],[76.64500973908109,17.38163315234411],[76.64724927501702,17.380896541787852],[76.6504230938827,17.3831298362456],[76.65242010175989,17.380593275730646],[76.65805696459076,17.383467745322985],[76.65875799905866,17.38159082598326],[76.65836643869771,17.375753873765483],[76.6665153593722,17.375612405247807],[76.67069840312026,17.37707080091685]]]}},{"type":"Feature","properties":{"type":"village","name":"Sugur (K)","taluk":"Chitapur","district":"Kalaburagi","village_code":"620603"},"geometry":{"type":"Polygon","coordinates":[[[77.15072356600243,17.4218241100028],[77.14066223000438,17.42594976592643],[77.13823375770298,17.42506894157563],[77.13518837905826,17.416159992971398],[77.13362131835076,17.416792537078067],[77.13029412113347,17.414307822302202],[77.12771049990103,17.408502471406145],[77.1244540908264,17.4107929689413],[77.12013882494999,17.41134854194625],[77.11676015786016,17.40859253068091],[77.113169102986,17.416706266075856],[77.10622240214784,17.423057659203316],[77.10356852996523,17.423158375340595],[77.10654132204,17.39078262721449],[77.108906457724,17.39141872586056],[77.11945526900253,17.39096524920511],[77.13426130331202,17.389103137920074],[77.13766717138866,17.389420926403886],[77.13998483919472,17.386831928997427],[77.14273709666391,17.38494686228779],[77.14348985073602,17.385680746693826],[77.14465756538395,17.38420962296344],[77.14959344495078,17.389852100224317],[77.15878956858292,17.39369633541459],[77.15672000467856,17.39907621563967],[77.15633490589939,17.40358955526072],[77.15985288641843,17.418908866830503],[77.15563198766431,17.421480128926948],[77.15072356600243,17.4218241100028]]]}},{"type":"Feature","properties":{"type":"village","name":"Keroor","taluk":"Gulbarga","district":"Kalaburagi","village_code":"620243"},"geometry":{"type":"Polygon","coordinates":[[[76.93771638522007,17.422471699794773],[76.92551790595715,17.421801852665396],[76.91716494464399,17.423538515947104],[76.91447273056839,17.422170140624946],[76.91529676865325,17.402558233989286],[76.9220730159629,17.403148671820976],[76.93177104541226,17.402197538987046],[76.93643472017665,17.403438614858807],[76.93925326792392,17.403053752143318],[76.94030059484906,17.410652359822937],[76.94159932159465,17.410426057782324],[76.93771638522007,17.422471699794773]]]}},{"type":"Feature","properties":{"type":"village","name":"Sulepeth","taluk":"Chincholi","district":"Kalaburagi","village_code":"620438"},"geometry":{"type":"Polygon","coordinates":[[[77.35624668362506,17.415682469053404],[77.35067383384306,17.423637571620727],[77.34257979394422,17.426480079972627],[77.3356408662282,17.427629788258926],[77.32236447330303,17.422387592233818],[77.31900922169939,17.419866599888554],[77.31860123205018,17.41796005570076],[77.31851374692128,17.415776423037425],[77.32217645142248,17.40951864561974],[77.32133180418839,17.403847796120935],[77.3251580550719,17.402714716032822],[77.33387037124481,17.391121668303],[77.33697374332763,17.388642483671745],[77.3451713293343,17.389744253071626],[77.34739396975637,17.38124712668907],[77.34924087184454,17.379319805880478],[77.35920128301872,17.377205065143183],[77.35715550380812,17.385956254347917],[77.3578778768573,17.390442045013085],[77.35919997866495,17.391931768031238],[77.36669274110983,17.390984391619405],[77.37094150470575,17.391983285966383],[77.37624809563418,17.38756538321061],[77.37898058837047,17.383265863753905],[77.3800207036205,17.38324892633199],[77.38323813569322,17.386194201015343],[77.38898539069271,17.38726037166129],[77.38950350930418,17.390584427901462],[77.38451432819996,17.391617225163674],[77.38310398398366,17.392751393281376],[77.38388004484582,17.400250130790052],[77.37834843312525,17.401947182888687],[77.3766029885619,17.404080010629297],[77.379534373692,17.413969723357155],[77.37805767182397,17.412636715182835],[77.36904784620536,17.410402142165907],[77.36393459787891,17.411315926321443],[77.35624668362506,17.415682469053404]]]}},{"type":"Feature","properties":{"type":"village","name":"Tadpalli","taluk":"Chincholi","district":"Kalaburagi","village_code":"620422"},"geometry":{"type":"Polygon","coordinates":[[[77.27639474631692,17.43375623802948],[77.27122733137544,17.434938446751264],[77.26875876187302,17.434598569931097],[77.26756005804272,17.433903899158338],[77.26574650321453,17.429315634353422],[77.26453408839807,17.422205546758],[77.26690325212779,17.411434850622157],[77.26323706934983,17.394979554809503],[77.27457793329918,17.397075182375282],[77.28144639087614,17.400245055264364],[77.28155058826256,17.403351246344627],[77.27803295988312,17.42042904591118],[77.2746064458263,17.430947533308807],[77.27639474631692,17.43375623802948]]]}},{"type":"Feature","properties":{"type":"village","name":"Huvinbhavi","taluk":"Chincholi","district":"Kalaburagi","village_code":"620419"},"geometry":{"type":"Polygon","coordinates":[[[77.30184019957775,17.434546188110797],[77.29750256385414,17.43376584213439],[77.27789239779565,17.4360760123511],[77.27516104591979,17.432522042919445],[77.275057280623,17.428795901405447],[77.27751601536971,17.42265894075983],[77.28223074588331,17.39903407761525],[77.2906493650606,17.399020995684136],[77.298302711244,17.39505475291772],[77.2998714877337,17.395817093617715],[77.30100299758071,17.411789403889745],[77.3001398181023,17.420637753624415],[77.30167107016592,17.42757848178686],[77.30184019957775,17.434546188110797]]]}},{"type":"Feature","properties":{"type":"village","name":"Yelakpalli","taluk":"Chincholi","district":"Kalaburagi","village_code":"620416"},"geometry":{"type":"Polygon","coordinates":[[[77.34700041244054,17.437706691279004],[77.3407932200156,17.437248608118665],[77.33770708390814,17.437925099677106],[77.33019355780377,17.443187797134904],[77.32132344805963,17.44245762061215],[77.32138406278173,17.446206999783847],[77.31883597171537,17.44560535116083],[77.31642058876595,17.443674929802217],[77.3131758497052,17.4434369268778],[77.31174785628856,17.44220077900731],[77.31111380020819,17.43993233074024],[77.31292059880711,17.435640836385154],[77.31665952176694,17.434110106880606],[77.31817239340154,17.43168151668457],[77.31900922169939,17.419866599888554],[77.32355448413632,17.423115786035478],[77.3356408662282,17.427629788258926],[77.34257979394422,17.426480079972627],[77.35067383384306,17.423637571620727],[77.35078856038294,17.422808155364276],[77.35384310903005,17.42575810404928],[77.35304055056197,17.427797730246184],[77.35078328996718,17.42921085823692],[77.34565181482363,17.429988751908724],[77.34466414232156,17.431139638837266],[77.3470439753419,17.43574420583355],[77.34700041244054,17.437706691279004]]]}},{"type":"Feature","properties":{"type":"village","name":"Devantegnur","taluk":"Afzalpur","district":"Kalaburagi","village_code":"620646"},"geometry":{"type":"Polygon","coordinates":[[[76.52909773024912,17.457427099169756],[76.51743881418012,17.456752351012977],[76.50557982622941,17.4598400999938],[76.49898331204518,17.457965915903443],[76.4943704100606,17.45810486895412],[76.49577821294294,17.44342669424053],[76.48758415821362,17.439120784670056],[76.48746680230491,17.434639159639296],[76.49423951474392,17.431016287782725],[76.50441398007725,17.42905074690611],[76.5132399726595,17.434002981774288],[76.52279716603522,17.436795714017904],[76.52519652663324,17.43854082718137],[76.52823925434954,17.443078218608317],[76.52911790281715,17.45487004982619],[76.52909773024912,17.457427099169756]]]}},{"type":"Feature","properties":{"type":"village","name":"Moranhal","taluk":"Chincholi","district":"Kalaburagi","village_code":"620418"},"geometry":{"type":"Polygon","coordinates":[[[77.31851374692128,17.415776423037425],[77.31619922591366,17.41668556037784],[77.31364317038401,17.41482276737003],[77.31212590868259,17.41742906034863],[77.30803505184564,17.417833928084065],[77.30521542073015,17.413770399751993],[77.30100299758071,17.411789403889745],[77.30080861383135,17.410823422050086],[77.30330346444573,17.4053145642665],[77.30672460118726,17.40348767112455],[77.30949405241095,17.39964616024717],[77.30995340233825,17.396971815899366],[77.31275697067811,17.395990967719037],[77.31326897176251,17.393858303646944],[77.31628445537288,17.39157407729673],[77.32444181482113,17.37882174066917],[77.32747305937313,17.38222490079731],[77.33064457765342,17.389199693631625],[77.33387037124481,17.391121668303],[77.3251580550719,17.402714716032822],[77.32133180418839,17.403847796120935],[77.32217645142248,17.40951864561974],[77.31851374692128,17.415776423037425]]]}},{"type":"Feature","properties":{"type":"village","name":"Nippani","taluk":"Chitapur","district":"Kalaburagi","village_code":"620615"},"geometry":{"type":"Polygon","coordinates":[[[77.01134127823383,17.392430365914066],[77.00828546386047,17.399786379230477],[77.01431748300837,17.413044668985847],[77.00949398537853,17.40974902459408],[77.00578110008722,17.408441008107136],[77.00085628866299,17.40831365673721],[77.00034645880663,17.40487022109965],[76.99177393576328,17.404738349011723],[76.9700980056741,17.401681986588056],[76.96775233109241,17.387727577188713],[76.9634945070885,17.378757091068398],[77.00302794070952,17.377733499924627],[77.0065737357647,17.380468951813345],[77.0101406618903,17.380311393686714],[77.01134127823383,17.392430365914066]]]}},{"type":"Feature","properties":{"type":"village","name":"Nimberga","taluk":"Afzalpur","district":"Kalaburagi","village_code":"620075"},"geometry":{"type":"Polygon","coordinates":[[[76.60847341942117,17.39573757367615],[76.59593668313131,17.40455020506031],[76.58165051555481,17.40346314770789],[76.57668384263835,17.394101054275982],[76.57209147344625,17.37754206525992],[76.56683517380068,17.365401166937847],[76.5679284378745,17.359713565015742],[76.57143522269016,17.353204402619685],[76.57107039439538,17.346061621662873],[76.59450671072607,17.34552474299363],[76.60096067125785,17.346691308349225],[76.60662422662904,17.349578874850764],[76.61034025332889,17.353776289771556],[76.6039536134428,17.377616157741492],[76.60398131928278,17.382079758637417],[76.60847341942117,17.39573757367615]]]}},{"type":"Feature","properties":{"type":"village","name":"Bhosga","taluk":"Gulbarga","district":"Kalaburagi","village_code":"620106"},"geometry":{"type":"Polygon","coordinates":[[[76.79584826322763,17.38307780487396],[76.79093141806331,17.38305314241183],[76.78786202295947,17.396397375380236],[76.78498527785656,17.399861211048016],[76.78427752309199,17.403732634237944],[76.77984287291092,17.407430582966043],[76.77798642981615,17.41191131420268],[76.7684343550409,17.410492243362352],[76.75229378534193,17.402852201638368],[76.74993449769042,17.384761448987017],[76.76288299475709,17.369589483121807],[76.79148994828614,17.37577067642396],[76.79584826322763,17.38307780487396]]]}},{"type":"Feature","properties":{"type":"village","name":"Wazirgaon","taluk":"Chincholi","district":"Kalaburagi","village_code":"620431"},"geometry":{"type":"Polygon","coordinates":[[[77.26323706934983,17.394979554809503],[77.26690325212779,17.411434850622157],[77.26453408839807,17.422205546758],[77.26157272828358,17.420663473835155],[77.25804847662553,17.417089761201186],[77.25344585406279,17.417967161262098],[77.23362887696128,17.410920570587525],[77.2312383216497,17.408401095738586],[77.23083275385846,17.402383344353677],[77.22865489535165,17.39927328365959],[77.23628348037256,17.39025367803881],[77.23767123465439,17.38973982876952],[77.23863696760226,17.383244424716988],[77.24341815458227,17.389009879180236],[77.24888760288516,17.393754281280223],[77.25797326158512,17.393386370669596],[77.26323706934983,17.394979554809503]]]}},{"type":"Feature","properties":{"type":"village","name":"Dastapur","taluk":"Chincholi","district":"Kalaburagi","village_code":"620415"},"geometry":{"type":"Polygon","coordinates":[[[77.379534373692,17.413969723357155],[77.37798285473721,17.42142615940575],[77.3735217222216,17.425861040267126],[77.35384310903005,17.42575810404928],[77.35078856038294,17.422808155364276],[77.35624668362506,17.415682469053404],[77.36393459787891,17.411315926321443],[77.36904784620536,17.410402142165907],[77.37805767182397,17.412636715182835],[77.379534373692,17.413969723357155]]]}},{"type":"Feature","properties":{"type":"village","name":"Nimbal","taluk":"Afzalpur","district":"Kalaburagi","village_code":"620056"},"geometry":{"type":"Polygon","coordinates":[[[76.41839141806443,17.411273911120556],[76.4003223433169,17.41742325074231],[76.37658601483417,17.416271134785596],[76.37006303584077,17.416926490147272],[76.37112906209686,17.41343499896397],[76.36942486008653,17.401253870869677],[76.36853147475671,17.401388150780672],[76.3659168948846,17.391475031673863],[76.36348513474923,17.377671421879462],[76.38303674592254,17.373970536159955],[76.39584839992703,17.373444691667192],[76.4091783665791,17.371391261964355],[76.41088319291856,17.377518158202946],[76.41461531293672,17.385367279249508],[76.41839141806443,17.411273911120556]]]}},{"type":"Feature","properties":{"type":"village","name":"Uplaon","taluk":"Gulbarga","district":"Kalaburagi","village_code":"620263"},"geometry":{"type":"Polygon","coordinates":[[[76.87697428110323,17.416237159770347],[76.87174122716227,17.416792761646104],[76.8680849716665,17.40950089632325],[76.86314897262373,17.403799135973962],[76.8698875418954,17.401436701847533],[76.86770495465692,17.382529586396195],[76.87466854022917,17.37821078431281],[76.87924182201813,17.37931766433113],[76.88138739507365,17.381838574622854],[76.88155712276343,17.392432831348227],[76.88438531482356,17.398025798381298],[76.88287964318597,17.400293780647885],[76.88033865240364,17.400822413621665],[76.88010351388643,17.40658261236234],[76.87919531982912,17.407124757660934],[76.87697428110323,17.416237159770347]]]}},{"type":"Feature","properties":{"type":"village","name":"Polakpalli","taluk":"Chincholi","district":"Kalaburagi","village_code":"620396"},"geometry":{"type":"Polygon","coordinates":[[[77.44989525518886,17.41457446427627],[77.45053715356165,17.42127316125049],[77.44948266436876,17.429897934394813],[77.4464173278534,17.437414672063937],[77.44426700360835,17.44024223707044],[77.44300539614859,17.438236787753404],[77.43752779024459,17.43837828921974],[77.42148651492727,17.436059091822244],[77.41948802572814,17.430126552956057],[77.42294452734578,17.422828070120428],[77.4240891651724,17.41715720091689],[77.42382326025503,17.411757488638056],[77.41767915381756,17.40469806038679],[77.42524206839792,17.40156486377841],[77.431763653206,17.39558789291964],[77.43786261391057,17.392302262731672],[77.44396065923183,17.387137525061107],[77.44702843557151,17.387779716111055],[77.44815747325488,17.389675170166722],[77.45359499633093,17.40751445140547],[77.45253872128725,17.411357324360747],[77.44989525518886,17.41457446427627]]]}},{"type":"Feature","properties":{"type":"village","name":"Murdi","taluk":"Chitapur","district":"Kalaburagi","village_code":"619990"},"geometry":{"type":"Polygon","coordinates":[[[77.04104211118268,17.424548957406465],[77.03645170391114,17.42679512593758],[77.03488882396297,17.429928282326483],[77.02771939124,17.432502315202132],[77.02633556798584,17.432263169812003],[77.0173156488967,17.423220101102537],[77.01197098287496,17.406851140255544],[77.00828546386047,17.399786379230477],[77.01134127823383,17.392430365914066],[77.01358502637011,17.39770022072211],[77.01954514166776,17.398384817183995],[77.02323539929533,17.397660083988445],[77.0340413326627,17.40450094678344],[77.03422887124961,17.407907429857733],[77.03947787657503,17.412633351728537],[77.04104211118268,17.424548957406465]]]}},{"type":"Feature","properties":{"type":"village","name":"Khairtapur","taluk":"Chincholi","district":"Kalaburagi","village_code":"620417"},"geometry":{"type":"Polygon","coordinates":[[[77.31851374692128,17.415776423037425],[77.31817239340154,17.43168151668457],[77.31665952176694,17.434110106880606],[77.31292059880711,17.435640836385154],[77.31111380020819,17.43993233074024],[77.30184019957775,17.434546188110797],[77.30167107016592,17.42757848178686],[77.3001398181023,17.420637753624415],[77.30100299758071,17.411789403889745],[77.30521542073015,17.413770399751993],[77.30803505184564,17.417833928084065],[77.31212590868259,17.41742906034863],[77.31364317038401,17.41482276737003],[77.31619922591366,17.41668556037784],[77.31851374692128,17.415776423037425]]]}},{"type":"Feature","properties":{"type":"village","name":"Sunthnoor","taluk":"Afzalpur","district":"Kalaburagi","village_code":"620072"},"geometry":{"type":"Polygon","coordinates":[[[76.67541275813804,17.4290921932064],[76.67191093741268,17.427773806619665],[76.65586986241964,17.41496426384548],[76.66382273656318,17.41417688359591],[76.66807254579807,17.39537298796558],[76.67069840312026,17.37707080091685],[76.68233090782157,17.382963699808972],[76.69637296810106,17.388100627336225],[76.69850511763127,17.389794058824332],[76.69822740256285,17.401454602794686],[76.69506154816048,17.404130234214755],[76.6893496688169,17.406427122814197],[76.69002803429863,17.408541240289615],[76.68946882764439,17.41079127691131],[76.68717712474329,17.41090491889176],[76.68498000905171,17.412482272223755],[76.67948292767234,17.426425681672963],[76.67486605513422,17.426214491599485],[76.67541275813804,17.4290921932064]]]}},{"type":"Feature","properties":{"type":"village","name":"Tawargera","taluk":"Gulbarga","district":"Kalaburagi","village_code":"620238"},"geometry":{"type":"Polygon","coordinates":[[[76.91447273056839,17.422170140624946],[76.90718027626218,17.43401247959212],[76.9070064271019,17.435697640223424],[76.90027952694574,17.42565999232332],[76.88700776483587,17.421852559072438],[76.88239082133084,17.415279332251295],[76.87697428200156,17.416268783671537],[76.87919531982912,17.407124757660934],[76.88010351388643,17.40658261236234],[76.88033865240364,17.400822413621665],[76.88287964318597,17.400293780647885],[76.88438531482356,17.398025798381298],[76.89094939443616,17.39680114360386],[76.89610567026807,17.388497007125878],[76.90263695418628,17.39107596485545],[76.90986993912237,17.39586831900093],[76.91491537811959,17.401455962316806],[76.91544016133216,17.41280909127515],[76.91447273056839,17.422170140624946]]]}},{"type":"Feature","properties":{"type":"village","name":"Allapur","taluk":"Chincholi","district":"Kalaburagi","village_code":"620423"},"geometry":{"type":"Polygon","coordinates":[[[77.25166596180324,17.442654273304804],[77.24888717888037,17.44131037026553],[77.2427858448268,17.440862416668306],[77.23294400228697,17.440935993265693],[77.22710128691554,17.442574060724418],[77.21544314699096,17.43239534170793],[77.21083051539931,17.43355549275168],[77.20855900123591,17.432670768652788],[77.20709085492267,17.42953748364774],[77.20779935079737,17.426834797731697],[77.20462628202492,17.419659920945726],[77.20872892116518,17.416092936883196],[77.2098145810001,17.410687681615773],[77.20444108983753,17.401549327860767],[77.21949416624005,17.397126003654478],[77.22342657643058,17.397390988829333],[77.22865489535165,17.39927328365959],[77.23083275385846,17.402383344353677],[77.23093014021843,17.407220372964726],[77.23242204786926,17.410149092963163],[77.24108154669672,17.413300943048185],[77.24965064626052,17.42415163499989],[77.25260608108742,17.434479065070075],[77.25166596180324,17.442654273304804]]]}},{"type":"Feature","properties":{"type":"village","name":"Yelsangi","taluk":"Afzalpur","district":"Kalaburagi","village_code":"620083"},"geometry":{"type":"Polygon","coordinates":[[[76.47964859999551,17.35955255686996],[76.47803270776753,17.377411237397332],[76.47330277506437,17.387218790711024],[76.47379079113068,17.428687669267973],[76.46319714673295,17.42755187804439],[76.46255259294017,17.426630104826266],[76.456794306629,17.417683679149818],[76.45295425941939,17.399159771600843],[76.44978938058739,17.39202539132558],[76.4425153534226,17.390686064623097],[76.43612538887162,17.391122259805716],[76.41532369292872,17.389907984749893],[76.41461531293672,17.385367279249508],[76.41156477077575,17.378855749213407],[76.42342690283002,17.37706273014284],[76.42405706830685,17.377772283903507],[76.43747256355714,17.373200573624494],[76.44045600156635,17.371376284186805],[76.44011770142026,17.37001185409783],[76.44332183034197,17.369773337692994],[76.44487547830394,17.365996903164284],[76.44787234343174,17.366182951913967],[76.44826436193351,17.360879164704365],[76.46080717532628,17.358573560817458],[76.47269064865672,17.358932654425196],[76.47396534636677,17.36061348963083],[76.47964859999551,17.35955255686996]]]}},{"type":"Feature","properties":{"type":"village","name":"Kodli","taluk":"Chincholi","district":"Kalaburagi","village_code":"620429"},"geometry":{"type":"Polygon","coordinates":[[[77.18599421691917,17.441795534248335],[77.18094465106151,17.44683839936034],[77.17628133113163,17.442593854199213],[77.17244461487506,17.42685724215662],[77.16522673690712,17.41470926582616],[77.15876303234943,17.41411963077524],[77.15633490589939,17.40358955526072],[77.15704916985652,17.397779558079776],[77.15858247277397,17.393939194270484],[77.16300446030276,17.388580341602953],[77.17260105917674,17.380197875863214],[77.17297691069835,17.37805634914301],[77.17642568770285,17.37810975021077],[77.1765896886327,17.375679127250482],[77.18381586074568,17.373752636879093],[77.1950179798994,17.373179929015127],[77.1953400816243,17.366488939108457],[77.20701204302785,17.365576564328972],[77.20642596327187,17.37007055507034],[77.20716538993844,17.384286326599952],[77.20442947821418,17.402048937589193],[77.20905652327457,17.408235389413786],[77.20948491186722,17.413957955638477],[77.20773603304455,17.417501314419066],[77.20183566110322,17.42145501223529],[77.19929428224869,17.425509546698777],[77.19248105938362,17.42501227842019],[77.1900920249198,17.425739736656432],[77.1869939142696,17.4283749586722],[77.18574187117271,17.43375742332999],[77.18599421691917,17.441795534248335]]]}},{"type":"Feature","properties":{"type":"village","name":"Hadalgi","taluk":"Afzalpur","district":"Kalaburagi","village_code":"620082"},"geometry":{"type":"Polygon","coordinates":[[[76.44872899664959,17.43148349457798],[76.42981442935327,17.430804293095502],[76.42768599884835,17.421650478185793],[76.42484927369132,17.419205272389632],[76.4231689354265,17.419882297100692],[76.41839141806443,17.411273911120556],[76.41532369292872,17.389907984749893],[76.43612538887162,17.391122259805716],[76.4425153534226,17.390686064623097],[76.44978938058739,17.39202539132558],[76.45295425941939,17.399159771600843],[76.456794306629,17.417683679149818],[76.46319714673295,17.42755187804439],[76.45475881402672,17.427486833420442],[76.45452292272134,17.42983150386984],[76.44872899664959,17.43148349457798]]]}},{"type":"Feature","properties":{"type":"village","name":"Ganjalnkhed","taluk":"Gulbarga","district":"Kalaburagi","village_code":"620239"},"geometry":{"type":"Polygon","coordinates":[[[76.86244484974782,17.445516369392053],[76.85953608509489,17.445620034905332],[76.84613237663946,17.439085650067597],[76.84168559740546,17.434110813945686],[76.83966666075386,17.43348246768969],[76.83139262811648,17.43413128026489],[76.82951672122441,17.426315062004818],[76.83030821693978,17.422872695108385],[76.83303752963997,17.423953076752426],[76.84080734419658,17.424343194855265],[76.84827219688391,17.418620390876963],[76.85280003290262,17.413520416937384],[76.85904438234267,17.417813003089886],[76.85980582941178,17.428624148927018],[76.85899567928124,17.43601517625913],[76.86244484974782,17.445516369392053]]]}},{"type":"Feature","properties":{"type":"village","name":"Chimmaidlai","taluk":"Chincholi","district":"Kalaburagi","village_code":"620414"},"geometry":{"type":"Polygon","coordinates":[[[77.36261876990525,17.45530000821064],[77.35672829560173,17.455773437638445],[77.35222474104513,17.453795615182266],[77.34950920221318,17.451086910304625],[77.34716453015135,17.44550061011036],[77.3470439753419,17.43574420583355],[77.34496365680697,17.4326885242677],[77.34500809376911,17.430564171853906],[77.35186780714508,17.42877089542575],[77.35384310903005,17.42575810404928],[77.35507746789229,17.425419703180935],[77.37449154879224,17.42552251274049],[77.37798285473721,17.42142615940575],[77.379534373692,17.413969723357155],[77.38202053580095,17.41524768589324],[77.38403956857229,17.41849765191918],[77.3870724830924,17.420554184342265],[77.39028163808813,17.420672494935932],[77.39690251098963,17.418970780881068],[77.39671012778837,17.432614102715124],[77.39571841825742,17.43436192558168],[77.38979361124203,17.437121503955236],[77.38242250763608,17.437544997608118],[77.37961869944603,17.439542450793073],[77.38254643382278,17.45018957262828],[77.38108584593432,17.454415039117258],[77.376676857926,17.453196314822396],[77.3648255874019,17.453399034333756],[77.36265633475547,17.454042113287834],[77.36261876990525,17.45530000821064]]]}},{"type":"Feature","properties":{"type":"village","name":"Pattan","taluk":"Gulbarga","district":"Kalaburagi","village_code":"620277"},"geometry":{"type":"Polygon","coordinates":[[[76.69541488610444,17.444840523031264],[76.68927383034566,17.44499656262088],[76.68415443844098,17.435595518601254],[76.67562932578338,17.429376763226152],[76.67483791001806,17.426557850939933],[76.67948292767234,17.426425681672963],[76.68448610093546,17.41313297572744],[76.6865042758157,17.411162631692445],[76.68946882764439,17.41079127691131],[76.69002803429863,17.408541240289615],[76.6893496688169,17.406427122814197],[76.69506154816048,17.404130234214755],[76.69822740256285,17.401454602794686],[76.69850511763127,17.389794058824332],[76.70827225178047,17.387427544920047],[76.7219881688146,17.387719712628517],[76.74895186204219,17.385578056170996],[76.74993449769042,17.384761448987017],[76.75229378534193,17.402852201638368],[76.75074883307188,17.405069461837687],[76.73363381317358,17.42003868888123],[76.72797268774521,17.42053857375621],[76.71968202729194,17.42338877910922],[76.7167736309483,17.42812669800535],[76.70480077434877,17.430185617739763],[76.69954399410452,17.439885323976224],[76.69541488610444,17.444840523031264]]]}},{"type":"Feature","properties":{"type":"village","name":"Pastpur","taluk":"Chincholi","district":"Kalaburagi","village_code":"620408"},"geometry":{"type":"Polygon","coordinates":[[[77.27666430019096,17.457124267818287],[77.27019168614228,17.457357860199895],[77.26264436092536,17.455779423411528],[77.26024728474313,17.453509792685587],[77.25582085684185,17.453253228024266],[77.25134952126125,17.44119834126114],[77.25260608108742,17.434479065070075],[77.25039006843552,17.42586174993545],[77.24108154669672,17.413300943048185],[77.25344585406279,17.417967161262098],[77.25804847662553,17.417089761201186],[77.26157272828358,17.420663473835155],[77.26453408839807,17.422205546758],[77.26574650321453,17.429315634353422],[77.26756005804272,17.433903899158338],[77.27122733137544,17.434938446751264],[77.27639474631692,17.43375623802948],[77.27801541398898,17.436871649103747],[77.27666430019096,17.457124267818287]]]}},{"type":"Feature","properties":{"type":"village","name":"Halsultanpur","taluk":"Gulbarga","district":"Kalaburagi","village_code":"620244"},"geometry":{"type":"Polygon","coordinates":[[[76.94205313879809,17.44210916026828],[76.95602683638612,17.441408411871173],[76.95866273238161,17.452213879934604],[76.94543622559912,17.45187547415706],[76.94205313879809,17.44210916026828]]]}},{"type":"Feature","properties":{"type":"village","name":" ","taluk":"Chitapur","district":"Kalaburagi","village_code":" "},"geometry":{"type":"Polygon","coordinates":[[[77.02633556798584,17.432263169812003],[77.02435747683188,17.43717870328229],[77.02222738444365,17.438744523715876],[77.01952504635484,17.44794030620749],[77.01798655387,17.449029505973453],[77.01558519631713,17.448903268714464],[77.00934411943967,17.440996856855033],[77.00939347737294,17.43777217705927],[77.00592204665361,17.434776923749908],[77.00581501418414,17.425696118590672],[77.00285513988314,17.4181450701995],[77.00085628866299,17.40831365673721],[77.00578110008722,17.408441008107136],[77.00949398537853,17.40974902459408],[77.01431748300837,17.413044668985847],[77.01663012024889,17.422379478033477],[77.02633556798584,17.432263169812003]]]}},{"type":"Feature","properties":{"type":"village","name":" ","taluk":"Chincholi","district":"Kalaburagi","village_code":" "},"geometry":{"type":"Polygon","coordinates":[[[77.18094465106151,17.44683839936034],[77.17991903462018,17.448862629905214],[77.17295120271156,17.448330672961156],[77.17137931894929,17.45417864757812],[77.16655346773338,17.45779041437532],[77.15793336631933,17.456295947328265],[77.15090501491001,17.4474630068514],[77.15206367633651,17.44303456697926],[77.14969706022892,17.437334822275417],[77.15068982078874,17.43097611808667],[77.14776898727,17.423076211142607],[77.15072356600243,17.4218241100028],[77.15563198766431,17.421480128926948],[77.15985288641843,17.418908866830503],[77.15876303234943,17.41411963077524],[77.16522673690712,17.41470926582616],[77.17244461487506,17.42685724215662],[77.17628133113163,17.442593854199213],[77.18094465106151,17.44683839936034]]]}},{"type":"Feature","properties":{"type":"village","name":"Indarpadhosali","taluk":"Chincholi","district":"Kalaburagi","village_code":"620394"},"geometry":{"type":"Polygon","coordinates":[[[77.39690251098963,17.418970780881068],[77.38931185014505,17.420791044586984],[77.38570592366139,17.420063355782553],[77.38202053580095,17.41524768589324],[77.379534373692,17.413969723357155],[77.37681457864223,17.406551383657945],[77.37732585298954,17.403047452621937],[77.38081672414995,17.40081303494354],[77.38388004484582,17.400250130790052],[77.39307690419814,17.401368964880827],[77.39691417381694,17.41185874758493],[77.39690251098963,17.418970780881068]]]}},{"type":"Feature","properties":{"type":"village","name":"Belura (J)","taluk":"Gulbarga","district":"Kalaburagi","village_code":"620240"},"geometry":{"type":"Polygon","coordinates":[[[76.87174122716227,17.416792761646104],[76.8579479121816,17.41748309876417],[76.85280003290262,17.413520416937384],[76.84962771242685,17.417364640392567],[76.8473410966852,17.414097939927228],[76.84377229218232,17.39682581792825],[76.84367857813527,17.394539793301337],[76.84513297393643,17.391991993016344],[76.85556003384956,17.39201149108034],[76.8599639508681,17.39547256896081],[76.8613892825766,17.400871464589038],[76.8680849716665,17.40950089632325],[76.87174122716227,17.416792761646104]]]}},{"type":"Feature","properties":{"type":"village","name":" ","taluk":"Gulbarga","district":"Kalaburagi","village_code":" "},"geometry":{"type":"Polygon","coordinates":[[[76.84962771242685,17.417364640392567],[76.84209696022856,17.423674796230333],[76.83699532981372,17.424378596281414],[76.83179519104308,17.423573301275795],[76.82349445598386,17.4202822669934],[76.8166672732993,17.41611940772544],[76.8088846119358,17.41332487885667],[76.80752991565643,17.411693483258567],[76.81130500389125,17.40886211679362],[76.80784261471527,17.405960510226837],[76.79525662020508,17.39110570115845],[76.79470277289978,17.3879610800623],[76.79584826322763,17.38307780487396],[76.80337297874715,17.379963457772867],[76.80653651010623,17.3753203013733],[76.80811756027762,17.374787755603776],[76.81162257361554,17.375209101233416],[76.8146423538679,17.377572891693255],[76.81666084226018,17.377415393658048],[76.81907566555918,17.373607602027555],[76.82099714129068,17.367247074255182],[76.82376288157391,17.369506747004227],[76.82537230593191,17.368075026959154],[76.82779975325558,17.36884819268495],[76.83137903480959,17.37318615583422],[76.82974122818024,17.375245893324546],[76.83024817085126,17.380075555192235],[76.83425672494022,17.380731547818193],[76.83752046336922,17.38836280861955],[76.84246565217738,17.3885851148388],[76.84509537135696,17.39175254341948],[76.84367857813527,17.394539793301337],[76.8444725882351,17.401678054608006],[76.8473410966852,17.414097939927228],[76.84962771242685,17.417364640392567]]]}},{"type":"Feature","properties":{"type":"village","name":" ","taluk":"Chitapur","district":"Kalaburagi","village_code":" "},"geometry":{"type":"Polygon","coordinates":[[[77.04647983188806,17.432033945416084],[77.04349841239328,17.43339526267444],[77.04072843835009,17.437845084705003],[77.03649208318315,17.44109061183625],[77.03327470141606,17.440771183771677],[77.02963251084267,17.438475794187898],[77.02771939124,17.432502315202132],[77.03488882396297,17.429928282326483],[77.03645170391114,17.42679512593758],[77.04104211118268,17.424548957406465],[77.04539194243456,17.42520683804603],[77.04647983188806,17.432033945416084]]]}},{"type":"Feature","properties":{"type":"village","name":"Syed Chincholi","taluk":"Gulbarga","district":"Kalaburagi","village_code":"620279"},"geometry":{"type":"Polygon","coordinates":[[[76.83139262811648,17.43413128026489],[76.81961635434216,17.436694299208444],[76.81593246756657,17.432690433786842],[76.80603251301102,17.426615216424313],[76.79689281705346,17.427031876092705],[76.78812135400561,17.4249589819029],[76.78150835124433,17.4265145381917],[76.77804219722898,17.41323505591553],[76.77844875406532,17.409733969383435],[76.78146253985977,17.40569201959826],[76.78427752309199,17.403732634237944],[76.78498527785656,17.399861211048016],[76.78786202295947,17.396397375380236],[76.79093141806331,17.38305314241183],[76.79584826322763,17.38307780487396],[76.79470277289978,17.3879610800623],[76.79525662020508,17.39110570115845],[76.80784261471527,17.405960510226837],[76.81130500389125,17.40886211679362],[76.8075343578255,17.412407297286673],[76.83030821693978,17.422872695108385],[76.82951672122441,17.426315062004818],[76.83139262811648,17.43413128026489]]]}},{"type":"Feature","properties":{"type":"village","name":" ","taluk":"Chincholi","district":"Kalaburagi","village_code":" "},"geometry":{"type":"Polygon","coordinates":[[[77.42220498210163,17.43617134338516],[77.42258183614308,17.44129012928971],[77.42123595592992,17.449911673202998],[77.41350464496298,17.445683774717804],[77.41023384936912,17.448384217174105],[77.40705858601245,17.443145761845656],[77.40257953031026,17.444449764868445],[77.40105366813836,17.438572214964008],[77.39671012778837,17.432614102715124],[77.40428832361002,17.43298986122403],[77.41102372362539,17.429197158803888],[77.41654294937481,17.428925322037326],[77.41948802572814,17.430126552956057],[77.42148651492727,17.436059091822244],[77.42220498210163,17.43617134338516]]]}},{"type":"Feature","properties":{"type":"village","name":"Kumsi","taluk":"Gulbarga","district":"Kalaburagi","village_code":"620234"},"geometry":{"type":"Polygon","coordinates":[[[76.83355095994398,17.483583336403644],[76.82397979057906,17.485040220016064],[76.81817439032619,17.45741241123486],[76.8189524409567,17.45290842011287],[76.81802702978867,17.447007926231457],[76.81843400344329,17.439969343769807],[76.81961635434216,17.436694299208444],[76.83139262811648,17.43413128026489],[76.83966666075386,17.43348246768969],[76.84168559740546,17.434110813945686],[76.84613237663946,17.439085650067597],[76.85953608509489,17.445620034905332],[76.86244484974782,17.445516369392053],[76.86709899518371,17.462964329410248],[76.86147827597685,17.467599186578923],[76.85995214790358,17.478925104713024],[76.85867178272237,17.477867829752846],[76.85129030986309,17.47807932328012],[76.83355095994398,17.483583336403644]]]}},{"type":"Feature","properties":{"type":"village","name":"Ankalga","taluk":"Gulbarga","district":"Kalaburagi","village_code":"620224"},"geometry":{"type":"Polygon","coordinates":[[[76.93012864479853,17.478904616862852],[76.92899363870838,17.479249054238775],[76.92889040341764,17.480387557331508],[76.9258489737669,17.479272429588136],[76.91630647772755,17.478330304065704],[76.91504464119738,17.477359225152824],[76.91029958625477,17.478132599981706],[76.90589395525068,17.482036623799992],[76.90145011171103,17.483378983131747],[76.8980092758136,17.48737306894618],[76.89576615919297,17.467400235200408],[76.91253348885554,17.467298608629324],[76.91717910478779,17.465219564640662],[76.92529950125707,17.46678093425463],[76.9286271278691,17.465357010866068],[76.93058619899355,17.468225283292615],[76.93485677637952,17.471467858992487],[76.93151553040946,17.474744173967206],[76.93012864479853,17.478904616862852]]]}},{"type":"Feature","properties":{"type":"village","name":"Narnal","taluk":"Chincholi","district":"Kalaburagi","village_code":"620346"},"geometry":{"type":"Polygon","coordinates":[[[77.27234130431152,17.50289937426904],[77.26705472066112,17.5096098757848],[77.25836921380952,17.514709900077317],[77.2480043083309,17.516283300620216],[77.23750000228652,17.514799641286867],[77.23543022278645,17.50920322877092],[77.23734705961783,17.5074057039039],[77.23765391333909,17.50514898698658],[77.23406921224894,17.505041400781124],[77.23369152367256,17.503420394162113],[77.23145330376855,17.50221662411381],[77.23323887697394,17.499832006998712],[77.23376453334896,17.488295508211436],[77.22677889503478,17.479964871004483],[77.2269553888353,17.478193470851934],[77.2296641660481,17.477033933011114],[77.23632553859584,17.477405102352172],[77.24888688423296,17.473837074935346],[77.25849606580913,17.475573204847638],[77.26652433735106,17.470533584908257],[77.26756215381228,17.475273741980068],[77.27200120663656,17.485364677877797],[77.27240230530923,17.493523727727123],[77.271392624981,17.500931175358023],[77.27234130431152,17.50289937426904]]]}},{"type":"Feature","properties":{"type":"village","name":"Nagoora","taluk":"Gulbarga","district":"Kalaburagi","village_code":"620230"},"geometry":{"type":"Polygon","coordinates":[[[77.0194858061466,17.504054781417214],[76.99949229032883,17.511810654151308],[76.9864150781567,17.50917383898598],[76.98609122292032,17.50577751686754],[76.98353334830225,17.503411641029302],[76.98202425408341,17.49475580798267],[76.9804782040721,17.475145026888786],[76.98200207557734,17.464717233233046],[76.97973410436941,17.45803211166201],[76.97896826633519,17.45218650680411],[76.97975740127801,17.449330870777228],[76.98514203873664,17.44938676709769],[76.99097166475607,17.44600423885094],[76.99804531191693,17.445137192418535],[76.99970159060351,17.453219097930017],[77.00530708426462,17.453909322934027],[77.00937284127424,17.45554721297705],[77.01519986038272,17.455921046659856],[77.01842800666186,17.465428231378873],[77.02692413607515,17.47197261899775],[77.02562038415387,17.4735037622554],[77.02523951823632,17.47763663114203],[77.02632211301952,17.488537565116296],[77.02781217822569,17.490037120659736],[77.02837890108391,17.49235373301087],[77.02459200898628,17.49323746040256],[77.02331255559508,17.495984593365733],[77.01950083136802,17.498707645414637],[77.01858618291541,17.50092608807073],[77.0194858061466,17.504054781417214]]]}},{"type":"Feature","properties":{"type":"village","name":"Shivredpalli","taluk":"Chincholi","district":"Kalaburagi","village_code":"620377"},"geometry":{"type":"Polygon","coordinates":[[[77.63945553568985,17.5085477358895],[77.62975416630428,17.510875530196078],[77.63113648128707,17.50681449179341],[77.63073233103736,17.504712564237256],[77.63243364855732,17.50238611740118],[77.62996926789906,17.4967525822608],[77.63161386399537,17.491898479283513],[77.64795707835104,17.492638293321228],[77.64784948623115,17.495898147375996],[77.6495401191891,17.49934953361826],[77.65717147461436,17.506586797942536],[77.64745201136232,17.505975796585865],[77.64401656535667,17.50905754171171],[77.63945553568985,17.5085477358895]]]}},{"type":"Feature","properties":{"type":"village","name":"Ratkal","taluk":"Chincholi","district":"Kalaburagi","village_code":"620427"},"geometry":{"type":"Polygon","coordinates":[[[77.1434904373359,17.42442864715297],[77.1445268380522,17.428001821031],[77.14419616819613,17.4331568529491],[77.14235135738593,17.438221162396218],[77.13601126819786,17.44285421669428],[77.13463932336673,17.44800926680795],[77.12952897120876,17.450530105968237],[77.12434747876847,17.455889463909458],[77.12446566202559,17.476168772819975],[77.0975613079124,17.47354361839252],[77.09507339498697,17.474001797111136],[77.09462319260422,17.470348208830572],[77.09220370076069,17.469846320012334],[77.09127619382309,17.470695494377207],[77.08434757966485,17.46787050124606],[77.08269592370873,17.465281451830435],[77.08317372682855,17.455012656703378],[77.08149665304147,17.44121949325431],[77.0891642186575,17.438727304332176],[77.08901092295092,17.428575808212567],[77.0900567829272,17.42306882207983],[77.09555337202977,17.424239890087758],[77.10622240214784,17.423057659203316],[77.113169102986,17.416706266075856],[77.11676015786016,17.40859253068091],[77.12013882494999,17.41134854194625],[77.1244540908264,17.4107929689413],[77.12771049990103,17.408502471406145],[77.13029412113347,17.414307822302202],[77.13362131835076,17.416792537078067],[77.13518837905826,17.416159992971398],[77.13823375770298,17.42506894157563],[77.14066223000438,17.42594976592643],[77.1434904373359,17.42442864715297]]]}},{"type":"Feature","properties":{"type":"village","name":"Mogha","taluk":"Chincholi","district":"Kalaburagi","village_code":"620407"},"geometry":{"type":"Polygon","coordinates":[[[77.22677889503478,17.479964871004483],[77.21336789944577,17.480487743117124],[77.21630054221728,17.465265647985397],[77.21577802006426,17.461269066649695],[77.21184698788939,17.454253631061366],[77.21073071706283,17.445113644716496],[77.22606012333158,17.442233941028686],[77.22802402379898,17.442664434853715],[77.23294400228697,17.440935993265693],[77.25029114236318,17.441637772750955],[77.25166596180324,17.442654273304804],[77.25582085684185,17.453253228024266],[77.26024728474313,17.453509792685587],[77.26264436092536,17.455779423411528],[77.26652433735106,17.470533584908257],[77.25849606580913,17.475573204847638],[77.24888688423296,17.473837074935346],[77.23632553859584,17.477405102352172],[77.22872953906356,17.47714795613912],[77.22714453091498,17.477898156844184],[77.22677889503478,17.479964871004483]]]}},{"type":"Feature","properties":{"type":"village","name":"Herur (K)","taluk":"Chitapur","district":"Kalaburagi","village_code":"620590"},"geometry":{"type":"Polygon","coordinates":[[[77.03471774790196,17.440998954830782],[77.03579670360992,17.451382002133176],[77.03441592205134,17.46851543568453],[77.03489955523737,17.47708646113493],[77.01842800666186,17.465428231378873],[77.01519986038272,17.455921046659856],[77.00937284127424,17.45554721297705],[77.00530708426462,17.453909322934027],[76.99970159060351,17.453219097930017],[76.99819338481849,17.44837634579872],[76.99775382118368,17.445625288281594],[76.99943056169579,17.44350571263867],[76.99948961784087,17.439755999391966],[77.00047904205773,17.438225107301978],[77.00592204665361,17.434776923749908],[77.00939347737294,17.43777217705927],[77.00934411943967,17.440996856855033],[77.01558519631713,17.448903268714464],[77.01798655387,17.449029505973453],[77.01952504635484,17.44794030620749],[77.02222738444365,17.438744523715876],[77.02435747683188,17.43717870328229],[77.02633556798584,17.432263169812003],[77.02771939124,17.432502315202132],[77.02963251084267,17.438475794187898],[77.03471774790196,17.440998954830782]]]}},{"type":"Feature","properties":{"type":"village","name":"Ashta","taluk":"Gulbarga","district":"Kalaburagi","village_code":"620231"},"geometry":{"type":"Polygon","coordinates":[[[76.79455444038513,17.457584661046482],[76.79042293118829,17.46499203722043],[76.78599367898381,17.464488573212673],[76.78357828255967,17.46567561777391],[76.7814508150487,17.465277037927944],[76.77599296758935,17.46925899427877],[76.77178196916798,17.473923647087105],[76.7542934648088,17.467286008023954],[76.75139387015828,17.467148655799043],[76.75250536913408,17.459274892781128],[76.75685416732341,17.45284427577037],[76.76875676039636,17.438719542239355],[76.77410060625623,17.43526177172107],[76.78150835124433,17.4265145381917],[76.78609751794244,17.425310449961597],[76.78933433386239,17.425439718788745],[76.7883046067303,17.425568966097153],[76.79071618172124,17.441617200147324],[76.79456981055968,17.454756540629727],[76.79455444038513,17.457584661046482]]]}},{"type":"Feature","properties":{"type":"village","name":"Tellur","taluk":"Afzalpur","district":"Kalaburagi","village_code":"620069"},"geometry":{"type":"Polygon","coordinates":[[[76.70264311715604,17.495522151093734],[76.67806878717568,17.500675632807702],[76.67449839624801,17.494618194619868],[76.6701281750358,17.489649640730736],[76.66615880186627,17.486722939724977],[76.67302499838364,17.477238703839042],[76.68102532243877,17.46900534464215],[76.68955449637976,17.467566221974003],[76.70376326061977,17.46160235459664],[76.70626158412108,17.469643012989952],[76.70754740477099,17.481759144834587],[76.7048077057495,17.492995896400778],[76.70264311715604,17.495522151093734]]]}},{"type":"Feature","properties":{"type":"village","name":" ","taluk":"Gulbarga","district":"Kalaburagi","village_code":" "},"geometry":{"type":"Polygon","coordinates":[[[76.92629461001307,17.49053510511373],[76.90728886641038,17.49035814075698],[76.89998711993087,17.491633105358417],[76.8980092758136,17.48737306894618],[76.90145011171103,17.483378983131747],[76.90589395525068,17.482036623799992],[76.91029958625477,17.478132599981706],[76.91504464119738,17.477359225152824],[76.91630647772755,17.478330304065704],[76.9258489737669,17.479272429588136],[76.92889040341764,17.480387557331508],[76.92899363870838,17.479249054238775],[76.93012864479853,17.478904616862852],[76.92926793838208,17.48354085975157],[76.92629461001307,17.49053510511373]]]}},{"type":"Feature","properties":{"type":"village","name":"Allapur.J","taluk":"Afzalpur","district":"Kalaburagi","village_code":"620049"},"geometry":{"type":"Polygon","coordinates":[[[76.44051508825416,17.492841440134246],[76.42084195927747,17.50057320921361],[76.41597832132742,17.500946143359272],[76.41366974716696,17.474520768800947],[76.41175839724536,17.46491511384256],[76.44234902405954,17.470131240286968],[76.44062420571343,17.475976721608863],[76.43975998418928,17.484266531826012],[76.44051508825416,17.492841440134246]]]}},{"type":"Feature","properties":{"type":"village","name":"Rummungud","taluk":"Chincholi","district":"Kalaburagi","village_code":"620406"},"geometry":{"type":"Polygon","coordinates":[[[77.21336789944577,17.480487743117124],[77.19835129105054,17.48755690172374],[77.1845891449153,17.48658980478255],[77.17853040537926,17.48422970001651],[77.17649412675107,17.48000631001026],[77.17928586517698,17.478143453593272],[77.17814909120239,17.474873627095768],[77.17417325285778,17.473012447291197],[77.16724079031684,17.47589801376532],[77.16643809081324,17.470893639262332],[77.16196492266945,17.465853024303875],[77.16630578334494,17.46116277928929],[77.16655346773338,17.45779041437532],[77.17137931894929,17.45417864757812],[77.17295120271156,17.448330672961156],[77.17991903462018,17.448862629905214],[77.18599421691917,17.441795534248335],[77.19051364111358,17.443633605081455],[77.2033612555772,17.445809217202115],[77.20828106069035,17.442991341272158],[77.21132301316057,17.446873361071372],[77.21184698788939,17.454253631061366],[77.21483049506888,17.45904398419587],[77.2161576292387,17.46335814218006],[77.21615992084101,17.467990811113005],[77.21336789944577,17.480487743117124]]]}},{"type":"Feature","properties":{"type":"village","name":"Magdampur","taluk":"Chincholi","district":"Kalaburagi","village_code":"620376"},"geometry":{"type":"Polygon","coordinates":[[[77.65717147461436,17.506586797942536],[77.6533671893362,17.493898127701762],[77.65235518596464,17.4827378910791],[77.6554793738092,17.48308641593206],[77.65740446525972,17.480922088807574],[77.67056679460167,17.477892654200627],[77.67667287265822,17.47838823505059],[77.68552252955998,17.475444625351127],[77.68865305322227,17.475344338250558],[77.68967092798248,17.482815069968353],[77.68804433322619,17.48942957306658],[77.69229502281007,17.49632459381181],[77.69255794442238,17.498938028176998],[77.6888380010679,17.510942206150517],[77.68775536765715,17.51182349839625],[77.6860076719157,17.50919920830069],[77.68345541715803,17.50817893207819],[77.67753284604939,17.50998309464818],[77.6754937440163,17.50862375498878],[77.67205942180304,17.508461472356707],[77.6702298311487,17.50625790422653],[77.6629980499551,17.50266767374424],[77.65717147461436,17.506586797942536]]]}},{"type":"Feature","properties":{"type":"village","name":"Yankanchi","taluk":"Gulbarga","district":"Kalaburagi","village_code":"620227"},"geometry":{"type":"Polygon","coordinates":[[[76.96519780539367,17.494565158357492],[76.9592444346472,17.499437832811047],[76.94963563575334,17.48893776475912],[76.94818339590884,17.483331745099623],[76.94547061131155,17.480314824366747],[76.94288168373073,17.468438161614493],[76.94438287636832,17.467055546611086],[76.95869185037324,17.464524798043694],[76.96396705775886,17.466763344770428],[76.95956042333663,17.469859926418184],[76.96519780539367,17.494565158357492]]]}},{"type":"Feature","properties":{"type":"village","name":"Dhotikol","taluk":"Chincholi","district":"Kalaburagi","village_code":"620410"},"geometry":{"type":"Polygon","coordinates":[[[77.305400027216,17.486522192833093],[77.29876628235479,17.490040502391942],[77.2926623997808,17.491510640047164],[77.28731783796363,17.491085106784613],[77.28263555639472,17.489127849663443],[77.28347940502653,17.494764959070555],[77.29085119943696,17.49832299238167],[77.29223542244144,17.500932793728794],[77.28604733179267,17.501957437988263],[77.2819401956861,17.505099856988707],[77.27403930255653,17.505891017368008],[77.271392624981,17.500931175358023],[77.27240230530923,17.493523727727123],[77.27200120663656,17.485364677877797],[77.26756215381228,17.475273741980068],[77.26264436092536,17.455779423411528],[77.2720433340301,17.457629683719713],[77.27666430019096,17.457124267818287],[77.28337769058355,17.460280232923886],[77.28993889558724,17.459352241864494],[77.29277785215942,17.460470659681857],[77.29741364142079,17.46660019187639],[77.2976198281347,17.469067399351395],[77.29536869405014,17.474491611615722],[77.29781962333534,17.47621917277677],[77.3020346408193,17.47738878802314],[77.30177655034662,17.48319467573849],[77.305400027216,17.486522192833093]]]}},{"type":"Feature","properties":{"type":"village","name":"Revai","taluk":"Chitapur","district":"Kalaburagi","village_code":"620593"},"geometry":{"type":"Polygon","coordinates":[[[77.0917298376517,17.50336476202874],[77.08247130805677,17.504184043193494],[77.0778957679032,17.492298847167795],[77.0768176628998,17.48069278595727],[77.08091160095822,17.480080642804417],[77.09504117511266,17.481240025850607],[77.0917298376517,17.50336476202874]]]}},{"type":"Feature","properties":{"type":"village","name":"Madan Hipperga","taluk":"Afzalpur","district":"Kalaburagi","village_code":"620055"},"geometry":{"type":"Polygon","coordinates":[[[76.3939881991794,17.47390111505925],[76.38606063237407,17.474239971751846],[76.38012045698079,17.480335362611154],[76.37779506995149,17.487069841875044],[76.3754676383566,17.489742865162352],[76.36830363325454,17.48320329703803],[76.35042102899708,17.47417715791409],[76.34459430633264,17.47269069566711],[76.33327331491397,17.471764321359743],[76.33141006618257,17.47063768090641],[76.33074728557268,17.470195741001763],[76.33100988828306,17.45566823111001],[76.33349066678855,17.45548510481522],[76.33374866742973,17.4512973260196],[76.33332206917937,17.433903632615923],[76.35354289559494,17.43730360311545],[76.37156943511377,17.436426266859886],[76.37225998085246,17.438233809576893],[76.38434527867777,17.440007817155447],[76.39272362278764,17.438851556907117],[76.3948705091801,17.4377142580117],[76.39403526461209,17.44141832067031],[76.39469405760039,17.449830856220483],[76.39619152582281,17.45689742012373],[76.40015136157899,17.463278612244327],[76.39571202039552,17.472230420316315],[76.3939881991794,17.47390111505925]]]}},{"type":"Feature","properties":{"type":"village","name":"Kurikota","taluk":"Gulbarga","district":"Kalaburagi","village_code":"620217"},"geometry":{"type":"Polygon","coordinates":[[[76.9592444346472,17.499437832811047],[76.93812637990901,17.50376360025275],[76.92376309376203,17.50405863408431],[76.91674959060606,17.502313085670952],[76.92571590362893,17.491858950172556],[76.92926793838208,17.48354085975157],[76.93151553040946,17.474744173967206],[76.93485677637952,17.471467858992487],[76.9382832185711,17.469899178395647],[76.94050985110627,17.470056607805603],[76.94288168373073,17.468438161614493],[76.94547061131155,17.480314824366747],[76.94818339590884,17.483331745099623],[76.94963563575334,17.48893776475912],[76.9592444346472,17.499437832811047]]]}},{"type":"Feature","properties":{"type":"village","name":"Hudadhalli","taluk":"Chincholi","district":"Kalaburagi","village_code":"620413"},"geometry":{"type":"Polygon","coordinates":[[[77.35672829560173,17.455773437638445],[77.35649875358874,17.458414045131544],[77.35491128495464,17.46020814404591],[77.35253014578385,17.46191749669873],[77.34923207823623,17.46203554480927],[77.34184116767656,17.468297384421156],[77.33207124605504,17.463581190859102],[77.32987673278284,17.458485615417505],[77.32159797680369,17.45340532183403],[77.32196563209666,17.447544406776817],[77.32090009182916,17.44286375261658],[77.33019355780377,17.443187797134904],[77.33770708390814,17.437925099677106],[77.3407932200156,17.437248608118665],[77.34700041244054,17.437706691279004],[77.34716453015135,17.44550061011036],[77.34852184232483,17.44949561683069],[77.35222474104513,17.453795615182266],[77.35672829560173,17.455773437638445]]]}},{"type":"Feature","properties":{"type":"village","name":"Gola (B)","taluk":"Afzalpur","district":"Kalaburagi","village_code":"620070"},"geometry":{"type":"Polygon","coordinates":[[[76.73003301427353,17.493242008996518],[76.72920949092335,17.50092067779453],[76.72040378319853,17.50342567071524],[76.71628453780197,17.503414036425205],[76.70694582638141,17.5009219063513],[76.70264311715604,17.495522151093734],[76.7048077057495,17.492995896400778],[76.70754740477099,17.481759144834587],[76.70626158412108,17.469643012989952],[76.69974349196282,17.450277792838275],[76.69796280828753,17.446488014018104],[76.69541488610444,17.444840523031264],[76.69954399410452,17.439885323976224],[76.70480077434877,17.430185617739763],[76.7167736309483,17.42812669800535],[76.72015949713678,17.431350434962855],[76.72259331980406,17.437763000823935],[76.72580767604529,17.43739550194724],[76.73100703597652,17.435061699165338],[76.7384525137998,17.434840843903302],[76.73357140182087,17.449946426079837],[76.74726462561428,17.451501818993773],[76.75796112621371,17.451543826647345],[76.75250536913408,17.459274892781128],[76.75139387015828,17.467148655799043],[76.74794598428254,17.470945874393184],[76.73767398975716,17.470134107404814],[76.73689325765551,17.471268496257732],[76.73003301427353,17.493242008996518]]]}},{"type":"Feature","properties":{"type":"village","name":"Tadkal","taluk":"Gulbarga","district":"Kalaburagi","village_code":"620215"},"geometry":{"type":"Polygon","coordinates":[[[77.04643541468884,17.50641707811974],[77.04339854668314,17.511668724027558],[77.0383387544043,17.510521807980254],[77.03548599521778,17.507814836807054],[77.02020158825654,17.50453187497083],[77.01887384862223,17.503258738286473],[77.01858618291541,17.50092608807073],[77.01950083136802,17.498707645414637],[77.02331255559508,17.495984593365733],[77.02459200898628,17.49323746040256],[77.02837890108391,17.49235373301087],[77.02781217822569,17.490037120659736],[77.02632211301952,17.488537565116296],[77.02523951823632,17.47763663114203],[77.02562038415387,17.4735037622554],[77.02692413607515,17.47197261899775],[77.03637527165351,17.478023769076785],[77.04082820614383,17.478924797965078],[77.04401877140306,17.48156453932978],[77.04434603394927,17.486687816874618],[77.04610543833216,17.489697374058423],[77.04522400329054,17.49212304802905],[77.04676158308702,17.49656011583966],[77.04643541468884,17.50641707811974]]]}},{"type":"Feature","properties":{"type":"village","name":"Dhuttagaon","taluk":"Afzalpur","district":"Kalaburagi","village_code":"620065"},"geometry":{"type":"Polygon","coordinates":[[[76.61165610016715,17.501785869300736],[76.60587880370798,17.509831579281254],[76.60404797787012,17.513958897814806],[76.59813601406839,17.514587826398078],[76.58856997228709,17.511145054077016],[76.58394489543548,17.51292057929115],[76.58880060036324,17.506377625843626],[76.58929021543075,17.500915628203234],[76.58586969134024,17.49092309294062],[76.58641330234283,17.488452687800564],[76.59523332023014,17.474842296977645],[76.59635892365417,17.471603236295707],[76.59276613413324,17.451177779826544],[76.58208244889963,17.427502432270284],[76.5822570661195,17.42544687805565],[76.59682205009894,17.43013009607227],[76.60528722266918,17.44380204568156],[76.61628627585633,17.45282047026184],[76.61875256543456,17.456353497985365],[76.6202396527256,17.467458249355047],[76.62354880728043,17.473697386704924],[76.62418891620916,17.48723262770061],[76.62531878303756,17.489581880837893],[76.61016833913969,17.496267408777538],[76.60895511134788,17.49952876215499],[76.61165610016715,17.501785869300736]]]}},{"type":"Feature","properties":{"type":"village","name":"Korhalli","taluk":"Afzalpur","district":"Kalaburagi","village_code":"620064"},"geometry":{"type":"Polygon","coordinates":[[[76.5957004396863,17.468223840292918],[76.59592084044297,17.47343738189702],[76.58641330234283,17.488452687800564],[76.58586969134024,17.49092309294062],[76.58929021543075,17.500915628203234],[76.58880060036324,17.506377625843626],[76.58394489543548,17.51292057929115],[76.57845662742736,17.506013963027307],[76.57558942333108,17.505355869648973],[76.57284771657491,17.50259252858343],[76.56777221186346,17.50269501358023],[76.5652727097725,17.501119774139863],[76.5600157723231,17.501960644725933],[76.54732167904321,17.483367279013343],[76.54837232703993,17.459066631177162],[76.55300911612623,17.45825070822954],[76.56244184881766,17.458823264244742],[76.57518750988645,17.46272587266153],[76.5817954686074,17.466495329218265],[76.5957004396863,17.468223840292918]]]}},{"type":"Feature","properties":{"type":"village","name":"Nellur","taluk":"Afzalpur","district":"Kalaburagi","village_code":"620067"},"geometry":{"type":"Polygon","coordinates":[[[76.65151351209371,17.512361550051693],[76.64576232337161,17.513660961376722],[76.63887140611592,17.51351241060331],[76.6372611678843,17.514673563595696],[76.63480558622423,17.512234123108605],[76.62590666571231,17.511712420876687],[76.62215406859725,17.50779993790787],[76.61918792225892,17.50708831293679],[76.61628300958195,17.505057393074527],[76.61549678607898,17.50258621622402],[76.61274259184206,17.502373646878702],[76.60979065325826,17.50092542410175],[76.60895511134788,17.49952876215499],[76.61016833913969,17.496267408777538],[76.629932436912,17.487661831927795],[76.63372220182193,17.487232566011105],[76.63634920988596,17.48822185821195],[76.6415181690314,17.48559222695392],[76.64785477185787,17.485320618261103],[76.65162304187967,17.499885459812848],[76.65075400538561,17.50193918279972],[76.65138086596053,17.506581111975077],[76.65052659687143,17.50878814666405],[76.65151351209371,17.512361550051693]]]}},{"type":"Feature","properties":{"type":"village","name":"Aurad (K)","taluk":"Gulbarga","district":"Kalaburagi","village_code":"620312"},"geometry":{"type":"Polygon","coordinates":[[[76.91717910478779,17.465219564640662],[76.91253348885554,17.467298608629324],[76.9011325060541,17.46769784728367],[76.89063985475218,17.46655129482272],[76.88269387338184,17.46344342795028],[76.87955877909143,17.458446823724437],[76.87807120132027,17.44759061028526],[76.87366583262421,17.430630806093653],[76.86607009539998,17.424856773704633],[76.86166094838984,17.417510537100814],[76.88239082133084,17.415279332251295],[76.88700776483587,17.421852559072438],[76.90027952694574,17.42565999232332],[76.9070064271019,17.435697640223424],[76.90813750126603,17.444263188157844],[76.91318565856528,17.456862437198186],[76.9167784337132,17.462743904703323],[76.91717910478779,17.465219564640662]]]}},{"type":"Feature","properties":{"type":"village","name":"Rustumpur","taluk":"Chincholi","district":"Kalaburagi","village_code":"620409"},"geometry":{"type":"Polygon","coordinates":[[[77.32159797680369,17.45340532183403],[77.31761032022321,17.459616412606277],[77.31459372090524,17.461934493663886],[77.31122487958801,17.462627410637968],[77.29461121933119,17.462350341681685],[77.28993889558724,17.459352241864494],[77.28337769058355,17.460280232923886],[77.27666430019096,17.457124267818287],[77.27789239779565,17.4360760123511],[77.29750256385414,17.43376584213439],[77.30184019957775,17.434546188110797],[77.31111380020819,17.43993233074024],[77.31174785628856,17.44220077900731],[77.3131758497052,17.4434369268778],[77.31642058876595,17.443674929802217],[77.31883597171537,17.44560535116083],[77.32138406278173,17.446206999783847],[77.32159797680369,17.45340532183403]]]}},{"type":"Feature","properties":{"type":"village","name":"Shadipur","taluk":"Chincholi","district":"Kalaburagi","village_code":"620385"},"geometry":{"type":"Polygon","coordinates":[[[77.57596287910624,17.480440741676336],[77.5698574720912,17.48118846542691],[77.56446244920959,17.48036929569299],[77.5586228581787,17.482087574782224],[77.55269525291122,17.481705052640997],[77.5487048933,17.474836831943357],[77.54555653628273,17.464048704953466],[77.54215641922055,17.461398817284582],[77.5378056582123,17.455401675754302],[77.53293471156913,17.4516171624115],[77.53534461120206,17.44903221659637],[77.53633985201037,17.445853385790926],[77.5359799123474,17.44341446306735],[77.53796120060542,17.443599936825272],[77.55272948411341,17.437054477849983],[77.56154961339179,17.437617782789072],[77.57590217006104,17.43071858237793],[77.57523263771346,17.445772164222173],[77.57714148133543,17.458532367160515],[77.57596287910624,17.480440741676336]]]}},{"type":"Feature","properties":{"type":"village","name":"Bhoglingdhalli","taluk":"Chincholi","district":"Kalaburagi","village_code":"620388"},"geometry":{"type":"Polygon","coordinates":[[[77.50047842764027,17.460065106773623],[77.50376376426368,17.46536976670412],[77.50447172025088,17.46823155828473],[77.50503531966686,17.474749429074187],[77.50413470559394,17.476906238813118],[77.50408366062456,17.482515360259598],[77.50591323061764,17.487224015160034],[77.50238767011422,17.486585969738044],[77.49027940326542,17.474965430720086],[77.48512804301471,17.473140161358515],[77.47385855380793,17.479137063130654],[77.4657441266437,17.47749890286095],[77.46002833783201,17.4752669813939],[77.45078664895372,17.47669247413122],[77.44445420083545,17.47567908193181],[77.43914668643893,17.48003105533766],[77.43685396844154,17.48084425278439],[77.43401369404086,17.479338568760845],[77.42965540604887,17.473855382643052],[77.4266743827111,17.473009787580168],[77.42358789536239,17.473433703381314],[77.42377290968335,17.472003033615387],[77.42232677119625,17.471901227957026],[77.42136040583443,17.462763200691338],[77.42266873197714,17.462774924129892],[77.42553890320882,17.451298869418604],[77.42828057313405,17.45128617429701],[77.42996963943017,17.447897191357374],[77.42871761609622,17.44741687186952],[77.42899248260682,17.44554228577588],[77.43615307860239,17.445299985739968],[77.43640314891623,17.444386687085824],[77.43895691464022,17.444313818906206],[77.4396020110154,17.438373295314364],[77.44207076197755,17.43820323934201],[77.44674062074436,17.44119354540352],[77.45797353414608,17.440393751249086],[77.46442818099075,17.441203543343885],[77.4649404273152,17.44292988701356],[77.46161019558885,17.44878810525903],[77.45580031813262,17.45102485289776],[77.45208566944842,17.455939374164643],[77.45179998542515,17.458106150073124],[77.45426972902567,17.459654043769103],[77.49420606244148,17.45756107296262],[77.49635779165163,17.45772907136648],[77.50047842764027,17.460065106773623]]]}},{"type":"Feature","properties":{"type":"village","name":"Lachmasagar","taluk":"Chincholi","district":"Kalaburagi","village_code":"620382"},"geometry":{"type":"Polygon","coordinates":[[[77.62975416630428,17.510875530196078],[77.62178919904039,17.510110193344833],[77.61184977700286,17.50642513289055],[77.61155714001927,17.500647985956576],[77.60671802607649,17.494764457007324],[77.60548792702534,17.49019411196434],[77.61244570409096,17.48540313310729],[77.61440983991697,17.485176181846867],[77.62572128044754,17.486607284393468],[77.63002823421263,17.488810062637967],[77.63161386399537,17.491898479283513],[77.62996926789906,17.4967525822608],[77.63243364855732,17.50238611740118],[77.63073233103736,17.504712564237256],[77.63113648128707,17.50681449179341],[77.62975416630428,17.510875530196078]]]}},{"type":"Feature","properties":{"type":"village","name":" ","taluk":"Afzalpur","district":"Kalaburagi","village_code":" "},"geometry":{"type":"Polygon","coordinates":[[[76.5222206102179,17.502468175576638],[76.50866466516959,17.50419983509017],[76.50687704470363,17.49912280624178],[76.50744144272193,17.49272601231205],[76.50964464988945,17.485467301108628],[76.51706584714891,17.466578291331277],[76.52334578334892,17.4573473644068],[76.53462349303886,17.458012552093415],[76.5434765976747,17.459900407123563],[76.54837232703993,17.459066631177162],[76.54732167904321,17.483367279013343],[76.55137667603235,17.48877611999252],[76.52957989289304,17.49396830206876],[76.52068514864882,17.49874727241862],[76.5222206102179,17.502468175576638]]]}},{"type":"Feature","properties":{"type":"village","name":"Kagganmardi","taluk":"Gulbarga","district":"Kalaburagi","village_code":"620223"},"geometry":{"type":"Polygon","coordinates":[[[76.8980092758136,17.48737306894618],[76.88049157620769,17.48816470061678],[76.87857539155324,17.481979900384186],[76.88045361160717,17.476874806223222],[76.87996393006433,17.472777196387312],[76.88269387338184,17.46344342795028],[76.88655859192245,17.4654627370792],[76.89576615919297,17.467400235200408],[76.8980092758136,17.48737306894618]]]}},{"type":"Feature","properties":{"type":"village","name":"Rikkenalur","taluk":"Afzalpur","district":"Kalaburagi","village_code":"620005"},"geometry":{"type":"Polygon","coordinates":[[[76.75035954814354,17.490844221921215],[76.73003301427353,17.493242008996518],[76.73767398975716,17.470134107404814],[76.74794598428254,17.470945874393184],[76.75035954814354,17.490844221921215]]]}},{"type":"Feature","properties":{"type":"village","name":"Neemahosalli","taluk":"Chincholi","district":"Kalaburagi","village_code":"620391"},"geometry":{"type":"Polygon","coordinates":[[[77.42092605242824,17.474866756817057],[77.4183954812049,17.478815639364928],[77.41593905333184,17.475384057744762],[77.41290492339111,17.473404151007756],[77.40362700276249,17.470375633215195],[77.39616647456492,17.47140902266039],[77.39410277486272,17.470359725273184],[77.39226824527097,17.46780387719054],[77.38630668099078,17.4646219316954],[77.38953998719292,17.46417107906438],[77.39025415682696,17.462647595258584],[77.38974244769504,17.459516109931904],[77.39270520918136,17.45784858583967],[77.40007546298106,17.44517793061284],[77.40116889234488,17.44558405570131],[77.40455446658096,17.44331538899176],[77.40705858601245,17.443145761845656],[77.41023384936912,17.448384217174105],[77.41350464496298,17.445683774717804],[77.42123595592992,17.449911673202998],[77.42078212165846,17.45316245637351],[77.41722732997572,17.456047063964544],[77.41647655938377,17.457801563985985],[77.41602683490478,17.46222357893532],[77.41697936261797,17.46674144681564],[77.42053620335788,17.47133085781314],[77.42092605242824,17.474866756817057]]]}},{"type":"Feature","properties":{"type":"village","name":"Tondkal","taluk":"Gulbarga","district":"Kalaburagi","village_code":"620226"},"geometry":{"type":"Polygon","coordinates":[[[76.94438287636832,17.467055546611086],[76.94050985110627,17.470056607805603],[76.9382832185711,17.469899178395647],[76.93485677637952,17.471467858992487],[76.93058619899355,17.468225283292615],[76.9286271278691,17.465357010866068],[76.9279205472026,17.46362236709577],[76.92949146797086,17.459271347660454],[76.93019256262593,17.458399233877625],[76.94510336385373,17.455376862808247],[76.95059280057005,17.458067520260148],[76.9492310893466,17.466209825704734],[76.94438287636832,17.467055546611086]]]}},{"type":"Feature","properties":{"type":"village","name":"Jilwarsha","taluk":"Chincholi","district":"Kalaburagi","village_code":"620380"},"geometry":{"type":"Polygon","coordinates":[[[77.57622668555909,17.456171478695154],[77.58427931761493,17.454507626883885],[77.58704282827968,17.45195105932026],[77.59470170539026,17.44900674976542],[77.59774758978645,17.44624675905474],[77.6029583861696,17.44415565336888],[77.61431127586567,17.44595041541628],[77.61404316378767,17.46453639283305],[77.61304037174106,17.46683135137792],[77.615271280257,17.472894348887117],[77.58695962631803,17.46341708908451],[77.57706977780944,17.461257451943172],[77.57622668555909,17.456171478695154]]]}},{"type":"Feature","properties":{"type":"village","name":"Chincholi (TP)","taluk":"Chincholi","district":"Kalaburagi","village_code":"803208"},"geometry":{"type":"Polygon","coordinates":[[[77.42377290968335,17.472003033615387],[77.4236046462475,17.474898949785747],[77.42092605242824,17.474866756817057],[77.42053620335788,17.47133085781314],[77.41697936261797,17.46674144681564],[77.41602683490478,17.46222357893532],[77.41722732997572,17.456047063964544],[77.42078212165846,17.45316245637351],[77.42258183614308,17.44129012928971],[77.42220498210163,17.43617134338516],[77.4396020110154,17.438373295314364],[77.43895691464022,17.444313818906206],[77.43640314891623,17.444386687085824],[77.43615307860239,17.445299985739968],[77.42899248260682,17.44554228577588],[77.42871761609622,17.44741687186952],[77.42996963943017,17.447897191357374],[77.42828057313405,17.45128617429701],[77.42553890320882,17.451298869418604],[77.42266873197714,17.462774924129892],[77.42136040583443,17.462763200691338],[77.42232677119625,17.471901227957026],[77.42377290968335,17.472003033615387]]]}},{"type":"Feature","properties":{"type":"village","name":"Pochawaram","taluk":"Chincholi","district":"Kalaburagi","village_code":"620379"},"geometry":{"type":"Polygon","coordinates":[[[77.61608092014448,17.473639830389516],[77.63839891299816,17.473549509326617],[77.64055045535875,17.47646785720107],[77.64482499790836,17.477569868424947],[77.64592939480352,17.480964430692257],[77.61361982732015,17.48005113435189],[77.61608092014448,17.473639830389516]]]}},{"type":"Feature","properties":{"type":"village","name":"Siradhone","taluk":"Gulbarga","district":"Kalaburagi","village_code":"620218"},"geometry":{"type":"Polygon","coordinates":[[[76.92629461001307,17.49053510511373],[76.91492953197522,17.505257544641648],[76.91466083419564,17.510110518887338],[76.91167748601794,17.513621333342662],[76.90783373415606,17.51459253893809],[76.90582647200989,17.50860756425548],[76.90260190012727,17.5031892460317],[76.89998711993087,17.491633105358417],[76.90728886641038,17.49035814075698],[76.92629461001307,17.49053510511373]]]}},{"type":"Feature","properties":{"type":"village","name":"Kawalga","taluk":"Afzalpur","district":"Kalaburagi","village_code":"620061"},"geometry":{"type":"Polygon","coordinates":[[[76.50866466516959,17.50419983509017],[76.49937894087606,17.505684963755293],[76.47934470981637,17.50540916919983],[76.47945341764387,17.501641379142846],[76.4699804116816,17.502597819724937],[76.46809808812345,17.497451762289],[76.46741806704664,17.482764425931403],[76.46564875604281,17.47893758284171],[76.46457265518085,17.468966664870976],[76.46211602339021,17.466309669680438],[76.46463067197516,17.461218660840373],[76.46606159120466,17.461196386030466],[76.4677566816031,17.458711869850802],[76.47634259762904,17.456969376629015],[76.49898331204518,17.457965915903443],[76.50557982622941,17.4598400999938],[76.51743881418012,17.456752351012977],[76.52334578334892,17.4573473644068],[76.51420508756645,17.472250992034187],[76.50964464988945,17.485467301108628],[76.50685513030228,17.496619959290946],[76.50723046978419,17.50128502676804],[76.50866466516959,17.50419983509017]]]}},{"type":"Feature","properties":{"type":"village","name":"Keroor","taluk":"Afzalpur","district":"Kalaburagi","village_code":"620243"},"geometry":{"type":"Polygon","coordinates":[[[76.40815097237181,17.505627498951746],[76.40069224709303,17.50722310600869],[76.38680791570609,17.50646097498866],[76.37662884920188,17.499685829222848],[76.37474800876225,17.495651652834812],[76.3754676383566,17.489742865162352],[76.37779506995149,17.487069841875044],[76.38012045698079,17.480335362611154],[76.38606063237407,17.474239971751846],[76.3939881991794,17.47390111505925],[76.40108704857556,17.482380159867926],[76.40457672856988,17.48901848384533],[76.40649434873217,17.495235904908256],[76.40832652204293,17.502110516598876],[76.40815097237181,17.505627498951746]]]}},{"type":"Feature","properties":{"type":"village","name":"Dargasirur","taluk":"Afzalpur","district":"Kalaburagi","village_code":"620054"},"geometry":{"type":"Polygon","coordinates":[[[76.41744150894029,17.503065647350482],[76.41422037940185,17.504668010700993],[76.40815097237181,17.505627498951746],[76.40832652204293,17.502110516598876],[76.40457672856988,17.48901848384533],[76.40108704857556,17.482380159867926],[76.3939881991794,17.47390111505925],[76.39571202039552,17.472230420316315],[76.40015136157899,17.463278612244327],[76.41175839724536,17.46491511384256],[76.41366974716696,17.474520768800947],[76.41587492883147,17.50040848368783],[76.41744150894029,17.503065647350482]]]}},{"type":"Feature","properties":{"type":"village","name":"Bablad (T.K.)","taluk":"Gulbarga","district":"Kalaburagi","village_code":"620221"},"geometry":{"type":"Polygon","coordinates":[[[76.85723849912699,17.5161305492066],[76.84901557613772,17.515237456723327],[76.8422353232402,17.511426801591185],[76.8402911704377,17.489905066837345],[76.83385583737163,17.488512282880365],[76.83355095994398,17.483583336403644],[76.84831504203137,17.478679769603104],[76.85867178272237,17.477867829752846],[76.85995214790358,17.478925104713024],[76.86210305605358,17.4851417312925],[76.86725799339573,17.486023031279004],[76.86871696611328,17.49761115894112],[76.86684849906841,17.514934248734743],[76.85723849912699,17.5161305492066]]]}},{"type":"Feature","properties":{"type":"village","name":"Kadbur","taluk":"Gulbarga","district":"Kalaburagi","village_code":"620229"},"geometry":{"type":"Polygon","coordinates":[[[76.97973410436941,17.45803211166201],[76.9778012703395,17.46119101484791],[76.97382501876984,17.46356028825124],[76.97177098583839,17.469285282600353],[76.96754426689954,17.47021789817536],[76.96364006740221,17.466474396096608],[76.95992052739128,17.464732109954895],[76.9492310893466,17.466209825704734],[76.94937544771446,17.462468272971176],[76.95085655671726,17.45846046868715],[76.94510336385373,17.455376862808247],[76.94543622559912,17.45187547415706],[76.9542003368347,17.451614781759048],[76.96274406527995,17.453169945338477],[76.9654830932599,17.452355555657835],[76.97896826633519,17.45218650680411],[76.97973410436941,17.45803211166201]]]}},{"type":"Feature","properties":{"type":"village","name":"Madgunki","taluk":"Afzalpur","district":"Kalaburagi","village_code":"620058"},"geometry":{"type":"Polygon","coordinates":[[[76.42981442935327,17.430804293095502],[76.42585629231134,17.4310377357862],[76.42259907115972,17.431849646067516],[76.42241050939168,17.432635738225922],[76.42223597661345,17.466649951810773],[76.40015136157899,17.463278612244327],[76.39619152582281,17.45689742012373],[76.39403526461209,17.44141832067031],[76.39985643209481,17.417382298069526],[76.41839141806443,17.411273911120556],[76.4231689354265,17.419882297100692],[76.42484927369132,17.419205272389632],[76.42768599884835,17.421650478185793],[76.42981442935327,17.430804293095502]]]}},{"type":"Feature","properties":{"type":"village","name":"Gongi","taluk":"Chincholi","district":"Kalaburagi","village_code":"620341"},"geometry":{"type":"Polygon","coordinates":[[[77.10681589210661,17.49239907437147],[77.09795267423728,17.49246319620866],[77.09393654465553,17.49399407618699],[77.0931645396869,17.49341115338087],[77.09500710470888,17.482898631270476],[77.09507339498697,17.474001797111136],[77.0975613079124,17.47354361839252],[77.10468748405954,17.47464094403034],[77.10545412698423,17.47677849568519],[77.1070670655516,17.47787570413795],[77.1062824733892,17.47847274862149],[77.10655002581677,17.485985821974406],[77.10544809569542,17.488836410680683],[77.10681589210661,17.49239907437147]]]}},{"type":"Feature","properties":{"type":"village","name":"Khudavandpur","taluk":"Chincholi","district":"Kalaburagi","village_code":"620411"},"geometry":{"type":"Polygon","coordinates":[[[77.32104636989675,17.507107174155042],[77.31823010836192,17.509320050248974],[77.31021569602815,17.51149504764551],[77.29656978919573,17.513586183137303],[77.29016271084026,17.511112255852343],[77.28242129382643,17.512662799685497],[77.28027659483168,17.508144012128415],[77.27403930255653,17.505891017368008],[77.2819401956861,17.505099856988707],[77.28604733179267,17.501957437988263],[77.29223542244144,17.500932793728794],[77.29085119943696,17.49832299238167],[77.28347940502653,17.494764959070555],[77.28263555639472,17.489127849663443],[77.28731783796363,17.491085106784613],[77.2926623997808,17.491510640047164],[77.29876628235479,17.490040502391942],[77.305400027216,17.486522192833093],[77.31199563140683,17.490519266620172],[77.31428777897402,17.4934314639592],[77.3158735003849,17.499102523715187],[77.3139444823983,17.500931336424035],[77.31458675626685,17.506554063147767],[77.32104636989675,17.507107174155042]]]}},{"type":"Feature","properties":{"type":"village","name":"Kathalli","taluk":"Gulbarga","district":"Kalaburagi","village_code":"620216"},"geometry":{"type":"Polygon","coordinates":[[[76.9864150781567,17.50917383898598],[76.9752396389669,17.50585176716144],[76.97327370381537,17.50695058212095],[76.9658712499043,17.504655368991862],[76.96123049565435,17.497815133813152],[76.96519780539367,17.494565158357492],[76.97173241667168,17.49443115440034],[76.9817303935944,17.49137216402156],[76.98299589075933,17.501473519804595],[76.98369438479166,17.503651711629303],[76.98609122292032,17.50577751686754],[76.9864150781567,17.50917383898598]]]}},{"type":"Feature","properties":{"type":"village","name":"Yakapur","taluk":"Chincholi","district":"Kalaburagi","village_code":"620445"},"geometry":{"type":"Polygon","coordinates":[[[77.54215641922055,17.461398817284582],[77.53297537201384,17.462524444615923],[77.52048524930402,17.46249256823153],[77.51712790103251,17.458198699115876],[77.51420020438499,17.446422743044348],[77.51521579023786,17.44596589270839],[77.53236594684024,17.451175238915276],[77.5378056582123,17.455401675754302],[77.54215641922055,17.461398817284582]]]}},{"type":"Feature","properties":{"type":"village","name":"Kandagol","taluk":"Chitapur","district":"Kalaburagi","village_code":"620597"},"geometry":{"type":"Polygon","coordinates":[[[77.09504117511266,17.481240025850607],[77.08091160095822,17.480080642804417],[77.0546638200963,17.480517563385064],[77.0544225739335,17.478238891144667],[77.0560326109425,17.47576417942075],[77.05527636062727,17.47325454423859],[77.05803399541176,17.470689391702226],[77.05751576990076,17.464376059736207],[77.05299711466422,17.46267122810022],[77.05110555822161,17.4593776772571],[77.05049170704861,17.456130025694858],[77.05227033358193,17.445866143851422],[77.0518472899652,17.43884883242044],[77.05075988560196,17.43671374707862],[77.0480394841894,17.43612223762006],[77.04539194243456,17.42520683804603],[77.06136015866815,17.43225518803748],[77.06578405960852,17.43227931934138],[77.06876619506058,17.433391734191527],[77.07122588112318,17.435708788614203],[77.08222629076641,17.44098169795118],[77.08149665304147,17.44121949325431],[77.08317372682855,17.455012656703378],[77.08269592370873,17.465281451830435],[77.08610311320714,17.469217169799002],[77.09127619382309,17.470695494377207],[77.09220370076069,17.469846320012334],[77.09462319260422,17.470348208830572],[77.09504117511266,17.481240025850607]]]}},{"type":"Feature","properties":{"type":"village","name":"Garampalli","taluk":"Chincholi","district":"Kalaburagi","village_code":"620352"},"geometry":{"type":"Polygon","coordinates":[[[77.36261876990525,17.45530000821064],[77.36629411819405,17.490330877032548],[77.35346166010592,17.488747053341466],[77.35011079407751,17.484514849674017],[77.34822458081419,17.47686354039234],[77.34184116767656,17.468297384421156],[77.34923207823623,17.46203554480927],[77.35253014578385,17.46191749669873],[77.35491128495464,17.46020814404591],[77.35649875358874,17.458414045131544],[77.35672829560173,17.455773437638445],[77.36261876990525,17.45530000821064]]]}},{"type":"Feature","properties":{"type":"village","name":"Ikkalki","taluk":"Afzalpur","district":"Kalaburagi","village_code":"620048"},"geometry":{"type":"Polygon","coordinates":[[[76.4699804116816,17.502597819724937],[76.46263106796677,17.501986569351775],[76.45197709001961,17.499598786132008],[76.44258929016037,17.499239286364787],[76.44087185596587,17.496116971766746],[76.43975998418928,17.484266531826012],[76.44062420571343,17.475976721608863],[76.44234902405954,17.470131240286968],[76.44527741510477,17.46881740063656],[76.45927753933182,17.46622323786662],[76.46211602339021,17.466309669680438],[76.46457265518085,17.468966664870976],[76.46564875604281,17.47893758284171],[76.46741806704664,17.482764425931403],[76.46809808812345,17.497451762289],[76.4699804116816,17.502597819724937]]]}},{"type":"Feature","properties":{"type":"village","name":"Chindnoor","taluk":"Chincholi","district":"Kalaburagi","village_code":"620381"},"geometry":{"type":"Polygon","coordinates":[[[77.61244570409096,17.48540313310729],[77.60548792702534,17.49019411196434],[77.57596287910624,17.480440741676336],[77.57706977780944,17.461257451943172],[77.58695962631803,17.46341708908451],[77.615271280257,17.472894348887117],[77.61608092014448,17.473639830389516],[77.61244570409096,17.48540313310729]]]}},{"type":"Feature","properties":{"type":"village","name":"Watwati","taluk":"Chitapur","district":"Kalaburagi","village_code":"620591"},"geometry":{"type":"Polygon","coordinates":[[[77.04647983188806,17.432033945416084],[77.04770955634173,17.433101776996324],[77.0480394841894,17.43612223762006],[77.05075988560196,17.43671374707862],[77.0518472899652,17.43884883242044],[77.05227033358193,17.445866143851422],[77.05049170704861,17.456130025694858],[77.05110555822161,17.4593776772571],[77.05299711466422,17.46267122810022],[77.05751576990076,17.464376059736207],[77.05803399541176,17.470689391702226],[77.05527636062727,17.47325454423859],[77.0560326109425,17.47576417942075],[77.0544225739335,17.478238891144667],[77.0546638200963,17.480517563385064],[77.04260727195332,17.480396738274685],[77.04082820614383,17.478924797965078],[77.03489955523737,17.47708646113493],[77.03441592205134,17.46851543568453],[77.03579670360992,17.451382002133176],[77.03471774790196,17.440998954830782],[77.03734405887336,17.440523269067295],[77.04072843835009,17.437845084705003],[77.04349841239328,17.43339526267444],[77.04647983188806,17.432033945416084]]]}},{"type":"Feature","properties":{"type":"village","name":"Dhuttarga","taluk":"Chincholi","district":"Kalaburagi","village_code":"620340"},"geometry":{"type":"Polygon","coordinates":[[[77.40257953031026,17.444449764868445],[77.40116889234488,17.44558405570131],[77.40007546298106,17.44517793061284],[77.39270520918136,17.45784858583967],[77.38974244769504,17.459516109931904],[77.39025415682696,17.462647595258584],[77.38953998719292,17.46417107906438],[77.38630668099078,17.4646219316954],[77.38108584593432,17.454415039117258],[77.38254643382278,17.45018957262828],[77.37968926390823,17.440710423806205],[77.37993610298199,17.438831506775312],[77.38415065064707,17.437172550633818],[77.39176859242846,17.43647814077415],[77.39571841825742,17.43436192558168],[77.39671012778837,17.432614102715124],[77.40105366813836,17.438572214964008],[77.40257953031026,17.444449764868445]]]}},{"type":"Feature","properties":{"type":"village","name":"Belura (J)","taluk":"Gulbarga","district":"Kalaburagi","village_code":"620240"},"geometry":{"type":"Polygon","coordinates":[[[76.87955877909143,17.458446823724437],[76.86709899518371,17.462964329410248],[76.86225194282875,17.444567620328733],[76.85899567928124,17.43601517625913],[76.85980582941178,17.428624148927018],[76.85904438234267,17.417813003089886],[76.86166094838984,17.417510537100814],[76.86607009539998,17.424856773704633],[76.87366583262421,17.430630806093653],[76.87807120132027,17.44759061028526],[76.87955877909143,17.458446823724437]]]}},{"type":"Feature","properties":{"type":"village","name":"Hulsgud","taluk":"Chincholi","district":"Kalaburagi","village_code":"620404"},"geometry":{"type":"Polygon","coordinates":[[[77.16724079031684,17.47589801376532],[77.1623733893241,17.474712370841377],[77.14765512940102,17.474441889812777],[77.14407067983917,17.478904569736766],[77.14203561393663,17.47865492726912],[77.1417511866564,17.473363711315685],[77.13898256098446,17.471933210660023],[77.13654536604162,17.472455647425168],[77.13274773188981,17.477236061326735],[77.12446566202559,17.476168772819975],[77.12434747876847,17.455889463909458],[77.12952897120876,17.450530105968237],[77.13463932336673,17.44800926680795],[77.13601126819786,17.44285421669428],[77.14235135738593,17.438221162396218],[77.14419616819613,17.4331568529491],[77.1445268380522,17.428001821031],[77.1434904373359,17.42442864715297],[77.14776898727,17.423076211142607],[77.14969571185769,17.427092944020448],[77.15068982078874,17.43097611808667],[77.14969706022892,17.437334822275417],[77.15206367633651,17.44303456697926],[77.15095220970011,17.446577340679628],[77.15161494269928,17.44853025619261],[77.15793336631933,17.456295947328265],[77.16552260243584,17.457089468321573],[77.16688486971643,17.45847162596921],[77.16630578334494,17.46116277928929],[77.16196492266945,17.465853024303875],[77.16643809081324,17.470893639262332],[77.16724079031684,17.47589801376532]]]}},{"type":"Feature","properties":{"type":"village","name":" ","taluk":"Chincholi","district":"Kalaburagi","village_code":" "},"geometry":{"type":"Polygon","coordinates":[[[77.53350898117407,17.483632854356888],[77.52004268439786,17.48886757217141],[77.51353508725707,17.48860279015012],[77.50591323061764,17.487224015160034],[77.50408366062456,17.482515360259598],[77.50413470559394,17.476906238813118],[77.50503531966686,17.474749429074187],[77.50447172025088,17.46823155828473],[77.50376376426368,17.46536976670412],[77.50047842764027,17.460065106773623],[77.51420020438499,17.446422743044348],[77.51712790103251,17.458198699115876],[77.52048524930402,17.46249256823153],[77.53297537201384,17.462524444615923],[77.54215641922055,17.461398817284582],[77.54458698369825,17.46277091120236],[77.5487048933,17.474836831943357],[77.55269525291122,17.481705052640997],[77.54064907402156,17.484686402103087],[77.53350898117407,17.483632854356888]]]}},{"type":"Feature","properties":{"type":"village","name":"Kadganchi","taluk":"Afzalpur","district":"Kalaburagi","village_code":"620071"},"geometry":{"type":"Polygon","coordinates":[[[76.70376326061977,17.46160235459664],[76.68955449637976,17.467566221974003],[76.68102532243877,17.46900534464215],[76.67302499838364,17.477238703839042],[76.66615880186627,17.486722939724977],[76.6569502051264,17.485708014022208],[76.65889830512627,17.480697515656004],[76.659241054628,17.475768579359297],[76.65707911516633,17.468807028038494],[76.65447053514201,17.464217340054198],[76.64372803361347,17.457532189852838],[76.63894944815456,17.444498724415457],[76.62068785905176,17.429581190787843],[76.62061737543794,17.42550614319837],[76.60956389871764,17.409309151181663],[76.60285867940088,17.40495778775478],[76.59771995485293,17.405720591185787],[76.59593668313131,17.40455020506031],[76.60899575831785,17.395353609414972],[76.61430359161635,17.393736661610564],[76.61932429819717,17.3923815938586],[76.63261229286421,17.39371897936082],[76.6355816991887,17.39925319317896],[76.67191093741268,17.427773806619665],[76.67998811683194,17.431901109037664],[76.68415443844098,17.435595518601254],[76.68927383034566,17.44499656262088],[76.69541488610444,17.444840523031264],[76.69796280828753,17.446488014018104],[76.70376326061977,17.46160235459664]]]}},{"type":"Feature","properties":{"type":"village","name":"Algud","taluk":"Gulbarga","district":"Kalaburagi","village_code":"620237"},"geometry":{"type":"Polygon","coordinates":[[[76.9286271278691,17.465357010866068],[76.92529950125707,17.46678093425463],[76.91707552723894,17.46513374842253],[76.9167784337132,17.462743904703323],[76.91318565856528,17.456862437198186],[76.90813750126603,17.444263188157844],[76.90703995222829,17.43907693840605],[76.90718027626218,17.43401247959212],[76.91447273056839,17.422170140624946],[76.91716494464399,17.423538515947104],[76.92551790595715,17.421801852665396],[76.93771638522007,17.422471699794773],[76.93777251555231,17.435351894931827],[76.93891297082295,17.439670549129588],[76.94205313879809,17.44210916026828],[76.94295280874167,17.444019888014758],[76.94543622559912,17.45187547415706],[76.94510336385373,17.455376862808247],[76.93019256262593,17.458399233877625],[76.9279205472026,17.46362236709577],[76.9286271278691,17.465357010866068]]]}},{"type":"Feature","properties":{"type":"village","name":" ","taluk":"Afzalpur","district":"Kalaburagi","village_code":" "},"geometry":{"type":"Polygon","coordinates":[[[76.46211602339021,17.466309669680438],[76.45028150285286,17.467892724683157],[76.44788275041427,17.444770036631862],[76.44872899664959,17.43148349457798],[76.45452292272134,17.42983150386984],[76.45528596340175,17.427410169339293],[76.47379079113068,17.428687669267973],[76.48746680230491,17.434639159639296],[76.48758415821362,17.439120784670056],[76.49547222699425,17.44290714632735],[76.49576396476424,17.448016702851696],[76.4943704100606,17.45810486895412],[76.47634259762904,17.456969376629015],[76.46825095892693,17.458549313882436],[76.46606159120466,17.461196386030466],[76.46463067197516,17.461218660840373],[76.46211602339021,17.466309669680438]]]}},{"type":"Feature","properties":{"type":"village","name":" ","taluk":"Chincholi","district":"Kalaburagi","village_code":" "},"geometry":{"type":"Polygon","coordinates":[[[77.64795707835104,17.492638293321228],[77.63161386399537,17.491898479283513],[77.63002823421263,17.488810062637967],[77.62572128044754,17.486607284393468],[77.61833807833133,17.48522182059597],[77.61244570409096,17.48540313310729],[77.61361982732015,17.48005113435189],[77.64592939480352,17.480964430692257],[77.64769776886449,17.48717436623745],[77.64795707835104,17.492638293321228]]]}},{"type":"Feature","properties":{"type":"village","name":" ","taluk":"Afzalpur","district":"Kalaburagi","village_code":" "},"geometry":{"type":"Polygon","coordinates":[[[76.45028150285286,17.467892724683157],[76.44234902405954,17.470131240286968],[76.42223597661345,17.466649951810773],[76.4218935675732,17.441955654962545],[76.42259907115972,17.431849646067516],[76.42981442935327,17.430804293095502],[76.44872899664959,17.43148349457798],[76.44788275041427,17.444770036631862],[76.45028150285286,17.467892724683157]]]}},{"type":"Feature","properties":{"type":"village","name":" ","taluk":"Afzalpur","district":"Kalaburagi","village_code":" "},"geometry":{"type":"Polygon","coordinates":[[[76.5826158253962,17.42079815175238],[76.58208244889963,17.427502432270284],[76.59276613413324,17.451177779826544],[76.5957004396863,17.468223840292918],[76.5817954686074,17.466495329218265],[76.57518750988645,17.46272587266153],[76.56244184881766,17.458823264244742],[76.55300911612623,17.45825070822954],[76.5434765976747,17.459900407123563],[76.52909773024912,17.457427099169756],[76.52827676979244,17.44333575058054],[76.53135147124463,17.440911215202306],[76.53658374185463,17.434249949731964],[76.54131308526294,17.42535653825203],[76.54172981372326,17.419700446263864],[76.54678347410197,17.421216020364298],[76.55364015296891,17.421498789022113],[76.57331293789086,17.417095759386385],[76.5826158253962,17.42079815175238]]]}},{"type":"Feature","properties":{"type":"village","name":" ","taluk":"Chincholi","district":"Kalaburagi","village_code":" "},"geometry":{"type":"Polygon","coordinates":[[[77.38630668099078,17.4646219316954],[77.38598956491572,17.470715702952923],[77.38747157492872,17.477757306424046],[77.38634309959075,17.483952670796548],[77.38039886111744,17.484875369887003],[77.3740136288914,17.480745151084083],[77.36516812310457,17.48045004257309],[77.36265633475547,17.454042113287834],[77.376676857926,17.453196314822396],[77.38108584593432,17.454415039117258],[77.38630668099078,17.4646219316954]]]}},{"type":"Feature","properties":{"type":"village","name":"Keriambalga","taluk":"Afzalpur","district":"Kalaburagi","village_code":"620006"},"geometry":{"type":"Polygon","coordinates":[[[76.78272628171663,17.485006563698057],[76.78861609755508,17.493164006035073],[76.78826586329043,17.497035566114572],[76.77043713189886,17.495906337980855],[76.75262862787251,17.493027154850576],[76.75045437071167,17.491837606145484],[76.74895107242304,17.4742608928414],[76.74794598428254,17.470945874393184],[76.75139387015828,17.467148655799043],[76.7542934648088,17.467286008023954],[76.77178196916798,17.473923647087105],[76.77373294377675,17.478632185044614],[76.77374382417146,17.484460101982066],[76.78272628171663,17.485006563698057]]]}},{"type":"Feature","properties":{"type":"village","name":"Yalvanthi (B)","taluk":"Gulbarga","district":"Kalaburagi","village_code":"620222"},"geometry":{"type":"Polygon","coordinates":[[[76.87862732226151,17.49068111289464],[76.86810833594872,17.491424029141882],[76.86725799339573,17.486023031279004],[76.86210305605358,17.4851417312925],[76.85995214790358,17.478925104713024],[76.86147827597685,17.467599186578923],[76.86709899518371,17.462964329410248],[76.87955877909143,17.458446823724437],[76.88269387338184,17.46344342795028],[76.87996393006433,17.472777196387312],[76.88045361160717,17.476874806223222],[76.87857539155324,17.481979900384186],[76.88049157620769,17.48816470061678],[76.87862732226151,17.49068111289464]]]}},{"type":"Feature","properties":{"type":"village","name":"Sasargaon","taluk":"Chincholi","district":"Kalaburagi","village_code":"620345"},"geometry":{"type":"Polygon","coordinates":[[[77.23323801998119,17.498378626058656],[77.21612790308765,17.498909300707734],[77.20475007975254,17.497863750874842],[77.19811807492806,17.49866671272299],[77.19835129105054,17.48755690172374],[77.21336789944577,17.480487743117124],[77.22677889503478,17.479964871004483],[77.23340888314146,17.487137533303205],[77.23323801998119,17.498378626058656]]]}},{"type":"Feature","properties":{"type":"village","name":"Kalhangerga","taluk":"Gulbarga","district":"Kalaburagi","village_code":"620232"},"geometry":{"type":"Polygon","coordinates":[[[76.82407833666404,17.485160649623985],[76.82164764732049,17.491192768081028],[76.790893556769,17.48556162611028],[76.77374382417146,17.484460101982066],[76.77373294377675,17.478632185044614],[76.77178196916798,17.473923647087105],[76.77599296758935,17.46925899427877],[76.7814508150487,17.465277037927944],[76.78357828255967,17.46567561777391],[76.78599367898381,17.464488573212673],[76.79042293118829,17.46499203722043],[76.79455444038513,17.457584661046482],[76.8181228988941,17.456499804839904],[76.82131927086333,17.471337099280152],[76.82097026818893,17.473537154216775],[76.82214188691509,17.475371697618332],[76.82407833666404,17.485160649623985]]]}},{"type":"Feature","properties":{"type":"village","name":"Harkanchi","taluk":"Gulbarga","district":"Kalaburagi","village_code":"620228"},"geometry":{"type":"Polygon","coordinates":[[[76.9817303935944,17.49137216402156],[76.97173241667168,17.49443115440034],[76.96519780539367,17.494565158357492],[76.95956042333663,17.469859926418184],[76.96396705775886,17.466763344770428],[76.96754426689954,17.47021789817536],[76.97177098583839,17.469285282600353],[76.97382501876984,17.46356028825124],[76.9778012703395,17.46119101484791],[76.97973410436941,17.45803211166201],[76.98200207557734,17.464717233233046],[76.9804782040721,17.475145026888786],[76.9817303935944,17.49137216402156]]]}},{"type":"Feature","properties":{"type":"village","name":"Ladchincholi","taluk":"Afzalpur","district":"Kalaburagi","village_code":"620066"},"geometry":{"type":"Polygon","coordinates":[[[76.6569502051264,17.485708014022208],[76.6415181690314,17.48559222695392],[76.63634920988596,17.48822185821195],[76.63372220182193,17.487232566011105],[76.629932436912,17.487661831927795],[76.62531878303756,17.489581880837893],[76.62462673262077,17.488795779927223],[76.62354880728043,17.473697386704924],[76.6202396527256,17.467458249355047],[76.61834309626009,17.455336978700505],[76.60528722266918,17.44380204568156],[76.59682205009894,17.43013009607227],[76.5822570661195,17.42544687805565],[76.58292412899834,17.410429883286348],[76.58165051555481,17.40346314770789],[76.59593668313131,17.40455020506031],[76.59771995485293,17.405720591185787],[76.60285867940088,17.40495778775478],[76.60824169180711,17.408021454215675],[76.62061737543794,17.42550614319837],[76.62068785905176,17.429581190787843],[76.63894944815456,17.444498724415457],[76.64372803361347,17.457532189852838],[76.65447053514201,17.464217340054198],[76.65849193513952,17.472276461613696],[76.6592555246906,17.477657002604243],[76.6569502051264,17.485708014022208]]]}},{"type":"Feature","properties":{"type":"village","name":"Pangarga","taluk":"Chincholi","district":"Kalaburagi","village_code":"620342"},"geometry":{"type":"Polygon","coordinates":[[[77.16257190083219,17.556932869903456],[77.1575638317508,17.557092824965434],[77.15178499288425,17.55237240867179],[77.14457956556615,17.551956902882914],[77.1384699741985,17.545680643226873],[77.12627491841512,17.540685872609224],[77.12590843811856,17.528611267627884],[77.1271185891805,17.52553469005363],[77.14159257292334,17.51630443789],[77.15156215679488,17.52067752622348],[77.16104746518492,17.531877935121695],[77.16686294363697,17.536255605910632],[77.17278905680277,17.5442470349659],[77.16484214118455,17.551903971595216],[77.16257190083219,17.556932869903456]]]}},{"type":"Feature","properties":{"type":"village","name":"Kollur","taluk":"Chincholi","district":"Kalaburagi","village_code":"620364"},"geometry":{"type":"Polygon","coordinates":[[[77.47574634720782,17.564280223414862],[77.4605815742829,17.565841262017052],[77.45741577557604,17.564071617159797],[77.45562391416367,17.5591931880353],[77.44549404479429,17.5576676722863],[77.43861685289781,17.55432679208321],[77.42974354694789,17.55244995280251],[77.42799173692244,17.552847967099545],[77.42438532714515,17.556788314894362],[77.42175662575679,17.556009857036383],[77.41917197595335,17.5513567228412],[77.41596333659058,17.536836361110915],[77.41466813213921,17.534622010577287],[77.41412035385201,17.52738469033805],[77.43703272509826,17.526770939867372],[77.44167521938489,17.525676199872485],[77.44331086556602,17.523911485831775],[77.45516576169067,17.524034263382664],[77.45727787519678,17.52982516925656],[77.46080188430969,17.533582480015593],[77.47409691009048,17.53970984126507],[77.45301967479878,17.541860395314604],[77.449629608088,17.543235049211788],[77.44789762657581,17.545801744385976],[77.44739033266353,17.54912697498851],[77.4509892073722,17.551294184915445],[77.46021150881,17.553883728265067],[77.47574634720782,17.564280223414862]]]}},{"type":"Feature","properties":{"type":"village","name":"Shivrampur","taluk":"Chincholi","district":"Kalaburagi","village_code":"620375"},"geometry":{"type":"Polygon","coordinates":[[[77.67444390540163,17.509075780764356],[77.66868147516206,17.51161151897905],[77.66658276002839,17.517132633314947],[77.66204955298257,17.522825836283552],[77.65863088660808,17.522053867206267],[77.64530532529419,17.522385303921485],[77.6406362588414,17.524104522905233],[77.63945553568985,17.5085477358895],[77.64401656535667,17.50905754171171],[77.64745201136232,17.505975796585865],[77.65717147461436,17.506586797942536],[77.6629980499551,17.50266767374424],[77.6702298311487,17.50625790422653],[77.67205942180304,17.508461472356707],[77.67444390540163,17.509075780764356]]]}},{"type":"Feature","properties":{"type":"village","name":"Karakmukli","taluk":"Chincholi","district":"Kalaburagi","village_code":"620412"},"geometry":{"type":"Polygon","coordinates":[[[77.36962154358348,17.520502289948606],[77.3654378647265,17.52125654178162],[77.35149109413909,17.518860792365558],[77.34420691421498,17.518624778409166],[77.3376085162636,17.515203621814386],[77.33455240544619,17.516466823165427],[77.32853677516233,17.51573881076131],[77.32568929806969,17.511396528924124],[77.32579337598017,17.509584938300883],[77.32342524621133,17.508951821135753],[77.32316207307073,17.507221449998955],[77.31458675626685,17.506554063147767],[77.3139444823983,17.500931336424035],[77.3158735003849,17.499102523715187],[77.31428777897402,17.4934314639592],[77.31199563140683,17.490519266620172],[77.3075689268245,17.48840187311794],[77.30234942217298,17.484159736094398],[77.3020346408193,17.47738878802314],[77.29781962333534,17.47621917277677],[77.29536869405014,17.474491611615722],[77.29755428255999,17.467666655603693],[77.29461121933119,17.462350341681685],[77.30700966177973,17.462744449700615],[77.31459372090524,17.461934493663886],[77.31880998974242,17.45834723766042],[77.32159797680369,17.45340532183403],[77.32808265343002,17.456881332760563],[77.33035272400076,17.459255911773976],[77.33207124605504,17.463581190859102],[77.34184116767656,17.468297384421156],[77.34635540140526,17.473985650421792],[77.34885930344446,17.478573267915156],[77.35011079407751,17.484514849674017],[77.3524210220364,17.488137549660337],[77.35790664899756,17.489746240045744],[77.36629411819405,17.490330877032548],[77.3667789371563,17.4958829810479],[77.37080082224405,17.496450214736715],[77.37627804816071,17.49986959129142],[77.37619476714733,17.506190207068336],[77.37022458892191,17.50881940925087],[77.37097773465949,17.516508648769594],[77.36962154358348,17.520502289948606]]]}},{"type":"Feature","properties":{"type":"village","name":"Kottarga","taluk":"Afzalpur","district":"Kalaburagi","village_code":"620007"},"geometry":{"type":"Polygon","coordinates":[[[76.84557215399063,17.5133143121616],[76.83670334231205,17.517195016831362],[76.83440997034117,17.51923275607026],[76.82655484098538,17.51343973886685],[76.82512215387138,17.51216143030022],[76.82433132829918,17.506612709914325],[76.82247783167851,17.503312215794246],[76.81361893829899,17.49634058601565],[76.81344707711042,17.489459983909175],[76.82164764732049,17.491192768081028],[76.82409746898296,17.485094463729844],[76.83355095994398,17.483583336403644],[76.83385583737163,17.488512282880365],[76.8402911704377,17.489905066837345],[76.84203910602932,17.511050091271038],[76.84557215399063,17.5133143121616]]]}},{"type":"Feature","properties":{"type":"village","name":"Mavinsur","taluk":"Chitapur","district":"Kalaburagi","village_code":"620594"},"geometry":{"type":"Polygon","coordinates":[[[77.10681589210661,17.49239907437147],[77.11067281416886,17.49828110261742],[77.11395637661956,17.499320298166225],[77.12274827903508,17.49869620701705],[77.1273634834017,17.500929704345527],[77.12460769106187,17.501746379179508],[77.120006783383,17.51265656820385],[77.11611408860949,17.51780416176152],[77.1100878411373,17.514677768128585],[77.10806349033949,17.511488046821274],[77.09329652466,17.511247418595943],[77.09270344612966,17.50994191091619],[77.09164809455409,17.50092552605312],[77.09349724063384,17.493662369183784],[77.09795267423728,17.49246319620866],[77.10681589210661,17.49239907437147]]]}},{"type":"Feature","properties":{"type":"village","name":"Marpalli","taluk":"Chincholi","district":"Kalaburagi","village_code":"620349"},"geometry":{"type":"Polygon","coordinates":[[[77.36621399655557,17.53669748365864],[77.35455073264062,17.539463911575385],[77.35493307808342,17.54271328537213],[77.35363162225599,17.544512195794685],[77.35001468512188,17.54605378018049],[77.34932881780918,17.54242391614167],[77.34463954375414,17.53588150570429],[77.34308679141247,17.528932953656923],[77.3436713808634,17.524975511206364],[77.34278734519904,17.518207772382326],[77.3654378647265,17.52125654178162],[77.36962154358348,17.520502289948606],[77.3694518527246,17.525923579665317],[77.36593397641015,17.53373910218148],[77.36621399655557,17.53669748365864]]]}},{"type":"Feature","properties":{"type":"village","name":" ","taluk":"Chincholi","district":"Kalaburagi","village_code":" "},"geometry":{"type":"Polygon","coordinates":[[[77.63945553568985,17.5085477358895],[77.64021073587449,17.525164109000755],[77.63703705714596,17.525715450932918],[77.6280008668721,17.52363751616546],[77.62342866485811,17.52562980032988],[77.62298129576178,17.52816424510631],[77.62101294324381,17.530400473120658],[77.61939783793999,17.52887793410236],[77.62148050107785,17.524282920927217],[77.62386273619327,17.523221809169602],[77.62411800775264,17.518426144998816],[77.62696805312869,17.515140629380042],[77.62818030804503,17.510671469754744],[77.63945553568985,17.5085477358895]]]}},{"type":"Feature","properties":{"type":"village","name":" ","taluk":"Afzalpur","district":"Kalaburagi","village_code":" "},"geometry":{"type":"Polygon","coordinates":[[[76.6772013191401,17.515451477624897],[76.65892100196027,17.518714695866684],[76.65797201630423,17.517366345661877],[76.65585072560914,17.51697129461512],[76.65599411559309,17.515568577782705],[76.6522340930039,17.51403751464937],[76.65052659687143,17.50878814666405],[76.65138086596053,17.506581111975077],[76.65075400538561,17.50193918279972],[76.65162304187967,17.499885459812848],[76.64785477185787,17.485320618261103],[76.66513715238519,17.486443033732872],[76.6701281750358,17.489649640730736],[76.6791158796405,17.50131494900328],[76.67711938380302,17.50903624425287],[76.6772013191401,17.515451477624897]]]}},{"type":"Feature","properties":{"type":"village","name":"Bhedsur","taluk":"Chitapur","district":"Kalaburagi","village_code":"620595"},"geometry":{"type":"Polygon","coordinates":[[[77.15043098201942,17.519759694780586],[77.1498142203049,17.5202747888738],[77.14159257292334,17.51630443789],[77.12844173572883,17.524292307812253],[77.12590843811856,17.528611267627884],[77.12356344356155,17.526858349412326],[77.11611408860949,17.51780416176152],[77.120006783383,17.51265656820385],[77.12460769106187,17.501746379179508],[77.1273634834017,17.500929704345527],[77.12274827903508,17.49869620701705],[77.11395637661956,17.499320298166225],[77.11010486600857,17.497917708035935],[77.10544809569542,17.488836410680683],[77.10655002581677,17.485985821974406],[77.1062824733892,17.47847274862149],[77.10737471068863,17.477641593981733],[77.10856088212239,17.479069325883387],[77.11430832486977,17.48751801426698],[77.11562632676643,17.49091093778397],[77.11980680402773,17.495031343686808],[77.12005158326456,17.49627373677806],[77.12752323799522,17.49762017280527],[77.13272572765692,17.49965309832515],[77.14004706279951,17.500055455609846],[77.14768405155989,17.504946284002013],[77.15043098201942,17.519759694780586]]]}},{"type":"Feature","properties":{"type":"village","name":"Khatarbad","taluk":"Afzalpur","district":"Kalaburagi","village_code":"620047"},"geometry":{"type":"Polygon","coordinates":[[[76.47934470981637,17.50540916919983],[76.48355294322333,17.515750737240964],[76.47159290917615,17.51800357283731],[76.47068037715434,17.51215301169427],[76.46329336977462,17.509870158694692],[76.46326668711572,17.502086075844787],[76.46920349921655,17.502968132421742],[76.47945341764387,17.501641379142846],[76.47934470981637,17.50540916919983]]]}},{"type":"Feature","properties":{"type":"village","name":"Bhimpur","taluk":"Afzalpur","district":"Kalaburagi","village_code":"620041"},"geometry":{"type":"Polygon","coordinates":[[[76.3739464510174,17.544880966011792],[76.37109976983209,17.546418592710573],[76.36595822726912,17.553528638177006],[76.3647986639341,17.558094366669135],[76.35614801261384,17.560876538349202],[76.35271525796077,17.56499404423821],[76.3470549607791,17.562350919627253],[76.34364515538658,17.562114265997717],[76.3355055691062,17.56376457092492],[76.33944764157593,17.554045190861274],[76.34073870569213,17.547974273627705],[76.3403323015694,17.54421049369428],[76.34158251210314,17.54144181784076],[76.36544272634839,17.536765870107992],[76.3744617327492,17.541926661591464],[76.3739464510174,17.544880966011792]]]}},{"type":"Feature","properties":{"type":"village","name":"Jeevangi","taluk":"Gulbarga","district":"Kalaburagi","village_code":"620213"},"geometry":{"type":"Polygon","coordinates":[[[77.05864762020927,17.54403849814171],[77.05029600906397,17.555449561131493],[77.04410888679911,17.550802523660472],[77.04200809206556,17.55018819895387],[77.0414838846731,17.547887616858677],[77.03795045672442,17.546373359059675],[77.03645194196469,17.542038930904738],[77.0328578759377,17.53984787870349],[77.03207706208939,17.538407920903644],[77.02560672437163,17.53684514775106],[77.02338953941832,17.53258522709286],[77.01917041483686,17.53072350082855],[77.01396897261075,17.525112208970015],[77.00989385066431,17.51840676411204],[77.00982567661909,17.507288356891575],[77.0194858061466,17.504054781417214],[77.03548599521778,17.507814836807054],[77.0383387544043,17.510521807980254],[77.043816308206,17.511688755856312],[77.04466756973555,17.526944760962905],[77.05228132267278,17.53106653880606],[77.05513328056209,17.537431930401983],[77.05755361502534,17.53822149369378],[77.05864762020927,17.54403849814171]]]}},{"type":"Feature","properties":{"type":"village","name":"Mamdapur","taluk":"Chincholi","district":"Kalaburagi","village_code":"620023"},"geometry":{"type":"Polygon","coordinates":[[[77.61184977700286,17.50642513289055],[77.60248794025193,17.512863655627356],[77.59876532081626,17.517138440597428],[77.59746785261034,17.517505577148757],[77.59366063792604,17.51779066259892],[77.59189579693904,17.51508641176779],[77.58475018484248,17.511921896950483],[77.5833468591635,17.51022779896779],[77.58560267616562,17.503881671757124],[77.58701084106903,17.49417097617426],[77.582089469294,17.489946012640168],[77.57322793666418,17.486775864320443],[77.57596287910624,17.480440741676336],[77.60548792702534,17.49019411196434],[77.60671802607649,17.494764457007324],[77.61155714001927,17.500647985956576],[77.61184977700286,17.50642513289055]]]}},{"type":"Feature","properties":{"type":"village","name":" ","taluk":"Chitapur","district":"Kalaburagi","village_code":" "},"geometry":{"type":"Polygon","coordinates":[[[77.09684530212195,17.538387081721297],[77.09279333604856,17.54192200372352],[77.08697000632097,17.54262264061917],[77.0832374928407,17.545651744999333],[77.08195402128524,17.54455220594472],[77.08007567007728,17.534302452952527],[77.078417221061,17.533186491197785],[77.0733263982773,17.525071829610265],[77.06742620689734,17.51962227939889],[77.06355386704986,17.514220946087566],[77.06146338138254,17.51398082006729],[77.05462403281405,17.508620371888945],[77.04928585083202,17.506025148234738],[77.04596171237826,17.506240660386847],[77.04676158308702,17.49656011583966],[77.04522400329054,17.49212304802905],[77.04610543833216,17.489697374058423],[77.04434603394927,17.486687816874618],[77.04401877140306,17.48156453932978],[77.04260727195332,17.480396738274685],[77.07485376692398,17.480056417581093],[77.0768176628998,17.48069278595727],[77.0778957679032,17.492298847167795],[77.08247130805677,17.504184043193494],[77.0917298376517,17.50336476202874],[77.09403591808892,17.518384773861854],[77.09624349556029,17.52308811075526],[77.09702440642664,17.533618111171897],[77.0981470301389,17.534061253659914],[77.09684530212195,17.538387081721297]]]}},{"type":"Feature","properties":{"type":"village","name":"Sangapur","taluk":"Chincholi","district":"Kalaburagi","village_code":"620358"},"geometry":{"type":"Polygon","coordinates":[[[77.55060130603508,17.551736474801444],[77.54516572242173,17.56439296275931],[77.54191357225989,17.569618588715052],[77.53649689638668,17.567514818158322],[77.53030520169699,17.56883832761151],[77.52290111824203,17.5669575467722],[77.516533354655,17.559151970942104],[77.5154824569266,17.552419967054572],[77.50694134707042,17.542281685337247],[77.55060130603508,17.551736474801444]]]}},{"type":"Feature","properties":{"type":"village","name":"Mukramba","taluk":"Chincholi","district":"Kalaburagi","village_code":"620403"},"geometry":{"type":"Polygon","coordinates":[[[77.16724079031684,17.47589801376532],[77.16475775793833,17.483233551267343],[77.16332855359263,17.500925131098697],[77.15041203565177,17.51894650184566],[77.14768405155989,17.504946284002013],[77.14004706279951,17.500055455609846],[77.13272572765692,17.49965309832515],[77.12752323799522,17.49762017280527],[77.12005158326456,17.49627373677806],[77.11980680402773,17.495031343686808],[77.11562632676643,17.49091093778397],[77.11430832486977,17.48751801426698],[77.10856088212239,17.479069325883387],[77.10545412698423,17.47677849568519],[77.10468748405954,17.47464094403034],[77.12291574476696,17.475839459055987],[77.13175388796174,17.477395048989827],[77.13336295568854,17.476895408262646],[77.13654536604162,17.472455647425168],[77.13898256098446,17.471933210660023],[77.1417511866564,17.473363711315685],[77.14203561393663,17.47865492726912],[77.14407067983917,17.478904569736766],[77.14765512940102,17.474441889812777],[77.1623733893241,17.474712370841377],[77.16724079031684,17.47589801376532]]]}},{"type":"Feature","properties":{"type":"village","name":"Yempalli","taluk":"Chincholi","district":"Kalaburagi","village_code":"620351"},"geometry":{"type":"Polygon","coordinates":[[[77.39219342908254,17.53100114999345],[77.3888312838074,17.531353753849533],[77.37869762983576,17.529537938087],[77.36812855256441,17.529149189852905],[77.37097773465949,17.516508648769594],[77.37022458892191,17.50881940925087],[77.37662321682546,17.505404119733317],[77.38150338467501,17.50702144023872],[77.39260624358313,17.514240276877604],[77.39528068988072,17.514456909229203],[77.39715508939972,17.51798057768353],[77.3951935326369,17.521871885400596],[77.39417076834658,17.526998272611568],[77.39192958220549,17.529365746159527],[77.39219342908254,17.53100114999345]]]}},{"type":"Feature","properties":{"type":"village","name":"Linganagar","taluk":"Chincholi","district":"Kalaburagi","village_code":"620373"},"geometry":{"type":"Polygon","coordinates":[[[77.61939783793999,17.52887793410236],[77.61533388744242,17.532446743840413],[77.61325249182741,17.53296162631547],[77.61210337140754,17.53475960218774],[77.61012574378428,17.532834880258875],[77.60742285233324,17.532256353072984],[77.60314197486422,17.53582488904254],[77.59740648869328,17.534947658733824],[77.59440275414856,17.53132069030734],[77.59366063792604,17.51779066259892],[77.59876532081626,17.517138440597428],[77.60248794025193,17.512863655627356],[77.61184977700286,17.50642513289055],[77.62178919904039,17.510110193344833],[77.62818030804503,17.510671469754744],[77.62696805312869,17.515140629380042],[77.62411800775264,17.518426144998816],[77.62386273619327,17.523221809169602],[77.62148050107785,17.524282920927217],[77.61939783793999,17.52887793410236]]]}},{"type":"Feature","properties":{"type":"village","name":" ","taluk":"Afzalpur","district":"Kalaburagi","village_code":" "},"geometry":{"type":"Polygon","coordinates":[[[76.46263487233198,17.52901174988761],[76.43711722686166,17.529786538405617],[76.42672011228855,17.517828841120245],[76.44530267393392,17.50973926982208],[76.45497846558844,17.509344265575837],[76.46555803787724,17.51019594379366],[76.47071808124346,17.512225307862806],[76.47170876938993,17.52960066083494],[76.46263487233198,17.52901174988761]]]}},{"type":"Feature","properties":{"type":"village","name":"Chandankera","taluk":"Chincholi","district":"Kalaburagi","village_code":"620343"},"geometry":{"type":"Polygon","coordinates":[[[77.1985397890382,17.5392421826106],[77.17835371484769,17.543825807755713],[77.17278905680277,17.5442470349659],[77.16686294363697,17.536255605910632],[77.16104746518492,17.531877935121695],[77.15027083665879,17.519384739887588],[77.16332855359263,17.500925131098697],[77.16475775793833,17.483233551267343],[77.16724079031684,17.47589801376532],[77.17417325285778,17.473012447291197],[77.17876450813891,17.47550932640059],[77.17928586517698,17.478143453593272],[77.17649412675107,17.48000631001026],[77.17853040537926,17.48422970001651],[77.18624576496165,17.486952669371348],[77.19835129105054,17.48755690172374],[77.19793823939469,17.500930774406473],[77.20002507610538,17.511364667958205],[77.2023399483543,17.515742555240802],[77.21258181518168,17.526010477362252],[77.21719650211871,17.539752123191626],[77.1985397890382,17.5392421826106]]]}},{"type":"Feature","properties":{"type":"village","name":"Sirchand","taluk":"Afzalpur","district":"Kalaburagi","village_code":"620003"},"geometry":{"type":"Polygon","coordinates":[[[76.86203799556914,17.525670923109377],[76.85928387768901,17.533389997813252],[76.849127810751,17.534280806403057],[76.83143794812257,17.538643740381076],[76.8313384803661,17.53162317279653],[76.8289458149119,17.525378518238],[76.83444387275999,17.518423944260835],[76.8444425072495,17.513750889002942],[76.84557215399063,17.5133143121616],[76.85021111610158,17.515580057951112],[76.85723849912699,17.5161305492066],[76.85877595315935,17.52195029664225],[76.86203799556914,17.525670923109377]]]}},{"type":"Feature","properties":{"type":"village","name":"Dharmasagar","taluk":"Chincholi","district":"Kalaburagi","village_code":"620362"},"geometry":{"type":"Polygon","coordinates":[[[77.5956156432755,17.543612402771892],[77.58579960304556,17.547314372730874],[77.58180028273944,17.54764000322509],[77.57199016240723,17.556871253751773],[77.56533593865252,17.555568169410293],[77.56089117793296,17.552571467404256],[77.55427856683714,17.553852166823493],[77.5494005935718,17.551287833995012],[77.53931836904847,17.548773536345777],[77.51144364578225,17.543667609718845],[77.50694134707042,17.542281685337247],[77.50628756218977,17.539981054260178],[77.50822601787677,17.53573246603245],[77.50799535835958,17.53056934561972],[77.51318633880587,17.529021472315765],[77.51518547569032,17.529491976397757],[77.51797324266434,17.527228353932514],[77.52031324797827,17.526739862830528],[77.52159046815765,17.524965134959743],[77.52856824621311,17.522642333874128],[77.53514447284495,17.514768372019624],[77.53795185183827,17.514973729992004],[77.5446714621659,17.517976493158656],[77.55013855598443,17.51573392092152],[77.55309476785405,17.516143194400254],[77.56339278118332,17.523384931809524],[77.57196173432175,17.532815589139286],[77.57775694857763,17.537010780720387],[77.58491391897267,17.54079795939021],[77.5956156432755,17.543612402771892]]]}},{"type":"Feature","properties":{"type":"village","name":"Shikarm0Takpalli","taluk":"Chincholi","district":"Kalaburagi","village_code":"620350"},"geometry":{"type":"Polygon","coordinates":[[[77.39400676741674,17.548345147240646],[77.38682601592116,17.55183818003861],[77.38084817326974,17.552974256357167],[77.37793937717578,17.554810061405608],[77.37634614944237,17.542223503207477],[77.36917032610447,17.53873534732264],[77.36574550806691,17.53578110891634],[77.36812855256441,17.529149189852905],[77.37869762983576,17.529537938087],[77.3888312838074,17.531353753849533],[77.39219342908254,17.53100114999345],[77.39614845076707,17.534191097098997],[77.39642615685233,17.53635729242564],[77.39385311867223,17.542819465081067],[77.3945805447449,17.545316063042378],[77.39400676741674,17.548345147240646]]]}},{"type":"Feature","properties":{"type":"village","name":"Patpalli","taluk":"Chincholi","district":"Kalaburagi","village_code":"620366"},"geometry":{"type":"Polygon","coordinates":[[[77.41596333659058,17.536836361110915],[77.40266431869668,17.536870617698394],[77.39819575621536,17.533061889324355],[77.39614845076707,17.534191097098997],[77.39219342908254,17.53100114999345],[77.39192958220549,17.529365746159527],[77.39417076834658,17.526998272611568],[77.3951935326369,17.521871885400596],[77.402259553101,17.520401520576],[77.40914366741505,17.52077099857894],[77.41412035385201,17.52738469033805],[77.41466813213921,17.534622010577287],[77.41596333659058,17.536836361110915]]]}},{"type":"Feature","properties":{"type":"village","name":"Mogha (K)","taluk":"Afzalpur","district":"Kalaburagi","village_code":"620050"},"geometry":{"type":"Polygon","coordinates":[[[76.46329336977462,17.509870158694692],[76.44530267393392,17.50973926982208],[76.42672011228855,17.517828841120245],[76.41597832132742,17.500946143359272],[76.42084195927747,17.50057320921361],[76.44051508825416,17.492841440134246],[76.44087185596587,17.496116971766746],[76.44258929016037,17.499239286364787],[76.45197709001961,17.499598786132008],[76.46326668711572,17.502086075844787],[76.46329336977462,17.509870158694692]]]}},{"type":"Feature","properties":{"type":"village","name":"Bhusangi","taluk":"Gulbarga","district":"Kalaburagi","village_code":"620219"},"geometry":{"type":"Polygon","coordinates":[[[76.90783373415606,17.51459253893809],[76.89838962519985,17.516498678952715],[76.88840400909545,17.525133466851596],[76.88360688510402,17.500924861227436],[76.8782742583037,17.492434005914774],[76.88049157620769,17.48816470061678],[76.8980092758136,17.48737306894618],[76.89998711993087,17.491633105358417],[76.90260190012727,17.5031892460317],[76.90582647200989,17.50860756425548],[76.90783373415606,17.51459253893809]]]}},{"type":"Feature","properties":{"type":"village","name":"Rajwal","taluk":"Afzalpur","district":"Kalaburagi","village_code":"620031"},"geometry":{"type":"Polygon","coordinates":[[[76.52670086517098,17.514697797055376],[76.52295150199095,17.517228035831426],[76.51850824415286,17.51849066627229],[76.51623483813746,17.52092216473038],[76.51408259688756,17.52543416932505],[76.50879825812707,17.508780921280835],[76.50866466516959,17.50419983509017],[76.5222206102179,17.502468175576638],[76.5228105006273,17.50414009094435],[76.52908775625451,17.510843095158233],[76.52670086517098,17.514697797055376]]]}},{"type":"Feature","properties":{"type":"village","name":"Dhuttagaon","taluk":"Chincholi","district":"Kalaburagi","village_code":"620065"},"geometry":{"type":"Polygon","coordinates":[[[77.12590843811856,17.528611267627884],[77.12627491841512,17.540685872609224],[77.09684530212195,17.538387081721297],[77.0981470301389,17.534061253659914],[77.09702440642664,17.533618111171897],[77.09624349556029,17.52308811075526],[77.09403591808892,17.518384773861854],[77.09300592056391,17.511720915747848],[77.0941832049646,17.510686552606334],[77.10068065114265,17.51175372928286],[77.10861435523802,17.51170495231172],[77.1100878411373,17.514677768128585],[77.11557311416227,17.517117761736667],[77.12590843811856,17.528611267627884]]]}},{"type":"Feature","properties":{"type":"village","name":"Hodal","taluk":"Afzalpur","district":"Kalaburagi","village_code":"619989"},"geometry":{"type":"Polygon","coordinates":[[[76.84566755327718,17.564160412412527],[76.8184925439554,17.567774407320513],[76.8188527126888,17.559410831261065],[76.81797824138727,17.5517106352247],[76.82088055074655,17.545370359841485],[76.82556845217587,17.544659888638954],[76.83017243209302,17.542234591963812],[76.84541410619616,17.551539057052693],[76.84650998885905,17.55280098781584],[76.84639930743288,17.559506060795776],[76.84566755327718,17.564160412412527]]]}},{"type":"Feature","properties":{"type":"village","name":"Jamga.J","taluk":"Afzalpur","district":"Kalaburagi","village_code":"620027"},"geometry":{"type":"Polygon","coordinates":[[[76.50363032934926,17.55876876329403],[76.49467765814228,17.56200410313563],[76.49113631244273,17.555155059669907],[76.48162788860373,17.553957116946158],[76.46782400224882,17.555441498259757],[76.46799480162872,17.548317069118493],[76.46263487233198,17.52901174988761],[76.48488417730411,17.53084919989088],[76.49898254398559,17.53789310614332],[76.50038942429815,17.539263705224073],[76.50003647891795,17.5457350623995],[76.50086617279584,17.551339832738453],[76.50363032934926,17.55876876329403]]]}},{"type":"Feature","properties":{"type":"village","name":"Fathepur","taluk":"Chincholi","district":"Kalaburagi","village_code":"620902"},"geometry":{"type":"Polygon","coordinates":[[[77.44331086556602,17.523911485831775],[77.43986728711207,17.526363472969063],[77.42463700634168,17.52763941921223],[77.42334304515866,17.513372675755537],[77.4348970712401,17.511661964794783],[77.44486938329517,17.511315484813807],[77.44151959704172,17.518526918894693],[77.4420860396256,17.522393925931503],[77.44331086556602,17.523911485831775]]]}},{"type":"Feature","properties":{"type":"village","name":"Degalmadi","taluk":"Chincholi","district":"Kalaburagi","village_code":"620367"},"geometry":{"type":"Polygon","coordinates":[[[77.42463700634168,17.52763941921223],[77.41412035385201,17.52738469033805],[77.40790048260514,17.52022002796996],[77.3951935326369,17.521871885400596],[77.39715508939972,17.51798057768353],[77.39528068988072,17.514456909229203],[77.39260624358313,17.514240276877604],[77.38150338467501,17.50702144023872],[77.37662321682546,17.505404119733317],[77.37590760000549,17.49933638606153],[77.36962777968816,17.495993141234553],[77.3667789371563,17.4958829810479],[77.36516812310457,17.48045004257309],[77.3740136288914,17.480745151084083],[77.38039886111744,17.484875369887003],[77.38634309959075,17.483952670796548],[77.38747157492872,17.477757306424046],[77.38598956491572,17.470715702952923],[77.38630668099078,17.4646219316954],[77.39226824527097,17.46780387719054],[77.39524928926994,17.471104419405634],[77.40362700276249,17.470375633215195],[77.41445721489701,17.474199442275207],[77.41870909295203,17.479124389656832],[77.42082581122233,17.479614826144672],[77.42179941520872,17.493427099575428],[77.42074136060246,17.494747643028884],[77.41958554503879,17.51278619994019],[77.42334304515866,17.513372675755537],[77.42463700634168,17.52763941921223]]]}},{"type":"Feature","properties":{"type":"village","name":"Bhikkanhalli","taluk":"Chincholi","district":"Kalaburagi","village_code":"620370"},"geometry":{"type":"Polygon","coordinates":[[[77.5370241400848,17.511252839701516],[77.52856824621311,17.522642333874128],[77.52159046815765,17.524965134959743],[77.52031324797827,17.526739862830528],[77.51797324266434,17.527228353932514],[77.51518547569032,17.529491976397757],[77.51318633880587,17.529021472315765],[77.50799535835958,17.53056934561972],[77.50457465730098,17.502133822184433],[77.50787084736963,17.497376167747326],[77.50782532703924,17.49456021397161],[77.50238767011422,17.486585969738044],[77.51953385616302,17.488935424007067],[77.52778257517402,17.485919424749735],[77.52761234173273,17.491722936790865],[77.53021325733104,17.496004894232204],[77.53498699997226,17.500937213620016],[77.53407184037827,17.503251885357837],[77.5370241400848,17.511252839701516]]]}},{"type":"Feature","properties":{"type":"village","name":" ","taluk":"Chincholi","district":"Kalaburagi","village_code":" "},"geometry":{"type":"Polygon","coordinates":[[[77.55269525291122,17.481705052640997],[77.55582977677143,17.484096345618404],[77.56091425116101,17.493386149415954],[77.56537385025246,17.49729356237866],[77.56730300208804,17.500935464168993],[77.56563131010782,17.50749871276215],[77.56200256821258,17.514874718860433],[77.56102611836336,17.521696741939014],[77.55196768670136,17.51571421935486],[77.5446714621659,17.517976493158656],[77.53795185183827,17.514973729992004],[77.53514447284495,17.514768372019624],[77.5370241400848,17.511252839701516],[77.53407184037827,17.503251885357837],[77.53498699997226,17.500937213620016],[77.53021325733104,17.496004894232204],[77.52716357485784,17.490110363807833],[77.52778257517402,17.485919424749735],[77.53227830720112,17.483927485600027],[77.53601144590881,17.483616991271372],[77.54064907402156,17.484686402103087],[77.55269525291122,17.481705052640997]]]}},{"type":"Feature","properties":{"type":"village","name":"Ainoli","taluk":"Chincholi","district":"Kalaburagi","village_code":"620369"},"geometry":{"type":"Polygon","coordinates":[[[77.50782407568605,17.532303842211288],[77.5004868915669,17.53048304800964],[77.49663109060211,17.531323399703787],[77.49269283597233,17.52885000715346],[77.49008381667184,17.528363589118438],[77.48518376281685,17.523631719370464],[77.48141581259527,17.521971199390777],[77.46048304077433,17.516297732799448],[77.45681095336998,17.517591307828464],[77.45492916969931,17.52137792138288],[77.45516576169067,17.524034263382664],[77.44331086556602,17.523911485831775],[77.4420860396256,17.522393925931503],[77.44151959704172,17.518526918894693],[77.44486938329517,17.511315484813807],[77.4348970712401,17.511661964794783],[77.42334304515866,17.513372675755537],[77.41958554503879,17.51278619994019],[77.42074136060246,17.494747643028884],[77.42179941520872,17.493427099575428],[77.42082581122233,17.479614826144672],[77.4183954812049,17.478815639364928],[77.42092605242824,17.474866756817057],[77.4236046462475,17.474898949785747],[77.42358789536239,17.473433703381314],[77.4266743827111,17.473009787580168],[77.42965540604887,17.473855382643052],[77.43401369404086,17.479338568760845],[77.43685396844154,17.48084425278439],[77.43914668643893,17.48003105533766],[77.44445420083545,17.47567908193181],[77.45078664895372,17.47669247413122],[77.46002833783201,17.4752669813939],[77.47290613928244,17.479239084948265],[77.47630982894452,17.478323361086048],[77.48512804301471,17.473140161358515],[77.49027940326542,17.474965430720086],[77.50527262222558,17.489767041115513],[77.50782532703924,17.49456021397161],[77.50787084736963,17.497376167747326],[77.50457465730098,17.502133822184433],[77.50792014331914,17.525053019085703],[77.50782407568605,17.532303842211288]]]}},{"type":"Feature","properties":{"type":"village","name":"Kodalhangerga","taluk":"Afzalpur","district":"Kalaburagi","village_code":"620033"},"geometry":{"type":"Polygon","coordinates":[[[76.63457654906448,17.54522720201976],[76.62312814419916,17.550625912693846],[76.61559332532761,17.54527665434138],[76.60959155155702,17.54346000841891],[76.60849418397899,17.54443574890612],[76.60692131117159,17.544198437180103],[76.60630929166346,17.54202984901],[76.59834877734845,17.539666076638373],[76.59841430316024,17.526347714694896],[76.59313147267109,17.524015707168246],[76.59122492873627,17.521569086830223],[76.58923089607927,17.52080972557985],[76.58394489543548,17.51292057929115],[76.58856997228709,17.511145054077016],[76.59813601406839,17.514587826398078],[76.60404797787012,17.513958897814806],[76.60587880370798,17.509831579281254],[76.61165610016715,17.501785869300736],[76.61549678607898,17.50258621622402],[76.61628300958195,17.505057393074527],[76.61918792225892,17.50708831293679],[76.62215406859725,17.50779993790787],[76.62590666571231,17.511712420876687],[76.63156615980007,17.512539133776336],[76.63049049462099,17.520854066992097],[76.63102515660674,17.527684905953464],[76.63457654906448,17.54522720201976]]]}},{"type":"Feature","properties":{"type":"village","name":"Antwaram","taluk":"Chincholi","district":"Kalaburagi","village_code":"620372"},"geometry":{"type":"Polygon","coordinates":[[[77.5969403960115,17.534306067705888],[77.59566388190792,17.536591844283187],[77.5956156432755,17.543612402771892],[77.58706220673696,17.54157387700835],[77.58257423166236,17.53989953211377],[77.57400328875558,17.53440790178871],[77.56102611836336,17.521696741939014],[77.56200256821258,17.514874718860433],[77.56563131010782,17.50749871276215],[77.56730300208804,17.500935464168993],[77.56537385025246,17.49729356237866],[77.56091425116101,17.493386149415954],[77.55582977677143,17.484096345618404],[77.55269525291122,17.481705052640997],[77.5586228581787,17.482087574782224],[77.56446244920959,17.48036929569299],[77.5698574720912,17.48118846542691],[77.57596287910624,17.480440741676336],[77.57322793666418,17.486775864320443],[77.582089469294,17.489946012640168],[77.58677434070584,17.493444235821336],[77.58560267616562,17.503881671757124],[77.5833468591635,17.51022779896779],[77.58475018484248,17.511921896950483],[77.59189579693904,17.51508641176779],[77.59366063792604,17.51779066259892],[77.59440275414856,17.53132069030734],[77.5969403960115,17.534306067705888]]]}},{"type":"Feature","properties":{"type":"village","name":"Chandrampalli","taluk":"Chincholi","district":"Kalaburagi","village_code":"620363"},"geometry":{"type":"Polygon","coordinates":[[[77.50743805613371,17.53716558486789],[77.50360882733503,17.53773462369003],[77.49127940334812,17.54247178977206],[77.47409691009048,17.53970984126507],[77.46355282305203,17.535424542603696],[77.4587290873686,17.531740103193236],[77.45572242970592,17.52639230574176],[77.45492916969931,17.52137792138288],[77.45762989980378,17.51682296328505],[77.46048304077433,17.516297732799448],[77.47666864212016,17.520509879794776],[77.48518376281685,17.523631719370464],[77.49008381667184,17.528363589118438],[77.49269283597233,17.52885000715346],[77.49663109060211,17.531323399703787],[77.5004868915669,17.53048304800964],[77.50782407568605,17.532303842211288],[77.50822601787677,17.53573246603245],[77.50743805613371,17.53716558486789]]]}},{"type":"Feature","properties":{"type":"village","name":"Sangolgi","taluk":"Afzalpur","district":"Kalaburagi","village_code":"620032"},"geometry":{"type":"Polygon","coordinates":[[[76.55137667603235,17.48877611999252],[76.56187214355266,17.50485489217265],[76.56081033488684,17.504962881144642],[76.55982724469104,17.508956294803756],[76.55317857072814,17.510221140770827],[76.55310705405175,17.51255904728731],[76.55120320506278,17.51656777290778],[76.54523494024892,17.52215616817962],[76.53716163975503,17.522701541677414],[76.5329110022734,17.52471216011903],[76.53179563874528,17.51892213103261],[76.53269968168766,17.5189226021897],[76.53243636571496,17.518260624415113],[76.5262843208653,17.514356523715836],[76.52908775625451,17.510843095158233],[76.52266940044902,17.50396155233204],[76.52068514864882,17.49874727241862],[76.53355422655957,17.492613783608224],[76.55137667603235,17.48877611999252]]]}},{"type":"Feature","properties":{"type":"village","name":"Tajlapur","taluk":"Chincholi","district":"Kalaburagi","village_code":"620348"},"geometry":{"type":"Polygon","coordinates":[[[77.32754370288708,17.519657739397957],[77.3185420600224,17.52057385636023],[77.30599841299305,17.52002759840832],[77.29601723726107,17.517403451738648],[77.2950207307265,17.51351777767074],[77.31021569602815,17.51149504764551],[77.31823010836192,17.509320050248974],[77.32104636989675,17.507107174155042],[77.32316207307073,17.507221449998955],[77.32342524621133,17.508951821135753],[77.32579337598017,17.509584938300883],[77.32568929806969,17.511396528924124],[77.32853677516233,17.51573881076131],[77.33455240544619,17.516466823165427],[77.33254148536018,17.518043072273475],[77.32754370288708,17.519657739397957]]]}},{"type":"Feature","properties":{"type":"village","name":"Ranapur","taluk":"Chincholi","district":"Kalaburagi","village_code":"620344"},"geometry":{"type":"Polygon","coordinates":[[[77.23750000228652,17.514799641286867],[77.23470305003869,17.519686582659205],[77.23115711843958,17.523002512023087],[77.22301204794438,17.51915270659986],[77.2091726404065,17.521933083418496],[77.2023399483543,17.515742555240802],[77.20002507610538,17.511364667958205],[77.19852244436669,17.505636849106043],[77.19811807492806,17.49866671272299],[77.20475007975254,17.497863750874842],[77.21612790308765,17.498909300707734],[77.23323801998119,17.498378626058656],[77.23323887697394,17.499832006998712],[77.23145330376855,17.50221662411381],[77.23369152367256,17.503420394162113],[77.23406921224894,17.505041400781124],[77.23765391333909,17.50514898698658],[77.23734705961783,17.5074057039039],[77.23543022278645,17.50920322877092],[77.23750000228652,17.514799641286867]]]}},{"type":"Feature","properties":{"type":"village","name":"Apchand","taluk":"Afzalpur","district":"Kalaburagi","village_code":"620002"},"geometry":{"type":"Polygon","coordinates":[[[76.87343184035731,17.538171874988045],[76.87093616329285,17.544577645687212],[76.86820433890317,17.548330447810613],[76.86624826815175,17.54868622472985],[76.86331429407703,17.547036047062083],[76.85778347916211,17.546485574227212],[76.85176296833131,17.5514671953799],[76.85078428527031,17.556174379629088],[76.84645009907737,17.5582443146427],[76.84650998885905,17.55280098781584],[76.84541410619616,17.551539057052693],[76.83017243209302,17.542234591963812],[76.83143794812257,17.538643740381076],[76.849127810751,17.534280806403057],[76.85928387768901,17.533389997813252],[76.86203799556914,17.525670923109377],[76.86634188428246,17.531008199747376],[76.86718045082041,17.535374250723894],[76.87032141110966,17.536624267009778],[76.87167771986495,17.538456322377222],[76.87343184035731,17.538171874988045]]]}},{"type":"Feature","properties":{"type":"village","name":"Sakkerga","taluk":"Afzalpur","district":"Kalaburagi","village_code":"620043"},"geometry":{"type":"Polygon","coordinates":[[[76.4178082102224,17.53548966171471],[76.42438789087657,17.54390886903598],[76.4329603321732,17.55265397737829],[76.39838425593919,17.550777385422997],[76.37713338259131,17.54670362757717],[76.3739464510174,17.544880966011792],[76.3744617327492,17.541926661591464],[76.37258782640528,17.541491728589044],[76.36931227243534,17.538675014955686],[76.37198590396096,17.53356725173505],[76.37561665089592,17.533447614008313],[76.38201312014785,17.530795232814025],[76.38610729356486,17.534958448991006],[76.4178082102224,17.53548966171471]]]}},{"type":"Feature","properties":{"type":"village","name":"Kinihabas","taluk":"Afzalpur","district":"Kalaburagi","village_code":"620045"},"geometry":{"type":"Polygon","coordinates":[[[76.43711722686166,17.529786538405617],[76.43592685939723,17.540325989966274],[76.4329603321732,17.55265397737829],[76.42438789087657,17.54390886903598],[76.4178082102224,17.53548966171471],[76.42359440090124,17.52731940299138],[76.42672011228855,17.517828841120245],[76.43711722686166,17.529786538405617]]]}},{"type":"Feature","properties":{"type":"village","name":"Narona","taluk":"Afzalpur","district":"Kalaburagi","village_code":"619999"},"geometry":{"type":"Polygon","coordinates":[[[76.76638364497768,17.534718262185624],[76.76369256727095,17.550441407191357],[76.76420280855568,17.55826143620312],[76.76315286034657,17.561668121750852],[76.75134543659144,17.560793609890908],[76.74895036544892,17.555983421963255],[76.7446340081194,17.55289079325698],[76.741820762229,17.552059063650482],[76.73757855633463,17.553694631038923],[76.73339560690968,17.552201566853242],[76.71943160663513,17.551361432712863],[76.71933598815966,17.548465609375768],[76.7149205161116,17.54764090513394],[76.71301811969846,17.543062996202167],[76.70491975081823,17.541143994201324],[76.70433057995938,17.540064501893017],[76.69336288067062,17.5398199337433],[76.68730071136683,17.542374362826596],[76.68607692298055,17.537007721074314],[76.68334499977614,17.53507938171591],[76.68416682710706,17.527999835857432],[76.68324484211352,17.523482418641343],[76.6822860306849,17.521521983795054],[76.67724253025206,17.51970943539371],[76.67711938380302,17.50903624425287],[76.67913481343177,17.501613094174107],[76.67806878717568,17.500675632807702],[76.70264311715604,17.495522151093734],[76.70694582638141,17.5009219063513],[76.71628453780197,17.503414036425205],[76.72040378319853,17.50342567071524],[76.72920949092335,17.50092067779453],[76.73003301427353,17.493242008996518],[76.75035954814354,17.490844221921215],[76.75045437071167,17.491837606145484],[76.75262862787251,17.493027154850576],[76.7570204930932,17.49402829288043],[76.74635895043303,17.515684284071764],[76.74578598338526,17.525020303039643],[76.7372190182186,17.530326320240427],[76.73550277608847,17.539458028774373],[76.73791351115462,17.543947689597548],[76.74277302673579,17.547010269340667],[76.75815819502749,17.54026737036907],[76.76638364497768,17.534718262185624]]]}},{"type":"Feature","properties":{"type":"village","name":"Navadgi (B)","taluk":"Gulbarga","district":"Kalaburagi","village_code":"620211"},"geometry":{"type":"Polygon","coordinates":[[[76.96038438686128,17.565528693960623],[76.9511837339235,17.566295679325027],[76.9497997840069,17.549296612033405],[76.95126252425877,17.540719080913153],[76.95265621820123,17.538316999042717],[76.95725067687471,17.536376805019252],[76.96234642242617,17.53598014989706],[76.9706817938278,17.541911691830478],[76.97538944022705,17.55093241420539],[76.96140651334774,17.55244837257683],[76.9616236577115,17.557868933166265],[76.96038438686128,17.565528693960623]]]}},{"type":"Feature","properties":{"type":"village","name":"Nagelagaon","taluk":"Afzalpur","district":"Kalaburagi","village_code":"620038"},"geometry":{"type":"Polygon","coordinates":[[[76.43424585458246,17.552956992119785],[76.43242929219468,17.561928567179734],[76.42895818127559,17.562094471835998],[76.42706915359051,17.5631508982613],[76.41454116778979,17.563267701259146],[76.39722196621727,17.565698855191272],[76.39351514635078,17.550115211301726],[76.43346409301151,17.552757986913345],[76.43424585458246,17.552956992119785]]]}},{"type":"Feature","properties":{"type":"village","name":"Holkunda","taluk":"Gulbarga","district":"Kalaburagi","village_code":"620212"},"geometry":{"type":"Polygon","coordinates":[[[76.99816685666984,17.544813051144185],[76.97390338240534,17.547485195175675],[76.96996616263476,17.541157250937186],[76.96234642242617,17.53598014989706],[76.96366650661766,17.52963260083315],[76.96506109797713,17.529563373940057],[76.96427032720219,17.52120971707287],[76.96546726314799,17.519270786088242],[76.96462384930078,17.51288985883068],[76.9658712499043,17.504655368991862],[76.97327370381537,17.50695058212095],[76.9752396389669,17.50585176716144],[76.99029540133208,17.510509688402074],[76.99949229032883,17.511810654151308],[77.00982567661909,17.507288356891575],[77.01038105016202,17.51413328202122],[77.00874513089303,17.530582563725392],[77.00769702512858,17.531946539248697],[77.00253919341455,17.531673429739886],[76.99891846628829,17.532659883577743],[76.99816685666984,17.544813051144185]]]}},{"type":"Feature","properties":{"type":"village","name":"Jawalga","taluk":"Afzalpur","district":"Kalaburagi","village_code":"620001"},"geometry":{"type":"Polygon","coordinates":[[[76.82088055074655,17.545370359841485],[76.81339395433776,17.544656316061875],[76.79828860496887,17.537177368606198],[76.79259145080945,17.532710331252105],[76.81596454101546,17.521589633261797],[76.8280355053221,17.524795942007074],[76.83042890559823,17.527902391713326],[76.8313384803661,17.53162317279653],[76.8316744296211,17.53689674719674],[76.83083038156332,17.54087593503392],[76.82887378799244,17.543301916272974],[76.82088055074655,17.545370359841485]]]}},{"type":"Feature","properties":{"type":"village","name":"Ningdhalli","taluk":"Afzalpur","district":"Kalaburagi","village_code":"620052"},"geometry":{"type":"Polygon","coordinates":[[[76.38680791570609,17.50646097498866],[76.3904295330628,17.52041835787912],[76.38121210768037,17.517196300960812],[76.37637039311483,17.512214731280658],[76.37246719344239,17.512054136950294],[76.3662077999163,17.516153343279083],[76.35977284504098,17.51385607222093],[76.34663200429893,17.512581087073873],[76.3434973214369,17.499662610710775],[76.34582454911423,17.492531750970485],[76.36236568837815,17.495918920325618],[76.37474800876225,17.495651652834812],[76.37710194335298,17.50015476182698],[76.38680791570609,17.50646097498866]]]}},{"type":"Feature","properties":{"type":"village","name":"Chimmanchod","taluk":"Chincholi","district":"Kalaburagi","village_code":"620347"},"geometry":{"type":"Polygon","coordinates":[[[77.31364929330098,17.534842330131884],[77.29971192987124,17.540602337038106],[77.28791435434657,17.54149688069314],[77.28430168780332,17.540679726888143],[77.27821971334245,17.534728850304827],[77.27402927735794,17.534469696037384],[77.2716073861143,17.53676772885402],[77.26366755281376,17.53463382274791],[77.25446425164252,17.533637001326756],[77.24604888975644,17.531436735184815],[77.24026305660708,17.527271313777803],[77.23622998479907,17.526373824293913],[77.23115711843958,17.523002512023087],[77.23470305003869,17.519686582659205],[77.23750000228652,17.514799641286867],[77.2480043083309,17.516283300620216],[77.25836921380952,17.514709900077317],[77.26705472066112,17.5096098757848],[77.27234130431152,17.50289937426904],[77.27403930255653,17.505891017368008],[77.28027659483168,17.508144012128415],[77.28242129382643,17.512662799685497],[77.29187650595952,17.511257571175154],[77.2950207307265,17.51351777767074],[77.29601723726107,17.517403451738648],[77.2982581961284,17.51816334294502],[77.3100477389178,17.520318152987443],[77.32754370288708,17.519657739397957],[77.32618901199763,17.523347316405136],[77.32407877866537,17.52591685180151],[77.31364929330098,17.534842330131884]]]}},{"type":"Feature","properties":{"type":"village","name":" ","taluk":"Chincholi","district":"Kalaburagi","village_code":" "},"geometry":{"type":"Polygon","coordinates":[[[77.48074703123928,17.540859354880364],[77.47740539629872,17.55264782606768],[77.47780518343107,17.560110907202795],[77.47615893443468,17.564675569612945],[77.46021150881,17.553883728265067],[77.4509892073722,17.551294184915445],[77.44739033266353,17.54912697498851],[77.44789762657581,17.545801744385976],[77.449629608088,17.543235049211788],[77.45301967479878,17.541860395314604],[77.47409691009048,17.53970984126507],[77.48074703123928,17.540859354880364]]]}},{"type":"Feature","properties":{"type":"village","name":" ","taluk":"Chincholi","district":"Kalaburagi","village_code":" "},"geometry":{"type":"Polygon","coordinates":[[[77.50694134707042,17.542281685337247],[77.50220711862359,17.544451776271565],[77.50007225528289,17.54672734884269],[77.49948480379946,17.55178230580274],[77.500475472183,17.55619676098693],[77.49739857524825,17.557714556096357],[77.49622714157505,17.559617222950255],[77.49410878028611,17.568360270197996],[77.4839862564408,17.566730558764295],[77.47809427925581,17.56680592314456],[77.47615893443468,17.564675569612945],[77.47780518343107,17.560110907202795],[77.47740539629872,17.55264782606768],[77.48074703123928,17.540859354880364],[77.48870814742554,17.542437106830462],[77.49340779971709,17.54220852833184],[77.50360882733503,17.53773462369003],[77.50743805613371,17.53716558486789],[77.50628756218977,17.539981054260178],[77.50694134707042,17.542281685337247]]]}},{"type":"Feature","properties":{"type":"village","name":"Navadgi (K)","taluk":"Gulbarga","district":"Kalaburagi","village_code":"620210"},"geometry":{"type":"Polygon","coordinates":[[[76.97538944022705,17.55093241420539],[76.97578446359344,17.553882699627678],[76.97449978021068,17.559098134766675],[76.9686836648531,17.55903871874031],[76.96686505161152,17.5604491173989],[76.96110628110843,17.560528163715087],[76.96140651334774,17.55244837257683],[76.97538944022705,17.55093241420539]]]}},{"type":"Feature","properties":{"type":"village","name":"Mahagaon","taluk":"Gulbarga","district":"Kalaburagi","village_code":"620207"},"geometry":{"type":"Polygon","coordinates":[[[76.90120036209572,17.566333183044996],[76.89754124366914,17.566744502191877],[76.88311865434034,17.56474648996319],[76.88274359603112,17.559181999254807],[76.87960188564864,17.545501929641144],[76.87343184035731,17.538171874988045],[76.87467961555832,17.534224863367612],[76.88132283764577,17.53108663359481],[76.89838962519985,17.516498678952715],[76.91167748601794,17.513621333342662],[76.91466083419564,17.510110518887338],[76.91492953197522,17.505257544641648],[76.91674959060606,17.502313085670952],[76.92376309376203,17.50405863408431],[76.93812637990901,17.50376360025275],[76.9542842601435,17.50092647360111],[76.9592444346472,17.499437832811047],[76.96123049565435,17.497815133813152],[76.9658712499043,17.504655368991862],[76.96462384930078,17.51288985883068],[76.96546726314799,17.519270786088242],[76.96427032720219,17.52120971707287],[76.96506109797713,17.529563373940057],[76.96366650661766,17.52963260083315],[76.96234642242617,17.53598014989706],[76.95725067687471,17.536376805019252],[76.95265621820123,17.538316999042717],[76.94632680010045,17.539176993753397],[76.94253502476089,17.53629639992894],[76.93827961812345,17.536709443879857],[76.9365259872129,17.532695936354774],[76.92290180344068,17.534449223873494],[76.92154394868473,17.538600800360737],[76.92215316365254,17.543575322613194],[76.92115277100606,17.547383731601528],[76.92387293975497,17.55558271922617],[76.92401681932078,17.558670399579086],[76.92072681235622,17.560283617194003],[76.90692144917095,17.561246763760927],[76.90348815732533,17.562722483212475],[76.90120036209572,17.566333183044996]]]}},{"type":"Feature","properties":{"type":"village","name":"Shakhapur","taluk":"Afzalpur","district":"Kalaburagi","village_code":"620028"},"geometry":{"type":"Polygon","coordinates":[[[76.5211872332308,17.555840186024007],[76.51750030655627,17.55479234512188],[76.51311271911297,17.55584248822837],[76.50915953807643,17.555067607241384],[76.50363032934926,17.55876876329403],[76.50038283156229,17.548805052420743],[76.50035415823675,17.539098725293993],[76.51883400741085,17.537029296203464],[76.5199982015612,17.54347002300682],[76.51848686784233,17.546913966872374],[76.52162186780966,17.55348667208228],[76.5211872332308,17.555840186024007]]]}},{"type":"Feature","properties":{"type":"village","name":"Chinchansur","taluk":"Afzalpur","district":"Kalaburagi","village_code":"620004"},"geometry":{"type":"Polygon","coordinates":[[[76.8187070867981,17.563259808310608],[76.81172736209344,17.562695404218218],[76.80158452015307,17.566542007650995],[76.79821040482678,17.565450348674336],[76.79572521918652,17.562416846964904],[76.78867428143602,17.562430840398527],[76.77469825092318,17.559698234341084],[76.77125204759197,17.56094007330048],[76.76315286034657,17.561668121750852],[76.76420280855568,17.55826143620312],[76.76369256727095,17.550441407191357],[76.76718603635913,17.52918184776213],[76.75866519698732,17.525020010932057],[76.75316152197378,17.52358556601368],[76.74578598338526,17.525020303039643],[76.74635895043303,17.515684284071764],[76.7570204930932,17.49402829288043],[76.78826586329043,17.497035566114572],[76.78861609755508,17.493164006035073],[76.78272628171663,17.485006563698057],[76.790893556769,17.48556162611028],[76.81344707711042,17.489459983909175],[76.81361893829899,17.49634058601565],[76.82247783167851,17.503312215794246],[76.82433132829918,17.506612709914325],[76.8254760676354,17.512630638247426],[76.83440997034117,17.51923275607026],[76.8289458149119,17.525378518238],[76.81596454101546,17.521589633261797],[76.79252391816132,17.532904417699648],[76.79828860496887,17.537177368606198],[76.81339395433776,17.544656316061875],[76.82088055074655,17.545370359841485],[76.81797824138727,17.5517106352247],[76.8187070867981,17.563259808310608]]]}},{"type":"Feature","properties":{"type":"village","name":"Kannura","taluk":"Gulbarga","district":"Kalaburagi","village_code":"620220"},"geometry":{"type":"Polygon","coordinates":[[[76.87343184035731,17.538171874988045],[76.87167771986495,17.538456322377222],[76.87032141110966,17.536624267009778],[76.86718045082041,17.535374250723894],[76.86634188428246,17.531008199747376],[76.85877595315935,17.52195029664225],[76.85723849912699,17.5161305492066],[76.86684849906841,17.514934248734743],[76.86871696611328,17.49761115894112],[76.86810833594872,17.491424029141882],[76.87862732226151,17.49068111289464],[76.8782742583037,17.492434005914774],[76.88360688510402,17.500924861227436],[76.88840400909545,17.525133466851596],[76.88132283764577,17.53108663359481],[76.87467961555832,17.534224863367612],[76.87343184035731,17.538171874988045]]]}},{"type":"Feature","properties":{"type":"village","name":"Ambewad","taluk":"Afzalpur","district":"Kalaburagi","village_code":"620051"},"geometry":{"type":"Polygon","coordinates":[[[76.42672011228855,17.517828841120245],[76.42359440090124,17.52731940299138],[76.4178082102224,17.53548966171471],[76.39315211019502,17.534781786608793],[76.39251977169347,17.52117402265806],[76.3904295330628,17.52041835787912],[76.38680791570609,17.50646097498866],[76.40069224709303,17.50722310600869],[76.41422037940185,17.504668010700993],[76.41744150894029,17.503065647350482],[76.42672011228855,17.517828841120245]]]}},{"type":"Feature","properties":{"type":"village","name":"Tirmalapur","taluk":"Chincholi","district":"Kalaburagi","village_code":"620353"},"geometry":{"type":"Polygon","coordinates":[[[77.40266431869668,17.536870617698394],[77.40264186889941,17.5467333461811],[77.40147545231706,17.55303020816576],[77.3983947680851,17.55598615668525],[77.39620364235981,17.55680329712969],[77.39493080326407,17.554912562299126],[77.39385311867223,17.542819465081067],[77.39602458386919,17.538725485796675],[77.39614845076707,17.534191097098997],[77.39819575621536,17.533061889324355],[77.40266431869668,17.536870617698394]]]}},{"type":"Feature","properties":{"type":"village","name":"Gulhalli","taluk":"Afzalpur","district":"Kalaburagi","village_code":"620030"},"geometry":{"type":"Polygon","coordinates":[[[76.5329110022734,17.52471216011903],[76.53254540322412,17.530598646280914],[76.52717949024928,17.535258262329993],[76.5264384798529,17.538395453712553],[76.52462295771424,17.53867007091451],[76.52229180799239,17.542976577771054],[76.51998428306416,17.5430408299252],[76.51935136604759,17.538247122767558],[76.5140442001974,17.526712625982146],[76.51623483813746,17.52092216473038],[76.51899339100012,17.518149819822828],[76.52295150199095,17.517228035831426],[76.52670086517098,17.514697797055376],[76.53243636571496,17.518260624415113],[76.53269968168766,17.5189226021897],[76.53179563874528,17.51892213103261],[76.5329110022734,17.52471216011903]]]}},{"type":"Feature","properties":{"type":"village","name":"Yelinawadgi","taluk":"Afzalpur","district":"Kalaburagi","village_code":"620034"},"geometry":{"type":"Polygon","coordinates":[[[76.65762823823151,17.543709345967684],[76.64296626225257,17.546764992801638],[76.63457654906448,17.54522720201976],[76.63102515660674,17.527684905953464],[76.63049049462099,17.520854066992097],[76.63156615980007,17.512539133776336],[76.63480558622423,17.512234123108605],[76.6372611678843,17.514673563595696],[76.63887140611592,17.51351241060331],[76.64576232337161,17.513660961376722],[76.65151351209371,17.512361550051693],[76.65225529504127,17.514057865755525],[76.65599411559309,17.515568577782705],[76.65585072560914,17.51697129461512],[76.65797201630423,17.517366345661877],[76.65892100196027,17.518714695866684],[76.65929145909857,17.522943228077896],[76.65813885680869,17.528597437763597],[76.65762823823151,17.543709345967684]]]}},{"type":"Feature","properties":{"type":"village","name":"Venkatapur","taluk":"Chincholi","district":"Kalaburagi","village_code":"620459"},"geometry":{"type":"Polygon","coordinates":[[[77.5956156432755,17.543612402771892],[77.59574190867521,17.549029189318553],[77.59726702524544,17.553727871218193],[77.5938413394353,17.564515658076807],[77.58911267425503,17.564700024200494],[77.58813696012602,17.560005480175118],[77.5820067443378,17.559887136021676],[77.57199016240723,17.556871253751773],[77.58180028273944,17.54764000322509],[77.58579960304556,17.547314372730874],[77.5956156432755,17.543612402771892]]]}},{"type":"Feature","properties":{"type":"village","name":"Gogi","taluk":"Gulbarga","district":"Kalaburagi","village_code":"620214"},"geometry":{"type":"Polygon","coordinates":[[[77.07886918863329,17.551731872001305],[77.07753648311204,17.555417242837255],[77.07169057422978,17.553005782835676],[77.06947566560736,17.551756380583136],[77.06721565167624,17.548820013047187],[77.06232898900714,17.547175350846786],[77.05852206897023,17.543896051045397],[77.05755361502534,17.53822149369378],[77.05513328056209,17.537431930401983],[77.05228132267278,17.53106653880606],[77.04466756973555,17.526944760962905],[77.043816308206,17.511688755856312],[77.04643541468884,17.50641707811974],[77.04928585083202,17.506025148234738],[77.05462403281405,17.508620371888945],[77.06146338138254,17.51398082006729],[77.06355386704986,17.514220946087566],[77.06742620689734,17.51962227939889],[77.0733263982773,17.525071829610265],[77.078417221061,17.533186491197785],[77.08007567007728,17.534302452952527],[77.08195402128524,17.54455220594472],[77.0832374928407,17.545651744999333],[77.07886918863329,17.551731872001305]]]}},{"type":"Feature","properties":{"type":"village","name":"Bolani","taluk":"Afzalpur","district":"Kalaburagi","village_code":"620035"},"geometry":{"type":"Polygon","coordinates":[[[76.68730071136683,17.542374362826596],[76.6868742837964,17.548651920698024],[76.68430131927813,17.558178276158312],[76.68501572516908,17.56084126883634],[76.66841198141472,17.551950003830065],[76.65811212114917,17.550454227288434],[76.65771422227556,17.537395730381338],[76.65924923019539,17.523638986137364],[76.65892100196027,17.518714695866684],[76.6772013191401,17.515451477624897],[76.67724253025206,17.51970943539371],[76.6822860306849,17.521521983795054],[76.68358179299007,17.524272867588245],[76.68416682710706,17.527999835857432],[76.68334499977614,17.53507938171591],[76.68607692298055,17.537007721074314],[76.68730071136683,17.542374362826596]]]}},{"type":"Feature","properties":{"type":"village","name":"Belura","taluk":"Gulbarga","district":"Kalaburagi","village_code":"620201"},"geometry":{"type":"Polygon","coordinates":[[[77.03795045672442,17.546373359059675],[77.03330742883851,17.547255946396895],[77.0298845529586,17.546384540066168],[77.02941460919916,17.548273758807834],[77.0200201474338,17.547893989311117],[77.01886150397358,17.55113241409757],[77.0162735780143,17.552518072078236],[77.01601940958611,17.559265962196857],[77.0090914260452,17.563490700036304],[77.0074520554489,17.56025065913493],[77.00546776142791,17.55862991806744],[77.00460973738092,17.5559601661188],[76.99891827135384,17.555789504118202],[76.99816685666984,17.544813051144185],[76.99891846628829,17.532659883577743],[76.99994439444504,17.531911706960518],[77.00825994811315,17.531586982751946],[77.00989385066431,17.51840676411204],[77.01396897261075,17.525112208970015],[77.01917041483686,17.53072350082855],[77.02338953941832,17.53258522709286],[77.02560672437163,17.53684514775106],[77.03207706208939,17.538407920903644],[77.0328578759377,17.53984787870349],[77.03645194196469,17.542038930904738],[77.03795045672442,17.546373359059675]]]}},{"type":"Feature","properties":{"type":"village","name":"Kawanhalli","taluk":"Gulbarga","district":"Kalaburagi","village_code":"620203"},"geometry":{"type":"Polygon","coordinates":[[[77.07997866460302,17.564462822954933],[77.06949392925539,17.566632010962167],[77.0649038938864,17.564352164790016],[77.061318095055,17.56435099661322],[77.05238692502434,17.566670065292794],[77.05029600906397,17.555449561131493],[77.05864762020927,17.54403849814171],[77.06383589043838,17.54824934140153],[77.06721565167624,17.548820013047187],[77.06947566560736,17.551756380583136],[77.07169057422978,17.553005782835676],[77.07753648311204,17.555417242837255],[77.07807370619466,17.554839591967205],[77.0791088537612,17.558576012363382],[77.07803426566214,17.561607141838152],[77.07997866460302,17.564462822954933]]]}},{"type":"Feature","properties":{"type":"village","name":" ","taluk":"Afzalpur","district":"Kalaburagi","village_code":" "},"geometry":{"type":"Polygon","coordinates":[[[76.71140117644153,17.564498052366268],[76.70515372781378,17.56485292910203],[76.7043472616742,17.562167501764847],[76.69613293735883,17.560914593889787],[76.69147800230378,17.562397940112056],[76.68816854411841,17.56677890899293],[76.68430131927813,17.558178276158312],[76.6868742837964,17.548651920698024],[76.68730071136683,17.542374362826596],[76.69336288067062,17.5398199337433],[76.70433057995938,17.540064501893017],[76.70491975081823,17.541143994201324],[76.71301811969846,17.543062996202167],[76.7149205161116,17.54764090513394],[76.71933598815966,17.548465609375768],[76.71947216197694,17.566007861931464],[76.71140117644153,17.564498052366268]]]}},{"type":"Feature","properties":{"type":"village","name":"Sangolgi","taluk":"Afzalpur","district":"Kalaburagi","village_code":"620032"},"geometry":{"type":"Polygon","coordinates":[[[76.76638364497768,17.534718262185624],[76.75815819502749,17.54026737036907],[76.74277302673579,17.547010269340667],[76.73791351115462,17.543947689597548],[76.73550277608847,17.539458028774373],[76.7372190182186,17.530326320240427],[76.74139949008996,17.527301377354345],[76.74895063943507,17.52386877618237],[76.75497241689044,17.524029642746672],[76.76683121439834,17.528636480893994],[76.76638364497768,17.534718262185624]]]}},{"type":"Feature","properties":{"type":"village","name":"Kamanhalli","taluk":"Afzalpur","district":"Kalaburagi","village_code":"620042"},"geometry":{"type":"Polygon","coordinates":[[[76.39315211019502,17.534781786608793],[76.38592839766929,17.534899652917254],[76.38201312014785,17.530795232814025],[76.37561665089592,17.533447614008313],[76.37198590396096,17.53356725173505],[76.36931227243534,17.538675014955686],[76.36544272634839,17.536765870107992],[76.36280052777289,17.537373983983365],[76.36381021079605,17.53628582389322],[76.36721748293948,17.519897208572385],[76.3662077999163,17.516153343279083],[76.37246719344239,17.512054136950294],[76.37637039311483,17.512214731280658],[76.38121210768037,17.517196300960812],[76.39251977169347,17.52117402265806],[76.39315211019502,17.534781786608793]]]}},{"type":"Feature","properties":{"type":"village","name":"Jidga","taluk":"Afzalpur","district":"Kalaburagi","village_code":"620029"},"geometry":{"type":"Polygon","coordinates":[[[76.51823596029863,17.537094502964152],[76.50016818092175,17.539098631929626],[76.48488417730411,17.53084919989088],[76.47170876938993,17.52960066083494],[76.47159290917615,17.51800357283731],[76.48355294322333,17.515750737240964],[76.47934470981637,17.50540916919983],[76.49937894087606,17.505684963755293],[76.50866466516959,17.50419983509017],[76.50860593062136,17.507644586119476],[76.51027331697641,17.51406528025335],[76.51472563971404,17.528838617767764],[76.51823596029863,17.537094502964152]]]}},{"type":"Feature","properties":{"type":"village","name":"Rajanhal","taluk":"Gulbarga","district":"Kalaburagi","village_code":"620196"},"geometry":{"type":"Polygon","coordinates":[[[77.0059075694045,17.60300400304016],[77.01175113009062,17.61014539836273],[77.01631480709256,17.614046863403544],[77.01615660838114,17.61707587271293],[77.0172816431716,17.618546066944567],[77.01755902406673,17.621875649956014],[77.01238554909038,17.620897568718274],[77.009697854439,17.617701933612278],[77.0080874311544,17.617296085866215],[77.00369265988378,17.618163117053545],[77.0010192008347,17.617291680800985],[76.98582921040312,17.619302436781908],[76.98161360631926,17.614450164421307],[76.97982101906813,17.607881172279455],[76.98110603662417,17.602923035023636],[77.0004676325553,17.600751245228494],[77.00331316928695,17.601142940227316],[77.0059075694045,17.60300400304016]]]}},{"type":"Feature","properties":{"type":"village","name":"Kotga","taluk":"Chincholi","district":"Kalaburagi","village_code":"620339"},"geometry":{"type":"Polygon","coordinates":[[[77.19610949315675,17.58040605272126],[77.18340622897611,17.579690257986858],[77.1782470623656,17.58038144525565],[77.1596219538134,17.58568486885092],[77.16124988256789,17.583973216900734],[77.15867768521092,17.581900005206677],[77.15878066358353,17.578362613735198],[77.15411964693405,17.5741998016748],[77.1595032522284,17.564714932984344],[77.1639670239943,17.553223752110764],[77.17278905680277,17.5442470349659],[77.17835371484769,17.543825807755713],[77.18591079756526,17.54176557363942],[77.19567428904597,17.56677519211667],[77.19610949315675,17.58040605272126]]]}},{"type":"Feature","properties":{"type":"village","name":"Belkotta","taluk":"Gulbarga","district":"Kalaburagi","village_code":"620208"},"geometry":{"type":"Polygon","coordinates":[[[76.93788316823239,17.579971867264785],[76.93727615773027,17.583128373048762],[76.9396036917331,17.590160762887905],[76.93617175724185,17.596543063166916],[76.934820866226,17.59613913388275],[76.93426678985035,17.59413608087305],[76.92592948168101,17.593153809326015],[76.920966169362,17.59157978424206],[76.91736007399506,17.59168327131965],[76.91311957310312,17.58477392029859],[76.91301987717453,17.581299909039494],[76.9111451111429,17.57923709378387],[76.91005557777247,17.575907141771406],[76.9015222167839,17.57027537665166],[76.90120036209572,17.566333183044996],[76.90348815732533,17.562722483212475],[76.90803013282664,17.560937825117335],[76.92212160044673,17.56000884433088],[76.92401681932078,17.558670399579086],[76.92387293975497,17.55558271922617],[76.92115277100606,17.547383731601528],[76.92215316365254,17.543575322613194],[76.92154394868473,17.538600800360737],[76.92279477097121,17.53540987381898],[76.92383242304072,17.53763965509795],[76.92383667386865,17.553695789863106],[76.92961435929837,17.55957816936437],[76.93027792323916,17.565907804711085],[76.93423386210362,17.57743416257415],[76.93788316823239,17.579971867264785]]]}},{"type":"Feature","properties":{"type":"village","name":"Khanapur","taluk":"Afzalpur","district":"Kalaburagi","village_code":"620026"},"geometry":{"type":"Polygon","coordinates":[[[76.49284510214922,17.57395341611881],[76.4898063997837,17.586625470918307],[76.47380559985812,17.58417515500374],[76.46499346738241,17.579886407590763],[76.46441607074198,17.570430663645695],[76.46585729095288,17.570512304793297],[76.46579701040406,17.565185881375616],[76.46850646674321,17.558116132848493],[76.46782400224882,17.555441498259757],[76.48162788860373,17.553957116946158],[76.49184746283906,17.55542618531174],[76.49467765814228,17.56200410313563],[76.49104641264233,17.563621318017372],[76.489981759012,17.56756523214817],[76.49284510214922,17.57395341611881]]]}},{"type":"Feature","properties":{"type":"village","name":"Madki","taluk":"Afzalpur","district":"Kalaburagi","village_code":"619988"},"geometry":{"type":"Polygon","coordinates":[[[76.8825215845952,17.57912945991461],[76.87680229774377,17.598005884256334],[76.8679557849455,17.598925614812185],[76.86156098656,17.5953134789421],[76.85918139069484,17.587033568660797],[76.86314302667483,17.57967415666828],[76.86634038589258,17.576505585897824],[76.86669578906337,17.573115351768397],[76.86433403733302,17.564384019014838],[76.85899706089013,17.563059003054512],[76.84584517626,17.564058221645315],[76.84645009907737,17.5582443146427],[76.85107100415279,17.555850891959185],[76.85144248177727,17.55216273606918],[76.85323020285453,17.550076214765514],[76.85778347916211,17.546485574227212],[76.86331429407703,17.547036047062083],[76.86624826815175,17.54868622472985],[76.86820433890317,17.548330447810613],[76.87093616329285,17.544577645687212],[76.87343184035731,17.538171874988045],[76.87960188564864,17.545501929641144],[76.88320779686094,17.562280985818823],[76.88311865434034,17.56474648996319],[76.87982159110925,17.572962313399575],[76.8825215845952,17.57912945991461]]]}},{"type":"Feature","properties":{"type":"village","name":"Kiranagi","taluk":"Gulbarga","district":"Kalaburagi","village_code":"620320"},"geometry":{"type":"Polygon","coordinates":[[[77.1428012606297,17.60074073974745],[77.14265545238098,17.603112550010614],[77.14152028279749,17.60459895964664],[77.13639947604624,17.60229973994305],[77.12387971971182,17.601136065313007],[77.11649961498672,17.596637112890438],[77.11074547889218,17.598166256823365],[77.099425292364,17.596065585062117],[77.09364004671289,17.595944711916445],[77.08707656268334,17.597551752140024],[77.08255680880721,17.599732434208086],[77.0820375250808,17.59898648195824],[77.08451428093042,17.58496529030906],[77.09058126610245,17.584469568990112],[77.09957760711033,17.5868789921166],[77.10786327921886,17.585484017410145],[77.12131120634582,17.588552433248516],[77.12460378967862,17.587188158774],[77.11974763738982,17.57948531332297],[77.12047788057923,17.573454180813524],[77.12698709378923,17.569185057356542],[77.12728850821145,17.566984924876532],[77.13000605926963,17.565620556225756],[77.13541773871326,17.567445578332368],[77.13811169911372,17.566257290909697],[77.14050921457215,17.56880514672971],[77.14414968666838,17.566067132647333],[77.14930237822232,17.5671192657695],[77.15138002876088,17.571379241928316],[77.1511730245801,17.573041789298603],[77.15341975602142,17.573407444097757],[77.15878066358353,17.578362613735198],[77.15867768521092,17.581900005206677],[77.16124988256789,17.583973216900734],[77.15885271475751,17.585997549368635],[77.15677524298367,17.584773564918372],[77.15463208459964,17.584990720090556],[77.14930558341126,17.591632421342954],[77.14264046758373,17.59406809029687],[77.14146311221619,17.59729834181784],[77.1428012606297,17.60074073974745]]]}},{"type":"Feature","properties":{"type":"village","name":"Gadilingdhalli","taluk":"Chincholi","district":"Kalaburagi","village_code":"620338"},"geometry":{"type":"Polygon","coordinates":[[[77.23198341578735,17.574658302649226],[77.21250986641563,17.57993482709418],[77.19610949315675,17.58040605272126],[77.19567428904597,17.56677519211667],[77.18591079756526,17.54176557363942],[77.1985397890382,17.5392421826106],[77.21719650211871,17.539752123191626],[77.22929347624608,17.559382925289448],[77.23139315706868,17.567809370597608],[77.23198341578735,17.574658302649226]]]}},{"type":"Feature","properties":{"type":"village","name":"Antapnhal","taluk":"Gulbarga","district":"Kalaburagi","village_code":"620200"},"geometry":{"type":"Polygon","coordinates":[[[77.0369427158589,17.577498197828266],[77.03550098899817,17.584320528204646],[77.02648702573936,17.585193366959498],[77.02286886509984,17.581114790824493],[77.01689710224628,17.580039353608854],[77.01084901942443,17.57613702310405],[77.01013231923626,17.567615114287634],[77.01719890384237,17.5671393223031],[77.02245094996505,17.568491787326224],[77.03078148843045,17.57254485432595],[77.0369427158589,17.577498197828266]]]}},{"type":"Feature","properties":{"type":"village","name":"Betjewargi","taluk":"Afzalpur","district":"Kalaburagi","village_code":"619993"},"geometry":{"type":"Polygon","coordinates":[[[76.81772607530388,17.576411656725405],[76.80866715765329,17.57736274707502],[76.80685610373484,17.575590317759936],[76.80397897684794,17.5748567005823],[76.79150751034997,17.580746270821674],[76.77845248656533,17.580212025739872],[76.76940805335038,17.575121426076695],[76.76559377341636,17.565777494981194],[76.76300752730661,17.561893679846825],[76.77469825092318,17.559698234341084],[76.78867428143602,17.562430840398527],[76.79572521918652,17.562416846964904],[76.79821040482678,17.565450348674336],[76.80158452015307,17.566542007650995],[76.81172736209344,17.562695404218218],[76.8187070867981,17.563259808310608],[76.81772607530388,17.576411656725405]]]}},{"type":"Feature","properties":{"type":"village","name":"Hallisalgar","taluk":"Afzalpur","district":"Kalaburagi","village_code":"620022"},"geometry":{"type":"Polygon","coordinates":[[[76.65811212114917,17.550454227288434],[76.64895498799365,17.553403198940384],[76.64751984668229,17.563654079338512],[76.64411045990468,17.56837091886939],[76.64163356661281,17.573961847269654],[76.63998736971867,17.573864779821424],[76.63909966263974,17.57591588712261],[76.6357932057257,17.576333907051936],[76.63605724933377,17.581224374288087],[76.62063141161426,17.579552817832244],[76.62159499669028,17.562837261858448],[76.6231610539796,17.55460828409426],[76.62512259457276,17.55299547671236],[76.62312814419916,17.550625912693846],[76.63457654906448,17.54522720201976],[76.64296626225257,17.546764992801638],[76.65762823823151,17.543709345967684],[76.65811212114917,17.550454227288434]]]}},{"type":"Feature","properties":{"type":"village","name":"Jeerhalli","taluk":"Afzalpur","district":"Kalaburagi","village_code":"620025"},"geometry":{"type":"Polygon","coordinates":[[[76.51742448694968,17.57129101801184],[76.49636825337103,17.57135587501674],[76.49284510214922,17.57395341611881],[76.49014659717169,17.568532015702957],[76.49018908299304,17.56613312200701],[76.49149389223145,17.563151455803897],[76.50261726416907,17.559594848010352],[76.50851175484021,17.555306633101843],[76.51311271911297,17.55584248822837],[76.51750030655627,17.55479234512188],[76.5211872332308,17.555840186024007],[76.5193703330765,17.558143191972515],[76.51984642670234,17.561579241343733],[76.51742448694968,17.57129101801184]]]}},{"type":"Feature","properties":{"type":"village","name":"Chengta","taluk":"Chincholi","district":"Kalaburagi","village_code":"620323"},"geometry":{"type":"Polygon","coordinates":[[[77.15411964693405,17.5741998016748],[77.1511730245801,17.573041789298603],[77.15138002876088,17.571379241928316],[77.14930237822232,17.5671192657695],[77.14414968666838,17.566067132647333],[77.14050921457215,17.56880514672971],[77.13811169911372,17.566257290909697],[77.13541773871326,17.567445578332368],[77.13000605926963,17.565620556225756],[77.12728850821145,17.566984924876532],[77.12698709378923,17.569185057356542],[77.12047788057923,17.573454180813524],[77.11974763738982,17.57948531332297],[77.12427878280208,17.58585542558651],[77.12408564591432,17.587531495692087],[77.12131120634582,17.588552433248516],[77.10786327921886,17.585484017410145],[77.09957760711033,17.5868789921166],[77.09058126610245,17.584469568990112],[77.08451428093042,17.58496529030906],[77.08402946376485,17.583447229660695],[77.08545306441978,17.578473528805667],[77.0839380655746,17.57116352372716],[77.08435769200001,17.56921647738653],[77.07803426566214,17.561607141838152],[77.0791088537612,17.558576012363382],[77.07807370619466,17.554839591967205],[77.07886918863329,17.551731872001305],[77.0832374928407,17.545651744999333],[77.08697000632097,17.54262264061917],[77.09209630716846,17.542278781670245],[77.09684530212195,17.538387081721297],[77.12627491841512,17.540685872609224],[77.1384699741985,17.545680643226873],[77.14457956556615,17.551956902882914],[77.15178499288425,17.55237240867179],[77.1575638317508,17.557092824965434],[77.16257190083219,17.556932869903456],[77.1595032522284,17.564714932984344],[77.15411964693405,17.5741998016748]]]}},{"type":"Feature","properties":{"type":"village","name":"Gurampalli","taluk":"Chincholi","district":"Kalaburagi","village_code":"620334"},"geometry":{"type":"Polygon","coordinates":[[[77.31211856675178,17.56509725705574],[77.30952651842365,17.56558792800695],[77.30795167111928,17.56753329969259],[77.30351854358263,17.57401197000377],[77.30138239295616,17.579247698996838],[77.29344023481562,17.577394940702188],[77.284846524108,17.577505835813163],[77.2799987333379,17.575877286653323],[77.27863006286594,17.572715835380333],[77.27876718620249,17.56678635901726],[77.28046521409188,17.558590468583244],[77.28220732590552,17.55692370910362],[77.28121006658276,17.554650809210848],[77.28326004272239,17.55202699484717],[77.28315337676553,17.548765143421214],[77.28177467840008,17.54652820488931],[77.28430168780332,17.540679726888143],[77.29042107529914,17.5416356833758],[77.29805654231343,17.54095965634924],[77.31364929330098,17.534842330131884],[77.31696679500143,17.548602182366984],[77.31639584107822,17.552053553832724],[77.31320656220646,17.554889678885665],[77.31211856675178,17.56509725705574]]]}},{"type":"Feature","properties":{"type":"village","name":"Nagaral","taluk":"Chincholi","district":"Kalaburagi","village_code":"621007"},"geometry":{"type":"Polygon","coordinates":[[[77.2799987333379,17.575877286653323],[77.27108585659967,17.578673584761894],[77.27237159190963,17.55581431534313],[77.2717639849262,17.547406140597488],[77.26916399998251,17.543008051170915],[77.26934770366148,17.539722109645933],[77.27402927735794,17.534469696037384],[77.27821971334245,17.534728850304827],[77.28430168780332,17.540679726888143],[77.28177467840008,17.54652820488931],[77.28315337676553,17.548765143421214],[77.28326004272239,17.55202699484717],[77.28121006658276,17.554650809210848],[77.28220732590552,17.55692370910362],[77.28046521409188,17.558590468583244],[77.27876718620249,17.56678635901726],[77.27863006286594,17.572715835380333],[77.2799987333379,17.575877286653323]]]}},{"type":"Feature","properties":{"type":"village","name":"Aland (TMC)","taluk":"Afzalpur","district":"Kalaburagi","village_code":"803205"},"geometry":{"type":"Polygon","coordinates":[[[76.57087376665442,17.57736277362259],[76.57109874971734,17.580920542807302],[76.5612591933899,17.573919533079426],[76.55346905804325,17.573261724705713],[76.55391142532008,17.568258521143573],[76.55291533829876,17.56807966797499],[76.55328679705866,17.56372019290497],[76.55095595186565,17.551035782355765],[76.55145751542479,17.54532105658072],[76.55272474633819,17.544160480911078],[76.55809430826969,17.54142013102961],[76.56364891326831,17.541254920082206],[76.5679633913222,17.538579519217468],[76.56935818390427,17.543366392723623],[76.57259141105467,17.542054974756383],[76.57689254194011,17.544737419796572],[76.5765186855767,17.55139646682263],[76.5790824594313,17.553599467823524],[76.57817005227531,17.55801754438534],[76.581148291734,17.560505341819443],[76.5802061728,17.56090487488542],[76.58046214055368,17.563857298230218],[76.57856873178494,17.56432211763684],[76.57957800607464,17.568261842325146],[76.57870882674845,17.56894608493248],[76.58246830316193,17.574892285938894],[76.58129991028596,17.575958174298083],[76.57883652765597,17.575971159582192],[76.57780926909427,17.57776218040846],[76.57087376665442,17.57736277362259]]]}},{"type":"Feature","properties":{"type":"village","name":"Navanihal","taluk":"Gulbarga","district":"Kalaburagi","village_code":"620197"},"geometry":{"type":"Polygon","coordinates":[[[76.96188898591043,17.589432054142396],[76.94225207880258,17.59369361890202],[76.93617175724185,17.596543063166916],[76.9396036917331,17.590160762887905],[76.93727615773027,17.583128373048762],[76.93788316823239,17.579971867264785],[76.94564324325465,17.575029017979944],[76.9511837339235,17.566295679325027],[76.96038438686128,17.565528693960623],[76.96297141360701,17.57154005175865],[76.96833873064863,17.575740376269913],[76.96889434224512,17.57807305398502],[76.96819769065743,17.5797373047949],[76.96655311162914,17.581367673203022],[76.96260126818405,17.58286180185809],[76.96188898591043,17.589432054142396]]]}},{"type":"Feature","properties":{"type":"village","name":"Kalmud","taluk":"Gulbarga","district":"Kalaburagi","village_code":"620204"},"geometry":{"type":"Polygon","coordinates":[[[77.08132052126206,17.605775561711333],[77.07198452095705,17.612135960675772],[77.06782734060434,17.604816911272664],[77.0673590299821,17.602357495179177],[77.06404499757527,17.59974722622015],[77.06462460137638,17.596568349176525],[77.06342123618808,17.59481347886595],[77.05317285118493,17.59268801076523],[77.0464167872231,17.578162118973975],[77.0494834182108,17.57350426857624],[77.05211289125198,17.566560419914246],[77.061318095055,17.56435099661322],[77.0649038938864,17.564352164790016],[77.06949392925539,17.566632010962167],[77.07997866460302,17.564462822954933],[77.08435769200001,17.56921647738653],[77.0839380655746,17.57116352372716],[77.08545306441978,17.578473528805667],[77.08208462285283,17.598191726704744],[77.08295555658879,17.60150220015916],[77.08132052126206,17.605775561711333]]]}},{"type":"Feature","properties":{"type":"village","name":"Kusrampalli","taluk":"Chincholi","district":"Kalaburagi","village_code":"620354"},"geometry":{"type":"Polygon","coordinates":[[[77.4487345797395,17.558470688930427],[77.44163684605091,17.570562548379797],[77.437531552389,17.575777287129707],[77.42814160735286,17.582538420981077],[77.42629886985436,17.58556370360265],[77.40989320192516,17.584349440811287],[77.41185731798824,17.577251731984045],[77.41273048313934,17.565185955885106],[77.41412212532975,17.562046528024137],[77.4172408756719,17.558851677263483],[77.42175662575679,17.556009857036383],[77.42438532714515,17.556788314894362],[77.42799173692244,17.552847967099545],[77.42974354694789,17.55244995280251],[77.43861685289781,17.55432679208321],[77.44330850479345,17.556918466652412],[77.4487345797395,17.558470688930427]]]}},{"type":"Feature","properties":{"type":"village","name":"Nagaidlai","taluk":"Chincholi","district":"Kalaburagi","village_code":"620365"},"geometry":{"type":"Polygon","coordinates":[[[77.40989320192516,17.584349440811287],[77.40391702834354,17.585121964800802],[77.40119429131124,17.583920596408866],[77.39500467891642,17.585394943182582],[77.396049229149,17.57528418941547],[77.39554026437028,17.57277238142023],[77.39685823123264,17.565670390941243],[77.39620364235981,17.55680329712969],[77.3983947680851,17.55598615668525],[77.40147545231706,17.55303020816576],[77.40264186889941,17.5467333461811],[77.40266431869668,17.536870617698394],[77.40499874098113,17.536351700756654],[77.41596333659058,17.536836361110915],[77.41917197595335,17.5513567228412],[77.42175662575679,17.556009857036383],[77.4172408756719,17.558851677263483],[77.41344298729685,17.56328580125499],[77.41222873901887,17.568334397880548],[77.41145588244734,17.579748452055476],[77.40989320192516,17.584349440811287]]]}},{"type":"Feature","properties":{"type":"village","name":"Bhodhan","taluk":"Afzalpur","district":"Kalaburagi","village_code":"619997"},"geometry":{"type":"Polygon","coordinates":[[[76.76940805335038,17.575121426076695],[76.75574691109074,17.575857589055193],[76.75126007418156,17.57692240810835],[76.74895059362098,17.575883549360373],[76.7349678832357,17.578448653890323],[76.73230399843092,17.578005051372458],[76.72936972611551,17.57400393536331],[76.72570570198917,17.57468569500336],[76.72377869083891,17.56934446034092],[76.7201277928955,17.56797731584495],[76.72071823666711,17.56661044192776],[76.71947216197694,17.566007861931464],[76.71943160663513,17.551361432712863],[76.73339560690968,17.552201566853242],[76.73757855633463,17.553694631038923],[76.741820762229,17.552059063650482],[76.7446340081194,17.55289079325698],[76.74895036544892,17.555983421963255],[76.75134543659144,17.560793609890908],[76.76315286034657,17.561668121750852],[76.76940805335038,17.575121426076695]]]}},{"type":"Feature","properties":{"type":"village","name":"Wagdhari","taluk":"Afzalpur","district":"Kalaburagi","village_code":"619992"},"geometry":{"type":"Polygon","coordinates":[[[76.81768255103005,17.60155740400044],[76.8122107078186,17.602765251706952],[76.80922465930514,17.60719370435202],[76.8001099481906,17.610359105020752],[76.79247156524488,17.59886632489704],[76.789291617174,17.590716827313983],[76.77845248656533,17.580212025739872],[76.79150751034997,17.580746270821674],[76.80397897684794,17.5748567005823],[76.80685610373484,17.575590317759936],[76.80866715765329,17.57736274707502],[76.81772607530388,17.576411656725405],[76.81685270443856,17.58583254009165],[76.81475501607927,17.590840593144048],[76.81734632599222,17.59750263692075],[76.81768255103005,17.60155740400044]]]}},{"type":"Feature","properties":{"type":"village","name":"Degaon","taluk":"Afzalpur","district":"Kalaburagi","village_code":"620019"},"geometry":{"type":"Polygon","coordinates":[[[76.71910142905581,17.605327934297474],[76.70031161439626,17.609453638260202],[76.68848488225245,17.60304026528772],[76.68787393263783,17.586801503842274],[76.6987708446822,17.585471913121097],[76.7055923140816,17.582126283106298],[76.7115527357047,17.58124286298535],[76.71594188711491,17.584511818199168],[76.71730658344003,17.59131714140613],[76.7168662149147,17.596031558029598],[76.71910142905581,17.605327934297474]]]}},{"type":"Feature","properties":{"type":"village","name":"Kognur","taluk":"Afzalpur","district":"Kalaburagi","village_code":"620146"},"geometry":{"type":"Polygon","coordinates":[[[76.94044206782822,17.608892550684093],[76.92774273916682,17.611880957721898],[76.92105238157811,17.610733232767057],[76.92196527202773,17.613134573221522],[76.92112489358786,17.614558532413955],[76.91249282841085,17.610984542780557],[76.90128253368971,17.608124090955833],[76.89865280013707,17.60408676235748],[76.90051731100147,17.598464540633998],[76.90016144429997,17.5941373319179],[76.90410394526609,17.58761189173136],[76.9059692116136,17.588531600694385],[76.90863363720416,17.58832676281689],[76.91311957310312,17.58477392029859],[76.91736007399506,17.59168327131965],[76.920966169362,17.59157978424206],[76.92592948168101,17.593153809326015],[76.93426678985035,17.59413608087305],[76.93683912375128,17.598877975321507],[76.94012434269536,17.599733036163784],[76.94141136259618,17.604184204024254],[76.94044206782822,17.608892550684093]]]}},{"type":"Feature","properties":{"type":"village","name":" ","taluk":"Afzalpur","district":"Kalaburagi","village_code":" "},"geometry":{"type":"Polygon","coordinates":[[[76.86634038589258,17.576505585897824],[76.85905808524402,17.575619140985978],[76.85026565012754,17.57802025964586],[76.83141987401906,17.57898783342025],[76.82762216710367,17.566107351285932],[76.85321597174382,17.563173371252308],[76.86387228710731,17.563958075990694],[76.86626963817405,17.57062800512922],[76.86634038589258,17.576505585897824]]]}},{"type":"Feature","properties":{"type":"village","name":" ","taluk":"Chincholi","district":"Kalaburagi","village_code":" "},"geometry":{"type":"Polygon","coordinates":[[[77.34332706739478,17.59125582125871],[77.34044018839714,17.587903153989625],[77.32992086162287,17.59195329068154],[77.31104963534408,17.594681057799367],[77.29879472840658,17.58826031914042],[77.29820268473544,17.585157631202065],[77.30351854358263,17.57401197000377],[77.30952651842365,17.56558792800695],[77.33180077410279,17.566445975921884],[77.34912011221924,17.572718391719352],[77.34709919478243,17.58391630527936],[77.34332706739478,17.59125582125871]]]}},{"type":"Feature","properties":{"type":"village","name":"Kunisangavi","taluk":"Afzalpur","district":"Kalaburagi","village_code":"620020"},"geometry":{"type":"Polygon","coordinates":[[[76.7115527357047,17.58124286298535],[76.7055923140816,17.582126283106298],[76.6987708446822,17.585471913121097],[76.68787393263783,17.586801503842274],[76.686477733294,17.580795650070737],[76.68664467710471,17.57313355868486],[76.6870929894321,17.56879868166403],[76.69022091336993,17.563706228689895],[76.69223612919963,17.561950467360184],[76.69697837061878,17.560857754664465],[76.7043472616742,17.562167501764847],[76.70515372781378,17.56485292910203],[76.71140117644153,17.564498052366268],[76.7105966973754,17.571550554654817],[76.7115527357047,17.58124286298535]]]}},{"type":"Feature","properties":{"type":"village","name":"Allapur.J","taluk":"Afzalpur","district":"Kalaburagi","village_code":"620049"},"geometry":{"type":"Polygon","coordinates":[[[76.39190561239835,17.600649350856106],[76.3817610977949,17.602249875935406],[76.37769851992306,17.597874018683918],[76.37375016463626,17.59721143123641],[76.37504903421397,17.571310339290445],[76.38245806828448,17.563585092397776],[76.38482631663095,17.564896725326943],[76.38736754097528,17.568101223988045],[76.38930522500942,17.57271952130434],[76.38856939070568,17.57452162941863],[76.39067203866364,17.579054090391427],[76.38942238418707,17.581384503128017],[76.38983521126413,17.58416771340259],[76.39218524087829,17.584747281337318],[76.39282959883832,17.58641466225985],[76.39190561239835,17.600649350856106]]]}},{"type":"Feature","properties":{"type":"village","name":"Hasargundgi","taluk":"Chincholi","district":"Kalaburagi","village_code":"620333"},"geometry":{"type":"Polygon","coordinates":[[[77.35001468512188,17.54605378018049],[77.34942052681653,17.552584476634912],[77.35052850170146,17.566940401197968],[77.34912011221924,17.572718391719352],[77.33180077410279,17.566445975921884],[77.31957133799686,17.566451950340273],[77.31211856675178,17.56509725705574],[77.31320656220646,17.554889678885665],[77.31639584107822,17.552053553832724],[77.31696679500143,17.548602182366984],[77.31364929330098,17.534842330131884],[77.32407877866537,17.52591685180151],[77.32618901199763,17.523347316405136],[77.32754370288708,17.519657739397957],[77.33254148536018,17.518043072273475],[77.33657262309539,17.515293766269785],[77.33905864866044,17.515655684323985],[77.34278734519904,17.518207772382326],[77.3436713808634,17.524975511206364],[77.34308679141247,17.528932953656923],[77.34463954375414,17.53588150570429],[77.34932881780918,17.54242391614167],[77.35001468512188,17.54605378018049]]]}},{"type":"Feature","properties":{"type":"village","name":"Tumkunta","taluk":"Chincholi","district":"Kalaburagi","village_code":"620332"},"geometry":{"type":"Polygon","coordinates":[[[77.39500467891642,17.585394943182582],[77.39139708156632,17.586162313584232],[77.38450568820355,17.58308159087754],[77.37881098734313,17.583881345971786],[77.37793434301692,17.577792388896647],[77.37902691179472,17.568494907245984],[77.37793937717578,17.554810061405608],[77.38084817326974,17.552974256357167],[77.38682601592116,17.55183818003861],[77.39400676741674,17.548345147240646],[77.39685766709061,17.560863528857777],[77.39500467891642,17.585394943182582]]]}},{"type":"Feature","properties":{"type":"village","name":"Channur","taluk":"Chincholi","district":"Kalaburagi","village_code":"620337"},"geometry":{"type":"Polygon","coordinates":[[[77.23622998479907,17.526373824293913],[77.23795317000798,17.532701043309853],[77.23827356403555,17.545297210935004],[77.23662284232735,17.555495157375194],[77.23837489399958,17.557473607219514],[77.24134581937523,17.55864158136177],[77.24175372098956,17.56092067982935],[77.23731502838972,17.562602698585298],[77.23741306512996,17.56950062509789],[77.23888553413632,17.57417842965535],[77.23460265522084,17.575560388084348],[77.2344319780118,17.584257923742097],[77.23365934242584,17.584782247328143],[77.23139315706868,17.567809370597608],[77.22929347624608,17.559382925289448],[77.21693361104913,17.539384701031956],[77.21301982383277,17.526790064590458],[77.2091726404065,17.521933083418496],[77.22301204794438,17.51915270659986],[77.23622998479907,17.526373824293913]]]}},{"type":"Feature","properties":{"type":"village","name":"Dastapur","taluk":"Gulbarga","district":"Kalaburagi","village_code":"620209"},"geometry":{"type":"Polygon","coordinates":[[[76.9511837339235,17.566295679325027],[76.94564324325465,17.575029017979944],[76.93788316823239,17.579971867264785],[76.93423386210362,17.57743416257415],[76.93027792323916,17.565907804711085],[76.92961435929837,17.55957816936437],[76.92383667386865,17.553695789863106],[76.92383242304072,17.53763965509795],[76.92290180344068,17.534449223873494],[76.9365259872129,17.532695936354774],[76.93827961812345,17.536709443879857],[76.94253502476089,17.53629639992894],[76.94632680010045,17.539176993753397],[76.95265621820123,17.538316999042717],[76.95126252425877,17.540719080913153],[76.9497997840069,17.549296612033405],[76.9511837339235,17.566295679325027]]]}},{"type":"Feature","properties":{"type":"village","name":"Honnahalli","taluk":"Afzalpur","district":"Kalaburagi","village_code":"620189"},"geometry":{"type":"Polygon","coordinates":[[[76.61951683141704,17.597119962638008],[76.60718657379356,17.59878155917392],[76.60012003140825,17.602647909095193],[76.59659479340003,17.597989604751533],[76.59166936123992,17.587489611983255],[76.6013994587483,17.581150541939017],[76.61147227880889,17.581596571352527],[76.62046651416576,17.580824576086417],[76.62063141161426,17.579552817832244],[76.63605724933377,17.581224374288087],[76.63806917822787,17.589713088216396],[76.63494846506681,17.589537010174354],[76.62520487665952,17.591491030708106],[76.61951683141704,17.597119962638008]]]}},{"type":"Feature","properties":{"type":"village","name":"Dinshikurnur","taluk":"Gulbarga","district":"Kalaburagi","village_code":"620199"},"geometry":{"type":"Polygon","coordinates":[[[77.07198452095705,17.612135960675772],[77.06510430802629,17.611624055332587],[77.05587745662154,17.613990217260383],[77.05367266662252,17.613779466224525],[77.04835738000214,17.610433397209327],[77.03721558721129,17.611185888158982],[77.03308979668958,17.606430366241714],[77.02378158217459,17.600240025155674],[77.02648702573936,17.585193366959498],[77.03550098899817,17.584320528204646],[77.0369427158589,17.577498197828266],[77.0464167872231,17.578162118973975],[77.05317285118493,17.59268801076523],[77.06170160022283,17.593973159821726],[77.06448402940744,17.59611843663986],[77.06404499757527,17.59974722622015],[77.0673590299821,17.602357495179177],[77.06782734060434,17.604816911272664],[77.07198452095705,17.612135960675772]]]}},{"type":"Feature","properties":{"type":"village","name":"Hiroli","taluk":"Afzalpur","district":"Kalaburagi","village_code":"620036"},"geometry":{"type":"Polygon","coordinates":[[[76.37375016463626,17.59721143123641],[76.35009138232209,17.59410025611666],[76.33680421410511,17.597301844853373],[76.33162353194521,17.595978111308536],[76.33134774466141,17.597419177237906],[76.33117602540665,17.596219402787757],[76.33318782673996,17.564987824832265],[76.33509052319042,17.565181619776745],[76.3355055691062,17.56376457092492],[76.34364515538658,17.562114265997717],[76.3470549607791,17.562350919627253],[76.35271525796077,17.56499404423821],[76.35614801261384,17.560876538349202],[76.3647986639341,17.558094366669135],[76.36595822726912,17.553528638177006],[76.37109976983209,17.546418592710573],[76.3739464510174,17.544880966011792],[76.37713338259131,17.54670362757717],[76.39351514635078,17.550115211301726],[76.39722196621727,17.565698855191272],[76.3870288895879,17.567450488187824],[76.38245806828448,17.563585092397776],[76.37504903421397,17.571310339290445],[76.37375016463626,17.59721143123641]]]}},{"type":"Feature","properties":{"type":"village","name":"Bhunyara(K)","taluk":"Gulbarga","district":"Kalaburagi","village_code":"620202"},"geometry":{"type":"Polygon","coordinates":[[[77.05211289125198,17.566560419914246],[77.0494834182108,17.57350426857624],[77.0464167872231,17.578162118973975],[77.03955338087302,17.578039218817704],[77.03620415337167,17.577181076016466],[77.03078148843045,17.57254485432595],[77.02245094996505,17.568491787326224],[77.01719890384237,17.5671393223031],[77.01013231923626,17.567615114287634],[77.0090914260452,17.563490700036304],[77.01601940958611,17.559265962196857],[77.0162735780143,17.552518072078236],[77.01886150397358,17.55113241409757],[77.0200201474338,17.547893989311117],[77.02941460919916,17.548273758807834],[77.0298845529586,17.546384540066168],[77.03330742883851,17.547255946396895],[77.03795045672442,17.546373359059675],[77.0414838846731,17.547887616858677],[77.04200809206556,17.55018819895387],[77.04410888679911,17.550802523660472],[77.05029600906397,17.555449561131493],[77.05211289125198,17.566560419914246]]]}},{"type":"Feature","properties":{"type":"village","name":"Kamalanagar","taluk":"Afzalpur","district":"Kalaburagi","village_code":"619994"},"geometry":{"type":"Polygon","coordinates":[[[76.75636604256096,17.59232963841569],[76.74894997737671,17.599423714578766],[76.74654513975041,17.59923474801468],[76.74599573281758,17.598309002853497],[76.74816561697962,17.59581158267446],[76.74558458109857,17.592705039154215],[76.74201438420701,17.589659893951865],[76.73524658824753,17.58761038460032],[76.73121250224158,17.58419267487795],[76.73063651326119,17.581773701878358],[76.73230399843092,17.578005051372458],[76.7349678832357,17.578448653890323],[76.74895059362098,17.575883549360373],[76.75126007418156,17.57692240810835],[76.76903705991782,17.575056517325926],[76.77845248656533,17.580212025739872],[76.7762618692865,17.590943857148382],[76.76555150858056,17.58942183486899],[76.76215712905807,17.592009413685705],[76.75636604256096,17.59232963841569]]]}},{"type":"Feature","properties":{"type":"village","name":"Kamalapur","taluk":"Gulbarga","district":"Kalaburagi","village_code":"620198"},"geometry":{"type":"Polygon","coordinates":[[[77.02378158217459,17.600240025155674],[77.0218877529943,17.603478060925216],[77.01750803838614,17.60599492385246],[77.01547666455944,17.603684465684005],[77.01169256532401,17.603787249697906],[77.00994264984547,17.601626855959086],[77.0059075694045,17.60300400304016],[77.00196869314055,17.60078219567874],[76.98110603662417,17.602923035023636],[76.97670296132705,17.597761974957653],[76.97104948684996,17.5952088002775],[76.97407010433217,17.59122764532474],[76.97381908090583,17.590078455836007],[76.96188898591043,17.589432054142396],[76.96260126818405,17.58286180185809],[76.96655311162914,17.581367673203022],[76.96889434224512,17.57807305398502],[76.96739030733795,17.574642957071443],[76.96241664373193,17.570768362983],[76.96038438686128,17.565528693960623],[76.96110628110843,17.560528163715087],[76.96686505161152,17.5604491173989],[76.9686836648531,17.55903871874031],[76.97449978021068,17.559098134766675],[76.97574798300974,17.552579017366053],[76.97390338240534,17.547485195175675],[76.99816685666984,17.544813051144185],[76.99891827135384,17.555789504118202],[77.00460973738092,17.5559601661188],[77.00546776142791,17.55862991806744],[77.0074520554489,17.56025065913493],[77.01013231923626,17.567615114287634],[77.01084901942443,17.57613702310405],[77.01689710224628,17.580039353608854],[77.02286886509984,17.581114790824493],[77.02648702573936,17.585193366959498],[77.02378158217459,17.600240025155674]]]}},{"type":"Feature","properties":{"type":"village","name":"Munhalli","taluk":"Afzalpur","district":"Kalaburagi","village_code":"620021"},"geometry":{"type":"Polygon","coordinates":[[[76.68787393263783,17.586801503842274],[76.68848488225245,17.60304026528772],[76.6761415406668,17.599052300038366],[76.66495807143669,17.597798739179172],[76.65745864888228,17.59729405271852],[76.6419725369021,17.598237698354456],[76.63695484866065,17.586008574644087],[76.6357932057257,17.576333907051936],[76.63909966263974,17.57591588712261],[76.63998736971867,17.573864779821424],[76.64163356661281,17.573961847269654],[76.64411045990468,17.56837091886939],[76.64751984668229,17.563654079338512],[76.64895498799365,17.553403198940384],[76.65842292296614,17.550427053101128],[76.6682259007935,17.551902602062185],[76.68594856630284,17.56179874618562],[76.6883169386168,17.566912110996935],[76.6870929894321,17.56879868166403],[76.68661668739708,17.573817937019417],[76.686477733294,17.580795650070737],[76.68787393263783,17.586801503842274]]]}},{"type":"Feature","properties":{"type":"village","name":"Bilgunda","taluk":"Afzalpur","district":"Kalaburagi","village_code":"619996"},"geometry":{"type":"Polygon","coordinates":[[[76.73842535413553,17.605302241087454],[76.7294440051114,17.605225789060068],[76.72798940269772,17.60275084268704],[76.71857290885168,17.603536950314396],[76.7168662149147,17.596031558029598],[76.71730658344003,17.59131714140613],[76.71594188711491,17.584511818199168],[76.7115527357047,17.58124286298535],[76.7105966973754,17.571550554654817],[76.71140117644153,17.564498052366268],[76.72032945659193,17.566231068869957],[76.72030214511234,17.56813987835783],[76.7239177922657,17.56952058973169],[76.72570570198917,17.57468569500336],[76.72923073967308,17.57393623523912],[76.7302013199302,17.574518470209036],[76.73235129383234,17.578217370194274],[76.73063651326119,17.581773701878358],[76.73121250224158,17.58419267487795],[76.73524658824753,17.58761038460032],[76.74201438420701,17.589659893951865],[76.7481232560241,17.595743865027732],[76.73842535413553,17.605302241087454]]]}},{"type":"Feature","properties":{"type":"village","name":"Hebli","taluk":"Afzalpur","district":"Kalaburagi","village_code":"620011"},"geometry":{"type":"Polygon","coordinates":[[[76.52599734326799,17.60446006226993],[76.51095240919523,17.605951646188135],[76.50264534460652,17.608654911667166],[76.5001085390751,17.608542627180597],[76.49563258615395,17.60609259824216],[76.49874514710378,17.59760624733498],[76.49854870261915,17.592909971399987],[76.4964007598079,17.58971586781323],[76.4898063997837,17.586625470918307],[76.49284510214922,17.57395341611881],[76.49564287455887,17.571699225722426],[76.51742448694968,17.57129101801184],[76.51716003370983,17.572558071938296],[76.5218907668119,17.58158029036957],[76.52267997721317,17.5853484150731],[76.5241861393309,17.58734381231161],[76.52805540783845,17.587863114887192],[76.52814212400945,17.58883215424109],[76.52599734326799,17.60446006226993]]]}},{"type":"Feature","properties":{"type":"village","name":"Sarasamba","taluk":"Afzalpur","district":"Kalaburagi","village_code":"620037"},"geometry":{"type":"Polygon","coordinates":[[[76.43732124414417,17.606655599641453],[76.42963588739393,17.611681167140635],[76.42099889136432,17.604828915797814],[76.41955591225208,17.604819489420034],[76.41974485310915,17.603710737091728],[76.39254869025909,17.60306937526185],[76.39190561239835,17.600649350856106],[76.39282959883832,17.58641466225985],[76.39218524087829,17.584747281337318],[76.38983521126413,17.58416771340259],[76.38942238418707,17.581384503128017],[76.39067203866364,17.579054090391427],[76.38856939070568,17.57452162941863],[76.38930522500942,17.57271952130434],[76.3870288895879,17.567450488187824],[76.41454116778979,17.563267701259146],[76.42706915359051,17.5631508982613],[76.42895818127559,17.562094471835998],[76.43216078485796,17.56206854980554],[76.43337678125745,17.559633912726575],[76.43600510176014,17.558708723655762],[76.44083911237378,17.567221633800408],[76.44341213887577,17.57778483399187],[76.44300593597566,17.581177539386626],[76.43815600272362,17.590459960754053],[76.43675256834848,17.602955484398496],[76.43732124414417,17.606655599641453]]]}},{"type":"Feature","properties":{"type":"village","name":"Ambalga","taluk":"Afzalpur","district":"Kalaburagi","village_code":"619986"},"geometry":{"type":"Polygon","coordinates":[[[76.92112489358786,17.614558532413955],[76.91789640594892,17.62355636085969],[76.90236825011849,17.622008610149685],[76.88868820730525,17.622708344323243],[76.88167030330271,17.617768064225018],[76.88371299410537,17.60906241679985],[76.89835073443625,17.603541629714975],[76.90128253368971,17.608124090955833],[76.91249282841085,17.610984542780557],[76.92112489358786,17.614558532413955]]]}},{"type":"Feature","properties":{"type":"village","name":"Sawalgi (K)","taluk":"Afzalpur","district":"Kalaburagi","village_code":"619995"},"geometry":{"type":"Polygon","coordinates":[[[76.74895703813483,17.62017941301643],[76.73642796986421,17.62077196389457],[76.73406231585231,17.61980868073959],[76.7335833053967,17.618381345114134],[76.73397114763075,17.613104487941992],[76.7383194131191,17.605455913092218],[76.74571068120827,17.598302402695246],[76.7470021693293,17.599458144274713],[76.74894997737671,17.599423714578766],[76.74998478627836,17.59837353677031],[76.75367492981991,17.605497091375675],[76.75310489666984,17.607813680065174],[76.7497618630524,17.61246247023762],[76.75011416883208,17.61680696799784],[76.74895703813483,17.62017941301643]]]}},{"type":"Feature","properties":{"type":"village","name":" ","taluk":"Chincholi","district":"Kalaburagi","village_code":" "},"geometry":{"type":"Polygon","coordinates":[[[77.54191357225989,17.569618588715052],[77.53747872085623,17.575444480232765],[77.52842600337775,17.575367868275883],[77.52290111824203,17.5669575467722],[77.53030520169699,17.56883832761151],[77.53649689638668,17.567514818158322],[77.54191357225989,17.569618588715052]]]}},{"type":"Feature","properties":{"type":"village","name":" ","taluk":"Afzalpur","district":"Kalaburagi","village_code":" "},"geometry":{"type":"Polygon","coordinates":[[[76.86314302667483,17.57967415666828],[76.85418880228073,17.597288967279983],[76.85337086196004,17.603830848973836],[76.84942557711486,17.61459732582608],[76.82303588040436,17.612325780219965],[76.82234020169217,17.60566987960448],[76.8199801405912,17.602204120226936],[76.81768255103005,17.60155740400044],[76.81734632599222,17.59750263692075],[76.81486118077618,17.59208428457706],[76.81502193070301,17.58944369061784],[76.81699504159701,17.585100016901393],[76.8184925439554,17.567774407320513],[76.82762216710367,17.566107351285932],[76.83141987401906,17.57898783342025],[76.85026565012754,17.57802025964586],[76.85905808524402,17.575619140985978],[76.86634038589258,17.576505585897824],[76.86314302667483,17.57967415666828]]]}},{"type":"Feature","properties":{"type":"village","name":"Sawleshwar","taluk":"Afzalpur","district":"Kalaburagi","village_code":"620044"},"geometry":{"type":"Polygon","coordinates":[[[76.46585729095288,17.570512304793297],[76.45677159721865,17.57138227958378],[76.44332299994845,17.57666898599147],[76.44227901385787,17.571369390743644],[76.43901300089456,17.563430740756353],[76.43600510176014,17.558708723655762],[76.43337678125745,17.559633912726575],[76.43424585458246,17.552956992119785],[76.4329603321732,17.55265397737829],[76.43592685939723,17.540325989966274],[76.43711722686166,17.529786538405617],[76.46263487233198,17.52901174988761],[76.46799480162872,17.548317069118493],[76.46839420428213,17.553363443408422],[76.46761672587849,17.555798364352693],[76.46850650177748,17.5578631092025],[76.46811990999834,17.56025743282933],[76.46579701040406,17.565185881375616],[76.46585729095288,17.570512304793297]]]}},{"type":"Feature","properties":{"type":"village","name":"Mamdapur","taluk":"Afzalpur","district":"Kalaburagi","village_code":"620023"},"geometry":{"type":"Polygon","coordinates":[[[76.6215289768051,17.563435887954274],[76.62046651416576,17.580824576086417],[76.60685632794227,17.581151117409625],[76.6072214966985,17.57986136759206],[76.60586042687218,17.5781942448057],[76.6071022947519,17.571047323594346],[76.60679506014493,17.55837501177757],[76.60949604986253,17.55854469583124],[76.6231610539796,17.55460828409426],[76.6215289768051,17.563435887954274]]]}},{"type":"Feature","properties":{"type":"village","name":"Dhammur","taluk":"Afzalpur","district":"Kalaburagi","village_code":"619987"},"geometry":{"type":"Polygon","coordinates":[[[76.91311957310312,17.58477392029859],[76.90707054166035,17.588633657751064],[76.89857937094743,17.58538078282719],[76.8887034678853,17.588124449144598],[76.88362323893374,17.588158741413192],[76.8815271711352,17.587272899964486],[76.88010610642435,17.586114444657042],[76.88248602927625,17.578311711198605],[76.87982159110925,17.572962313399575],[76.88311865434034,17.56474648996319],[76.89754124366914,17.566744502191877],[76.90120036209572,17.566333183044996],[76.90205783906869,17.571114265170493],[76.91005557777247,17.575907141771406],[76.9111451111429,17.57923709378387],[76.91301987717453,17.581299909039494],[76.91311957310312,17.58477392029859]]]}},{"type":"Feature","properties":{"type":"village","name":"Salebeernhalli","taluk":"Chincholi","district":"Kalaburagi","village_code":"620331"},"geometry":{"type":"Polygon","coordinates":[[[77.36232355116351,17.59947494083317],[77.35188015718359,17.600066658889908],[77.34332706739478,17.59125582125871],[77.34709919478243,17.58391630527936],[77.35010703013643,17.57000608626397],[77.3504715988181,17.563213768673425],[77.34942052681653,17.552584476634912],[77.35001468512188,17.54605378018049],[77.35363162225599,17.544512195794685],[77.35493307808342,17.54271328537213],[77.35455073264062,17.539463911575385],[77.36621399655557,17.53669748365864],[77.37634614944237,17.542223503207477],[77.37895149912492,17.56560356211273],[77.37793434301692,17.577792388896647],[77.37926340586968,17.594999445335233],[77.36232355116351,17.59947494083317]]]}},{"type":"Feature","properties":{"type":"village","name":" ","taluk":"Chincholi","district":"Kalaburagi","village_code":" "},"geometry":{"type":"Polygon","coordinates":[[[77.45148534331037,17.58217338494334],[77.43059183505386,17.58595238726426],[77.42629886985436,17.58556370360265],[77.42814160735286,17.582538420981077],[77.437531552389,17.575777287129707],[77.44163684605091,17.570562548379797],[77.4487345797395,17.558470688930427],[77.45562391416367,17.5591931880353],[77.45741577557604,17.564071617159797],[77.4605815742829,17.565841262017052],[77.47574634720782,17.564280223414862],[77.47809427925581,17.56680592314456],[77.47627367714422,17.570615278095897],[77.4742962579301,17.572012231017254],[77.47086731033721,17.571860275060136],[77.47063731916657,17.57338737284388],[77.46185663131905,17.580755189779318],[77.45862506964522,17.57997497585387],[77.4556634023069,17.582334416391493],[77.45148534331037,17.58217338494334]]]}},{"type":"Feature","properties":{"type":"village","name":"Yetabarpur","taluk":"Chincholi","district":"Kalaburagi","village_code":"620330"},"geometry":{"type":"Polygon","coordinates":[[[77.26687509713015,17.581887116259637],[77.26536486564417,17.575742369067758],[77.25992984527453,17.574858041680965],[77.24838363004449,17.579195442797356],[77.24535273044552,17.582496299763154],[77.23734751416535,17.582081030118093],[77.23509760717945,17.584541540871914],[77.23365934242584,17.584782247328143],[77.2344319780118,17.584257923742097],[77.23460265522084,17.575560388084348],[77.23888553413632,17.57417842965535],[77.23741306512996,17.56950062509789],[77.23731502838972,17.562602698585298],[77.24175372098956,17.56092067982935],[77.24134581937523,17.55864158136177],[77.23837489399958,17.557473607219514],[77.23662284232735,17.555495157375194],[77.23827356403555,17.545297210935004],[77.23795317000798,17.532701043309853],[77.23622998479907,17.526373824293913],[77.24026305660708,17.527271313777803],[77.24604888975644,17.531436735184815],[77.2716073861143,17.53676772885402],[77.26934770366148,17.539722109645933],[77.26916399998251,17.543008051170915],[77.2717639849262,17.547406140597488],[77.27237159190963,17.55581431534313],[77.27151336214845,17.579094696645473],[77.26687509713015,17.581887116259637]]]}},{"type":"Feature","properties":{"type":"village","name":" ","taluk":"Chincholi","district":"Kalaburagi","village_code":" "},"geometry":{"type":"Polygon","coordinates":[[[77.31104963534408,17.594681057799367],[77.30033654196302,17.597717582160847],[77.29852515117635,17.603626029298415],[77.29960257705336,17.60685210014309],[77.29708166810921,17.608206400916224],[77.29660626888108,17.607275559221588],[77.2957110590729,17.607595946970317],[77.29465991610444,17.60896889070598],[77.29513772281753,17.615090579108575],[77.29367709540324,17.615505593072115],[77.29153553512211,17.611190265974454],[77.28841995403626,17.61455005435405],[77.28513112925461,17.615528884067206],[77.28723128259104,17.61758992787643],[77.2829241545528,17.619792547037697],[77.2821477810769,17.617890221587388],[77.27958507621754,17.61756369187979],[77.27680964670563,17.6067120057722],[77.27661178198451,17.600956778004882],[77.26687509713015,17.581887116259637],[77.27151336214845,17.579094696645473],[77.2799987333379,17.575877286653323],[77.284846524108,17.577505835813163],[77.29344023481562,17.577394940702188],[77.30138239295616,17.579247698996838],[77.29820268473544,17.585157631202065],[77.29879472840658,17.58826031914042],[77.31104963534408,17.594681057799367]]]}},{"type":"Feature","properties":{"type":"village","name":"Aland (Rural)","taluk":"Afzalpur","district":"Kalaburagi","village_code":"620024"},"geometry":{"type":"Polygon","coordinates":[[[76.55970092000254,17.610912316863235],[76.55091240693058,17.611421823407778],[76.54768696907203,17.607709256952],[76.5341105298588,17.60684940814573],[76.5329505110779,17.6045516033568],[76.52599734326799,17.60446006226993],[76.52805540783845,17.587863114887192],[76.5241861393309,17.58734381231161],[76.52267997721317,17.5853484150731],[76.52207655907387,17.58202537159884],[76.51717451634883,17.572011432854],[76.51984642670234,17.561579241343733],[76.5193703330765,17.558143191972515],[76.52162139080427,17.554293127198708],[76.51848686784233,17.546913966872374],[76.51998428306416,17.5430408299252],[76.52229180799239,17.542976577771054],[76.52462295771424,17.53867007091451],[76.5264384798529,17.538395453712553],[76.52717949024928,17.535258262329993],[76.53254540322412,17.530598646280914],[76.5329110022734,17.52471216011903],[76.53716163975503,17.522701541677414],[76.54523494024892,17.52215616817962],[76.55120320506278,17.51656777290778],[76.55310705405175,17.51255904728731],[76.55317857072814,17.510221140770827],[76.55982724469104,17.508956294803756],[76.56081033488684,17.504962881144642],[76.56187214355266,17.50485489217265],[76.5600157723231,17.501960644725933],[76.5652727097725,17.501119774139863],[76.56777221186346,17.50269501358023],[76.57284771657491,17.50259252858343],[76.57558942333108,17.505355869648973],[76.57845662742736,17.506013963027307],[76.58923089607927,17.52080972557985],[76.59122492873627,17.521569086830223],[76.59313147267109,17.524015707168246],[76.59841430316024,17.526347714694896],[76.59834877734845,17.539666076638373],[76.60630929166346,17.54202984901],[76.60692131117159,17.544198437180103],[76.61165651069726,17.54384190969332],[76.61782783159627,17.546329359642485],[76.62512259457276,17.55299547671236],[76.62241933391412,17.5548951492191],[76.60949604986253,17.55854469583124],[76.60676676590845,17.558402129102358],[76.6071022947519,17.571047323594346],[76.60586042687218,17.5781942448057],[76.6072214966985,17.57986136759206],[76.60685632794227,17.581151117409625],[76.60101555742341,17.58129957934307],[76.59166936123992,17.587489611983255],[76.59659479340003,17.597989604751533],[76.60012003140825,17.602647909095193],[76.59459143892533,17.605626446026747],[76.59101603899167,17.6047968623439],[76.58471286876515,17.60510952691155],[76.58251815337199,17.602786961991228],[76.58185021822902,17.59887671574679],[76.57995676184957,17.597850709141937],[76.57728455505197,17.602627553386903],[76.56357246573928,17.60666018905662],[76.56361390681998,17.609565047122853],[76.55970092000254,17.610912316863235]],[[76.57109874971734,17.580920542807302],[76.57087376665442,17.57736277362259],[76.57780926909427,17.57776218040846],[76.57883652765597,17.575971159582192],[76.58129991028596,17.575958174298083],[76.58246830316193,17.574892285938894],[76.57870882674845,17.56894608493248],[76.57957800607464,17.568261842325146],[76.57856873178494,17.56432211763684],[76.58046214055368,17.563857298230218],[76.5802061728,17.56090487488542],[76.581148291734,17.560505341819443],[76.57817005227531,17.55801754438534],[76.5790824594313,17.553599467823524],[76.5765186855767,17.55139646682263],[76.57689254194011,17.544737419796572],[76.57259141105467,17.542054974756383],[76.56935818390427,17.543366392723623],[76.5679633913222,17.538579519217468],[76.56364891326831,17.541254920082206],[76.55809430826969,17.54142013102961],[76.55272474633819,17.544160480911078],[76.55145751542479,17.54532105658072],[76.55095595186565,17.551035782355765],[76.55328679705866,17.56372019290497],[76.55291533829876,17.56807966797499],[76.55391142532008,17.568258521143573],[76.55346905804325,17.573261724705713],[76.5612591933899,17.573919533079426],[76.57109874971734,17.580920542807302]]]}},{"type":"Feature","properties":{"type":"village","name":"Padsawali","taluk":"Afzalpur","district":"Kalaburagi","village_code":"620010"},"geometry":{"type":"Polygon","coordinates":[[[76.49898196008064,17.607917800869373],[76.49516128863338,17.61047477728066],[76.49257449275473,17.622392334407326],[76.48748612057508,17.62500771241608],[76.48622795635785,17.62730713423812],[76.46392116010585,17.6189146442525],[76.45366988701912,17.617561554848436],[76.44228777512684,17.617364137047094],[76.4409607649245,17.61273313236661],[76.43732124414417,17.606655599641453],[76.43675256834848,17.602955484398496],[76.43815600272362,17.590459960754053],[76.44300593597566,17.581177539386626],[76.44332299994845,17.57666898599147],[76.45677159721865,17.57138227958378],[76.46441607074198,17.570430663645695],[76.46499346738241,17.579886407590763],[76.47318862793784,17.583994407930962],[76.48935415014044,17.586503457677775],[76.4964007598079,17.58971586781323],[76.4983273047325,17.592214244820322],[76.49887446228388,17.595816294814068],[76.49563258615395,17.60609259824216],[76.49898196008064,17.607917800869373]]]}},{"type":"Feature","properties":{"type":"village","name":"Tadkal","taluk":"Afzalpur","district":"Kalaburagi","village_code":"620014"},"geometry":{"type":"Polygon","coordinates":[[[76.65174961719816,17.648286123149564],[76.64947393125857,17.64928252636949],[76.62757496206073,17.648511216102456],[76.62766884229613,17.620402101846942],[76.6241944022206,17.607192326675307],[76.62381996644389,17.60145480195681],[76.61978525880373,17.599207115343624],[76.61951683141704,17.597119962638008],[76.62520487665952,17.591491030708106],[76.63494846506681,17.589537010174354],[76.63806917822787,17.589713088216396],[76.6419725369021,17.598237698354456],[76.65745864888228,17.59729405271852],[76.6761415406668,17.599052300038366],[76.68809383213454,17.602855158211263],[76.70031161439626,17.609453638260202],[76.7065084788904,17.60860191563125],[76.70578663315226,17.616810891042196],[76.70955143477876,17.623251606593215],[76.70898659389105,17.63459803441005],[76.71737743176989,17.633541738098035],[76.71920406606861,17.63531415167726],[76.71835931103666,17.637254874682895],[76.71312331511317,17.639319547364135],[76.69833685329708,17.642510292148994],[76.69374206763686,17.640659676062093],[76.68732478082651,17.64105927669252],[76.68720783544792,17.636609403861286],[76.67657411720536,17.63815511331528],[76.67295340175717,17.638964625163617],[76.66829939735679,17.64423325563275],[76.65994361892685,17.6476998989631],[76.65174961719816,17.648286123149564]]]}},{"type":"Feature","properties":{"type":"village","name":"Bhunyar[B]","taluk":"Chincholi","district":"Kalaburagi","village_code":"620324"},"geometry":{"type":"Polygon","coordinates":[[[77.1532685039821,17.631604615315915],[77.14775151144445,17.63328132227173],[77.14505636706444,17.632125048207442],[77.14402444714474,17.631212561801863],[77.1429779430764,17.62553389794956],[77.13763513027911,17.62374975138977],[77.13668326282762,17.620844915319683],[77.13799274779707,17.617312005745436],[77.13585371178188,17.614330421776405],[77.13533995718603,17.60975852285924],[77.13618308087743,17.60741831517608],[77.13391697008046,17.603759056024735],[77.13437385233566,17.602408246236575],[77.13639947604624,17.60229973994305],[77.14152028279749,17.60459895964664],[77.14265545238098,17.603112550010614],[77.1428012606297,17.60074073974745],[77.14505751331474,17.603053401895142],[77.1463371598437,17.606229951425377],[77.15549876301608,17.61144298039467],[77.15499681587634,17.615452218042066],[77.15675622475078,17.617051251406263],[77.1548152645608,17.622988598017056],[77.15579827480656,17.626559462958046],[77.1579459723777,17.626843947696376],[77.15887571971362,17.628620615313352],[77.15521392430749,17.628902768130004],[77.1532685039821,17.631604615315915]]]}},{"type":"Feature","properties":{"type":"village","name":"Lengthi","taluk":"Afzalpur","district":"Kalaburagi","village_code":"619982"},"geometry":{"type":"Polygon","coordinates":[[[76.88211433066618,17.643200724403442],[76.86320091141681,17.64631457804953],[76.85570466710189,17.64446127365335],[76.85139286063763,17.644855286955224],[76.8418999668733,17.65371374182762],[76.84014690818957,17.65188653485766],[76.83761534342952,17.651268500619814],[76.8368374509025,17.649398575994287],[76.82766781499485,17.65015123304295],[76.82317650717052,17.651882579191902],[76.81954495085347,17.650311967573693],[76.8273896319042,17.639329744978564],[76.83206341271556,17.63605990238536],[76.83206394361989,17.633845177117326],[76.83638215327548,17.630592182785623],[76.83760853060643,17.628479928278864],[76.84251242835253,17.627339425123992],[76.84723837972236,17.62757871841279],[76.85749025018876,17.623883138278185],[76.8593554949767,17.626592102426617],[76.86672863955499,17.628211101350164],[76.86909149711143,17.63240216160114],[76.87781534765263,17.63805841338902],[76.88211433066618,17.643200724403442]]]}},{"type":"Feature","properties":{"type":"village","name":"Salgera (V.K.)","taluk":"Afzalpur","district":"Kalaburagi","village_code":"619981"},"geometry":{"type":"Polygon","coordinates":[[[76.80202010874274,17.65017737270181],[76.79343078271202,17.653107192148788],[76.79182093614585,17.65218019207842],[76.78828038096373,17.647958783899266],[76.78878362527072,17.643190252212605],[76.78472440170817,17.639140082268018],[76.78449317804899,17.636446823353246],[76.77851806897097,17.635972180915978],[76.77563229759605,17.63750392105927],[76.7811097427016,17.628017437361173],[76.78452243977104,17.625139934871036],[76.79017353730588,17.62238262983887],[76.79628913301286,17.613321896741134],[76.8001099481906,17.610359105020752],[76.80922465930514,17.60719370435202],[76.8122107078186,17.602765251706952],[76.81652785566551,17.601591122595323],[76.8199801405912,17.602204120226936],[76.82234020169217,17.60566987960448],[76.82346514665109,17.612480282759766],[76.85065138671055,17.614733788087584],[76.85749025018876,17.623883138278185],[76.84723837972236,17.62757871841279],[76.84251242835253,17.627339425123992],[76.83760853060643,17.628479928278864],[76.83638215327548,17.630592182785623],[76.83206394361989,17.633845177117326],[76.83206341271556,17.63605990238536],[76.8273896319042,17.639329744978564],[76.81954495085347,17.650311967573693],[76.81381049235526,17.650833387356187],[76.80792479259745,17.64901309016076],[76.80738742039448,17.65067681870939],[76.80202010874274,17.65017737270181]]]}},{"type":"Feature","properties":{"type":"village","name":"Dhorjambga","taluk":"Gulbarga","district":"Kalaburagi","village_code":"620190"},"geometry":{"type":"Polygon","coordinates":[[[77.09441986792281,17.654787105030955],[77.08479434778823,17.659335752730335],[77.0842508239222,17.656592535102238],[77.0783676322607,17.65288871423026],[77.07567218784334,17.649514200953114],[77.06344772391252,17.648371390360026],[77.06127793317526,17.64565408777509],[77.06027371999389,17.642389462957993],[77.05657068203473,17.641509145656055],[77.0570721728303,17.638810134183085],[77.06967956790551,17.632546109071285],[77.07415347626109,17.628468586260013],[77.0793447567447,17.631409048400137],[77.08394150612212,17.636148706771202],[77.0942950003017,17.63456119892402],[77.09504368410725,17.64643777670933],[77.0938951242361,17.650054900799987],[77.09441986792281,17.654787105030955]]]}},{"type":"Feature","properties":{"type":"village","name":"Benkeppalli","taluk":"Chincholi","district":"Kalaburagi","village_code":"620328"},"geometry":{"type":"Polygon","coordinates":[[[77.27708175898158,17.620679645928618],[77.27693341928041,17.624899098992632],[77.27440697132421,17.62698496990102],[77.2642593907707,17.625687343826844],[77.25829160475888,17.623325592107037],[77.25239178887469,17.6251696748289],[77.25107150166397,17.626781648207135],[77.24249421485464,17.629720560876986],[77.2416740215592,17.629102113287523],[77.23909310156081,17.63063960501135],[77.2352469413157,17.624699551418416],[77.23630845892734,17.621609891089527],[77.2332407140287,17.617082907126765],[77.2338330119231,17.6138435528128],[77.23113903894617,17.606377201730623],[77.23144932602847,17.60217828357783],[77.23416838715463,17.599387661390917],[77.23363440429522,17.595429119737823],[77.23238239443599,17.593480364341808],[77.23347426971436,17.58907108326298],[77.23312804013926,17.585262390189754],[77.23509760717945,17.584541540871914],[77.23734751416535,17.582081030118093],[77.24535273044552,17.582496299763154],[77.24838363004449,17.579195442797356],[77.25652259828392,17.575553578994686],[77.2625327632176,17.574896287824533],[77.26536486564417,17.575742369067758],[77.26770142771564,17.58437504366008],[77.27661178198451,17.600956778004882],[77.27680964670563,17.6067120057722],[77.27958507621754,17.61756369187979],[77.27825038721619,17.62023298527943],[77.27708175898158,17.620679645928618]]]}},{"type":"Feature","properties":{"type":"village","name":"Bhunyar[K]","taluk":"Chincholi","district":"Kalaburagi","village_code":"620325"},"geometry":{"type":"Polygon","coordinates":[[[77.17084742197801,17.627835574967378],[77.16167810407397,17.629204441918258],[77.15887571971362,17.628620615313352],[77.1579459723777,17.626843947696376],[77.15579827480656,17.626559462958046],[77.1548152645608,17.622988598017056],[77.15675622475078,17.617051251406263],[77.15499681587634,17.615452218042066],[77.15549876301608,17.61144298039467],[77.1463371598437,17.606229951425377],[77.14204268188129,17.59907376073807],[77.1416701765841,17.595012364173673],[77.1433941011065,17.593512352156566],[77.14930558341126,17.591632421342954],[77.15533859429924,17.58476021889172],[77.15885271475751,17.585997549368635],[77.17508903139101,17.580892080095758],[77.18340622897611,17.579690257986858],[77.19610949315675,17.58040605272126],[77.19594585873953,17.581770709784085],[77.19791666904808,17.583899394237537],[77.19680850282205,17.58875835839541],[77.19790425702583,17.591997017834103],[77.20001572643989,17.593645769095485],[77.20167501538096,17.59820380959123],[77.20170823597849,17.602852425054216],[77.19964595920771,17.607096932170418],[77.1995217931708,17.609376302657996],[77.1936071523895,17.615168882329915],[77.18849578333862,17.615676507791814],[77.1875922425545,17.61858166766929],[77.18281966412987,17.618126773082203],[77.17857606405019,17.622135115649577],[77.17317273444716,17.624079049824083],[77.17084742197801,17.627835574967378]]]}},{"type":"Feature","properties":{"type":"village","name":"Chincholi (K)","taluk":"Afzalpur","district":"Kalaburagi","village_code":"620008"},"geometry":{"type":"Polygon","coordinates":[[[76.44228777512684,17.617364137047094],[76.4363076875855,17.62214650001865],[76.42654799957167,17.624828765595407],[76.420491332449,17.609787587226826],[76.41955591225208,17.604819489420034],[76.42099889136432,17.604828915797814],[76.42963588739393,17.611681167140635],[76.43732124414417,17.606655599641453],[76.4409607649245,17.61273313236661],[76.44228777512684,17.617364137047094]]]}},{"type":"Feature","properties":{"type":"village","name":"Kinnisultan","taluk":"Afzalpur","district":"Kalaburagi","village_code":"619975"},"geometry":{"type":"Polygon","coordinates":[[[76.62755374475202,17.647343371931377],[76.61860570436035,17.647289007326687],[76.60052911520546,17.64250078127795],[76.59898781907864,17.62960939475834],[76.59187595129737,17.616755379357343],[76.59268889518847,17.614882862001032],[76.5917720566432,17.605074777202375],[76.59521802731075,17.605477449236304],[76.60718657379356,17.59878155917392],[76.618105994924,17.596948181777456],[76.61951683141704,17.597119962638008],[76.61978525880373,17.599207115343624],[76.62381996644389,17.60145480195681],[76.6241944022206,17.607192326675307],[76.62781254040223,17.6216309287314],[76.62755374475202,17.647343371931377]]]}},{"type":"Feature","properties":{"type":"village","name":"Korhalli","taluk":"Afzalpur","district":"Kalaburagi","village_code":"620064"},"geometry":{"type":"Polygon","coordinates":[[[76.8001099481906,17.610359105020752],[76.79628913301286,17.613321896741134],[76.79017353730588,17.62238262983887],[76.7822830619386,17.626655099734894],[76.77563229759605,17.63750392105927],[76.77071290211464,17.633514815256085],[76.75897201477599,17.62819276728459],[76.74895703813483,17.62017941301643],[76.75011416883208,17.61680696799784],[76.7497618630524,17.61246247023762],[76.75310489666984,17.607813680065174],[76.75367492981991,17.605497091375675],[76.75012721596326,17.597913647124678],[76.75636604256096,17.59232963841569],[76.76215712905807,17.592009413685705],[76.76555150858056,17.58942183486899],[76.7762618692865,17.590943857148382],[76.77845248656533,17.580212025739872],[76.789291617174,17.590716827313983],[76.79247156524488,17.59886632489704],[76.8001099481906,17.610359105020752]]]}},{"type":"Feature","properties":{"type":"village","name":" ","taluk":"Gulbarga","district":"Kalaburagi","village_code":" "},"geometry":{"type":"Polygon","coordinates":[[[77.06918065257985,17.665805582009508],[77.05818856942102,17.673129691027132],[77.0534531902323,17.671140186808504],[77.04636096501302,17.670744352276973],[77.0459704961051,17.66921269719379],[77.04400545298066,17.66905375475779],[77.04325693177017,17.66736834207491],[77.0492982862105,17.65986837942135],[77.0488755561058,17.642359094921428],[77.04951690201469,17.642091304843643],[77.05922289323242,17.64173186292934],[77.06344772391252,17.648371390360026],[77.07567218784334,17.649514200953114],[77.0783676322607,17.65288871423026],[77.08461622624046,17.657545609953438],[77.08479434778823,17.659335752730335],[77.08182965222909,17.66219929941948],[77.07373406093977,17.66156477688016],[77.06918065257985,17.665805582009508]]]}},{"type":"Feature","properties":{"type":"village","name":" ","taluk":"Afzalpur","district":"Kalaburagi","village_code":" "},"geometry":{"type":"Polygon","coordinates":[[[76.77352723406825,17.666769245795752],[76.76356133598433,17.665683039425772],[76.74659959562292,17.66678091494304],[76.74188127184821,17.66485464714497],[76.73278913809168,17.665625466252216],[76.73188977716858,17.658820126922553],[76.72497567709036,17.65658061619907],[76.72034222075379,17.65386097304449],[76.71999681223885,17.651195645398666],[76.71440695734852,17.638812936994114],[76.71835931103666,17.637254874682895],[76.71922561665228,17.63600079589051],[76.71737743176989,17.633541738098035],[76.71637759697718,17.626928281588945],[76.71634366491395,17.625033114299036],[76.71779607633667,17.622997258897957],[76.72140158330711,17.62112748013099],[76.72628921885163,17.62476644058168],[76.73108801011627,17.625231514268485],[76.73166356610868,17.626563972245997],[76.73324666623556,17.626678335353695],[76.73445008442447,17.626164917375217],[76.73642796986421,17.62077196389457],[76.74861544656154,17.61998558201128],[76.75343221042003,17.62301031271798],[76.75897201477599,17.62819276728459],[76.77403416236625,17.63576538162273],[76.77563229759605,17.63750392105927],[76.77196782880362,17.640180041818628],[76.7701930928738,17.646302993179997],[76.77380069471548,17.657763657648374],[76.77352723406825,17.666769245795752]]]}},{"type":"Feature","properties":{"type":"village","name":"Honhalli","taluk":"Gulbarga","district":"Kalaburagi","village_code":"620013"},"geometry":{"type":"Polygon","coordinates":[[[77.12425167074848,17.657094740160066],[77.11809685459617,17.658009265400977],[77.11575081080692,17.655497393127984],[77.1120593476402,17.65810635265068],[77.10098636669845,17.650802360748372],[77.09973574204137,17.64643849493135],[77.09504368410725,17.64643777670933],[77.0942950003017,17.63456119892402],[77.10248339384808,17.632105955167273],[77.1124921388761,17.634716197790446],[77.11321125193915,17.638974981173078],[77.1161199177774,17.644583496822985],[77.12425167074848,17.657094740160066]]]}},{"type":"Feature","properties":{"type":"village","name":"Chitali","taluk":"Afzalpur","district":"Kalaburagi","village_code":"619974"},"geometry":{"type":"Polygon","coordinates":[[[76.60511116095834,17.643929014003167],[76.60188061168581,17.647996754320637],[76.57509871591218,17.645240204709587],[76.57244163225242,17.643527281302173],[76.57253620239395,17.642556011096143],[76.56561483225012,17.634555355173426],[76.56281878280917,17.633809012664035],[76.56290718781294,17.630273917961485],[76.56429782119525,17.628074264880425],[76.57277708923064,17.624302256092026],[76.59312392412775,17.61914998976604],[76.59898781907864,17.62960939475834],[76.60052911520546,17.64250078127795],[76.60511116095834,17.643929014003167]]]}},{"type":"Feature","properties":{"type":"village","name":"Kalkutga","taluk":"Afzalpur","district":"Kalaburagi","village_code":"619984"},"geometry":{"type":"Polygon","coordinates":[[[76.92895129122758,17.637540640372006],[76.91687315297509,17.639312433346337],[76.9107900897561,17.637958396935247],[76.90786038537391,17.635091768911575],[76.90474984743008,17.62763029796495],[76.90037882941216,17.625007250952812],[76.89874390098498,17.621906813393096],[76.91665269562458,17.623318100749806],[76.92438346311071,17.625433336031637],[76.92869679042275,17.63234526695704],[76.92895129122758,17.637540640372006]]]}},{"type":"Feature","properties":{"type":"village","name":"Marguthi","taluk":"Gulbarga","district":"Kalaburagi","village_code":"620192"},"geometry":{"type":"Polygon","coordinates":[[[77.0488755561058,17.642359094921428],[77.0442776452067,17.641907339596774],[77.03968120484973,17.63839639462618],[77.03905895712379,17.631408205981288],[77.02670560201769,17.62888302837141],[77.02352010056168,17.62036391413833],[77.02422490436057,17.618399869392526],[77.02860390480808,17.61760735032955],[77.03747358156426,17.61122349387306],[77.04835738000214,17.610433397209327],[77.05367266662252,17.613779466224525],[77.05587745662154,17.613990217260383],[77.06510430802629,17.611624055332587],[77.07272635780349,17.611981527194132],[77.08132052126206,17.605775561711333],[77.08504852699622,17.611812116760365],[77.08635453368888,17.619484496138202],[77.07616486436936,17.625360358209495],[77.06967956790551,17.632546109071285],[77.05785445272917,17.638000654171986],[77.05657068203473,17.641509145656055],[77.0488755561058,17.642359094921428]]]}},{"type":"Feature","properties":{"type":"village","name":"Ladmugli","taluk":"Afzalpur","district":"Kalaburagi","village_code":"619983"},"geometry":{"type":"Polygon","coordinates":[[[76.90786038537391,17.635091768911575],[76.903437656735,17.64149318682195],[76.89887591021262,17.64466718979145],[76.89298962115998,17.643501276791586],[76.88211433066618,17.643200724403442],[76.87781534765263,17.63805841338902],[76.86909149711143,17.63240216160114],[76.86672863955499,17.628211101350164],[76.8593554949767,17.626592102426617],[76.85065138671055,17.614733788087584],[76.84942557711486,17.61459732582608],[76.85337086196004,17.603830848973836],[76.85418880228073,17.597288967279983],[76.85918139069484,17.587033568660797],[76.8611346901436,17.594904570151986],[76.8679557849455,17.598925614812185],[76.87680229774377,17.598005884256334],[76.88010610642435,17.586114444657042],[76.88266402326326,17.587852111989243],[76.88628769955864,17.588226788160963],[76.89857937094743,17.58538078282719],[76.90410394526609,17.58761189173136],[76.90016144429997,17.5941373319179],[76.90051731100147,17.598464540633998],[76.89867050323637,17.60360122291985],[76.88371299410537,17.60906241679985],[76.88167030330271,17.617768064225018],[76.88868820730525,17.622708344323243],[76.89874390098498,17.621906813393096],[76.90037882941216,17.625007250952812],[76.90474984743008,17.62763029796495],[76.90786038537391,17.635091768911575]]]}},{"type":"Feature","properties":{"type":"village","name":"Okali","taluk":"Gulbarga","district":"Kalaburagi","village_code":"620195"},"geometry":{"type":"Polygon","coordinates":[[[76.98582921040312,17.619302436781908],[76.98283540314054,17.62359251623946],[76.98180004896155,17.627366908801047],[76.97305094857434,17.625175643881096],[76.95766273499383,17.617428945836984],[76.9561889158196,17.621876675638067],[76.95378302177451,17.62224642592988],[76.95138679899179,17.624378701750263],[76.95042788515524,17.61990190326817],[76.94602613936472,17.61698732178288],[76.94044206782822,17.608892550684093],[76.94121445727578,17.60274606479687],[76.94012434269536,17.599733036163784],[76.93683912375128,17.598877975321507],[76.93617175724185,17.596543063166916],[76.94225207880258,17.59369361890202],[76.96188898591043,17.589432054142396],[76.97381908090583,17.590078455836007],[76.97407010433217,17.59122764532474],[76.97104948684996,17.5952088002775],[76.97670296132705,17.597761974957653],[76.98110603662417,17.602923035023636],[76.97980260001154,17.606954872935283],[76.98016231419736,17.610368305068146],[76.98227617223178,17.615650584026884],[76.98582921040312,17.619302436781908]]]}},{"type":"Feature","properties":{"type":"village","name":"Sangunda","taluk":"Afzalpur","district":"Kalaburagi","village_code":"619978"},"geometry":{"type":"Polygon","coordinates":[[[76.71737743176989,17.633541738098035],[76.70898659389105,17.63459803441005],[76.70955143477876,17.623251606593215],[76.70578663315226,17.616810891042196],[76.7065084788904,17.60860191563125],[76.71910142905581,17.605327934297474],[76.7187002459415,17.6037198698343],[76.71980479465194,17.603540889915894],[76.72806238901791,17.60275751803298],[76.7294440051114,17.605225789060068],[76.73842535413553,17.605302241087454],[76.73361614960012,17.61424536963729],[76.73406231585231,17.61980868073959],[76.73642796986421,17.62077196389457],[76.73441718632212,17.62621683293919],[76.73166356610868,17.626563972245997],[76.73108801011627,17.625231514268485],[76.72876783601053,17.62556249917033],[76.72552108831681,17.624400810968943],[76.72226860757493,17.6214501532188],[76.71963030589112,17.621458154927364],[76.71625902205462,17.62527259129498],[76.71737743176989,17.633541738098035]]]}},{"type":"Feature","properties":{"type":"village","name":"Chincholi (B)","taluk":"Afzalpur","district":"Kalaburagi","village_code":"620009"},"geometry":{"type":"Polygon","coordinates":[[[76.44473594838074,17.641661271574687],[76.4450645772645,17.64095154185285],[76.43545022318892,17.64626155284653],[76.43143554528469,17.646178799701925],[76.42925152972488,17.644953574634872],[76.42844103913284,17.64015526272455],[76.42730094678159,17.63958564909561],[76.42855191369678,17.633794243990604],[76.42654799957167,17.624828765595407],[76.4363076875855,17.62214650001865],[76.44228777512684,17.617364137047094],[76.44906570767596,17.622380753137087],[76.45220787709758,17.623524594118912],[76.44934534424075,17.63329556961757],[76.44473594838074,17.641661271574687]]]}},{"type":"Feature","properties":{"type":"village","name":"Bhimnal","taluk":"Gulbarga","district":"Kalaburagi","village_code":"620193"},"geometry":{"type":"Polygon","coordinates":[[[77.03747358156426,17.61122349387306],[77.02860390480808,17.61760735032955],[77.02388057921384,17.61892453222918],[77.02352010056168,17.62036391413833],[77.02670560201769,17.62888302837141],[77.0189497706368,17.62725939436542],[77.01756253468285,17.61953592903107],[77.01615660838114,17.61707587271293],[77.01631480709256,17.614046863403544],[77.01175113009062,17.61014539836273],[77.0059075694045,17.60300400304016],[77.00994264984547,17.601626855959086],[77.01169256532401,17.603787249697906],[77.01547666455944,17.603684465684005],[77.01750803838614,17.60599492385246],[77.0218877529943,17.603478060925216],[77.02378158217459,17.600240025155674],[77.03308979668958,17.606430366241714],[77.03747358156426,17.61122349387306]]]}},{"type":"Feature","properties":{"type":"village","name":"Ainapur","taluk":"Chincholi","district":"Kalaburagi","village_code":"620799"},"geometry":{"type":"Polygon","coordinates":[[[77.23909310156081,17.63063960501135],[77.23669076484427,17.6315038256323],[77.23346736705973,17.630303877095965],[77.23054751809453,17.632510055651842],[77.22809242421965,17.63184722210037],[77.22776173190569,17.63027975072129],[77.2230789562634,17.631113329177914],[77.22200540122691,17.63237428231174],[77.21911624500002,17.63048273115888],[77.21866795692715,17.629127630170938],[77.21565815785591,17.630791508952814],[77.21442300398465,17.629283145673117],[77.21038067503763,17.62951980379589],[77.20736879636651,17.626756215749474],[77.20345977111946,17.630105369699233],[77.20087809294296,17.63063039914878],[77.20046414926006,17.632247887584573],[77.19589354894222,17.631214970916897],[77.194651790657,17.62431687400433],[77.1951590082125,17.62012879366879],[77.1936071523895,17.615168882329915],[77.1995217931708,17.609376302657996],[77.19964595920771,17.607096932170418],[77.20170823597849,17.602852425054216],[77.20136168121323,17.59673436077543],[77.20001572643989,17.593645769095485],[77.19790425702583,17.591997017834103],[77.19680850282205,17.58875835839541],[77.19791666904808,17.583899394237537],[77.19594585873953,17.581770709784085],[77.19610949315675,17.58040605272126],[77.21250986641563,17.57993482709418],[77.23198341578735,17.574658302649226],[77.23365934242584,17.584782247328143],[77.23238239443599,17.593480364341808],[77.23363440429522,17.595429119737823],[77.23416838715463,17.599387661390917],[77.23144932602847,17.60217828357783],[77.23113903894617,17.606377201730623],[77.2338330119231,17.6138435528128],[77.2332407140287,17.617082907126765],[77.23630845892734,17.621609891089527],[77.2352469413157,17.624699551418416],[77.23909310156081,17.63063960501135]]]}},{"type":"Feature","properties":{"type":"village","name":"Sonthi","taluk":"Gulbarga","district":"Kalaburagi","village_code":"620708"},"geometry":{"type":"Polygon","coordinates":[[[77.13536824333771,17.610138009204384],[77.13356710143012,17.60967031168295],[77.13196787474725,17.60789580436557],[77.12982046284034,17.60848735612061],[77.12984333394749,17.60951703370197],[77.12680491904287,17.608268287268636],[77.12477170995804,17.609056958379604],[77.1261195817362,17.6121679126503],[77.12557129140929,17.615651282679142],[77.12744468930674,17.618674599731673],[77.12695352644201,17.6227713969261],[77.11859726022689,17.623828253760983],[77.1172720843844,17.624967405005684],[77.11654085035322,17.62755251040923],[77.11754604359656,17.62965572996377],[77.11727178434705,17.631583619931146],[77.11379880493222,17.6330293336066],[77.1079498696257,17.63113379810488],[77.10624227018697,17.633071621106712],[77.10248339384808,17.632105955167273],[77.10142823361367,17.628574368879416],[77.09461040418782,17.62491443602054],[77.09035683460513,17.62461376873567],[77.0899190801773,17.624013864148043],[77.09107655043773,17.622754455276223],[77.08635453368888,17.619484496138202],[77.08504852699622,17.611812116760365],[77.08132052126206,17.605775561711333],[77.08262680463581,17.603151638720252],[77.08255680880721,17.599732434208086],[77.08707656268334,17.597551752140024],[77.09364004671289,17.595944711916445],[77.099425292364,17.596065585062117],[77.11074547889218,17.598166256823365],[77.11649961498672,17.596637112890438],[77.12387971971182,17.601136065313007],[77.13401113238685,17.602611554293524],[77.13618308087743,17.60741831517608],[77.13536824333771,17.610138009204384]]]}},{"type":"Feature","properties":{"type":"village","name":"Marmanchi","taluk":"Gulbarga","district":"Kalaburagi","village_code":"620191"},"geometry":{"type":"Polygon","coordinates":[[[77.0942950003017,17.63456119892402],[77.08394150612212,17.636148706771202],[77.0793447567447,17.631409048400137],[77.07415347626109,17.628468586260013],[77.07450674862802,17.626949446174997],[77.08635453368888,17.619484496138202],[77.09107655043773,17.622754455276223],[77.0899190801773,17.624013864148043],[77.09035683460513,17.62461376873567],[77.09348453935405,17.624374403876722],[77.10142823361367,17.628574368879416],[77.10248339384808,17.632105955167273],[77.0942950003017,17.63456119892402]]]}},{"type":"Feature","properties":{"type":"village","name":"Bachnal","taluk":"Gulbarga","district":"Kalaburagi","village_code":"620194"},"geometry":{"type":"Polygon","coordinates":[[[77.0040724029072,17.63489835287828],[76.99710169998295,17.636621295835077],[76.98342932159571,17.62961319338609],[76.98172813972135,17.626766563042814],[76.98506923387612,17.619783159969145],[76.99891774494112,17.617512761860127],[77.00369265988378,17.618163117053545],[77.0080874311544,17.617296085866215],[77.009697854439,17.617701933612278],[77.01238554909038,17.620897568718274],[77.01755902406673,17.621875649956014],[77.0189497706368,17.62725939436542],[77.0040724029072,17.63489835287828]]]}},{"type":"Feature","properties":{"type":"village","name":"Patwada","taluk":"Gulbarga","district":"Kalaburagi","village_code":"620187"},"geometry":{"type":"Polygon","coordinates":[[[77.15001765997067,17.6324136788755],[77.15155900640316,17.637075760239508],[77.15039126570409,17.642573931934052],[77.14828988886224,17.643296995251845],[77.14786613827135,17.645845017427664],[77.14372456075681,17.647652476946806],[77.1441537955625,17.652002975716925],[77.14540748796628,17.654591501647676],[77.14438040367774,17.656123087738358],[77.14146359730641,17.65638534089988],[77.13655364581359,17.658558633145685],[77.13687430125088,17.66213210658875],[77.13556430603838,17.662669769223537],[77.12500243325562,17.661008574783658],[77.12322036168317,17.654900690949315],[77.11321125193915,17.638974981173078],[77.1124921388761,17.634716197790446],[77.10624227018697,17.633071621106712],[77.1079498696257,17.63113379810488],[77.11379880493222,17.6330293336066],[77.11727178434705,17.631583619931146],[77.11754604359656,17.62965572996377],[77.11654085035322,17.62755251040923],[77.1172720843844,17.624967405005684],[77.11859726022689,17.623828253760983],[77.12695352644201,17.6227713969261],[77.12744468930674,17.618674599731673],[77.12557129140929,17.615651282679142],[77.1261195817362,17.6121679126503],[77.12477170995804,17.609056958379604],[77.12680491904287,17.608268287268636],[77.12984333394749,17.60951703370197],[77.12982046284034,17.60848735612061],[77.13196787474725,17.60789580436557],[77.13356710143012,17.60967031168295],[77.13536824333771,17.610138009204384],[77.13599507606489,17.6148725397119],[77.13799274779707,17.617312005745436],[77.13668326282762,17.620844915319683],[77.13803563067378,17.624314443393402],[77.1429779430764,17.62553389794956],[77.14402444714474,17.631212561801863],[77.14505636706444,17.632125048207442],[77.14775151144445,17.63328132227173],[77.15001765997067,17.6324136788755]]]}},{"type":"Feature","properties":{"type":"village","name":"Kanmas","taluk":"Afzalpur","district":"Kalaburagi","village_code":"619976"},"geometry":{"type":"Polygon","coordinates":[[[76.68395174527521,17.657457203881712],[76.66644475628246,17.66253252923246],[76.65430116408339,17.663216718333913],[76.65174961719816,17.648286123149564],[76.65955490622532,17.64783323131752],[76.66809924283001,17.644344016377463],[76.67315590358176,17.638862903042792],[76.68720783544792,17.636609403861286],[76.68713235989605,17.650051820810777],[76.68492504922429,17.65086788171299],[76.68395174527521,17.657457203881712]]]}},{"type":"Feature","properties":{"type":"village","name":"Teerth","taluk":"Afzalpur","district":"Kalaburagi","village_code":"619972"},"geometry":{"type":"Polygon","coordinates":[[[76.56299202470835,17.630066162690376],[76.55696221990763,17.62770364985528],[76.54859934927853,17.62780206075509],[76.54389452269096,17.623756804378733],[76.53968837337548,17.62144864893867],[76.53798286701135,17.621427594152248],[76.53536925282818,17.62396084693835],[76.53500487908096,17.636567261870788],[76.53144526793669,17.636567795216234],[76.52787132057884,17.623674779761192],[76.5258510831667,17.622020337847395],[76.52534620572251,17.61911289684029],[76.52613788020263,17.618819672901378],[76.520757092025,17.611714965184845],[76.51946507659287,17.605599585805173],[76.52574056703055,17.60446671529036],[76.5329505110779,17.6045516033568],[76.5341105298588,17.60684940814573],[76.54788004936593,17.607763568417596],[76.55091240693058,17.611421823407778],[76.55970092000254,17.610912316863235],[76.5588423057624,17.614171511398084],[76.56013069379739,17.61438652327118],[76.56146872542995,17.62104379934904],[76.5640739529416,17.62113503921626],[76.56429782119525,17.628074264880425],[76.56299202470835,17.630066162690376]]]}},{"type":"Feature","properties":{"type":"village","name":"Gobburwadi","taluk":"Gulbarga","district":"Kalaburagi","village_code":"620185"},"geometry":{"type":"Polygon","coordinates":[[[77.10415611439927,17.668926796033013],[77.09536232013178,17.668960429271927],[77.08983480023733,17.66773063787995],[77.09020211327216,17.669063424286406],[77.08946223205808,17.669153635819015],[77.08898177980647,17.66804671035156],[77.08757396704266,17.66223668991336],[77.08535988666695,17.659024153743907],[77.09441986792281,17.654787105030955],[77.0938951242361,17.650054900799987],[77.09504368410725,17.64643777670933],[77.09973574204137,17.64643849493135],[77.10098636669845,17.650802360748372],[77.1120593476402,17.65810635265068],[77.1106328678848,17.660508327141695],[77.1076921546488,17.661812659755267],[77.10482143544479,17.66619852830241],[77.10415611439927,17.668926796033013]]]}},{"type":"Feature","properties":{"type":"village","name":" ","taluk":"Afzalpur","district":"Kalaburagi","village_code":" "},"geometry":{"type":"Polygon","coordinates":[[[76.69833685329708,17.642510292148994],[76.69776305081609,17.64516242389825],[76.69880517469912,17.64725377180851],[76.70869779001877,17.652077093238727],[76.71217728760938,17.65622963308004],[76.71186776499337,17.659441823667418],[76.70984517130024,17.6623001121577],[76.69459592260263,17.661840519936653],[76.68443309674045,17.659618805870295],[76.68415302718768,17.653192431395954],[76.68492504922429,17.65086788171299],[76.68713235989605,17.650051820810777],[76.68662985759747,17.641251449092216],[76.69374206763686,17.640659676062093],[76.69833685329708,17.642510292148994]]]}},{"type":"Feature","properties":{"type":"village","name":" ","taluk":"Afzalpur","district":"Kalaburagi","village_code":" "},"geometry":{"type":"Polygon","coordinates":[[[76.59312392412775,17.61914998976604],[76.58007055773479,17.623041475102863],[76.57345559125632,17.624072063627562],[76.56429782119525,17.628074264880425],[76.5640739529416,17.62113503921626],[76.56146872542995,17.62104379934904],[76.56013069379739,17.61438652327118],[76.55886355271548,17.614002056785225],[76.55970092000254,17.610912316863235],[76.56361390681998,17.609565047122853],[76.56357246573928,17.60666018905662],[76.57710551003609,17.602742747673805],[76.58014752538834,17.597837251908857],[76.58185021822902,17.59887671574679],[76.58251815337199,17.602786961991228],[76.58471286876515,17.60510952691155],[76.5917720566432,17.605074777202375],[76.59268889518847,17.614882862001032],[76.59179116021605,17.616249371702317],[76.59312392412775,17.61914998976604]]]}},{"type":"Feature","properties":{"type":"village","name":"Nirgudi","taluk":"Afzalpur","district":"Kalaburagi","village_code":"619970"},"geometry":{"type":"Polygon","coordinates":[[[76.48622795635785,17.62730713423812],[76.48701749644083,17.654431461735253],[76.48855757714708,17.65991908261994],[76.48673098866244,17.658411889404533],[76.45897496159132,17.65812296313277],[76.4524255200263,17.65523004716394],[76.45454268386095,17.649786497262337],[76.44189543233323,17.64930862506493],[76.44473594838074,17.641661271574687],[76.44934534424075,17.63329556961757],[76.45220787709758,17.623524594118912],[76.44877371208949,17.622190929616078],[76.44260337304907,17.617793463702746],[76.44253753103031,17.617201594838633],[76.46392116010585,17.6189146442525],[76.48622795635785,17.62730713423812]]]}},{"type":"Feature","properties":{"type":"village","name":"Matki","taluk":"Afzalpur","district":"Kalaburagi","village_code":"619971"},"geometry":{"type":"Polygon","coordinates":[[[76.52332022088922,17.661182819749],[76.49278012790303,17.65969947108881],[76.49026382641794,17.660065187426714],[76.48915408724183,17.661633521801892],[76.48980813443053,17.66049929057734],[76.48855757714708,17.65991908261994],[76.48701749644083,17.654431461735253],[76.48622795635785,17.62730713423812],[76.48748612057508,17.62500771241608],[76.49257449275473,17.622392334407326],[76.49516128863338,17.61047477728066],[76.49696567525577,17.608866478674287],[76.49898196008064,17.607917800869373],[76.5030316076023,17.608641635046386],[76.51095240919523,17.605951646188135],[76.51946507659287,17.605599585805173],[76.520757092025,17.611714965184845],[76.52613788020263,17.618819672901378],[76.52534620572251,17.61911289684029],[76.5258510831667,17.622020337847395],[76.52787132057884,17.623674779761192],[76.52964798968316,17.63165170339024],[76.53203186512228,17.636611051838404],[76.53362430772813,17.65524268091943],[76.52266803321312,17.656258222580465],[76.52332022088922,17.661182819749]]]}},{"type":"Feature","properties":{"type":"village","name":"Salegaon","taluk":"Afzalpur","district":"Kalaburagi","village_code":"619973"},"geometry":{"type":"Polygon","coordinates":[[[76.56684677374594,17.664189512826905],[76.55107924743503,17.663924256339097],[76.55016103087411,17.66224327317999],[76.5408953479946,17.66496131827871],[76.53477269781766,17.65797646898562],[76.53293779901834,17.652466309881685],[76.53203186512228,17.636611051838404],[76.53500487908096,17.636567261870788],[76.53536925282818,17.62396084693835],[76.53798286701135,17.621427594152248],[76.53968837337548,17.62144864893867],[76.54389452269096,17.623756804378733],[76.54859934927853,17.62780206075509],[76.55696221990763,17.62770364985528],[76.56299202470835,17.630066162690376],[76.56281878280917,17.633809012664035],[76.56561483225012,17.634555355173426],[76.57253620239395,17.642556011096143],[76.56769240283865,17.657537499424247],[76.56684677374594,17.664189512826905]]]}},{"type":"Feature","properties":{"type":"village","name":"Warnihal","taluk":"Gulbarga","district":"Kalaburagi","village_code":"620181"},"geometry":{"type":"Polygon","coordinates":[[[77.00001417916955,17.649638650652207],[76.99401804681894,17.654017086949498],[76.98826051599093,17.659972764618015],[76.9869798435859,17.657782084575775],[76.98325704897873,17.655811432686065],[76.98243221588484,17.652775652635828],[76.9767757922387,17.648164210665833],[76.97092458868612,17.646846226283913],[76.96497279987288,17.64092660106734],[76.96193075128295,17.639624235089617],[76.96022966912157,17.63646865200585],[76.95704415329257,17.634154193997446],[76.95879418375544,17.627189025074834],[76.95855925903729,17.622025812998796],[76.9571275322223,17.62065408675384],[76.95766273499383,17.617428945836984],[76.97305094857434,17.625175643881096],[76.9808515924132,17.62681848528267],[76.98396624643765,17.630007442910152],[76.99710169998295,17.636621295835077],[77.0011943381791,17.63555633141317],[77.00042436340301,17.640849247285566],[77.00200301327601,17.642259835048307],[77.00005729560824,17.645823762607314],[77.00071287622113,17.64772111589629],[77.00001417916955,17.649638650652207]]]}},{"type":"Feature","properties":{"type":"village","name":"Bangerga","taluk":"Afzalpur","district":"Kalaburagi","village_code":"619968"},"geometry":{"type":"Polygon","coordinates":[[[76.58678290877661,17.673069638929015],[76.57668332790367,17.674673266403488],[76.57548283642598,17.670304407289887],[76.57247496424102,17.666481574926514],[76.57018051608841,17.664834305308148],[76.56684677374594,17.664189512826905],[76.56769240283865,17.657537499424247],[76.57244163225242,17.643527281302173],[76.57601274362892,17.645418894996112],[76.5963111997564,17.647758779049745],[76.60188061168581,17.647996754320637],[76.60511116095834,17.643929014003167],[76.61282195440415,17.64601238417643],[76.61197273474525,17.66037852909601],[76.60831521172659,17.668711101148077],[76.59797055786775,17.673302029250515],[76.59428531104282,17.67307779925722],[76.59425696111076,17.67389773574481],[76.58678290877661,17.673069638929015]]]}},{"type":"Feature","properties":{"type":"village","name":"Kalmandergi","taluk":"Gulbarga","district":"Kalaburagi","village_code":"620182"},"geometry":{"type":"Polygon","coordinates":[[[77.01446996933291,17.668631745277878],[77.01769883606092,17.679354679213606],[77.0113096269931,17.684745103688567],[77.01011733803226,17.68462241824522],[77.00870641619926,17.68735024122431],[77.00630727209524,17.687710190249696],[77.00552347584016,17.68987818458575],[77.00049608040372,17.694632098867785],[77.00060825033832,17.696001022616347],[76.99725726034237,17.695025455411912],[76.99593390269001,17.69645858995873],[76.99094055789442,17.695998381588417],[76.9897223803854,17.694043556695693],[76.98102346438158,17.69154388184554],[76.97715144433432,17.679915649206364],[76.97788172435465,17.664916199911417],[76.98805594714285,17.661898389631606],[76.98826051599093,17.659972764618015],[76.99167558730765,17.65619698699621],[77.00001417916955,17.649638650652207],[77.00832426209762,17.666093885652185],[77.01357911096396,17.66743159388901],[77.01446996933291,17.668631745277878]]]}},{"type":"Feature","properties":{"type":"village","name":"Kotanhipperga","taluk":"Afzalpur","district":"Kalaburagi","village_code":"619964"},"geometry":{"type":"Polygon","coordinates":[[[76.69102396411479,17.68126099263145],[76.6874320827906,17.680050389585674],[76.68441301310564,17.685888442372402],[76.67978007240204,17.68635272141795],[76.67497835891778,17.689993078314153],[76.67081909716859,17.690527089657895],[76.66589770922388,17.687546408076525],[76.6642375570018,17.687743790875633],[76.6604407528933,17.684686019172776],[76.65739147376367,17.684069917190474],[76.65666909801949,17.663234465066413],[76.66644475628246,17.66253252923246],[76.68395174527521,17.657457203881712],[76.68443309674045,17.659618805870295],[76.69405389622818,17.661549353950942],[76.69407005961509,17.666857631885478],[76.69542689478315,17.672160876992915],[76.69505895202931,17.677288591327297],[76.69102396411479,17.68126099263145]]]}},{"type":"Feature","properties":{"type":"village","name":"Bableshwar","taluk":"Afzalpur","district":"Kalaburagi","village_code":"619967"},"geometry":{"type":"Polygon","coordinates":[[[76.59226721162106,17.69204040758239],[76.57783603170323,17.690702283381132],[76.5764494479262,17.67682361099331],[76.57875933542361,17.674563143146994],[76.58678290877661,17.673069638929015],[76.59425696111076,17.67389773574481],[76.59226721162106,17.69204040758239]]]}},{"type":"Feature","properties":{"type":"village","name":"Rudrawadi","taluk":"Afzalpur","district":"Kalaburagi","village_code":"619966"},"geometry":{"type":"Polygon","coordinates":[[[76.63393772382825,17.683383115718005],[76.63190196801958,17.688989540345418],[76.62766739061863,17.69473608218764],[76.62062330611543,17.7011804417985],[76.61524999371761,17.703782326054103],[76.60163588365296,17.699624745908782],[76.59632869085328,17.69957426528966],[76.59619228077908,17.697873339887753],[76.59275885777944,17.69699862662742],[76.59230749836661,17.690976488323624],[76.59428531104282,17.67307779925722],[76.59846775022471,17.673200435233465],[76.60831521172659,17.668711101148077],[76.61197273474525,17.66037852909601],[76.61282195440415,17.64601238417643],[76.61959052560968,17.647474200631635],[76.62496687700813,17.647465355166062],[76.62804390330028,17.65904641792471],[76.6285294166602,17.666037605953743],[76.63393772382825,17.683383115718005]]]}},{"type":"Feature","properties":{"type":"village","name":"Khajuri","taluk":"Afzalpur","district":"Kalaburagi","village_code":"619957"},"geometry":{"type":"Polygon","coordinates":[[[76.5698548103226,17.715197805054935],[76.54176050376662,17.71477798423046],[76.53875635959012,17.70818091116133],[76.53946340917722,17.70811345911468],[76.53882496213173,17.68792827240725],[76.53417812179573,17.687713765986516],[76.52390096914395,17.663444219276958],[76.52266803321312,17.656258222580465],[76.53362430772813,17.65524268091943],[76.53477269781766,17.65797646898562],[76.5408953479946,17.66496131827871],[76.55016103087411,17.66224327317999],[76.55107924743503,17.663924256339097],[76.56827930814637,17.664259960963342],[76.57073649509586,17.665121318013068],[76.57469150869557,17.669066373847745],[76.57668332790367,17.674673266403488],[76.57875933542361,17.674563143146994],[76.5764494479262,17.67682361099331],[76.57783603170323,17.690702283381132],[76.59274561212058,17.69208342065193],[76.59275885777944,17.69699862662742],[76.59619228077908,17.697873339887753],[76.59632869085328,17.69957426528966],[76.5904836919644,17.702168700154193],[76.58632489464416,17.70716538386573],[76.58208139876906,17.705681685592392],[76.5703540643131,17.705405332031578],[76.5698548103226,17.715197805054935]]]}},{"type":"Feature","properties":{"type":"village","name":"Jamga Khandala","taluk":"Afzalpur","district":"Kalaburagi","village_code":"619952"},"geometry":{"type":"Polygon","coordinates":[[[76.50856482101902,17.718039546365922],[76.50074822040578,17.718417986343393],[76.49501355978659,17.715974287781425],[76.48728762523666,17.71476304336041],[76.4854692707099,17.695169204733524],[76.50365405205928,17.695250419694613],[76.50856482101902,17.718039546365922]]]}},{"type":"Feature","properties":{"type":"village","name":"Dongeragaon","taluk":"Gulbarga","district":"Kalaburagi","village_code":"620183"},"geometry":{"type":"Polygon","coordinates":[[[77.0492982862105,17.65986837942135],[77.04165415314867,17.668537727973355],[77.04097409613924,17.671659143662122],[77.03715250481712,17.67103850426547],[77.037072994033,17.669805141573754],[77.03533900029457,17.669375159099122],[77.03583751497159,17.67141738139031],[77.03482353171316,17.67297550411572],[77.03676881818959,17.675054540975015],[77.03403457194187,17.67684226021437],[77.03470203277438,17.680312148254515],[77.03249109740047,17.681548935135094],[77.01761961094107,17.677859284753357],[77.01446996933291,17.668631745277878],[77.01357911096396,17.66743159388901],[77.00832426209762,17.666093885652185],[77.00001417916955,17.649638650652207],[77.00071287622113,17.64772111589629],[77.00005729560824,17.645823762607314],[77.00200301327601,17.642259835048307],[77.00042436340301,17.640849247285566],[77.0011943381791,17.63555633141317],[77.0040724029072,17.63489835287828],[77.0189497706368,17.62725939436542],[77.03905895712379,17.631408205981288],[77.03968120484973,17.63839639462618],[77.0442776452067,17.641907339596774],[77.0488755561058,17.642359094921428],[77.0492982862105,17.65986837942135]]]}},{"type":"Feature","properties":{"type":"village","name":"Khandala","taluk":"Afzalpur","district":"Kalaburagi","village_code":"619969"},"geometry":{"type":"Polygon","coordinates":[[[76.50717275841708,17.694739882864035],[76.4854692707099,17.695169204733524],[76.48457491430122,17.68710901784576],[76.48507587059922,17.67097587597988],[76.48724888000014,17.664989884137118],[76.49026382641794,17.660065187426714],[76.50488152533487,17.660426792611275],[76.5040331536856,17.685221443055493],[76.50717275841708,17.694739882864035]]]}},{"type":"Feature","properties":{"type":"village","name":"Neeralkod","taluk":"Gulbarga","district":"Kalaburagi","village_code":"620771"},"geometry":{"type":"Polygon","coordinates":[[[77.13172865159046,17.66810917788406],[77.13250676510303,17.682448270093676],[77.12834060429242,17.682389600777647],[77.12707759635916,17.68645099070798],[77.12361828031976,17.68702017869565],[77.11919756660203,17.685520173312167],[77.11671847872591,17.68728194432969],[77.11454636135207,17.677975402393425],[77.1116575231288,17.677080690022624],[77.10976321694307,17.67472681732396],[77.1063277709374,17.67401720085596],[77.10415611439927,17.668926796033013],[77.10482143544479,17.66619852830241],[77.1076921546488,17.661812659755267],[77.1106328678848,17.660508327141695],[77.11158715270268,17.65843902765825],[77.1153441425795,17.65555734922733],[77.11809685459617,17.658009265400977],[77.12425167074848,17.657094740160066],[77.1253856491659,17.661263503097878],[77.13275573587899,17.662240683014257],[77.13172865159046,17.66810917788406]]]}},{"type":"Feature","properties":{"type":"village","name":"Jamga Ruderwadi","taluk":"Afzalpur","district":"Kalaburagi","village_code":"619965"},"geometry":{"type":"Polygon","coordinates":[[[76.65739147376367,17.684069917190474],[76.65332198605064,17.685269926706656],[76.64839914014026,17.683165277102383],[76.63941873614381,17.68356125973976],[76.63533734934659,17.682727954091753],[76.63393772382825,17.683383115718005],[76.6285294166602,17.666037605953743],[76.62804390330028,17.65904641792471],[76.62496687700813,17.647465355166062],[76.62755374475202,17.647343371931377],[76.6280461661565,17.648579006393856],[76.64304913992234,17.64930793681548],[76.64947393125857,17.64928252636949],[76.65174961719816,17.648286123149564],[76.65430116408339,17.663216718333913],[76.65666909801949,17.663234465066413],[76.65739147376367,17.684069917190474]]]}},{"type":"Feature","properties":{"type":"village","name":"Tadola","taluk":"Afzalpur","district":"Kalaburagi","village_code":"619953"},"geometry":{"type":"Polygon","coordinates":[[[76.52409558825195,17.715406440936256],[76.50856482101902,17.718039546365922],[76.50365405205928,17.695250419694613],[76.50717275841708,17.694739882864035],[76.5040331536856,17.685221443055493],[76.50488152533487,17.660426792611275],[76.52332022088922,17.661182819749],[76.53417812179573,17.687713765986516],[76.53882496213173,17.68792827240725],[76.53946340917722,17.70811345911468],[76.5237428216365,17.714050995650087],[76.52409558825195,17.715406440936256]]]}},{"type":"Feature","properties":{"type":"village","name":"Hodlur","taluk":"Afzalpur","district":"Kalaburagi","village_code":"619961"},"geometry":{"type":"Polygon","coordinates":[[[76.6642375570018,17.687743790875633],[76.65937421639414,17.70959691136555],[76.6528498710632,17.72213257993496],[76.63341046575707,17.728185605737085],[76.61922026520242,17.725943942653437],[76.61554793615127,17.72782306823942],[76.61524999371761,17.703782326054103],[76.62062330611543,17.7011804417985],[76.62766739061863,17.69473608218764],[76.63190196801958,17.688989540345418],[76.63393772382825,17.683383115718005],[76.63533734934659,17.682727954091753],[76.63941873614381,17.68356125973976],[76.64839914014026,17.683165277102383],[76.65332198605064,17.685269926706656],[76.65871809140219,17.684042531179436],[76.6642375570018,17.687743790875633]]]}},{"type":"Feature","properties":{"type":"village","name":"Annur","taluk":"Afzalpur","district":"Kalaburagi","village_code":"619960"},"geometry":{"type":"Polygon","coordinates":[[[76.63341046575707,17.728185605737085],[76.62981034688171,17.741000653426855],[76.62828561029883,17.750901862364316],[76.62038160899836,17.748143665829733],[76.60860485103208,17.746021858749593],[76.60275406519612,17.74632610542673],[76.59984718970027,17.732707329092282],[76.60047513184679,17.72565309791343],[76.6085805713666,17.727976140192112],[76.61554793615127,17.72782306823942],[76.61922026520242,17.725943942653437],[76.63341046575707,17.728185605737085]]]}},{"type":"Feature","properties":{"type":"village","name":"Sitnoor","taluk":"Afzalpur","district":"Kalaburagi","village_code":"620270"},"geometry":{"type":"Polygon","coordinates":[[[76.5698548103226,17.715197805054935],[76.56772200681884,17.73294979173686],[76.5678604003732,17.74247564728291],[76.5670317647107,17.746193609355053],[76.56401640506787,17.7508325236569],[76.5652317025781,17.753431140314845],[76.57248909743538,17.75907643184514],[76.5727922500977,17.760525753721605],[76.56132176464273,17.764618126069777],[76.5556962511272,17.76378401225673],[76.54668946630578,17.760695993281722],[76.54311580281556,17.761627477835297],[76.53074735691102,17.758259302339457],[76.52702275758841,17.759832006632767],[76.52321740690832,17.75975987388431],[76.52741835407996,17.737842877066065],[76.5237428216365,17.714050995650087],[76.53875635959012,17.70818091116133],[76.54176050376662,17.71477798423046],[76.5698548103226,17.715197805054935]]]}},{"type":"Feature","properties":{"type":"village","name":"Tugaon","taluk":"Afzalpur","district":"Kalaburagi","village_code":"619959"},"geometry":{"type":"Polygon","coordinates":[[[76.62038160899836,17.748143665829733],[76.63059554181368,17.75225191790219],[76.63194320967429,17.754640556007207],[76.6290253298162,17.755532497206605],[76.62248903779027,17.760497166285273],[76.61834926858438,17.767719070155394],[76.61368787374418,17.77085264899628],[76.61109796071146,17.76936298780681],[76.60702303639438,17.759358508111315],[76.60535450199238,17.75864403090256],[76.60275406519612,17.74632610542673],[76.60860485103208,17.746021858749593],[76.62038160899836,17.748143665829733]]]}},{"type":"Feature","properties":{"type":"village","name":"Jawalga (J)","taluk":"Afzalpur","district":"Kalaburagi","village_code":"619958"},"geometry":{"type":"Polygon","coordinates":[[[76.61554793615127,17.72782306823942],[76.6085805713666,17.727976140192112],[76.60047513184679,17.72565309791343],[76.59348857725101,17.722379941983057],[76.58922767022906,17.71354162388229],[76.58860177893635,17.708644353838654],[76.58632489464416,17.70716538386573],[76.58793092876027,17.70474553203394],[76.5913605357166,17.701554381686822],[76.59751643344052,17.699418560641547],[76.60645507565769,17.700793162842007],[76.61524999371761,17.703782326054103],[76.61554793615127,17.72782306823942]]]}}]}
