{"type":"FeatureCollection","features":[{"type":"Feature","properties":{"type":"village","name":"Kumtoor","taluk":"Virajpet","district":"KODAGU","village_code":"618074"},"geometry":{"type":"Polygon","coordinates":[[[76.01080095859798,12.034601761340037],[76.00283140723121,12.03624048462704],[76.00121423490393,12.037545362001627],[75.99909548105124,12.041861917701594],[75.99820172920874,12.036051734184749],[75.99371236174544,12.026612953612913],[75.99033326705752,12.024297967706696],[75.98665392575725,12.023701377111594],[75.97767485306407,12.02437427196125],[75.97419416430743,12.01909569420219],[75.97380251591156,12.015322587992227],[75.97392327014698,12.013321617714142],[75.98278716265105,12.01227573620652],[75.98797548857569,12.010509536419383],[75.99229420038955,12.006313618188871],[75.99368091442227,12.001337291815762],[75.99985496799638,11.995954531342674],[76.00098783070622,11.986593726074204],[76.00272575906561,11.987274615113908],[76.00946569826812,11.984322669648774],[76.0120244182009,11.985468010857012],[76.01519785438428,12.001657161232346],[76.01159887726766,12.010172788947628],[76.01039212273578,12.021392425078625],[76.00892946243398,12.025104645979148],[76.01080095859798,12.034601761340037]]]}},{"type":"Feature","properties":{"type":"village","name":"Kurchi","taluk":"Virajpet","district":"KODAGU","village_code":"618076"},"geometry":{"type":"Polygon","coordinates":[[[76.00098783070622,11.986593726074204],[75.99985496799638,11.995954531342674],[75.99368091442227,12.001337291815762],[75.99229420038955,12.006313618188871],[75.98797548857569,12.010509536419383],[75.98278716265105,12.01227573620652],[75.97392327014698,12.013321617714142],[75.973002235571,12.010520434323379],[75.96995835262126,12.007474451676094],[75.96543369214707,12.00580510301559],[75.94877448820367,12.005642540088958],[75.93978128321444,12.002550643281698],[75.92448274036391,12.001987960150883],[75.9238757990321,11.992330729567165],[75.92076503740776,11.982875949073662],[75.91954457009311,11.975700019205753],[75.92000819779774,11.97072527768391],[75.92203416286812,11.965939376079692],[75.9254297892522,11.962307895840992],[75.92914486014458,11.959819922911517],[75.94016292258144,11.955937685390804],[75.94332628056566,11.953535413354494],[75.94863312212406,11.947120521838116],[75.95070727372457,11.941011578993807],[75.95636280983524,11.94197666569509],[75.97639351680407,11.9337856022421],[75.97851612892093,11.934566091738326],[75.98090764003999,11.948348087973038],[75.98579576516633,11.95328180398288],[75.98684877124069,11.960765930327883],[75.99103578823726,11.967322782577021],[75.99278598578678,11.973030420061965],[75.99556701539619,11.976248964988958],[76.00098783070622,11.986593726074204]]]}},{"type":"Feature","properties":{"type":"village","name":"Manchalli & Forest","taluk":"Virajpet","district":"KODAGU","village_code":"618077"},"geometry":{"type":"Polygon","coordinates":[[[76.01073833164963,11.984426687367865],[76.00844175269319,11.984462941363084],[76.00272575906561,11.987274615113908],[76.00098783070622,11.986593726074204],[75.99556701539619,11.976248964988958],[75.99278598578678,11.973030420061965],[75.99103578823726,11.967322782577021],[75.98684877124069,11.960765930327883],[75.98579576516633,11.95328180398288],[75.98090764003999,11.948348087973038],[75.97851612892093,11.934566091738326],[75.9834655452008,11.93279781769599],[75.99041487720444,11.934788271703715],[75.99390643108447,11.932350846609905],[76.00319106302659,11.931470339847428],[76.00752071632058,11.939260023799259],[76.01325742869189,11.941838788843626],[76.01474945761525,11.941373851752918],[76.01319000563824,11.94823839391919],[76.01451931283275,11.951419737208424],[76.01505826068072,11.95790275330138],[76.01286794343919,11.963455835853896],[76.01410419325511,11.967912166179588],[76.0124606481877,11.974210529328609],[76.01367040309262,11.976524703757367],[76.01366908885734,11.979690677948323],[76.01300137469993,11.98210592242038],[76.01073833164963,11.984426687367865]]]}},{"type":"Feature","properties":{"type":"village","name":" ","taluk":"Virajpet","district":"KODAGU","village_code":" "},"geometry":{"type":"Polygon","coordinates":[[[75.97684135302433,12.027187890897295],[75.97403660968807,12.030994560409308],[75.96379731922889,12.036195248106045],[75.95700144732353,12.037175199702132],[75.95332550704492,12.036454471744234],[75.96147271912378,12.027803271282554],[75.96399343043855,12.023002068688228],[75.97684135302433,12.027187890897295]]]}},{"type":"Feature","properties":{"type":"village","name":"Nemmale East And West","taluk":"Virajpet","district":"KODAGU","village_code":"618075"},"geometry":{"type":"Polygon","coordinates":[[[75.97684135302433,12.027187890897295],[75.96399343043855,12.023002068688228],[75.96147271912378,12.027803271282554],[75.95332550704492,12.036454471744234],[75.94650657987783,12.036076361302076],[75.93826873497335,12.03066177902628],[75.93556584621724,12.030955060158423],[75.93069474865707,12.034671393432362],[75.92289221566122,12.029391669146287],[75.92138691682446,12.02731342820958],[75.92045597113594,12.024881514106287],[75.91930988612343,12.010602063590577],[75.92081029004021,12.006451150213046],[75.92448274036391,12.001987960150883],[75.93978128321444,12.002550643281698],[75.94877448820367,12.005642540088958],[75.96543369214707,12.00580510301559],[75.96995835262126,12.007474451676094],[75.973002235571,12.010520434323379],[75.97419416430743,12.01909569420219],[75.97767485306407,12.02437427196125],[75.97684135302433,12.027187890897295]]]}},{"type":"Feature","properties":{"type":"village","name":"Badaga","taluk":"Virajpet","district":"KODAGU","village_code":"618079"},"geometry":{"type":"Polygon","coordinates":[[[76.04055259037784,12.032246373324098],[76.0358572347283,12.035712884641393],[76.03250998891046,12.03607894956095],[76.02739289399797,12.030528258694158],[76.02121698719945,12.030321935157385],[76.01080095859798,12.034601761340037],[76.00892946243398,12.025104645979148],[76.01039212273578,12.021392425078625],[76.01159887726766,12.010172788947628],[76.0150835401711,12.002483326099753],[76.01430127195036,11.997439265233952],[76.0177018570348,11.997681963725174],[76.02145679426118,11.996099003334875],[76.02860233359422,11.997095731087851],[76.03264465086315,11.993848657161353],[76.04677231519932,11.988248048010611],[76.04984044367855,11.98149919084107],[76.05268538931874,11.979697707078172],[76.0639517487951,11.986587224361093],[76.06593501334673,11.986334231237723],[76.06437763108813,11.992226127916593],[76.0640772560167,11.99906098723004],[76.06493186377064,12.00246862759311],[76.06401846038305,12.009445323173258],[76.06103238132688,12.017482327322874],[76.05945696988051,12.019113959887695],[76.05448263433463,12.021356704977562],[76.04693656136922,12.029881896768998],[76.04055259037784,12.032246373324098]]]}},{"type":"Feature","properties":{"type":"village","name":" ","taluk":"Virajpet","district":"KODAGU","village_code":" "},"geometry":{"type":"Polygon","coordinates":[[[76.05268538931874,11.979697707078172],[76.04984044367855,11.98149919084107],[76.04677231519932,11.988248048010611],[76.03264465086315,11.993848657161353],[76.02860233359422,11.997095731087851],[76.02145679426118,11.996099003334875],[76.0177018570348,11.997681963725174],[76.01518101905754,11.997596691877181],[76.01380165863372,11.996360283955736],[76.0120244182009,11.985468010857012],[76.01073833164963,11.984426687367865],[76.01335882513126,11.981425972902139],[76.02149744123115,11.981609920622525],[76.02358437855311,11.978378587784727],[76.02351419856987,11.975071877037362],[76.02820482728437,11.975167413836337],[76.03130161112288,11.97111137302765],[76.04477026238348,11.971770619924884],[76.04762800811815,11.969965686207377],[76.04857327205394,11.973458404903594],[76.05240063595012,11.976109522074516],[76.05268538931874,11.979697707078172]]]}},{"type":"Feature","properties":{"type":"village","name":"Kutta","taluk":"Virajpet","district":"KODAGU","village_code":"618078"},"geometry":{"type":"Polygon","coordinates":[[[76.07072920613543,11.98557668014156],[76.0639517487951,11.986587224361093],[76.05268538931874,11.979697707078172],[76.05240063595012,11.976109522074516],[76.04857327205394,11.973458404903594],[76.04866905581943,11.971558846044182],[76.04715182016916,11.969918644085286],[76.04477026238348,11.971770619924884],[76.03211126089182,11.97080678278261],[76.02820482728437,11.975167413836337],[76.02351419856987,11.975071877037362],[76.02358437855311,11.978378587784727],[76.02149744123115,11.981609920622525],[76.01335882513126,11.981425972902139],[76.01367040309262,11.976524703757367],[76.0124606481877,11.974210529328609],[76.01410419325511,11.967912166179588],[76.01286794343919,11.963455835853896],[76.01505826068072,11.95790275330138],[76.01451931283275,11.951419737208424],[76.01319000563824,11.94823839391919],[76.01474945761525,11.941373851752918],[76.02051433935725,11.942632671119945],[76.02221677707637,11.94408873141682],[76.02693597940345,11.9430870719142],[76.02811184266932,11.941012867427146],[76.03015940323914,11.940150296854505],[76.03351942489694,11.940250898663045],[76.03765887789582,11.943158572375955],[76.0388701060378,11.945052799098304],[76.04222076186043,11.945957837311273],[76.04457882959979,11.950505571102592],[76.04809924365495,11.952016255620558],[76.05187731609315,11.951511092921166],[76.05815080508432,11.958021398629928],[76.0676474439251,11.963546952861888],[76.07008891395037,11.967154353380769],[76.07727764607891,11.96881457769038],[76.08511878507248,11.967622670826263],[76.09047840534873,11.967833640183686],[76.08524209231993,11.975747642062933],[76.08008283408127,11.980417696743555],[76.07072920613543,11.98557668014156]]]}},{"type":"Feature","properties":{"type":"village","name":"Theralu","taluk":"Virajpet","district":"KODAGU","village_code":"618060"},"geometry":{"type":"Polygon","coordinates":[[[75.92138691682446,12.02731342820958],[75.91859424055738,12.028528973301585],[75.91044838403633,12.028543007048585],[75.90589281612647,12.027919270293186],[75.90218210475814,12.026271096149125],[75.89661041020962,12.026111359736465],[75.89360856212696,12.023804868281346],[75.88633174928648,12.013542762021515],[75.87623863808022,12.011648592132408],[75.85924735572237,12.003695261257297],[75.85481249264062,12.003258432189481],[75.8493834397794,12.004642781776944],[75.84496889030117,12.003527839751058],[75.84033301120826,11.998462103577618],[75.82500202929451,11.996654624377863],[75.82725293700359,11.987765163680729],[75.83002155369242,11.984077738570527],[75.83704061831831,11.981010134422052],[75.83970277206957,11.982750536926332],[75.84070823660413,11.981250197394447],[75.84260859473991,11.981489986863641],[75.84292081409838,11.980807579695075],[75.84392138910285,11.981797481613889],[75.84690506336901,11.982087092709849],[75.84954944305402,11.978119247621523],[75.8478151268204,11.974171280869566],[75.85003220038264,11.973974725646789],[75.85262656366929,11.971060003996442],[75.85420133371855,11.963717814195903],[75.85663383406569,11.961951809790733],[75.85852052702936,11.958930661902944],[75.86658457218088,11.956559635866823],[75.87009146569265,11.951987290775813],[75.87237094162445,11.952681052356445],[75.87977846472867,11.949005189711057],[75.8862403492996,11.951091658771825],[75.89210967276976,11.94885797600631],[75.89683882932847,11.944769694996996],[75.89844055512447,11.94598980059467],[75.90025175636663,11.945319484868484],[75.90569740739936,11.945514515875402],[75.90852889178501,11.94654521356446],[75.91345400055158,11.946212856204331],[75.91794583389034,11.944032854819016],[75.92249578104148,11.944099398222692],[75.92688934497639,11.942751418059265],[75.92926729602623,11.941355690667153],[75.93074712313313,11.939108512333549],[75.93709044086633,11.94007757131924],[75.93740305278855,11.94218459832767],[75.93959663630443,11.941076851405317],[75.94740838781178,11.94185694901807],[75.95070727372457,11.941011578993807],[75.94863312212406,11.947120521838116],[75.94332628056566,11.953535413354494],[75.94016292258144,11.955937685390804],[75.92914486014458,11.959819922911517],[75.9254297892522,11.962307895840992],[75.92203416286812,11.965939376079692],[75.92000819779774,11.97072527768391],[75.91954457009311,11.975700019205753],[75.92076503740776,11.982875949073662],[75.9238757990321,11.992330729567165],[75.92467246006034,12.00135923686238],[75.92081029004021,12.006451150213046],[75.91930988612343,12.010602063590577],[75.92045597113594,12.024881514106287],[75.92138691682446,12.02731342820958]]]}},{"type":"Feature","properties":{"type":"village","name":"Nalkeri","taluk":"Virajpet","district":"KODAGU","village_code":"617996"},"geometry":{"type":"Polygon","coordinates":[[[76.03701970141833,12.045760392776332],[76.0332989091559,12.047187152587693],[76.02305644494885,12.057057150694126],[76.0160906387412,12.060950846581678],[76.01271018490225,12.065539502121846],[76.00767139523477,12.070106987389243],[76.00516385501867,12.068932869849798],[76.0020167978636,12.061220177880996],[75.99825324579365,12.055975585070897],[75.99597088716814,12.047122250236775],[75.99774170105344,12.045475625009512],[76.00121423490393,12.037545362001627],[76.00283140723121,12.03624048462704],[76.00950538404072,12.035192815601059],[76.02121698719945,12.030321935157385],[76.02739289399797,12.030528258694158],[76.03250998891046,12.03607894956095],[76.0358572347283,12.035712884641393],[76.03841000422065,12.034189765234103],[76.03909934172526,12.039998004361564],[76.03701970141833,12.045760392776332]]]}},{"type":"Feature","properties":{"type":"village","name":"Badagarakeri","taluk":"Virajpet","district":"KODAGU","village_code":"618061"},"geometry":{"type":"Polygon","coordinates":[[[75.89706356355806,12.078553976655334],[75.89170701641837,12.082337171744918],[75.88327502941131,12.0753510876167],[75.88153031338166,12.072895088654828],[75.87881690176035,12.0587527686953],[75.87625662594547,12.056335022188414],[75.87674317865618,12.03892411712915],[75.88043571620798,12.030642248962634],[75.88065614211743,12.027441385114969],[75.8789761856366,12.02282894118996],[75.87823868765297,12.016023423227152],[75.87623863808022,12.011648592132408],[75.88633174928648,12.013542762021515],[75.89360856212696,12.023804868281346],[75.89661041020962,12.026111359736465],[75.90218210475814,12.026271096149125],[75.90589281612647,12.027919270293186],[75.91044838403633,12.028543007048585],[75.91859424055738,12.028528973301585],[75.92138691682446,12.02731342820958],[75.92289221566122,12.029391669146287],[75.93069474865707,12.034671393432362],[75.93157504194001,12.045243517343142],[75.92768508882475,12.047538354718434],[75.92262890058683,12.048998018139576],[75.91188378136755,12.0499866353205],[75.90945716139227,12.051520978679875],[75.90233838826141,12.065504350992041],[75.89917149899982,12.068744592173031],[75.89706356355806,12.078553976655334]]]}},{"type":"Feature","properties":{"type":"village","name":"T.  Shettigeri","taluk":"Virajpet","district":"KODAGU","village_code":"618069"},"geometry":{"type":"Polygon","coordinates":[[[75.99597088716814,12.047122250236775],[75.99218465173895,12.048033931093068],[75.98650517372936,12.054813753925398],[75.9748225439335,12.061116318986453],[75.9717236212063,12.065316076177583],[75.97016519690197,12.066104913393438],[75.9682347820351,12.06352149090909],[75.96348295828679,12.060981843949866],[75.95906569769302,12.05987020765327],[75.94588050443045,12.064986960158997],[75.94354057008341,12.063563583147301],[75.94225826903279,12.06133745207227],[75.94364176799513,12.051538381215382],[75.94127014377982,12.049065552975492],[75.93406475059771,12.046887149957486],[75.93157504194001,12.045243517343142],[75.93069474865707,12.034671393432362],[75.93556584621724,12.030955060158423],[75.93826873497335,12.03066177902628],[75.94650657987783,12.036076361302076],[75.96039311034059,12.036900958578594],[75.96817287912889,12.03440664975962],[75.97403660968807,12.030994560409308],[75.97684135302433,12.027187890897295],[75.97767485306407,12.02437427196125],[75.98665392575725,12.023701377111594],[75.99033326705752,12.024297967706696],[75.99371236174544,12.026612953612913],[75.99820172920874,12.036051734184749],[75.99909548105124,12.041861917701594],[75.99774170105344,12.045475625009512],[75.99597088716814,12.047122250236775]]]}},{"type":"Feature","properties":{"type":"village","name":"Nalkeri Forest","taluk":"Virajpet","district":"KODAGU","village_code":"618072"},"geometry":{"type":"Polygon","coordinates":[[[76.1836675991375,12.061739460329866],[76.16910366798359,12.062633637871976],[76.16470980311308,12.064429422052044],[76.16276171299468,12.06657164437575],[76.15420138188635,12.068204565238277],[76.14719538595122,12.068103102859538],[76.13057193944769,12.075978205922963],[76.12364864421426,12.077610207709764],[76.11034116958024,12.076120343937957],[76.09031846570228,12.069671812355429],[76.08484649493008,12.068814160942408],[76.07547739799503,12.069342923057214],[76.06357893986736,12.072685993683873],[76.04977403302622,12.072927236284993],[76.04110883438828,12.075556250376124],[76.04065332386052,12.073954677642961],[76.03563806107034,12.071158207848445],[76.03617760090808,12.069322370647075],[76.04034467620363,12.066834907731094],[76.04385171973408,12.053494260358285],[76.0426406083731,12.04901603404905],[76.03882739024773,12.047770408567706],[76.03701970141833,12.045760392776332],[76.03909934172526,12.039998004361564],[76.03841000422065,12.034189765234103],[76.04055259037784,12.032246373324098],[76.04693656136922,12.029881896768998],[76.05448263433463,12.021356704977562],[76.05945696988051,12.019113959887695],[76.06103238132688,12.017482327322874],[76.06455781157455,12.007038212167013],[76.06437763108813,11.992226127916593],[76.06593501334673,11.986334231237723],[76.07072920613543,11.98557668014156],[76.08008283408127,11.980417696743555],[76.08524209231993,11.975747642062933],[76.09047840534873,11.967833640183686],[76.09464434337717,11.968952857341883],[76.10460567801942,11.975688547819276],[76.11405804608634,11.979481408568114],[76.11689051682217,11.98281270609658],[76.12446559998139,11.983188089020866],[76.12824857362779,11.98580514419515],[76.12918976011052,11.988598435156133],[76.1366000311612,11.99670701309765],[76.13912093561376,12.003956116267274],[76.14756942197765,12.009881253891445],[76.14895655193035,12.016163790031879],[76.15202859167435,12.01943594587762],[76.16584567338249,12.026408646091857],[76.16833894475863,12.026272711893052],[76.18277651708804,12.032408305175718],[76.1876418375826,12.043914912816707],[76.18925506810243,12.050111305421995],[76.18644109008504,12.054527800994645],[76.1836675991375,12.061739460329866]]]}},{"type":"Feature","properties":{"type":"village","name":"Bellur","taluk":"Virajpet","district":"KODAGU","village_code":"618068"},"geometry":{"type":"Polygon","coordinates":[[[75.9949546805794,12.079045565621614],[75.99369732394756,12.08351349769888],[75.99162898534523,12.08567631179139],[75.98973399464327,12.086178396891013],[75.98083675577755,12.086052095682177],[75.96977083379728,12.08290315102915],[75.96501439091179,12.084804772187711],[75.96131379906518,12.084885417014524],[75.95931000800927,12.08159023368595],[75.9494198792263,12.072551074686876],[75.94700859439122,12.069275149994242],[75.94588050443045,12.064986960158997],[75.95906569769302,12.05987020765327],[75.96348295828679,12.060981843949866],[75.9682347820351,12.06352149090909],[75.97245530709006,12.069253618097633],[75.9752268468968,12.070935421710109],[75.98739030084678,12.07078363640266],[75.99077334812195,12.066498910784027],[75.99260187786592,12.06611836011607],[75.99498183395548,12.068343943737823],[75.99470848200443,12.071297142071893],[75.99282287330729,12.073650049202893],[75.9932437097634,12.07643768403666],[75.9949546805794,12.079045565621614]]]}},{"type":"Feature","properties":{"type":"village","name":"Hudikeri","taluk":"Virajpet","district":"KODAGU","village_code":"618063"},"geometry":{"type":"Polygon","coordinates":[[[75.94377640210001,12.103698274090803],[75.9380045988388,12.103842984981156],[75.93256158436142,12.105600818061657],[75.92111755698649,12.102498857282463],[75.91703792370069,12.100531730317718],[75.9140522947005,12.097608683871664],[75.9078639372521,12.086389280292648],[75.9058666751517,12.085036671676397],[75.9173992449726,12.08188085375945],[75.92674452217953,12.081684580163724],[75.93299983465928,12.083188832997038],[75.93519489590382,12.082079149326026],[75.93962942840557,12.077270105307942],[75.94118282214433,12.069171663173313],[75.94131238975102,12.06260597013524],[75.94225826903279,12.06133745207227],[75.94354057008341,12.063563583147301],[75.94588050443045,12.064986960158997],[75.94700859439122,12.069275149994242],[75.9494198792263,12.072551074686876],[75.95931000800927,12.08159023368595],[75.96131379906518,12.084885417014524],[75.96095933643045,12.086294236264923],[75.94542171684853,12.101030468225394],[75.94377640210001,12.103698274090803]]]}},{"type":"Feature","properties":{"type":"village","name":"Hysodlur","taluk":"Virajpet","district":"KODAGU","village_code":"618062"},"geometry":{"type":"Polygon","coordinates":[[[75.94225826903279,12.06133745207227],[75.94131238975102,12.06260597013524],[75.94118282214433,12.069171663173313],[75.93962942840557,12.077270105307942],[75.93519489590382,12.082079149326026],[75.93299983465928,12.083188832997038],[75.92674452217953,12.081684580163724],[75.9173992449726,12.08188085375945],[75.9058666751517,12.085036671676397],[75.89837752303593,12.080750723813816],[75.89706356355806,12.078553976655334],[75.89917149899982,12.068744592173031],[75.90233838826141,12.065504350992041],[75.90945716139227,12.051520978679875],[75.91188378136755,12.0499866353205],[75.92262890058683,12.048998018139576],[75.92768508882475,12.047538354718434],[75.93157504194001,12.045243517343142],[75.93406475059771,12.046887149957486],[75.94127014377982,12.049065552975492],[75.94364176799513,12.051538381215382],[75.94225826903279,12.06133745207227]]]}},{"type":"Feature","properties":{"type":"village","name":"Parakatageri","taluk":"Virajpet","district":"KODAGU","village_code":"618059"},"geometry":{"type":"Polygon","coordinates":[[[75.85341228860726,12.069985491660654],[75.84478683592904,12.071277374269213],[75.82671623584217,12.071923399325595],[75.80272402943727,12.077933978786437],[75.803927954276,12.075499290700993],[75.80238427222379,12.07378553599947],[75.79845769928598,12.062956299079232],[75.79840677199586,12.056412116778771],[75.79403682297318,12.055842070295547],[75.79779844097031,12.051536399281993],[75.79990416565813,12.0473047570906],[75.80107932644147,12.03703515399641],[75.81083400275433,12.028751063653536],[75.8100313840991,12.022872548380448],[75.81186511059698,12.021568824583401],[75.81459876485494,12.021272692651777],[75.82284254403018,12.012895006179894],[75.82254883355984,12.008307344163],[75.82035940565046,12.002683159106907],[75.82490901234009,12.002750631764606],[75.82500202929451,11.996654624377863],[75.84033301120826,11.998462103577618],[75.84496889030117,12.003527839751058],[75.8493834397794,12.004642781776944],[75.85481249264062,12.003258432189481],[75.85924735572237,12.003695261257297],[75.87359650957332,12.009907206655464],[75.87623863808022,12.011648592132408],[75.87823868765297,12.016023423227152],[75.8789761856366,12.02282894118996],[75.88065614211743,12.027441385114969],[75.88043571620798,12.030642248962634],[75.87674317865618,12.03892411712915],[75.87625662594547,12.056335022188414],[75.8656142712998,12.066452458292947],[75.85341228860726,12.069985491660654]]]}},{"type":"Feature","properties":{"type":"village","name":"Kothur","taluk":"Virajpet","district":"KODAGU","village_code":"618071"},"geometry":{"type":"Polygon","coordinates":[[[76.04110883438828,12.075556250376124],[76.03447503832312,12.077706294004724],[76.02736334391669,12.082916053170392],[76.00925956096152,12.100187745732137],[76.00600093843806,12.097452675575715],[76.00506944567559,12.094453440285175],[76.00258240681089,12.093309909306122],[76.00190971419016,12.091106385726382],[76.0030842883736,12.083773063859859],[76.00186300089706,12.080059676274692],[76.00767139523477,12.070106987389243],[76.01271018490225,12.065539502121846],[76.0160906387412,12.060950846581678],[76.02305644494885,12.057057150694126],[76.0332989091559,12.047187152587693],[76.03701970141833,12.045760392776332],[76.03882739024773,12.047770408567706],[76.0426406083731,12.04901603404905],[76.04362440105143,12.051301164063142],[76.04385171973408,12.053494260358285],[76.04096698860828,12.065305090013359],[76.04034467620363,12.066834907731094],[76.03617760090808,12.069322370647075],[76.03563806107034,12.071158207848445],[76.04065332386052,12.073954677642961],[76.04110883438828,12.075556250376124]]]}},{"type":"Feature","properties":{"type":"village","name":"Harihara","taluk":"Virajpet","district":"KODAGU","village_code":"618070"},"geometry":{"type":"Polygon","coordinates":[[[76.00186300089706,12.080059676274692],[75.99654385511423,12.080447149305286],[75.99431400301708,12.078441608994398],[75.99282287330729,12.073650049202893],[75.99470848200443,12.071297142071893],[75.99498183395548,12.068343943737823],[75.99260187786592,12.06611836011607],[75.99077334812195,12.066498910784027],[75.98739030084678,12.07078363640266],[75.98405870098628,12.07112194269953],[75.9752268468968,12.070935421710109],[75.97245530709006,12.069253618097633],[75.97016519690197,12.066104913393438],[75.9717236212063,12.065316076177583],[75.9748225439335,12.061116318986453],[75.98650517372936,12.054813753925398],[75.99218465173895,12.048033931093068],[75.99597088716814,12.047122250236775],[75.99825324579365,12.055975585070897],[76.0020167978636,12.061220177880996],[76.00516385501867,12.068932869849798],[76.00767139523477,12.070106987389243],[76.00186300089706,12.080059676274692]]]}},{"type":"Feature","properties":{"type":"village","name":"Nittur","taluk":"Virajpet","district":"KODAGU","village_code":"618086"},"geometry":{"type":"Polygon","coordinates":[[[76.083196346347,12.156448669260339],[76.0803129141851,12.155595748039152],[76.07553472308658,12.149862402874788],[76.07377229497446,12.15011702790957],[76.07084825626676,12.152911214774567],[76.0687543318485,12.151625553866813],[76.06758345423246,12.149034567290862],[76.0671513520044,12.134081155100564],[76.06663335915705,12.132469409084253],[76.06352401237929,12.13010228000127],[76.05516915741748,12.12893741324978],[76.04785033037118,12.12989414405551],[76.04434685135575,12.12905666632803],[76.04615659642883,12.108799842954411],[76.0456299752632,12.102271650151517],[76.05881446155163,12.10203050164142],[76.06113614842029,12.102357530824568],[76.06428665330942,12.104479883595747],[76.07108340286881,12.118353498291635],[76.07197283740803,12.12845173193768],[76.07497753315015,12.136245200218749],[76.0758881418789,12.145007263637435],[76.083196346347,12.156448669260339]]]}},{"type":"Feature","properties":{"type":"village","name":"Hathugattu Forest I","taluk":"Virajpet","district":"KODAGU","village_code":"618088"},"geometry":{"type":"Polygon","coordinates":[[[76.1709301316024,12.118802867289482],[76.16419754511051,12.126907886885515],[76.16154800370587,12.133696997084725],[76.15649093242405,12.137128102287784],[76.15001000177246,12.143930993840593],[76.14841176682968,12.148731138930982],[76.14401591398742,12.1549778918476],[76.14149436634109,12.16368765515581],[76.14168578295511,12.16568026421454],[76.13243829275672,12.164316728740825],[76.12963910370384,12.163051981664013],[76.12366741720706,12.156401444695868],[76.1139223744273,12.15297390212984],[76.10535960618961,12.147342868078528],[76.1019389500468,12.142548552155088],[76.09544823494512,12.152482676758043],[76.09331239603402,12.154379617602533],[76.08785900871011,12.156133220145817],[76.083196346347,12.156448669260339],[76.0758881418789,12.145007263637435],[76.07497753315015,12.136245200218749],[76.07197283740803,12.12845173193768],[76.07108340286881,12.118353498291635],[76.06428665330942,12.104479883595747],[76.06113614842029,12.102357530824568],[76.05881446155163,12.10203050164142],[76.0456299752632,12.102271650151517],[76.04543472014798,12.096692126363013],[76.04661730011725,12.093346859220127],[76.0494997665902,12.089512471628108],[76.0497907282158,12.086860532188602],[76.04794721906444,12.082331166895605],[76.04110883438828,12.075556250376124],[76.04977403302622,12.072927236284993],[76.06357893986736,12.072685993683873],[76.07547739799503,12.069342923057214],[76.08484649493008,12.068814160942408],[76.09031846570228,12.069671812355429],[76.11034116958024,12.076120343937957],[76.12364864421426,12.077610207709764],[76.13057193944769,12.075978205922963],[76.14719538595122,12.068103102859538],[76.15420138188635,12.068204565238277],[76.16276171299468,12.06657164437575],[76.16470980311308,12.064429422052044],[76.16910366798359,12.062633637871976],[76.1836675991375,12.061739460329866],[76.1786829706951,12.06827870039203],[76.1757728253316,12.076179910678583],[76.17495187565468,12.082372248635703],[76.17645238916593,12.100193772139491],[76.17188802764775,12.10631438427836],[76.1709301316024,12.118802867289482]]]}},{"type":"Feature","properties":{"type":"village","name":"Kanur","taluk":"Virajpet","district":"KODAGU","village_code":"618058"},"geometry":{"type":"Polygon","coordinates":[[[76.0456299752632,12.102271650151517],[76.0387354890009,12.107277724851789],[76.03516806520861,12.112335789933699],[76.03267992231446,12.113436559604457],[76.02699954419292,12.113638509259582],[76.02422207640365,12.112250262917602],[76.01947474063849,12.112228008990082],[76.01421268009705,12.103351807860562],[76.00925956096152,12.100187745732137],[76.02736334391669,12.082916053170392],[76.03447503832312,12.077706294004724],[76.04110883438828,12.075556250376124],[76.04794721906444,12.082331166895605],[76.0497907282158,12.086860532188602],[76.0494997665902,12.089512471628108],[76.04661730011725,12.093346859220127],[76.04543472014798,12.096692126363013],[76.0456299752632,12.102271650151517]]]}},{"type":"Feature","properties":{"type":"village","name":"Kottageri","taluk":"Virajpet","district":"KODAGU","village_code":"618085"},"geometry":{"type":"Polygon","coordinates":[[[76.0328808628671,12.131929358962545],[76.02814048994371,12.13986329713163],[76.02670998214256,12.139719976691834],[76.02490726279333,12.136822485847054],[76.01908110157595,12.137473019364975],[76.01212564216374,12.13635835856881],[76.00997117399028,12.13235902699114],[76.01148962236618,12.120649995973897],[76.01310670396363,12.12069152765581],[76.01947474063849,12.112228008990082],[76.02422207640365,12.112250262917602],[76.02699954419292,12.113638509259582],[76.03031653205703,12.113721362247688],[76.03516806520861,12.112335789933699],[76.0387354890009,12.107277724851789],[76.0456299752632,12.102271650151517],[76.04615659642883,12.108799842954411],[76.04434685135575,12.12905666632803],[76.03980578584785,12.131115671660163],[76.0328808628671,12.131929358962545]]]}},{"type":"Feature","properties":{"type":"village","name":" ","taluk":"Virajpet","district":"KODAGU","village_code":" "},"geometry":{"type":"Polygon","coordinates":[[[75.86938983115012,12.15692901380684],[75.84913148300345,12.166909909305772],[75.84722689739596,12.169245798240421],[75.84239250230337,12.167315925355643],[75.83649079007564,12.16125139335686],[75.83497457940312,12.157443250397282],[75.83573644508716,12.152960999862675],[75.83173442534356,12.148401829724348],[75.8308756449151,12.143594864632984],[75.82927536271177,12.14259185091131],[75.81617679489037,12.139216941036425],[75.81537501436333,12.139810508693813],[75.81667058083576,12.145710085819129],[75.81427404184605,12.151347558167274],[75.81401124509958,12.154857014332675],[75.8121146679728,12.15535686427089],[75.8050001699244,12.152124960245128],[75.80280886902764,12.149931917144075],[75.79600674844119,12.147788578796362],[75.79550737587307,12.14151108188603],[75.79849250630828,12.13871420829866],[75.79951077812387,12.13615265408216],[75.7992853459033,12.133246109224121],[75.8062637967969,12.132648705675948],[75.81597399302846,12.128799100936408],[75.82420089735108,12.130458511101384],[75.83010024790795,12.13445593730569],[75.83724250928856,12.134663898431585],[75.840318507908,12.130372679870156],[75.84236213206023,12.129136397576868],[75.84704113388004,12.12156002814901],[75.85343850593881,12.117303406653972],[75.85992614161569,12.135198610327874],[75.86125477776866,12.136902948099888],[75.8630330647388,12.138250079046665],[75.87225805393597,12.14012070340926],[75.87546287635706,12.142002443430107],[75.87474273023146,12.145128458268712],[75.8716599089074,12.147569336010502],[75.87110364603231,12.15518905282459],[75.86938983115012,12.15692901380684]]]}},{"type":"Feature","properties":{"type":"village","name":"Badaga","taluk":"Virajpet","district":"KODAGU","village_code":"618079"},"geometry":{"type":"Polygon","coordinates":[[[75.85343850593881,12.117303406653972],[75.84704113388004,12.12156002814901],[75.84236213206023,12.129136397576868],[75.840318507908,12.130372679870156],[75.83724250928856,12.134663898431585],[75.83010024790795,12.13445593730569],[75.82420089735108,12.130458511101384],[75.81597399302846,12.128799100936408],[75.8062637967969,12.132648705675948],[75.7992853459033,12.133246109224121],[75.79061947712216,12.121268610704039],[75.79252797489272,12.114167881899036],[75.7895535712403,12.100630887894466],[75.78980531601387,12.09440731676525],[75.78752000103275,12.089157946201404],[75.78688334343131,12.0845267982222],[75.7907823210219,12.082572270801869],[75.7940630043721,12.0829141303227],[75.80272633810753,12.07950439282958],[75.80272402943727,12.077933978786437],[75.82671623584217,12.071923399325595],[75.84478683592904,12.071277374269213],[75.85341228860726,12.069985491660654],[75.85232157125728,12.079206950077536],[75.85490356743739,12.101860523989423],[75.85285101942112,12.109697845580634],[75.85343850593881,12.117303406653972]]]}},{"type":"Feature","properties":{"type":"village","name":"Devanur","taluk":"Virajpet","district":"KODAGU","village_code":"618087"},"geometry":{"type":"Polygon","coordinates":[[[76.083196346347,12.156448669260339],[76.08379465486894,12.158743791780168],[76.08663489782863,12.161457436733482],[76.0875882241441,12.164599245623588],[76.08588744112173,12.16802615536063],[76.08339897034246,12.169657760038639],[76.07945918678011,12.169779520367394],[76.06813902809971,12.163371614853332],[76.06430310775049,12.163003565744509],[76.05938798824984,12.166674341892017],[76.04961960903566,12.178305224932881],[76.0442821672654,12.1709482740771],[76.04312430713617,12.160319430417692],[76.04542885235254,12.150466881161268],[76.04373128889215,12.141918773703178],[76.04418812263833,12.1394096936869],[76.04968433804174,12.132934302821687],[76.05006885561093,12.129588773136275],[76.05516915741748,12.12893741324978],[76.06159606159123,12.129489844125127],[76.06576281618827,12.131694055678054],[76.0671513520044,12.134081155100564],[76.06758345423246,12.149034567290862],[76.0687543318485,12.151625553866813],[76.07084825626676,12.152911214774567],[76.07377229497446,12.15011702790957],[76.07553472308658,12.149862402874788],[76.0803129141851,12.155595748039152],[76.083196346347,12.156448669260339]]]}},{"type":"Feature","properties":{"type":"village","name":"Balyamandur","taluk":"Virajpet","district":"KODAGU","village_code":"618067"},"geometry":{"type":"Polygon","coordinates":[[[75.98682984104272,12.11071147899199],[75.98442249981171,12.10941007517127],[75.98269543298244,12.110595454333403],[75.97959924832023,12.115752452189287],[75.97692697864059,12.112777721825216],[75.9758405633225,12.107009712606892],[75.9722701517336,12.10259080463985],[75.97159015131803,12.10010400667521],[75.97190185504351,12.089378733765498],[75.96977083379728,12.08290315102915],[75.98083675577755,12.086052095682177],[75.98973399464327,12.086178396891013],[75.99162898534523,12.08567631179139],[75.99369732394756,12.08351349769888],[75.9949546805794,12.079045565621614],[75.99654385511423,12.080447149305286],[76.00186300089706,12.080059676274692],[76.0030842883736,12.083773063859859],[76.00190971419016,12.091106385726382],[76.00258240681089,12.093309909306122],[76.00506944567559,12.094453440285175],[76.00600093843806,12.097452675575715],[76.00925952862221,12.100187722894852],[75.99629035503264,12.108755581332838],[75.99153517158516,12.110596609327892],[75.98682984104272,12.11071147899199]]]}},{"type":"Feature","properties":{"type":"village","name":"B.Shettigeri","taluk":"Virajpet","district":"KODAGU","village_code":"618052"},"geometry":{"type":"Polygon","coordinates":[[[75.90100007725279,12.123486181231671],[75.90013251040256,12.127379104187263],[75.89728804625933,12.132387682567728],[75.89004301132204,12.137763566332472],[75.87546287635706,12.142002443430107],[75.87225805393597,12.14012070340926],[75.8630330647388,12.138250079046665],[75.86673571103248,12.13289663822202],[75.86797507890076,12.122875619345562],[75.86787352256123,12.1199729312443],[75.86621322930367,12.116778464242747],[75.86652998784926,12.114566570695054],[75.8679983398767,12.113683552648276],[75.87513801770254,12.116048903075633],[75.87963336525068,12.114574348127567],[75.88908062819186,12.119473274009836],[75.89112467275565,12.122431722767926],[75.89348150171824,12.123301443675809],[75.90100007725279,12.123486181231671]]]}},{"type":"Feature","properties":{"type":"village","name":"Halligattu","taluk":"Virajpet","district":"KODAGU","village_code":"618054"},"geometry":{"type":"Polygon","coordinates":[[[75.93715038275029,12.137797733997786],[75.9369958365888,12.152694142689032],[75.93848201119145,12.161899308225923],[75.93667946881035,12.166691982803828],[75.92779038395246,12.161842284432412],[75.92004945831707,12.161683503627675],[75.91614518695448,12.160091229313919],[75.91502545402084,12.157652807639163],[75.9136971026338,12.147403061774902],[75.9108405013528,12.14220025523911],[75.91217636085896,12.133585026751033],[75.91415406663566,12.13030979309965],[75.91632511501432,12.122597906314017],[75.92187084735284,12.12590261379193],[75.93715038275029,12.137797733997786]]]}},{"type":"Feature","properties":{"type":"village","name":"Bilur","taluk":"Virajpet","district":"KODAGU","village_code":"618082"},"geometry":{"type":"Polygon","coordinates":[[[76.03029766474114,12.13735485028135],[76.03064810112673,12.142985377204871],[76.0329057201493,12.149738603919616],[76.03143195577229,12.154368925778925],[76.02245348405204,12.15569163413878],[76.01036373866776,12.159256726937468],[76.00221150231155,12.166923448423645],[76.00217918182592,12.168748151301765],[76.00221146368398,12.16692348881795],[75.99909438959816,12.16470197975938],[75.9984983079998,12.16528692516549],[75.99909455398982,12.146110917689114],[76.00130110738179,12.140474389195125],[76.00873560689398,12.136764907782453],[76.01107915965495,12.135072709947844],[76.01067523398409,12.134276973906385],[76.01212564216374,12.13635835856881],[76.01908110157595,12.137473019364975],[76.02490726279333,12.136822485847054],[76.02670998214256,12.139719976691834],[76.02880400627383,12.13988397058036],[76.03029766474114,12.13735485028135]]]}},{"type":"Feature","properties":{"type":"village","name":"Heggala","taluk":"Virajpet","district":"KODAGU","village_code":"618004"},"geometry":{"type":"Polygon","coordinates":[[[75.77373532874341,12.165027107263887],[75.75760787265098,12.177585891031997],[75.75341340772238,12.1752707856515],[75.74912790482797,12.167279132341834],[75.7460281673288,12.164538147816673],[75.74428456071854,12.158716810186784],[75.74074928224037,12.157336394845311],[75.73746675375055,12.151623543695377],[75.73488753066977,12.151817954162476],[75.73047867830704,12.149826295071692],[75.73029487042346,12.124643530036305],[75.72653409774105,12.11708338959846],[75.72269703563308,12.114117627571737],[75.71221567615427,12.113720758847027],[75.70325813338353,12.108253216288364],[75.70212738620616,12.092370426206369],[75.70330302129996,12.091692034581213],[75.70666549535846,12.092368873225764],[75.71082626807403,12.09049611522927],[75.71305858424998,12.090558570425882],[75.71502795276253,12.087660524846147],[75.71792543906705,12.08565705979546],[75.71768070923757,12.082366615356918],[75.71544364726194,12.08173468159527],[75.7162878803727,12.079447252160254],[75.71495468976121,12.07627022089471],[75.71472284356953,12.07052089872849],[75.72000938679577,12.070934682052664],[75.72483746224034,12.073260506382729],[75.72773530876927,12.0726264902929],[75.73610191818658,12.079027601800442],[75.74032290497563,12.07907084409794],[75.74357532463206,12.080244485013175],[75.74711554833583,12.078263005112412],[75.75037349712284,12.084256668163418],[75.75223861524833,12.085228122120968],[75.76255674904336,12.084274527981393],[75.76760548755264,12.085503626160879],[75.77543067785663,12.083444768117687],[75.78131194892005,12.08353652789774],[75.78429312317479,12.084982134907873],[75.78688334343131,12.0845267982222],[75.78752000103275,12.089157946201404],[75.78980531601387,12.09440731676525],[75.7895535712403,12.100630887894466],[75.79252797489272,12.114167881899036],[75.79061947712216,12.121268610704039],[75.79720662457292,12.129421374920666],[75.7992853459033,12.133246109224121],[75.79951077812387,12.13615265408216],[75.79849250630828,12.13871420829866],[75.79550737587307,12.14151108188603],[75.79074524305857,12.140352993966873],[75.7864379497303,12.141768777261996],[75.78544470677517,12.143498045024057],[75.7851993957357,12.147439812750173],[75.77628224122009,12.157604964180138],[75.77373532874341,12.165027107263887]]]}},{"type":"Feature","properties":{"type":"village","name":"Palangala","taluk":"Virajpet","district":"KODAGU","village_code":"618002"},"geometry":{"type":"Polygon","coordinates":[[[75.69906298304039,12.173652483764956],[75.69397386705573,12.177143849810541],[75.68864295334268,12.176943037170053],[75.68901819670484,12.17168171190195],[75.68808008874858,12.168834415369782],[75.68379227718387,12.164713409686934],[75.67640384238113,12.162505048284931],[75.67102828329678,12.162153744351532],[75.66834796201724,12.153765296775811],[75.66623419381438,12.151795039628954],[75.66648143892662,12.147668269724214],[75.66209798103868,12.14438765190776],[75.66216198600269,12.142728815906057],[75.665129243557,12.14009761837139],[75.66864157457121,12.130148455319999],[75.67121321317613,12.125944327336658],[75.67262173111743,12.118106390999138],[75.67177156732916,12.116601434421396],[75.67592288078475,12.111004749804403],[75.67624366018958,12.107800014936215],[75.67446556635721,12.106033131003304],[75.67505244741044,12.101440703258023],[75.67323596587104,12.097102137922148],[75.67676169166447,12.097433880299446],[75.67915117977749,12.101383992397595],[75.68314372498978,12.103340889133614],[75.68717228186517,12.110323824089532],[75.69553718178847,12.110560907260918],[75.6969332095541,12.109276799603059],[75.70325813338353,12.108253216288364],[75.71221567615427,12.113720758847027],[75.72269703563308,12.114117627571737],[75.72653409774105,12.11708338959846],[75.72963882987318,12.122246253749127],[75.73041690116496,12.127569249042713],[75.73047867830704,12.149826295071692],[75.72658588561717,12.147591774922974],[75.72220309427915,12.148161575654381],[75.72301149898311,12.145789616243981],[75.72555793804764,12.145537934334621],[75.72731651957373,12.139170756750312],[75.72702465514128,12.132245200349914],[75.72381847806072,12.13192338069735],[75.72008202816289,12.135383089341026],[75.72080307170549,12.146254804644474],[75.71948712605253,12.14571813897829],[75.71671508498586,12.141747177437288],[75.71666655529927,12.140344244213173],[75.71414420455908,12.143162104086278],[75.71161380671057,12.143267129860062],[75.71093383773602,12.14148358829895],[75.70996843536817,12.141499857343609],[75.70883988996158,12.143816904288649],[75.70866454330967,12.152446795003991],[75.70645590313136,12.156992090122742],[75.70600827532022,12.162539738786602],[75.70224705797168,12.165275229185413],[75.69906298304039,12.173652483764956]]]}},{"type":"Feature","properties":{"type":"village","name":"Nalloor","taluk":"Virajpet","district":"KODAGU","village_code":"618083"},"geometry":{"type":"Polygon","coordinates":[[[75.9984983079998,12.16528692516549],[75.99160133430247,12.16521731743568],[75.9840390242883,12.162136049571215],[75.9767402287745,12.157550085708431],[75.98142463755399,12.15388699325068],[75.98165821120594,12.152320146661632],[75.97982484223755,12.149584631029342],[75.97992860573771,12.147088649632193],[75.98259129937641,12.140684910914452],[75.98301442294321,12.135822568764995],[75.98562058290615,12.132440614752838],[75.99430997137806,12.13552223783591],[76.00130110738179,12.140474389195125],[75.99909455398982,12.146110917689114],[75.9984983079998,12.16528692516549]]]}},{"type":"Feature","properties":{"type":"village","name":"Bekke Sodlur","taluk":"Virajpet","district":"KODAGU","village_code":"618057"},"geometry":{"type":"Polygon","coordinates":[[[76.01947474063849,12.112228008990082],[76.01310670396363,12.12069152765581],[76.01148962236618,12.120649995973897],[76.00730316322338,12.11762898374856],[76.00149756893445,12.11929917860037],[75.99643084525488,12.114743753813581],[75.9908053245528,12.114154376988205],[75.98832988922663,12.11303620032266],[75.98682984104272,12.11071147899199],[75.99153517158516,12.110596609327892],[75.99629035503264,12.108755581332838],[76.00925952862221,12.100187722894852],[76.01421268009705,12.103351807860562],[76.01947474063849,12.112228008990082]]]}},{"type":"Feature","properties":{"type":"village","name":"Nangala","taluk":"Virajpet","district":"KODAGU","village_code":"618014"},"geometry":{"type":"Polygon","coordinates":[[[75.83926779613088,12.164849405238487],[75.83715153510306,12.167441247596528],[75.82674894439998,12.17130352408355],[75.812430485084,12.16462196586205],[75.80777129470948,12.164177019236652],[75.79688217285522,12.160278639933733],[75.79298220801614,12.156523408685207],[75.79240250001047,12.150829536210544],[75.79600674844119,12.147788578796362],[75.80280886902764,12.149931917144075],[75.8050001699244,12.152124960245128],[75.81114808881195,12.15517431264272],[75.81330894310874,12.155268401268852],[75.81667058083576,12.145710085819129],[75.81537501436333,12.139810508693813],[75.81617679489037,12.139216941036425],[75.82204271105067,12.141208525808219],[75.82567480276361,12.141376229265695],[75.8308756449151,12.143594864632984],[75.83173442534356,12.148401829724348],[75.83573644508716,12.152960999862675],[75.83521023355327,12.158992733623299],[75.83926779613088,12.164849405238487]]]}},{"type":"Feature","properties":{"type":"village","name":"Kunda","taluk":"Virajpet","district":"KODAGU","village_code":"618051"},"geometry":{"type":"Polygon","coordinates":[[[75.8952837242991,12.17148072389756],[75.88571681564359,12.176821406572218],[75.87353163683676,12.162108304328953],[75.87110364603231,12.15518905282459],[75.87087331619686,12.150816883245431],[75.8716599089074,12.147569336010502],[75.87474273023146,12.145128458268712],[75.87546287635706,12.142002443430107],[75.89004301132204,12.137763566332472],[75.89728804625933,12.132387682567728],[75.90013251040256,12.127379104187263],[75.90100007725279,12.123486181231671],[75.90574215428026,12.124269768647736],[75.90517684267535,12.130670150850756],[75.90658401943195,12.144592872287742],[75.90454945029775,12.149779311713225],[75.89718910222071,12.156911152704684],[75.89552576097935,12.160133785805407],[75.89372111474385,12.166005723337443],[75.89370521905488,12.168658634607263],[75.8952837242991,12.17148072389756]]]}},{"type":"Feature","properties":{"type":"village","name":"Besagur","taluk":"Virajpet","district":"KODAGU","village_code":"618084"},"geometry":{"type":"Polygon","coordinates":[[[75.9767402287745,12.157550085708431],[75.97124185921102,12.160079496222535],[75.96189214791981,12.16132771825904],[75.9580665321452,12.164011841649629],[75.95208047440049,12.161744690784296],[75.94805457923329,12.162155244236592],[75.94880544055512,12.154170460866172],[75.95407117430777,12.152098146592065],[75.9563155773159,12.150403077912022],[75.95839096409996,12.146975574879667],[75.96007613440271,12.134343856632068],[75.95937437140104,12.127228807098373],[75.96423426068141,12.12667187391825],[75.97446403977833,12.128502462218652],[75.9793865524138,12.127406925945044],[75.98278027077619,12.12497269207646],[75.98506078156716,12.126332324029754],[75.98562058290615,12.132440614752838],[75.98301442294321,12.135822568764995],[75.98259129937641,12.140684910914452],[75.97992860573771,12.147088649632193],[75.97982484223755,12.149584631029342],[75.98165821120594,12.152320146661632],[75.98142463755399,12.15388699325068],[75.9767402287745,12.157550085708431]]]}},{"type":"Feature","properties":{"type":"village","name":"Matoor","taluk":"Virajpet","district":"KODAGU","village_code":"618056"},"geometry":{"type":"Polygon","coordinates":[[[75.98278027077619,12.12497269207646],[75.9793865524138,12.127406925945044],[75.97446403977833,12.128502462218652],[75.96423426068141,12.12667187391825],[75.95937437140104,12.127228807098373],[75.95758464169083,12.125173110950195],[75.96378210356461,12.118515258640802],[75.97610903113338,12.110718835820368],[75.97959924832023,12.115752452189287],[75.979712139602,12.120506123298934],[75.98278027077619,12.12497269207646]]]}},{"type":"Feature","properties":{"type":"village","name":"Kuttandi","taluk":"Virajpet","district":"KODAGU","village_code":"618053"},"geometry":{"type":"Polygon","coordinates":[[[75.90100007725279,12.123486181231671],[75.89348150171824,12.123301443675809],[75.89112467275565,12.122431722767926],[75.88908062819186,12.119473274009836],[75.87963336525068,12.114574348127567],[75.87513801770254,12.116048903075633],[75.8679983398767,12.113683552648276],[75.86652998784926,12.114566570695054],[75.86621322930367,12.116778464242747],[75.86787352256123,12.1199729312443],[75.86797507890076,12.122875619345562],[75.86673571103248,12.13289663822202],[75.8630330647388,12.138250079046665],[75.86125477776866,12.136902948099888],[75.85597365677349,12.124780491081705],[75.8526666384124,12.113764373207617],[75.85490356743739,12.101860523989423],[75.85232157125728,12.079206950077536],[75.85341228860726,12.069985491660654],[75.8656142712998,12.066452458292947],[75.87625662594547,12.056335022188414],[75.87881690176035,12.0587527686953],[75.88153031338166,12.072895088654828],[75.88327502941131,12.0753510876167],[75.8928771160934,12.083399732809166],[75.89428345292518,12.08670960971498],[75.8935260204271,12.099581204394791],[75.89521343472138,12.106107352293183],[75.89664856255804,12.119042701654534],[75.89764601861185,12.121354064567111],[75.90100007725279,12.123486181231671]]]}},{"type":"Feature","properties":{"type":"village","name":"Begur","taluk":"Virajpet","district":"KODAGU","village_code":"618064"},"geometry":{"type":"Polygon","coordinates":[[[75.93256158436142,12.105600818061657],[75.93149282902351,12.112109933240125],[75.93213417493239,12.115891532758337],[75.9340200863618,12.117857686730453],[75.93126384666094,12.128452819228542],[75.93125159813205,12.133141523014977],[75.92187084735284,12.12590261379193],[75.91415972781857,12.121610642050547],[75.90574215428026,12.124269768647736],[75.9000077523759,12.12311841688451],[75.89764601861185,12.121354064567111],[75.89664856255804,12.119042701654534],[75.89521343472138,12.106107352293183],[75.8935260204271,12.099581204394791],[75.89428345292518,12.08670960971498],[75.89170701641837,12.082337171744918],[75.89706356355806,12.078553976655334],[75.89837752303593,12.080750723813816],[75.9078639372521,12.086389280292648],[75.9140522947005,12.097608683871664],[75.91703792370069,12.100531730317718],[75.92111755698649,12.102498857282463],[75.93256158436142,12.105600818061657]]]}},{"type":"Feature","properties":{"type":"village","name":"Mugatageri","taluk":"Virajpet","district":"KODAGU","village_code":"618065"},"geometry":{"type":"Polygon","coordinates":[[[75.95758464169083,12.125173110950195],[75.95151880905732,12.133207373205567],[75.94495084512943,12.138019002128987],[75.9407768348399,12.139227195232566],[75.93473777379847,12.136140453590786],[75.93125159813205,12.133141523014977],[75.93126384666094,12.128452819228542],[75.9340200863618,12.117857686730453],[75.93213417493239,12.115891532758337],[75.93149282902351,12.112109933240125],[75.93256158436142,12.105600818061657],[75.9380045988388,12.103842984981156],[75.94377640210001,12.103698274090803],[75.94563479364066,12.108748056689553],[75.95191723524204,12.116884472691979],[75.95256096078809,12.120604400438367],[75.95758464169083,12.125173110950195]]]}},{"type":"Feature","properties":{"type":"village","name":"Chikka Mandur","taluk":"Virajpet","district":"KODAGU","village_code":"618066"},"geometry":{"type":"Polygon","coordinates":[[[75.97610903113338,12.110718835820368],[75.96378210356461,12.118515258640802],[75.95758464169083,12.125173110950195],[75.95256096078809,12.120604400438367],[75.95191723524204,12.116884472691979],[75.94563479364066,12.108748056689553],[75.94377640210001,12.103698274090803],[75.94542171684853,12.101030468225394],[75.96095933643045,12.086294236264923],[75.96131379906518,12.084885417014524],[75.96501439091179,12.084804772187711],[75.96977083379728,12.08290315102915],[75.97190185504351,12.089378733765498],[75.97159015131803,12.10010400667521],[75.9722701517336,12.10259080463985],[75.9758405633225,12.107009712606892],[75.97610903113338,12.110718835820368]]]}},{"type":"Feature","properties":{"type":"village","name":" ","taluk":"Virajpet","district":"KODAGU","village_code":" "},"geometry":{"type":"Polygon","coordinates":[[[76.00997117399028,12.13235902699114],[76.01107915965495,12.135072709947844],[76.00873560689398,12.136764907782453],[76.00130110738179,12.140474389195125],[75.99430997137806,12.13552223783591],[75.98562058290615,12.132440614752838],[75.98506078156716,12.126332324029754],[75.98070741634292,12.12294020998015],[75.979712139602,12.120506123298934],[75.97959924832023,12.115752452189287],[75.98269543298244,12.110595454333403],[75.98442249981171,12.10941007517127],[75.98572905627334,12.109755202880352],[75.98832988922663,12.11303620032266],[75.99643084525488,12.114743753813581],[76.00149756893445,12.11929917860037],[76.00730316322338,12.11762898374856],[76.01148962236618,12.120649995973897],[76.00997117399028,12.13235902699114]]]}},{"type":"Feature","properties":{"type":"village","name":" ","taluk":"Virajpet","district":"KODAGU","village_code":" "},"geometry":{"type":"Polygon","coordinates":[[[75.94805457923329,12.162155244236592],[75.94186691797928,12.168921746338315],[75.93667946881035,12.166691982803828],[75.93848201119145,12.161899308225923],[75.9369958365888,12.152694142689032],[75.93715038275029,12.137797733997786],[75.9407768348399,12.139227195232566],[75.94495084512943,12.138019002128987],[75.95151880905732,12.133207373205567],[75.95758464169083,12.125173110950195],[75.96005608310723,12.129654247430974],[75.95839096409996,12.146975574879667],[75.9563155773159,12.150403077912022],[75.95407117430777,12.152098146592065],[75.94880544055512,12.154170460866172],[75.94805457923329,12.162155244236592]]]}},{"type":"Feature","properties":{"type":"village","name":"Balele","taluk":"Virajpet","district":"KODAGU","village_code":"618081"},"geometry":{"type":"Polygon","coordinates":[[[76.04961960903566,12.178305224932881],[76.04867484186819,12.182251162931852],[76.04660022763528,12.185249416794335],[76.0389677843502,12.189469806899755],[76.03469570138783,12.190202730811725],[76.02855878326923,12.186793745993091],[76.02607051640757,12.186425640658294],[76.02090578922547,12.18954490581959],[76.01567999636696,12.189685552039403],[76.01404050988798,12.192581710671924],[76.01225763791665,12.191367164124856],[76.00943945937696,12.186714725704594],[76.00232253857222,12.180000868200635],[76.00164703422467,12.176735661423644],[76.00221150231155,12.166923448423645],[76.0088496821553,12.160337286021994],[76.01540300893393,12.157443188047317],[76.03143195577229,12.154368925778925],[76.0329057201493,12.149738603919616],[76.03064810112673,12.142985377204871],[76.03029766474114,12.13735485028135],[76.03217568716569,12.13254109805054],[76.03980578584785,12.131115671660163],[76.04434685135575,12.12905666632803],[76.05006885561093,12.129588773136275],[76.04968433804174,12.132934302821687],[76.04418812263833,12.1394096936869],[76.04373128889215,12.141918773703178],[76.04542885235254,12.150466881161268],[76.04312430713617,12.160319430417692],[76.0442821672654,12.1709482740771],[76.04961960903566,12.178305224932881]]]}},{"type":"Feature","properties":{"type":"village","name":"Bilugunda","taluk":"Virajpet","district":"KODAGU","village_code":"618033"},"geometry":{"type":"Polygon","coordinates":[[[75.868063126375,12.227195801390947],[75.86326162129991,12.229340735181463],[75.85897533597286,12.228939059812193],[75.84615967638051,12.22001968402074],[75.83605021763273,12.21818300377614],[75.83340205514209,12.215482953312478],[75.83542045639774,12.213042164416951],[75.84006960899727,12.21178874213764],[75.84894100243397,12.206769616778216],[75.85201727503963,12.20355706582229],[75.85417078920224,12.196584110233708],[75.8612011124136,12.198546404128967],[75.87176180660668,12.197833137896446],[75.8714671987194,12.201404010313912],[75.86000210944432,12.211379207569523],[75.85962970835172,12.213343352404712],[75.86253741838249,12.21682184798799],[75.86997187118229,12.219998982571552],[75.86801950687973,12.223398841357096],[75.868063126375,12.227195801390947]]]}},{"type":"Feature","properties":{"type":"village","name":"Bittangala","taluk":"Virajpet","district":"KODAGU","village_code":"618016"},"geometry":{"type":"Polygon","coordinates":[[[75.85072728530845,12.18326263224243],[75.84272393393081,12.187627815016906],[75.83240674606175,12.195905734714538],[75.82088385019816,12.188997365822841],[75.8256594325891,12.186128304917817],[75.82603317217148,12.184133604029329],[75.82418328138837,12.176828729962496],[75.82674894439998,12.17130352408355],[75.83715153510306,12.167441247596528],[75.83926779613088,12.164849405238487],[75.84239250230337,12.167315925355643],[75.84722689739596,12.169245798240421],[75.84666633877717,12.17225319969041],[75.85137257661808,12.180566106266369],[75.85072728530845,12.18326263224243]]]}},{"type":"Feature","properties":{"type":"village","name":"Chelavara","taluk":"Madikeri","district":"KODAGU","village_code":"617848"},"geometry":{"type":"Polygon","coordinates":[[[75.68418100875004,12.227043423014766],[75.68025850338383,12.226697469588538],[75.6798662773712,12.227714547771814],[75.67657001903062,12.226907495360818],[75.67653085877241,12.222991341411475],[75.67383753527747,12.219853487659343],[75.67381815502353,12.21863192126953],[75.66162107443752,12.212277337051878],[75.65665493781525,12.198081502220168],[75.65951734490793,12.194325158380384],[75.6648001762954,12.19222439410946],[75.66993540639685,12.191532027911308],[75.67964227437028,12.182420349931466],[75.68311035976348,12.181040119209781],[75.68465577825914,12.181288127826807],[75.68560907942184,12.18521506029365],[75.68956931762324,12.184328840693494],[75.68972278221311,12.189175019199329],[75.69299465578533,12.189531849911468],[75.69645616910393,12.195370692745081],[75.69312764597325,12.197725699778596],[75.69322365880912,12.19885557936995],[75.69502239143513,12.199344652082619],[75.6968971709415,12.203589848298027],[75.6996717174095,12.20387142867453],[75.69401430022664,12.211606910644628],[75.69850043106001,12.213412010697919],[75.6971472205941,12.21763323234361],[75.69347429685823,12.220986434362267],[75.69177103089241,12.220271342714492],[75.69165557492053,12.218124555727432],[75.68824940141668,12.217748917048228],[75.68701084382882,12.219006631564529],[75.68946052894738,12.220281332147902],[75.68727923797785,12.220771584772214],[75.68743250314174,12.221411822251815],[75.68986258702076,12.221015653682313],[75.68927022714263,12.22389708719117],[75.68999775203,12.225158602946113],[75.68764451093867,12.226741149688268],[75.68697450158568,12.225837416235137],[75.68488866829318,12.225706174417683],[75.68418100875004,12.227043423014766]]]}},{"type":"Feature","properties":{"type":"village","name":"Virajpet (TP)","taluk":"Virajpet","district":"KODAGU","village_code":"803190"},"geometry":{"type":"Polygon","coordinates":[[[75.80065625587525,12.20457635509521],[75.79852791699847,12.207764851363782],[75.79039799030234,12.202630436126675],[75.79075818598518,12.19939487362686],[75.79414634916589,12.199043931092904],[75.79482610434135,12.192031183658631],[75.7931701768961,12.190723962571035],[75.79416827075374,12.188994923926654],[75.79723576502245,12.190533575742826],[75.79862894063702,12.189311219982176],[75.79388748883696,12.184000749587856],[75.79657419893478,12.181734659714804],[75.79762730831543,12.183994905961304],[75.79868103843192,12.184180455748978],[75.79868060634224,12.18566237759782],[75.80466310136853,12.191369461998008],[75.80959398360748,12.189221963103398],[75.81155193363445,12.185591740835891],[75.81369716802509,12.185518163380022],[75.81516453100743,12.187333862947847],[75.81422263844887,12.191631218331127],[75.81474907366324,12.19366898468724],[75.80921537425795,12.198150448952447],[75.8111722067807,12.199373524335233],[75.81252735491267,12.198521750732588],[75.81331755256242,12.199299948947235],[75.81226345772996,12.200337040780997],[75.81203729517907,12.203293256170738],[75.81418225738021,12.20499797986042],[75.80917606937102,12.206256385364691],[75.80921435107682,12.203700081395334],[75.80834888718265,12.20288480423196],[75.80507405725483,12.204143573614461],[75.80390676481507,12.206032706865786],[75.8017990925797,12.2057727857454],[75.80065625587525,12.20457635509521]]]}},{"type":"Feature","properties":{"type":"village","name":"Kadanur","taluk":"Virajpet","district":"KODAGU","village_code":"618007"},"geometry":{"type":"Polygon","coordinates":[[[75.78472185402558,12.222420425687734],[75.77824287002323,12.225006856394081],[75.76459484226841,12.222203614157259],[75.7614157035796,12.216640377287384],[75.76248872771174,12.204637332176297],[75.76964674194916,12.20444792642387],[75.77593661082128,12.207009752847837],[75.78019057476439,12.205870059411842],[75.7849635879736,12.206226706095713],[75.78293725369564,12.21508508488091],[75.78472185402558,12.222420425687734]]]}},{"type":"Feature","properties":{"type":"village","name":"Hosoor","taluk":"Virajpet","district":"KODAGU","village_code":"618038"},"geometry":{"type":"Polygon","coordinates":[[[75.90482925844076,12.202917881804956],[75.90477620573671,12.206835200246585],[75.90343099566675,12.208833285332606],[75.90430110295262,12.211234215396919],[75.9052895156665,12.211756217927473],[75.9123446512443,12.209736133018332],[75.91760486484957,12.21220057727668],[75.9199752287285,12.214798503171098],[75.9220386526479,12.219300877729568],[75.93300262123331,12.230536875646662],[75.92332961435622,12.22766952898073],[75.91854346777754,12.227193688195518],[75.90571958141379,12.22904933414893],[75.8990404258167,12.227870632403569],[75.89088183477816,12.223686673608274],[75.88145928988035,12.221934637008099],[75.87901216316376,12.219827522815653],[75.87732963031469,12.213113665701021],[75.88979959482951,12.208349916942733],[75.89594186870382,12.208557027394765],[75.90482925844076,12.202917881804956]]]}},{"type":"Feature","properties":{"type":"village","name":"Palangala","taluk":"Virajpet","district":"KODAGU","village_code":"618002"},"geometry":{"type":"Polygon","coordinates":[[[75.74163546038669,12.21631357290655],[75.73674510923507,12.217233792065787],[75.73578110644243,12.219435439670281],[75.7346826941237,12.219196385988571],[75.733087075075,12.21697330511493],[75.73360061407519,12.214473552564844],[75.73471708702269,12.214061734131821],[75.73352140063344,12.212082546798026],[75.73067623760095,12.21055155942263],[75.72804412620775,12.21277199179694],[75.72652925402502,12.216429262577961],[75.72040386488482,12.216969672947386],[75.71511387572113,12.215105024630036],[75.71498019113551,12.214020294302395],[75.72057191092837,12.212115200910253],[75.71984846708736,12.207220407092949],[75.71472547832828,12.208917387904108],[75.71108995774588,12.207052024366549],[75.70902212759002,12.207070859313392],[75.70952976376043,12.200439932298778],[75.70661070082107,12.197100744338025],[75.70300101219301,12.189503976700175],[75.70286691258569,12.187022574805551],[75.698257204112,12.18370194297763],[75.69795224942924,12.178436306708996],[75.69546613582928,12.177225748736069],[75.69208961840792,12.179129679133405],[75.68765540031653,12.178005505711214],[75.68864295334268,12.176943037170053],[75.69397386705573,12.177143849810541],[75.69906298304039,12.173652483764956],[75.71198115388137,12.181382884213463],[75.71893386983872,12.18109846216436],[75.72107978155908,12.17914478766525],[75.72675484434905,12.178711026870328],[75.72822543857146,12.179374154321211],[75.7280457027511,12.185265324027364],[75.72682729617165,12.18701013517888],[75.72822386741802,12.188336094943516],[75.7290908431768,12.195345175059009],[75.73163872313908,12.1967587582702],[75.73530059669864,12.19627728900244],[75.734482189254,12.199134420932166],[75.73628581141007,12.203004708109559],[75.73949599767174,12.205150882810761],[75.74402143608697,12.206060621361328],[75.74260720036887,12.211510639115525],[75.7414946072451,12.21211330006737],[75.74163546038669,12.21631357290655]]]}},{"type":"Feature","properties":{"type":"village","name":"Kedamullur","taluk":"Virajpet","district":"KODAGU","village_code":"618003"},"geometry":{"type":"Polygon","coordinates":[[[75.76459484226841,12.222203614157259],[75.76203555280374,12.221503653865739],[75.75862010060133,12.222390000214892],[75.75194761140196,12.21694601073983],[75.74913137681656,12.21187907221914],[75.7482852338875,12.2062843841253],[75.74660257886757,12.206040529913787],[75.74572368875315,12.207264034215516],[75.74244347701847,12.205177699008127],[75.73949599767174,12.205150882810761],[75.73628581141007,12.203004708109559],[75.73502793734866,12.20067712042862],[75.73446022903855,12.198629725883482],[75.73530059669864,12.19627728900244],[75.73163872313908,12.1967587582702],[75.7290908431768,12.195345175059009],[75.72822386741802,12.188336094943516],[75.72682729617165,12.18701013517888],[75.7280457027511,12.185265324027364],[75.72822543857146,12.179374154321211],[75.72675484434905,12.178711026870328],[75.72107978155908,12.17914478766525],[75.71893386983872,12.18109846216436],[75.71198115388137,12.181382884213463],[75.69906298304039,12.173652483764956],[75.70224705797168,12.165275229185413],[75.70600827532022,12.162539738786602],[75.70645590313136,12.156992090122742],[75.70866454330967,12.152446795003991],[75.70883988996158,12.143816904288649],[75.70996843536817,12.141499857343609],[75.71093383773602,12.14148358829895],[75.71161380671057,12.143267129860062],[75.71414420455908,12.143162104086278],[75.71666655529927,12.140344244213173],[75.71671508498586,12.141747177437288],[75.71948712605253,12.14571813897829],[75.72080307170549,12.146254804644474],[75.72008202816289,12.135383089341026],[75.72381847806072,12.13192338069735],[75.72702465514128,12.132245200349914],[75.72731651957373,12.139170756750312],[75.72555793804764,12.145537934334621],[75.72301149898311,12.145789616243981],[75.72220309427915,12.148161575654381],[75.72658588561717,12.147591774922974],[75.73263939516161,12.150959747200226],[75.73784725315546,12.15195134985104],[75.74074928224037,12.157336394845311],[75.74428456071854,12.158716810186784],[75.7460281673288,12.164538147816673],[75.74912790482797,12.167279132341834],[75.75341340772238,12.1752707856515],[75.75264463579046,12.183980026884585],[75.75354157934714,12.187462509769121],[75.76213793828825,12.198671435920721],[75.7614157035796,12.216640377287384],[75.76459484226841,12.222203614157259]]]}},{"type":"Feature","properties":{"type":"village","name":"Kottoli","taluk":"Virajpet","district":"KODAGU","village_code":"618006"},"geometry":{"type":"Polygon","coordinates":[[[75.7849635879736,12.206226706095713],[75.78019057476439,12.205870059411842],[75.77593661082128,12.207009752847837],[75.76964674194916,12.20444792642387],[75.76248872771174,12.204637332176297],[75.76213793828825,12.198671435920721],[75.75354157934714,12.187462509769121],[75.75264463579046,12.183980026884585],[75.75341340772238,12.1752707856515],[75.75760787265098,12.177585891031997],[75.76498485393385,12.189683815233172],[75.77472839203548,12.197253968816684],[75.78348619799607,12.197049394081033],[75.78731136910463,12.199167743065757],[75.7849635879736,12.206226706095713]]]}},{"type":"Feature","properties":{"type":"village","name":"Kuklur","taluk":"Virajpet","district":"KODAGU","village_code":"618008"},"geometry":{"type":"Polygon","coordinates":[[[75.80725034730318,12.220783073740277],[75.7997112228065,12.222135867705797],[75.7914999563563,12.229085024686661],[75.7860278921593,12.224865939208843],[75.78293725369564,12.21508508488091],[75.7854858397337,12.203495746066269],[75.78731136910463,12.199167743065757],[75.79468539403192,12.194578118169275],[75.79414634916589,12.199043931092904],[75.79075818598518,12.19939487362686],[75.79039799030234,12.202630436126675],[75.79852791699847,12.207764851363782],[75.80065625587525,12.20457635509521],[75.80704815719398,12.213988190041459],[75.8079475962705,12.217439856051028],[75.80725034730318,12.220783073740277]]]}},{"type":"Feature","properties":{"type":"village","name":"Maggula","taluk":"Virajpet","district":"KODAGU","village_code":"618011"},"geometry":{"type":"Polygon","coordinates":[[[75.83240674606175,12.195905734714538],[75.82708483885777,12.202847751866502],[75.8256572757341,12.211576923801116],[75.81195944627824,12.202602081382164],[75.81331755256242,12.199299948947235],[75.81252735491267,12.198521750732588],[75.8111722067807,12.199373524335233],[75.80921537425795,12.198150448952447],[75.81474907366324,12.19366898468724],[75.81422263844887,12.191631218331127],[75.81500478270212,12.188037163261871],[75.816933106291,12.189992761098566],[75.82088385019816,12.188997365822841],[75.83240674606175,12.195905734714538]]]}},{"type":"Feature","properties":{"type":"village","name":"Betoli","taluk":"Virajpet","district":"KODAGU","village_code":"618005"},"geometry":{"type":"Polygon","coordinates":[[[75.79468539403192,12.194578118169275],[75.78731136910463,12.199167743065757],[75.78348619799607,12.197049394081033],[75.77472839203548,12.197253968816684],[75.76498485393385,12.189683815233172],[75.75760787265098,12.177585891031997],[75.77373532874341,12.165027107263887],[75.7847073606068,12.175470875116842],[75.78648605720869,12.180922871284075],[75.79482610434135,12.192031183658631],[75.79468539403192,12.194578118169275]]]}},{"type":"Feature","properties":{"type":"village","name":"Balugodu","taluk":"Virajpet","district":"KODAGU","village_code":"618015"},"geometry":{"type":"Polygon","coordinates":[[[75.82088385019816,12.188997365822841],[75.816933106291,12.189992761098566],[75.81500478270212,12.188037163261871],[75.81478841358447,12.186296429611327],[75.81080286624827,12.184228572773401],[75.80635032072841,12.179007069580916],[75.80436179294752,12.173209830095649],[75.80264256841068,12.16266913790085],[75.812430485084,12.16462196586205],[75.82674894439998,12.17130352408355],[75.82418328138837,12.176828729962496],[75.82603317217148,12.184133604029329],[75.8256594325891,12.186128304917817],[75.82088385019816,12.188997365822841]]]}},{"type":"Feature","properties":{"type":"village","name":"Arji","taluk":"Virajpet","district":"KODAGU","village_code":"618012"},"geometry":{"type":"Polygon","coordinates":[[[75.81217899992357,12.185411867039996],[75.80959398360748,12.189221963103398],[75.80466310136853,12.191369461998008],[75.79868060634224,12.18566237759782],[75.79868103843192,12.184180455748978],[75.79762730831543,12.183994905961304],[75.79657419893478,12.181734659714804],[75.79388748883696,12.184000749587856],[75.79862894063702,12.189311219982176],[75.79723576502245,12.190533575742826],[75.79475183073535,12.188717201770414],[75.79329717172779,12.190510399374782],[75.78648605720869,12.180922871284075],[75.7847073606068,12.175470875116842],[75.77373532874341,12.165027107263887],[75.77628224122009,12.157604964180138],[75.7851993957357,12.147439812750173],[75.78544470677517,12.143498045024057],[75.7883255913149,12.140528604615694],[75.79550737587307,12.14151108188603],[75.79600674844119,12.147788578796362],[75.79240250001047,12.150829536210544],[75.79298220801614,12.156523408685207],[75.79688217285522,12.160278639933733],[75.80264256841068,12.16266913790085],[75.80436179294752,12.173209830095649],[75.80635032072841,12.179007069580916],[75.81217899992357,12.185411867039996]]]}},{"type":"Feature","properties":{"type":"village","name":"Nalvathoklu","taluk":"Virajpet","district":"KODAGU","village_code":"618032"},"geometry":{"type":"Polygon","coordinates":[[[75.83542045639774,12.213042164416951],[75.83243669499501,12.216288030898816],[75.8256572757341,12.211576923801116],[75.82708483885777,12.202847751866502],[75.83240674606175,12.195905734714538],[75.84272393393081,12.187627815016906],[75.85072728530845,12.18326263224243],[75.85421836128472,12.192373614851077],[75.85417078920224,12.196584110233708],[75.85201727503963,12.20355706582229],[75.84894100243397,12.206769616778216],[75.84006960899727,12.21178874213764],[75.83542045639774,12.213042164416951]]]}},{"type":"Feature","properties":{"type":"village","name":"Hosakote","taluk":"Virajpet","district":"KODAGU","village_code":"618034"},"geometry":{"type":"Polygon","coordinates":[[[75.87732963031469,12.213113665701021],[75.87322052060946,12.218364597212139],[75.86997187118229,12.219998982571552],[75.86253741838249,12.21682184798799],[75.85962970835172,12.213343352404712],[75.86000210944432,12.211379207569523],[75.8714671987194,12.201404010313912],[75.87732963031469,12.213113665701021]]]}},{"type":"Feature","properties":{"type":"village","name":"Kalathmadu","taluk":"Virajpet","district":"KODAGU","village_code":"618039"},"geometry":{"type":"Polygon","coordinates":[[[75.90482925844076,12.202917881804956],[75.89594186870382,12.208557027394765],[75.88979959482951,12.208349916942733],[75.87732963031469,12.213113665701021],[75.8714671987194,12.201404010313912],[75.87176180660668,12.197833137896446],[75.87579419479677,12.195141468113608],[75.87753668659778,12.191396389346803],[75.88298136116178,12.186554530267895],[75.88707540791634,12.185993429270649],[75.88914759400302,12.186978618587062],[75.89279863567691,12.195013333404843],[75.89550995691856,12.19666477478202],[75.90218757909149,12.197843518023836],[75.9037984919579,12.19958673005836],[75.90482925844076,12.202917881804956]]]}},{"type":"Feature","properties":{"type":"village","name":"Kolatodu Bygodu","taluk":"Virajpet","district":"KODAGU","village_code":"618040"},"geometry":{"type":"Polygon","coordinates":[[[75.87176180660668,12.197833137896446],[75.8612011124136,12.198546404128967],[75.85417078920224,12.196584110233708],[75.85421836128472,12.192373614851077],[75.85072728530845,12.18326263224243],[75.85137257661808,12.180566106266369],[75.84666633877717,12.17225319969041],[75.84722689739596,12.169245798240421],[75.84913148300345,12.166909909305772],[75.86638304413006,12.1578603159523],[75.86661111560089,12.16493216414445],[75.86334554011714,12.174525820224657],[75.8629991811846,12.178773699359486],[75.8652527218558,12.181029502218442],[75.87345461258933,12.181543921346986],[75.87482345823275,12.182971848732935],[75.87620221139547,12.18933689893442],[75.87753668659778,12.191396389346803],[75.87579419479677,12.195141468113608],[75.87176180660668,12.197833137896446]]]}},{"type":"Feature","properties":{"type":"village","name":"Gonikoppal (CT)","taluk":"Virajpet","district":"KODAGU","village_code":"618089"},"geometry":{"type":"Polygon","coordinates":[[[75.9445902685609,12.19695305931086],[75.9406050392283,12.202363340880398],[75.93722073970164,12.212943858241168],[75.93727801538586,12.229177033611789],[75.93588027992288,12.23404402761789],[75.9220386526479,12.219300877729568],[75.9199752287285,12.214798503171098],[75.91760486484957,12.21220057727668],[75.9123446512443,12.209736133018332],[75.9052895156665,12.211756217927473],[75.90430110295262,12.211234215396919],[75.90343099566675,12.208833285332606],[75.9052529111153,12.204503702187276],[75.9037984919579,12.19958673005836],[75.90039537631931,12.196928219622283],[75.89550995691856,12.19666477478202],[75.89279863567691,12.195013333404843],[75.88914759400302,12.186978618587062],[75.89064582669178,12.1851086303645],[75.89067026266413,12.18322718314904],[75.88686569621328,12.179322774289723],[75.88571681564359,12.176821406572218],[75.8952837242991,12.17148072389756],[75.90310697783535,12.170995267745171],[75.90642242059715,12.172355137047218],[75.9089799044481,12.174958269812755],[75.91615650482875,12.18577713584383],[75.92530637780017,12.18819778190951],[75.93271911562458,12.188902317125793],[75.93863702537523,12.191384515393448],[75.9445902685609,12.19695305931086]]]}},{"type":"Feature","properties":{"type":"village","name":"Melchembu","taluk":"Virajpet","district":"KODAGU","village_code":"617809"},"geometry":{"type":"Polygon","coordinates":[[[75.98444001785808,12.189961690037956],[75.98582469091849,12.19521505870457],[75.98338591404243,12.2025211850879],[75.97906591134952,12.194655070074225],[75.97517524766688,12.194699990870118],[75.96966820037777,12.197476305185251],[75.95945214484341,12.196077452298361],[75.9445902685609,12.19695305931086],[75.93863702537523,12.191384515393448],[75.93271911562458,12.188902317125793],[75.93585634700707,12.183530133085535],[75.94188801042213,12.17783898795908],[75.94186691797928,12.168921746338315],[75.94805457923329,12.162155244236592],[75.95208047440049,12.161744690784296],[75.9580665321452,12.164011841649629],[75.95828504284651,12.170497078767657],[75.96003312216858,12.174001996072425],[75.96262836939745,12.17642010116026],[75.97668667570883,12.183696438284038],[75.98241191120407,12.189596224163544],[75.98444001785808,12.189961690037956]]]}},{"type":"Feature","properties":{"type":"village","name":"Dhanugala","taluk":"Virajpet","district":"KODAGU","village_code":"618080"},"geometry":{"type":"Polygon","coordinates":[[[76.00232253677558,12.180000833954955],[75.99909424766432,12.180654838323818],[75.99720568620485,12.183438732618685],[75.98550264488912,12.186844315874568],[75.98444001785808,12.189961690037956],[75.98324823464876,12.189959102392558],[75.97668667570883,12.183696438284038],[75.96262836939745,12.17642010116026],[75.96003312216858,12.174001996072425],[75.95828504284651,12.170497078767657],[75.9580665321452,12.164011841649629],[75.96189214791981,12.16132771825904],[75.97124185921102,12.160079496222535],[75.9767402287745,12.157550085708431],[75.9840390242883,12.162136049571215],[75.99160133430247,12.16521731743568],[75.99909438959816,12.16470197975938],[76.00221146368398,12.16692348881795],[76.00164703422467,12.176735661423644],[76.00232253677558,12.180000833954955]]]}},{"type":"Feature","properties":{"type":"village","name":"Hathur","taluk":"Virajpet","district":"KODAGU","village_code":"618041"},"geometry":{"type":"Polygon","coordinates":[[[75.88914759400302,12.186978618587062],[75.88463106957037,12.185923162266114],[75.87753668659778,12.191396389346803],[75.87620221139547,12.18933689893442],[75.87482345823275,12.182971848732935],[75.87345461258933,12.181543921346986],[75.8652527218558,12.181029502218442],[75.86411535858637,12.180256124690288],[75.86280556190152,12.176855129289994],[75.86661111560089,12.16493216414445],[75.86638304413006,12.1578603159523],[75.86938983115012,12.15692901380684],[75.87110364603231,12.15518905282459],[75.87353163683676,12.162108304328953],[75.89067026266413,12.18322718314904],[75.89064582669178,12.1851086303645],[75.88914759400302,12.186978618587062]]]}},{"type":"Feature","properties":{"type":"village","name":"Aruvath0Klu","taluk":"Virajpet","district":"KODAGU","village_code":"618050"},"geometry":{"type":"Polygon","coordinates":[[[75.94186691797928,12.168921746338315],[75.94188801042213,12.17783898795908],[75.93585634700707,12.183530133085535],[75.93271911562458,12.188902317125793],[75.91813487985033,12.186759223736884],[75.91615650482875,12.18577713584383],[75.90642242059715,12.172355137047218],[75.90310697783535,12.170995267745171],[75.8952837242991,12.17148072389756],[75.89370521905488,12.168658634607263],[75.89372111474385,12.166005723337443],[75.89552576097935,12.160133785805407],[75.89718910222071,12.156911152704684],[75.90454945029775,12.149779311713225],[75.90658401943195,12.144592872287742],[75.90517684267535,12.130670150850756],[75.90574215428026,12.124269768647736],[75.91157848981658,12.12196878422567],[75.91415972781857,12.121610642050547],[75.91632511501432,12.122597906314017],[75.91415406663566,12.13030979309965],[75.91217636085896,12.133585026751033],[75.9108405013528,12.14220025523911],[75.9136971026338,12.147403061774902],[75.91502545402084,12.157652807639163],[75.91614518695448,12.160091229313919],[75.92004945831707,12.161683503627675],[75.92779038395246,12.161842284432412],[75.94186691797928,12.168921746338315]]]}},{"type":"Feature","properties":{"type":"village","name":" ","taluk":"Madikeri","district":"KODAGU","village_code":" "},"geometry":{"type":"Polygon","coordinates":[[[75.71511387572113,12.215105024630036],[75.71370226218536,12.215852911197633],[75.71415254721312,12.218808726852897],[75.71858850893447,12.220229744068648],[75.71666488173787,12.22206830121765],[75.71559798411596,12.221695762931839],[75.7162906480821,12.226714678072005],[75.71446774808,12.226276279732645],[75.71184325529873,12.227133676775157],[75.71119689589224,12.22531059874706],[75.71375170905186,12.225806911262703],[75.71434026995466,12.223292717369176],[75.71092934256635,12.223537189565658],[75.7106489972308,12.224559457153035],[75.7069647412476,12.223463124850989],[75.70512586380987,12.221506643307022],[75.70509040101739,12.218659099579241],[75.70377358399863,12.217974784958091],[75.70407590482095,12.215163283702525],[75.6996872447892,12.21481220402641],[75.69850043106001,12.213412010697919],[75.69401430022664,12.211606910644628],[75.6996717174095,12.20387142867453],[75.6968971709415,12.203589848298027],[75.69502239143513,12.199344652082619],[75.69322365880912,12.19885557936995],[75.69312764597325,12.197725699778596],[75.69645616910393,12.195370692745081],[75.69299465578533,12.189531849911468],[75.68972278221311,12.189175019199329],[75.68956931762324,12.184328840693494],[75.68560907942184,12.18521506029365],[75.68465577825914,12.181288127826807],[75.68311035976348,12.181040119209781],[75.68765540031653,12.178005505711214],[75.69208961840792,12.179129679133405],[75.69546613582928,12.177225748736069],[75.69795224942924,12.178436306708996],[75.698257204112,12.18370194297763],[75.70286691258569,12.187022574805551],[75.70300101219301,12.189503976700175],[75.70661070082107,12.197100744338025],[75.70952976376043,12.200439932298778],[75.70902212759002,12.207070859313392],[75.71108995774588,12.207052024366549],[75.71472547832828,12.208917387904108],[75.71984846708736,12.207220407092949],[75.72057191092837,12.212115200910253],[75.71498019113551,12.214020294302395],[75.71511387572113,12.215105024630036]]]}},{"type":"Feature","properties":{"type":"village","name":"Aimangala","taluk":"Virajpet","district":"KODAGU","village_code":"618010"},"geometry":{"type":"Polygon","coordinates":[[[75.8256572757341,12.211576923801116],[75.8252604063298,12.21550801777887],[75.8224413088136,12.222646769849236],[75.81565455301175,12.220905567390377],[75.80725034730318,12.220783073740277],[75.8079475962705,12.217439856051028],[75.80704815719398,12.213988190041459],[75.80065625587525,12.20457635509521],[75.8017990925797,12.2057727857454],[75.80390676481507,12.206032706865786],[75.80507405725483,12.204143573614461],[75.80834888718265,12.20288480423196],[75.80921435107682,12.203700081395334],[75.80917606937102,12.206256385364691],[75.81369283904374,12.205516537083065],[75.81418225738021,12.20499797986042],[75.81195944627824,12.202602081382164],[75.8256572757341,12.211576923801116]]]}},{"type":"Feature","properties":{"type":"village","name":"Byrambada","taluk":"Virajpet","district":"KODAGU","village_code":"618021"},"geometry":{"type":"Polygon","coordinates":[[[75.81753560725036,12.275587495393559],[75.81547025285144,12.277201243794886],[75.81022649099229,12.284906266759034],[75.80403067034055,12.287351919031753],[75.80111778331879,12.289590153403095],[75.79767738220599,12.284850823967833],[75.79408003463328,12.27464394987291],[75.79508745659687,12.270062122709136],[75.80228944606239,12.265534172205014],[75.80414360294479,12.261785626781641],[75.80731991014382,12.263088204931469],[75.81166055881691,12.266577977437088],[75.81541869943558,12.271056925729512],[75.81753560725036,12.275587495393559]]]}},{"type":"Feature","properties":{"type":"village","name":"Maithadi","taluk":"Virajpet","district":"KODAGU","village_code":"617999"},"geometry":{"type":"Polygon","coordinates":[[[75.77114876912165,12.279851971748583],[75.76948163698981,12.276755280423533],[75.76597056541364,12.27609848630268],[75.76047262973643,12.27870859620662],[75.75932640638337,12.28287986706284],[75.75201995093515,12.279943220381426],[75.75320602894412,12.266970491811616],[75.75996689799443,12.25375224689734],[75.76471752878004,12.24820067043759],[75.76645502415141,12.247819989890703],[75.77228358117569,12.241912427114135],[75.77602481999227,12.239615670217939],[75.77838539762455,12.239376691848264],[75.7821761866139,12.240599451123876],[75.78626726443643,12.244330752266459],[75.78682848780849,12.248575377432635],[75.78266170716032,12.254303388112165],[75.78414221159693,12.259797297969158],[75.78485361441987,12.269456534860165],[75.77947900485478,12.27099069986136],[75.77608958133774,12.273150357166088],[75.77114876912165,12.279851971748583]]]}},{"type":"Feature","properties":{"type":"village","name":"Kadanga Marur","taluk":"Virajpet","district":"KODAGU","village_code":"617998"},"geometry":{"type":"Polygon","coordinates":[[[75.75862010060133,12.222390000214892],[75.75445535912887,12.23032104088075],[75.75590497409613,12.236258464193993],[75.75561090519795,12.238687791155956],[75.7520226099484,12.243148887203915],[75.74845014840398,12.237278937310395],[75.74541190777254,12.236848692921273],[75.74428197985871,12.235097900641337],[75.74150710730227,12.23491093095257],[75.74068474367712,12.2359470702816],[75.73851778263298,12.235067673279648],[75.74031883201411,12.233214564620642],[75.74046800535189,12.228079862713209],[75.73766384142895,12.226232537222353],[75.73732296221968,12.224515124378827],[75.74160413523444,12.220761561994875],[75.7414946072451,12.21211330006737],[75.74260720036887,12.211510639115525],[75.74402143608697,12.206060621361328],[75.74572368875315,12.207264034215516],[75.74660257886757,12.206040529913787],[75.7482852338875,12.2062843841253],[75.74913137681656,12.21187907221914],[75.75194761140196,12.21694601073983],[75.75862010060133,12.222390000214892]]]}},{"type":"Feature","properties":{"type":"village","name":"Kirundadu","taluk":"Madikeri","district":"KODAGU","village_code":"617856"},"geometry":{"type":"Polygon","coordinates":[[[75.70991838483381,12.269381694766746],[75.7040223472637,12.277714850835913],[75.6989342841046,12.272346135873933],[75.69801072166938,12.27001671174445],[75.69588399526855,12.269898779082407],[75.695804406331,12.27234691534902],[75.69227399223008,12.27519072083669],[75.68906152694255,12.274717546413417],[75.68837904088862,12.273375178761395],[75.68998574604622,12.271163693247393],[75.68785899718749,12.270966727367542],[75.68765899896756,12.273612313705177],[75.6828446641536,12.277601356113673],[75.68168074488774,12.276574951649328],[75.67923313577582,12.277325638845598],[75.67859061756549,12.274996098125643],[75.67448468879465,12.276099865286778],[75.67363415040893,12.274658137423799],[75.67807333079396,12.272076588343142],[75.679387265119,12.269414198714045],[75.67958002920594,12.268275146669293],[75.6767813135652,12.268708635948352],[75.67708736059936,12.266839086104124],[75.67871110859454,12.265512058416308],[75.68140765524473,12.265843243633352],[75.68428734502515,12.263030067911659],[75.68480780195131,12.261070007422099],[75.68817799613142,12.259652104129094],[75.6924971993237,12.255037703740363],[75.69264967666508,12.252233421275957],[75.6896943235849,12.249050442296303],[75.69062958298338,12.24797938274127],[75.69349376874034,12.248598447760031],[75.69395252488121,12.250270232613747],[75.69523156325072,12.249555981324649],[75.7013573790907,12.252265273336132],[75.7055406546041,12.25644644261312],[75.70505987626404,12.258776235983692],[75.70843201080514,12.264026888364064],[75.70666704674899,12.265804248725647],[75.70991838483381,12.269381694766746]]]}},{"type":"Feature","properties":{"type":"village","name":"Ganagur","taluk":"Virajpet","district":"KODAGU","village_code":"617945"},"geometry":{"type":"Polygon","coordinates":[[[76.1371580116151,12.173875545915505],[76.13314769143827,12.191611413791845],[76.12970648184174,12.194834092922484],[76.12227708565867,12.191222622859208],[76.11874388228884,12.190720850732173],[76.10186303701538,12.197273407671233],[76.09519042834005,12.20766372923147],[76.09317721485515,12.21372906340235],[76.08401389410392,12.220385402039579],[76.08143065285884,12.225275375643871],[76.0744994659256,12.234169091802638],[76.07380446005152,12.240157656420049],[76.07006797961098,12.242132031717697],[76.06465190740562,12.247640162776534],[76.03130253189605,12.226707421905816],[76.02050059603172,12.217768120858834],[76.01828100988163,12.21531322463462],[76.02048250126694,12.211046339432974],[76.02002897332102,12.20411013269672],[76.01404050988798,12.192581710671924],[76.01567999636696,12.189685552039403],[76.02090578922547,12.18954490581959],[76.02536539460509,12.186547808625408],[76.02855878326923,12.186793745993091],[76.03469570138783,12.190202730811725],[76.0389677843502,12.189469806899755],[76.04660022763528,12.185249416794335],[76.05055184111163,12.176872052992689],[76.06220869644535,12.163819043593147],[76.06430310775049,12.163003565744509],[76.06813902809971,12.163371614853332],[76.07945918678011,12.169779520367394],[76.08339897034246,12.169657760038639],[76.08588744112173,12.16802615536063],[76.0875882241441,12.164599245623588],[76.08663489782863,12.161457436733482],[76.0828503709951,12.156663767666583],[76.09331239603402,12.154379617602533],[76.09544823494512,12.152482676758043],[76.1019389500468,12.142548552155088],[76.10535960618961,12.147342868078528],[76.1139223744273,12.15297390212984],[76.12366741720706,12.156401444695868],[76.12963910370384,12.163051981664013],[76.13243829275672,12.164316728740825],[76.14168578295511,12.16568026421454],[76.141260285141,12.168166831422011],[76.1391333745855,12.170074271650508],[76.1371580116151,12.173875545915505]]]}},{"type":"Feature","properties":{"type":"village","name":"Arekeri Forest - I","taluk":"Virajpet","district":"KODAGU","village_code":"618045"},"geometry":{"type":"Polygon","coordinates":[[[76.06465190740562,12.247640162776534],[76.06223927419931,12.24911398126485],[76.05806783219313,12.248398139662854],[76.0524067552738,12.24636723402483],[76.03980198327926,12.238725855109058],[76.03345609007614,12.236398169061616],[76.02760765333464,12.235131270921224],[76.01794264595512,12.234882692039953],[76.01386893526198,12.233311846634322],[76.01164029319551,12.228433675345626],[76.0182809901187,12.215313195661382],[76.01330883478403,12.206453417942365],[76.01314661521337,12.197803750069543],[76.01404050988798,12.192581710671924],[76.02002897332102,12.20411013269672],[76.02048250126694,12.211046339432974],[76.01828100988163,12.21531322463462],[76.02050059603172,12.217768120858834],[76.03130253189605,12.226707421905816],[76.06465190740562,12.247640162776534]]]}},{"type":"Feature","properties":{"type":"village","name":"Kannangala","taluk":"Virajpet","district":"KODAGU","village_code":"618022"},"geometry":{"type":"Polygon","coordinates":[[[75.84844666671965,12.27561183262176],[75.84395901593683,12.278344955046352],[75.83972224395164,12.285178580092708],[75.83601345677468,12.281058413646425],[75.83193677894617,12.278662511730715],[75.8287070327675,12.27829740990183],[75.82500044107307,12.27923402028087],[75.81753560725036,12.275587495393559],[75.81541869943558,12.271056925729512],[75.81166055881691,12.266577977437088],[75.80731991014382,12.263088204931469],[75.80414360294479,12.261785626781641],[75.80447375626959,12.256705420264844],[75.80717474508886,12.253503826881596],[75.82197214838509,12.254600743801067],[75.82398408805894,12.254184648701129],[75.82520211644764,12.252492604092325],[75.83255997259809,12.259966009632913],[75.83921957276979,12.261897098792947],[75.84017186871766,12.267182342098149],[75.84734542919936,12.272832900923946],[75.84844666671965,12.27561183262176]]]}},{"type":"Feature","properties":{"type":"village","name":"Kokeri","taluk":"Madikeri","district":"KODAGU","village_code":"617849"},"geometry":{"type":"Polygon","coordinates":[[[75.67708736059936,12.266839086104124],[75.67641821003579,12.268912993703598],[75.67611024779345,12.268551501916702],[75.67595826991537,12.266743574694676],[75.66743761379989,12.26698446734696],[75.66883420570751,12.263499967124028],[75.66751511774768,12.262867384434943],[75.66714701329707,12.260214279598078],[75.6646970398193,12.256928732838745],[75.66178304158156,12.254063527634733],[75.65996802609273,12.253702153308419],[75.66005948267349,12.252409641670951],[75.66188452875078,12.247557994179624],[75.6661205201,12.244565399083736],[75.66896385685752,12.24578945904651],[75.6720592402225,12.243685577789543],[75.67351070931248,12.243816796630835],[75.67413472941448,12.243124388960059],[75.67321908562855,12.241140593409527],[75.67360065223201,12.239467893914377],[75.67650333798537,12.238865812384494],[75.67795074219873,12.236755363663281],[75.68333755537695,12.241771798112318],[75.6838148302874,12.24115148716],[75.68144618758052,12.239141228364936],[75.68351142879175,12.235918209920547],[75.68511538240965,12.235109656749735],[75.68528694715421,12.231752492673387],[75.6798662773712,12.227714547771814],[75.68025850338383,12.226697469588538],[75.68305242741083,12.227054540342623],[75.68821366643468,12.231629225330689],[75.6869147348732,12.236951045254314],[75.69365156410818,12.24151792214759],[75.69539146516792,12.244182817949264],[75.69390173593166,12.244428184693021],[75.69475919044676,12.247138285190614],[75.70221647303121,12.246043663618513],[75.70328322512604,12.250313850876738],[75.7066914216359,12.251328458255283],[75.70377464311234,12.254630582674043],[75.7013573790907,12.252265273336132],[75.69523156325072,12.249555981324649],[75.69395252488121,12.250270232613747],[75.69349376874034,12.248598447760031],[75.69040047934827,12.248035807724117],[75.6896943235849,12.249050442296303],[75.69264967666508,12.252233421275957],[75.6924971993237,12.255037703740363],[75.68817799613142,12.259652104129094],[75.68480780195131,12.261070007422099],[75.68428734502515,12.263030067911659],[75.68140765524473,12.265843243633352],[75.67871110859454,12.265512058416308],[75.67708736059936,12.266839086104124]]]}},{"type":"Feature","properties":{"type":"village","name":"Kunjalageri","taluk":"Virajpet","district":"KODAGU","village_code":"617995"},"geometry":{"type":"Polygon","coordinates":[[[75.744517694196,12.2565862746175],[75.74430436138402,12.261885331588193],[75.73868566338655,12.27049303886885],[75.74110095111455,12.274939585868248],[75.74082831242583,12.279499051414497],[75.73775611278168,12.276994402232024],[75.73238948384957,12.27682510458636],[75.72933859763386,12.274622994640254],[75.72760025515116,12.272040514759556],[75.7287964877161,12.270558593350342],[75.72172101697518,12.26471977400589],[75.71967218978082,12.257201588630918],[75.71770315364495,12.256670412908019],[75.718010647865,12.25287161612445],[75.71579325899411,12.24852056608389],[75.71613700113421,12.246097757380156],[75.71769021700655,12.245627076583036],[75.71788010019635,12.2492655366414],[75.72019202417448,12.249694006828435],[75.72059014942357,12.245490320995705],[75.72219817240972,12.244219567800553],[75.72100262705595,12.242692322823155],[75.72280388933781,12.241981956754813],[75.7237928796684,12.244105910296376],[75.72947765414492,12.243488774863946],[75.72904515935305,12.242386102860788],[75.73293610780163,12.243106001668435],[75.73343430267842,12.246433559131953],[75.73576518021075,12.247109332120372],[75.73649200531051,12.24904550079531],[75.73998118673984,12.249256767656933],[75.73997004403705,12.251315350090954],[75.74178657767875,12.25289873472968],[75.74274792415306,12.256343040919203],[75.744517694196,12.2565862746175]]]}},{"type":"Feature","properties":{"type":"village","name":"Nalkeri","taluk":"Virajpet","district":"KODAGU","village_code":"617996"},"geometry":{"type":"Polygon","coordinates":[[[75.75236650929365,12.275984049908804],[75.75109354263714,12.275730349957866],[75.74674791190752,12.28396785523759],[75.74082831242583,12.279499051414497],[75.74110095111455,12.274939585868248],[75.73868566338655,12.27049303886885],[75.74430436138402,12.261885331588193],[75.744517694196,12.2565862746175],[75.74796999439303,12.249499324033058],[75.74985218589885,12.248200882881557],[75.75376370756408,12.247768149971886],[75.75611802663373,12.248763840352973],[75.7630890529515,12.247581524599662],[75.76471752878004,12.24820067043759],[75.75996689799443,12.25375224689734],[75.75381573798532,12.265174355913409],[75.75236650929365,12.275984049908804]]]}},{"type":"Feature","properties":{"type":"village","name":"Chembe Belliyur","taluk":"Virajpet","district":"KODAGU","village_code":"618009"},"geometry":{"type":"Polygon","coordinates":[[[75.82510769273149,12.251335657562263],[75.82398408805894,12.254184648701129],[75.82197214838509,12.254600743801067],[75.80760283544089,12.25345273600777],[75.80040905567874,12.244653746249744],[75.79415634472005,12.240797637127388],[75.79246214365375,12.237692580739806],[75.7914999563563,12.229085024686661],[75.7997112228065,12.222135867705797],[75.80725034730318,12.220783073740277],[75.81565455301175,12.220905567390377],[75.8224413088136,12.222646769849236],[75.82128239136723,12.229864981087776],[75.82222678034395,12.236002915782409],[75.83027697616872,12.25000184762466],[75.82510769273149,12.251335657562263]]]}},{"type":"Feature","properties":{"type":"village","name":"Kavadi","taluk":"Virajpet","district":"KODAGU","village_code":"618030"},"geometry":{"type":"Polygon","coordinates":[[[75.85401356606121,12.241317065263855],[75.84959504692773,12.246720929988422],[75.8425619811598,12.251338543956704],[75.83921957276979,12.261897098792947],[75.83515400889797,12.261242163731533],[75.83118361434396,12.258794164832695],[75.82520211644764,12.252492604092325],[75.82510769273149,12.251335657562263],[75.83027697616872,12.25000184762466],[75.82222678034395,12.236002915782409],[75.82128239136723,12.229864981087776],[75.8256572757341,12.211576923801116],[75.83243669499501,12.216288030898816],[75.83199652140414,12.223619662380257],[75.8386627852786,12.232516092581967],[75.84578747740886,12.238709990593437],[75.85401356606121,12.241317065263855]]]}},{"type":"Feature","properties":{"type":"village","name":"Arameri","taluk":"Virajpet","district":"KODAGU","village_code":"618001"},"geometry":{"type":"Polygon","coordinates":[[[75.744517694196,12.2565862746175],[75.74274792415306,12.256343040919203],[75.74178657767875,12.25289873472968],[75.73997004403705,12.251315350090954],[75.73998118673984,12.249256767656933],[75.73616717091052,12.248876442413117],[75.73576518021075,12.247109332120372],[75.73343430267842,12.246433559131953],[75.73328006014752,12.243331459886571],[75.73093883941301,12.242850823326627],[75.7321551232734,12.239302145217042],[75.73497626715181,12.237904215747541],[75.73630463111526,12.238328478159763],[75.73851778263298,12.235067673279648],[75.74068474367712,12.2359470702816],[75.74150710730227,12.23491093095257],[75.74428197985871,12.235097900641337],[75.74541190777254,12.236848692921273],[75.74845014840398,12.237278937310395],[75.7520226099484,12.243148887203915],[75.75191401261368,12.247713270859565],[75.74796999439303,12.249499324033058],[75.744517694196,12.2565862746175]]]}},{"type":"Feature","properties":{"type":"village","name":"Kadanga Marur","taluk":"Madikeri","district":"KODAGU","village_code":"617998"},"geometry":{"type":"Polygon","coordinates":[[[75.73093883941301,12.242850823326627],[75.72904515935305,12.242386102860788],[75.72947765414492,12.243488774863946],[75.7237928796684,12.244105910296376],[75.72439808365846,12.240693117890192],[75.71604265197823,12.239896461646937],[75.71332992127986,12.236670276153584],[75.71074243459675,12.236391007097325],[75.70898174831798,12.2349317146358],[75.70864995916105,12.232459436902039],[75.70755614711491,12.23231519110337],[75.70710058358655,12.230652021805957],[75.71026580916825,12.227559248800842],[75.70866594737646,12.225878417876517],[75.70890894705072,12.22433703466147],[75.7106489972308,12.224559457153035],[75.71092934256635,12.223537189565658],[75.71403141299031,12.223140891608903],[75.71442520207151,12.225143628729487],[75.71375170905186,12.225806911262703],[75.71119689589224,12.22531059874706],[75.71087429560237,12.22594611683838],[75.71184325529873,12.227133676775157],[75.71446774808,12.226276279732645],[75.7162906480821,12.226714678072005],[75.71559798411596,12.221695762931839],[75.71666488173787,12.22206830121765],[75.71858850893447,12.220229744068648],[75.71415254721312,12.218808726852897],[75.71370226218536,12.215852911197633],[75.71715890214354,12.215366387884623],[75.72040386488482,12.216969672947386],[75.72652925402502,12.216429262577961],[75.72804412620775,12.21277199179694],[75.73067623760095,12.21055155942263],[75.73352140063344,12.212082546798026],[75.73471708702269,12.214061734131821],[75.73360061407519,12.214473552564844],[75.733087075075,12.21697330511493],[75.7346826941237,12.219196385988571],[75.73578110644243,12.219435439670281],[75.73674510923507,12.217233792065787],[75.74196038012664,12.21626406485141],[75.74160413523444,12.220761561994875],[75.73724504055531,12.224944553041219],[75.73766384142895,12.226232537222353],[75.74046800535189,12.228079862713209],[75.74031883201411,12.233214564620642],[75.73630463111526,12.238328478159763],[75.73497626715181,12.237904215747541],[75.7321551232734,12.239302145217042],[75.73093883941301,12.242850823326627]]]}},{"type":"Feature","properties":{"type":"village","name":"Arameri","taluk":"Virajpet","district":"KODAGU","village_code":"618001"},"geometry":{"type":"Polygon","coordinates":[[[75.79508745659687,12.270062122709136],[75.78485361441987,12.269456534860165],[75.78414221159693,12.259797297969158],[75.78266170716032,12.254303388112165],[75.78682848780849,12.248575377432635],[75.78558279490233,12.243106991922254],[75.7821761866139,12.240599451123876],[75.77838539762455,12.239376691848264],[75.77602481999227,12.239615670217939],[75.76539298821181,12.248174358109981],[75.76067032377766,12.247664227811747],[75.75611802663373,12.248763840352973],[75.75191401261368,12.247713270859565],[75.7520226099484,12.243148887203915],[75.75561090519795,12.238687791155956],[75.75590497409613,12.236258464193993],[75.75445535912887,12.23032104088075],[75.75862010060133,12.222390000214892],[75.76203555280374,12.221503653865739],[75.77824287002323,12.225006856394081],[75.78472185402558,12.222420425687734],[75.7860278921593,12.224865939208843],[75.7914999563563,12.229085024686661],[75.79246214365375,12.237692580739806],[75.79415634472005,12.240797637127388],[75.80040905567874,12.244653746249744],[75.80760283544089,12.25345273600777],[75.80563911463653,12.254414649969528],[75.80447375626959,12.256705420264844],[75.80414360294479,12.261785626781641],[75.80228944606239,12.265534172205014],[75.79508745659687,12.270062122709136]]]}},{"type":"Feature","properties":{"type":"village","name":"Ammathi","taluk":"Virajpet","district":"KODAGU","village_code":"618029"},"geometry":{"type":"Polygon","coordinates":[[[75.88298026970871,12.250987186651205],[75.87160829530444,12.25731755622931],[75.86432857821063,12.25619774071419],[75.85839874062967,12.257486101812782],[75.85148952020009,12.257615622200994],[75.84370626055862,12.261493978901528],[75.83921957276979,12.261897098792947],[75.8425619811598,12.251338543956704],[75.84959504692773,12.246720929988422],[75.85401356606121,12.241317065263855],[75.86701949062736,12.241145377916],[75.87285312672626,12.239122566013958],[75.87695273315408,12.240536859108515],[75.87959747036858,12.24234122439767],[75.8836962000407,12.248014184074384],[75.88298026970871,12.250987186651205]]]}},{"type":"Feature","properties":{"type":"village","name":"Mekur Hosakeri","taluk":"Virajpet","district":"KODAGU","village_code":"618036"},"geometry":{"type":"Polygon","coordinates":[[[75.93292833325425,12.24482304963107],[75.92166643032006,12.252035961065646],[75.89654581235754,12.263025490967179],[75.88725434064281,12.273179590023478],[75.88144325135927,12.266404080410101],[75.87757818337403,12.258437397713722],[75.87735320300605,12.254440936217287],[75.88298026970871,12.250987186651205],[75.8836962000407,12.248014184074384],[75.89077153783094,12.244328921885609],[75.90276550573796,12.234519571626866],[75.90461345885502,12.232504835894533],[75.90571958141379,12.22904933414893],[75.91854346777754,12.227193688195518],[75.92332961435622,12.22766952898073],[75.93300262123331,12.230536875646662],[75.93588027992288,12.23404402761789],[75.93299056224895,12.24056603412856],[75.93292833325425,12.24482304963107]]]}},{"type":"Feature","properties":{"type":"village","name":"Hebbale","taluk":"Virajpet","district":"KODAGU","village_code":"617974"},"geometry":{"type":"Polygon","coordinates":[[[75.99110710099609,12.252287173161507],[75.9869959952343,12.251319838575112],[75.98864369321328,12.24760376806079],[75.98686895189354,12.242549540781296],[75.98046137856639,12.233050064789058],[75.97341514708967,12.22720480288326],[75.96591688426028,12.226129632025286],[75.96463874510438,12.22692679420174],[75.96360129874904,12.23023032378494],[75.96353911736509,12.234518037912675],[75.96487340212458,12.238258843964951],[75.96878744895406,12.242843866084616],[75.97588085994951,12.244925944036106],[75.9788628902987,12.247046553783779],[75.97950072828638,12.248854407991223],[75.9753108636304,12.252560414743169],[75.97537838280377,12.25548506101095],[75.97175234034594,12.257152549980306],[75.96696096826724,12.257336369159578],[75.96121599768355,12.255645868702986],[75.95518605005068,12.251330484349731],[75.95174998780072,12.244986226191122],[75.94912950869215,12.242319793416703],[75.93588027992288,12.23404402761789],[75.93727801538586,12.229177033611789],[75.93722073970164,12.212943858241168],[75.9406050392283,12.202363340880398],[75.9445902685609,12.19695305931086],[75.95945214484341,12.196077452298361],[75.96966820037777,12.197476305185251],[75.97517524766688,12.194699990870118],[75.97906591134952,12.194655070074225],[75.98338591404243,12.2025211850879],[75.98294276702795,12.204822974635373],[75.98106587378571,12.206806821367975],[75.97650056095162,12.209548247211384],[75.96029148842408,12.209245969701858],[75.95821908943664,12.21039089198476],[75.95799684623536,12.211557193625683],[75.96373420808861,12.215977439641533],[75.97887758673674,12.222760424292064],[75.98204731557294,12.225966146196821],[75.9844130010259,12.2309391034366],[75.99281443812679,12.238765995287775],[75.99563421656596,12.245418144602253],[75.99089733269913,12.251318678925676],[75.99110710099609,12.252287173161507]]]}},{"type":"Feature","properties":{"type":"village","name":"Nokya","taluk":"Virajpet","district":"KODAGU","village_code":"618048"},"geometry":{"type":"Polygon","coordinates":[[[76.013868918194,12.233311805372235],[76.00655465728425,12.249593107908925],[76.00306080371712,12.252694132808035],[76.00057388792162,12.253767769903499],[75.99110710099609,12.252287173161507],[75.99089733269913,12.251318678925676],[75.99563421656596,12.245418144602253],[75.99281443812679,12.238765995287775],[75.9844130010259,12.2309391034366],[75.98204731557294,12.225966146196821],[75.97887758673674,12.222760424292064],[75.96058377236973,12.214283965960352],[75.95853045629391,12.212621412885563],[75.95821908943664,12.21039089198476],[75.96029148842408,12.209245969701858],[75.97650056095162,12.209548247211384],[75.97856742721521,12.208588054131315],[75.98294276702795,12.204822974635373],[75.98582469091849,12.19521505870457],[75.98444001785808,12.189961690037956],[75.98550264488912,12.186844315874568],[75.99720568620485,12.183438732618685],[75.99909424766432,12.180654838323818],[76.00232253677558,12.180000833954955],[76.00943945937696,12.186714725704594],[76.01225763791665,12.191367164124856],[76.01404050988798,12.192581710671924],[76.01314661521337,12.197803750069543],[76.01330883478403,12.206453417942365],[76.0182809901187,12.215313195661382],[76.01164029319551,12.228433675345626],[76.013868918194,12.233311805372235]]]}},{"type":"Feature","properties":{"type":"village","name":"Bettakeri","taluk":"Virajpet","district":"KODAGU","village_code":"618035"},"geometry":{"type":"Polygon","coordinates":[[[75.90571958141379,12.22904933414893],[75.90461345885502,12.232504835894533],[75.90276550573796,12.234519571626866],[75.89077153783094,12.244328921885609],[75.8836962000407,12.248014184074384],[75.87959747036858,12.24234122439767],[75.87285312672626,12.239122566013958],[75.868063126375,12.227195801390947],[75.86801950687973,12.223398841357096],[75.86997187118229,12.219998982571552],[75.87322052060946,12.218364597212139],[75.87732963031469,12.213113665701021],[75.87901216316376,12.219827522815653],[75.88145928988035,12.221934637008099],[75.89088183477816,12.223686673608274],[75.8990404258167,12.227870632403569],[75.90571958141379,12.22904933414893]]]}},{"type":"Feature","properties":{"type":"village","name":"Karmadu","taluk":"Virajpet","district":"KODAGU","village_code":"618031"},"geometry":{"type":"Polygon","coordinates":[[[75.87285312672626,12.239122566013958],[75.86701949062736,12.241145377916],[75.8558044986156,12.241592665678542],[75.85036991572552,12.240756284010137],[75.84578747740886,12.238709990593437],[75.8386627852786,12.232516092581967],[75.8329982875747,12.225778134076855],[75.83199652140414,12.223619662380257],[75.83243669499501,12.216288030898816],[75.83340205514209,12.215482953312478],[75.83605021763273,12.21818300377614],[75.84615967638051,12.22001968402074],[75.86062291986582,12.229449611686197],[75.86326162129991,12.229340735181463],[75.868063126375,12.227195801390947],[75.87285312672626,12.239122566013958]]]}},{"type":"Feature","properties":{"type":"village","name":"Naladi","taluk":"Madikeri","district":"KODAGU","village_code":"617841"},"geometry":{"type":"Polygon","coordinates":[[[75.65996802609273,12.253702153308419],[75.65399329430711,12.252440408682912],[75.65007135937111,12.252621653769754],[75.6391944123839,12.258743364668334],[75.63826973783442,12.250774466562483],[75.63626417799571,12.25096444572957],[75.63574339857436,12.249844820956207],[75.63512639880629,12.250964554583991],[75.63217587506911,12.250812994916071],[75.62984726757946,12.248278805033921],[75.62572843720454,12.251198023563793],[75.6199859028519,12.250989989652954],[75.62289766069134,12.24651116226023],[75.62164418028996,12.246074735995148],[75.62133557305727,12.244347792804183],[75.61430588225988,12.242534851107498],[75.61206896311639,12.24304727469596],[75.61075767522816,12.23978314641711],[75.61133376841313,12.235316064991968],[75.61482080286895,12.229405500092357],[75.61555349306919,12.225315697843964],[75.62972207566654,12.224134334198336],[75.6328532622855,12.221064333812151],[75.63472105739052,12.217232229278311],[75.64196712718704,12.210489005950057],[75.64741794532927,12.20709378312411],[75.64729046001742,12.201640961392815],[75.64839460358765,12.201448140623485],[75.65342524823046,12.213677005203147],[75.66325013057771,12.218867725234546],[75.66132284544126,12.224118015785884],[75.65813545482828,12.224625814073208],[75.65947192698546,12.226861075242402],[75.6574529382316,12.231788749983863],[75.65882738576911,12.232727792312463],[75.65873227394346,12.234568810256699],[75.65764426681069,12.234437503419176],[75.65657949190779,12.240695846380348],[75.65394534313556,12.240564784886807],[75.65442314266214,12.244321847046558],[75.65524392076081,12.244246568780905],[75.65533912780789,12.242818840203261],[75.65728601418381,12.242273721893454],[75.66052735671447,12.243527168209122],[75.66188452875078,12.247557994179624],[75.65996802609273,12.253702153308419]]]}},{"type":"Feature","properties":{"type":"village","name":"Chelavara","taluk":"Madikeri","district":"KODAGU","village_code":"617848"},"geometry":{"type":"Polygon","coordinates":[[[75.57570683128166,12.266634329971948],[75.57298868913202,12.261113486958518],[75.57131042597553,12.259564906675221],[75.56076811400807,12.256160307814943],[75.55612994510953,12.256680901333487],[75.53350407984503,12.267735595321799],[75.5272793316445,12.267340590001663],[75.5117740873454,12.257702370847419],[75.51157926970974,12.253114290321093],[75.51467914824438,12.25131216873621],[75.51960590541954,12.245764491384154],[75.51859865233925,12.24271406893493],[75.52057356076214,12.239577247333516],[75.52106164779536,12.235285825364471],[75.52386426212439,12.234719954339157],[75.52810649676485,12.230914446911854],[75.52675916397584,12.224985029810036],[75.53978247273939,12.215668638212136],[75.53709257991049,12.208290752908688],[75.53511260858265,12.206324055982035],[75.53192831086916,12.205776267049083],[75.53217209387435,12.201248025972692],[75.5331260651802,12.200305831326514],[75.5343657232043,12.201989830113787],[75.5363479618799,12.200412675730691],[75.53985712543444,12.20173954658505],[75.54143187841572,12.196410688703349],[75.54550987856432,12.197230066899653],[75.54678540991098,12.196232930419484],[75.54834331139585,12.191704208428606],[75.55238814394757,12.19207148106728],[75.5549775772799,12.1820068853292],[75.55844515063339,12.181077681280502],[75.55977100739888,12.175622580667058],[75.56365365361762,12.17326826170431],[75.56990925715154,12.171817811017872],[75.57553000420617,12.161511769064612],[75.57702727569757,12.156910788264081],[75.58307263123419,12.158286154606062],[75.58350910196947,12.156133208729583],[75.58693836936263,12.154701835153924],[75.59058812015742,12.151181272241088],[75.59246747119029,12.14701333584719],[75.59520629884595,12.153404869283996],[75.60172976023466,12.152848285025875],[75.6062322242365,12.154674085623334],[75.6106139223248,12.15183435430357],[75.61462306121705,12.154917927312443],[75.61949540204552,12.155675701424153],[75.62588806693225,12.152266105766811],[75.63056983735973,12.148204733864107],[75.63593251370459,12.14845474818857],[75.63834146202163,12.145630504434463],[75.63915894240489,12.142535812731012],[75.6379003523862,12.140124370879166],[75.63836623126896,12.138136724776116],[75.6396610521397,12.13779461012223],[75.6418552590864,12.138879180275993],[75.64320387377128,12.137952461080141],[75.64443495827433,12.133182351909134],[75.6441505166211,12.12460553315507],[75.6458073396867,12.123869266651155],[75.64752476220306,12.12127040768059],[75.64774742132437,12.117657989592828],[75.6466437403865,12.11441831899887],[75.648980165914,12.111673241174232],[75.64893148441215,12.108630637269371],[75.65264944967636,12.109218772915153],[75.65302524280749,12.10693021716706],[75.65845445197554,12.102767234175689],[75.66164594968605,12.098500869826498],[75.66731913499709,12.09655237614203],[75.67323596587104,12.097102137922148],[75.67505244741044,12.101440703258023],[75.67446556635721,12.106033131003304],[75.67624366018958,12.107800014936215],[75.67592288078475,12.111004749804403],[75.67177156732916,12.116601434421396],[75.67262173111743,12.118106390999138],[75.67121321317613,12.125944327336658],[75.66864157457121,12.130148455319999],[75.665129243557,12.14009761837139],[75.66216198600269,12.142728815906057],[75.66207039377632,12.144265619125148],[75.66648143892662,12.147668269724214],[75.66623419381438,12.151795039628954],[75.66834796201724,12.153765296775811],[75.67102828329678,12.162153744351532],[75.67640384238113,12.162505048284931],[75.68379227718387,12.164713409686934],[75.68808008874858,12.168834415369782],[75.68901819670484,12.17168171190195],[75.68864295334268,12.176943037170053],[75.68311035976348,12.181040119209781],[75.67964227437028,12.182420349931466],[75.66993540639685,12.191532027911308],[75.6648001762954,12.19222439410946],[75.65951734490793,12.194325158380384],[75.65559825403813,12.198739368372802],[75.64700781679136,12.201858460572685],[75.64741794532927,12.20709378312411],[75.64196712718704,12.210489005950057],[75.63472105739052,12.217232229278311],[75.6328532622855,12.221064333812151],[75.62972207566654,12.224134334198336],[75.60999758461512,12.225610994911571],[75.60415503543199,12.228619933223584],[75.60316181223979,12.230941064721039],[75.60410929501438,12.233683616178627],[75.60401437542816,12.238485831233351],[75.59449835094361,12.241313827603587],[75.58720410270176,12.245114264712255],[75.58903412185248,12.25598947724006],[75.5809354295788,12.26109491043257],[75.57992231768621,12.263798242926956],[75.57570683128166,12.266634329971948]]]}},{"type":"Feature","properties":{"type":"village","name":" ","taluk":"Madikeri","district":"KODAGU","village_code":" "},"geometry":{"type":"Polygon","coordinates":[[[75.6798662773712,12.227714547771814],[75.68528694715421,12.231752492673387],[75.68511538240965,12.235109656749735],[75.68351142879175,12.235918209920547],[75.68144618758052,12.239141228364936],[75.6838148302874,12.24115148716],[75.68333755537695,12.241771798112318],[75.67795074219873,12.236755363663281],[75.67650333798537,12.238865812384494],[75.67360065223201,12.239467893914377],[75.67321908562855,12.241140593409527],[75.67413472941448,12.243124388960059],[75.67351070931248,12.243816796630835],[75.6720592402225,12.243685577789543],[75.66896385685752,12.24578945904651],[75.6661205201,12.244565399083736],[75.66188452875078,12.247557994179624],[75.66052735671447,12.243527168209122],[75.65829381972802,12.242212576155682],[75.65533912780789,12.242818840203261],[75.65524392076081,12.244246568780905],[75.65442314266214,12.244321847046558],[75.65394534313556,12.240564784886807],[75.65657949190779,12.240695846380348],[75.65764426681069,12.234437503419176],[75.65873227394346,12.234568810256699],[75.65882738576911,12.232727792312463],[75.6574529382316,12.231788749983863],[75.65947192698546,12.226861075242402],[75.65813545482828,12.224625814073208],[75.66132284544126,12.224118015785884],[75.66325013057771,12.218867725234546],[75.65342524823046,12.213677005203147],[75.64839460358765,12.201448140623485],[75.65665493781525,12.198081502220168],[75.66162107443752,12.212277337051878],[75.67381815502353,12.21863192126953],[75.67383753527747,12.219853487659343],[75.67653085877241,12.222991341411475],[75.67657001903062,12.226907495360818],[75.6798662773712,12.227714547771814]]]}},{"type":"Feature","properties":{"type":"village","name":"Nariyandada","taluk":"Madikeri","district":"KODAGU","village_code":"617857"},"geometry":{"type":"Polygon","coordinates":[[[75.72357504629684,12.24390474900047],[75.72280388933781,12.241981956754813],[75.72100262705595,12.242692322823155],[75.72219817240972,12.244219567800553],[75.72059014942357,12.245490320995705],[75.72019202417448,12.249694006828435],[75.71788010019635,12.2492655366414],[75.71710189685223,12.245500750169972],[75.71613700113421,12.246097757380156],[75.71617596466135,12.249142800679762],[75.71172623895319,12.248920931748767],[75.71155277876343,12.245663109008527],[75.70969901983467,12.2456826391166],[75.70987196978139,12.24762224370392],[75.70618412862191,12.245953391737576],[75.7031029619946,12.245728480041517],[75.69475919044676,12.247138285190614],[75.69390173593166,12.244428184693021],[75.69539146516792,12.244182817949264],[75.69365156410818,12.24151792214759],[75.6869147348732,12.236951045254314],[75.68821366643468,12.231629225330689],[75.68305242741083,12.227054540342623],[75.68418100875004,12.227043423014766],[75.68488866829318,12.225706174417683],[75.68697450158568,12.225837416235137],[75.68764451093867,12.226741149688268],[75.68999775203,12.225158602946113],[75.68927022714263,12.22389708719117],[75.68986258702076,12.221015653682313],[75.68743250314174,12.221411822251815],[75.68727923797785,12.220771584772214],[75.68946052894738,12.220281332147902],[75.68938379844907,12.21962740098467],[75.68697246061338,12.218611174935514],[75.68849811976605,12.217617023276274],[75.69165557492053,12.218124555727432],[75.69177103089241,12.220271342714492],[75.69410574333268,12.220910913278479],[75.6971472205941,12.21763323234361],[75.6984774907826,12.21425940972867],[75.70407590482095,12.215163283702525],[75.7036907701092,12.21769457779845],[75.70509040101739,12.218659099579241],[75.70512586380987,12.221506643307022],[75.70890894705072,12.22433703466147],[75.70866594737646,12.225878417876517],[75.71027954081569,12.22741008563841],[75.70710515062146,12.230570660883684],[75.70755614711491,12.23231519110337],[75.70866375818214,12.23249107098968],[75.70886220501154,12.234778081793246],[75.71074243459675,12.236391007097325],[75.71332992127986,12.236670276153584],[75.71624030379863,12.239982263601823],[75.72439808365846,12.240693117890192],[75.72357504629684,12.24390474900047]]]}},{"type":"Feature","properties":{"type":"village","name":" ","taluk":"Madikeri","district":"KODAGU","village_code":" "},"geometry":{"type":"Polygon","coordinates":[[[75.61030641463003,12.288701456696943],[75.60729632001305,12.28701220642991],[75.5981491671403,12.287252946244607],[75.59200997269085,12.288701942083122],[75.58998417830034,12.287976776766321],[75.58802017183176,12.2844124932792],[75.58366162602324,12.283686921151707],[75.57942640093695,12.27988055958456],[75.57509019533127,12.279879737121464],[75.57211842823422,12.274153944768587],[75.57570683128166,12.266634329971948],[75.57992231768621,12.263798242926956],[75.5809354295788,12.26109491043257],[75.58903412185248,12.25598947724006],[75.58720410270176,12.245114264712255],[75.59449835094361,12.241313827603587],[75.60401437542816,12.238485831233351],[75.60410929501438,12.233683616178627],[75.60316181223979,12.230941064721039],[75.60415503543199,12.228619933223584],[75.60999758461512,12.225610994911571],[75.61555349306919,12.225315697843964],[75.61482080286895,12.229405500092357],[75.61133376841313,12.235316064991968],[75.61075767522816,12.23978314641711],[75.61206896311639,12.24304727469596],[75.61430588225988,12.242534851107498],[75.62133557305727,12.244347792804183],[75.62164418028996,12.246074735995148],[75.62278194061479,12.246150594014521],[75.6199859028519,12.250989989652954],[75.62393498667244,12.251217102043508],[75.62783753326964,12.254642703974518],[75.62786825026247,12.259979823141375],[75.62967614929764,12.2633911476759],[75.62866499124078,12.264084669649037],[75.6234865656489,12.261883427592108],[75.62216897518063,12.26369258812889],[75.62051432873295,12.2639639191789],[75.61953368195472,12.270718199804623],[75.62143348133839,12.273522505954034],[75.61760299220339,12.279789525104073],[75.61879803180562,12.282533509361356],[75.61787868426576,12.286030276972575],[75.61030641463003,12.288701456696943]]]}},{"type":"Feature","properties":{"type":"village","name":"Kunjila","taluk":"Madikeri","district":"KODAGU","village_code":"617846"},"geometry":{"type":"Polygon","coordinates":[[[75.66912382614835,12.26415029243872],[75.66758423682057,12.264218301989189],[75.66301970372417,12.2716110600177],[75.65960095470466,12.272749977381876],[75.65554352058618,12.275682112653618],[75.65294788259014,12.275578228707614],[75.65166584833916,12.278263106749709],[75.65294824730617,12.279212163071785],[75.65091718878813,12.283894854641368],[75.64952463929929,12.284631623604922],[75.64219251000024,12.282530906822885],[75.64247877074193,12.28890237138909],[75.63307516143202,12.287366832664029],[75.63227999070882,12.28564937370512],[75.62783086866855,12.283746538763536],[75.61787868426576,12.286030276972575],[75.61879803180562,12.282533509361356],[75.61760299220339,12.279789525104073],[75.62143348133839,12.273522505954034],[75.61953368195472,12.270718199804623],[75.6198095545785,12.265019257175059],[75.6234865656489,12.261883427592108],[75.62918589912121,12.26414497814944],[75.62943096132736,12.260643197248713],[75.63316917910967,12.260432096637544],[75.63733621937094,12.257235766360715],[75.63864279918874,12.257356337322191],[75.6391944123839,12.258743364668334],[75.64195195104864,12.25654206660536],[75.64507725460076,12.255908686821652],[75.64826365437203,12.253405769264774],[75.65163398240108,12.252319998755222],[75.66178304158156,12.254063527634733],[75.66677928434224,12.259549937043085],[75.66751511774768,12.262867384434943],[75.66912382614835,12.26415029243872]]]}},{"type":"Feature","properties":{"type":"village","name":" ","taluk":"Madikeri","district":"KODAGU","village_code":" "},"geometry":{"type":"Polygon","coordinates":[[[75.63864279918874,12.257356337322191],[75.63632509006017,12.257597630945476],[75.63212739209487,12.260854253799618],[75.62943096132736,12.260643197248713],[75.62915521626438,12.261969936944718],[75.62786825026247,12.259979823141375],[75.62783753326964,12.254642703974518],[75.62393498667244,12.251217102043508],[75.62572843720454,12.251198023563793],[75.62984726757946,12.248278805033921],[75.63217587506911,12.250812994916071],[75.63512639880629,12.250964554583991],[75.63574339857436,12.249844820956207],[75.63626417799571,12.25096444572957],[75.63826973783442,12.250774466562483],[75.63864279918874,12.257356337322191]]]}},{"type":"Feature","properties":{"type":"village","name":" ","taluk":"Madikeri","district":"KODAGU","village_code":" "},"geometry":{"type":"Polygon","coordinates":[[[75.72172101697518,12.26471977400589],[75.72083337188003,12.265517796660257],[75.71805369064185,12.265404751388367],[75.71631686631197,12.266696864005098],[75.7127281731087,12.271750244068894],[75.71207166543445,12.271180638127685],[75.70872161687296,12.272507282638555],[75.70827974995774,12.2718246147501],[75.70991838483381,12.269381694766746],[75.70666704674899,12.265804248725647],[75.70843201080514,12.264026888364064],[75.70505987626404,12.258776235983692],[75.7055406546041,12.25644644261312],[75.70377464311234,12.254630582674043],[75.7066914216359,12.251328458255283],[75.70328322512604,12.250313850876738],[75.70221647303121,12.246043663618513],[75.70618412862191,12.245953391737576],[75.70987196978139,12.24762224370392],[75.70969901983467,12.2456826391166],[75.71155277876343,12.245663109008527],[75.71172623895319,12.248920931748767],[75.71617596466135,12.249142800679762],[75.718010647865,12.25287161612445],[75.71770315364495,12.256670412908019],[75.71967218978082,12.257201588630918],[75.72172101697518,12.26471977400589]]]}},{"type":"Feature","properties":{"type":"village","name":"Kirundadu","taluk":"Madikeri","district":"KODAGU","village_code":"617856"},"geometry":{"type":"Polygon","coordinates":[[[75.70788631301612,12.292611779438618],[75.7064362884171,12.29283824680776],[75.70508447932305,12.290673868265527],[75.70338374570804,12.290177169612326],[75.69828695631419,12.291814670115604],[75.69732099339762,12.289080443846075],[75.69450275287421,12.286116201717569],[75.69219485065356,12.287005016875145],[75.6875610233128,12.284005077037229],[75.68582298895224,12.281270381630845],[75.68297915812131,12.281192112862191],[75.67950396076598,12.278494417698148],[75.67794636740325,12.278764758304257],[75.67771411786805,12.275801816710871],[75.67899193812201,12.275232939309907],[75.67923313577582,12.277325638845598],[75.68168074488774,12.276574951649328],[75.68332614856948,12.277403833275617],[75.68765899896756,12.273612313705177],[75.68785899718749,12.270966727367542],[75.6894239091248,12.270887417108012],[75.69002600135074,12.271676998692756],[75.68837904088862,12.273375178761395],[75.68906152694255,12.274717546413417],[75.69227399223008,12.27519072083669],[75.695804406331,12.27234691534902],[75.69588399526855,12.269898779082407],[75.69801072166938,12.27001671174445],[75.6989342841046,12.272346135873933],[75.7040223472637,12.277714850835913],[75.708278442909,12.27182590158871],[75.7094446510822,12.272548883580239],[75.70909813763944,12.275511966231925],[75.71056565872524,12.276841075652968],[75.70574270816938,12.286627352122677],[75.70788631301612,12.292611779438618]]]}},{"type":"Feature","properties":{"type":"village","name":"Hodavada","taluk":"Madikeri","district":"KODAGU","village_code":"617835"},"geometry":{"type":"Polygon","coordinates":[[[75.7042015207387,12.334519709262716],[75.70294546127417,12.33370783637639],[75.70288672403099,12.335908419003639],[75.70207522912244,12.336059747092255],[75.70011129362075,12.327949101290555],[75.69845574706116,12.326170497120154],[75.69242556496798,12.326780330046018],[75.69539997940018,12.325044800764237],[75.69805590063996,12.321224963007204],[75.69818412526533,12.319520981103954],[75.69628507507657,12.317112427614434],[75.69742429516371,12.314332405708555],[75.69805390099016,12.313749246318222],[75.69944723830147,12.315909358112942],[75.70122169844852,12.31636541462478],[75.70350088512274,12.313833704225594],[75.70320146855371,12.311384067204344],[75.70126121533788,12.309761950320764],[75.70438145598506,12.30698148195064],[75.70995823769309,12.310781047741914],[75.71046979141643,12.315024896421873],[75.70954761598007,12.32058449942117],[75.71050943496824,12.324141261577338],[75.7123948442394,12.326264982956335],[75.71578325535509,12.327678620852748],[75.71609189492715,12.329698907380914],[75.7146903559973,12.331317401159737],[75.71619416722393,12.332966701333204],[75.71807898181038,12.333237215805454],[75.71292658310719,12.335729256768028],[75.7109222171295,12.33389627339919],[75.7042015207387,12.334519709262716]]]}},{"type":"Feature","properties":{"type":"village","name":" ","taluk":"Madikeri","district":"KODAGU","village_code":" "},"geometry":{"type":"Polygon","coordinates":[[[75.74912509759272,12.322475755923117],[75.74689973258039,12.32663015328414],[75.74617661392949,12.331206815112496],[75.74172648397949,12.331518930905245],[75.74032445906106,12.330692185819146],[75.73970947780742,12.326562669767275],[75.74188308368973,12.32480359271469],[75.74205601836505,12.32090749461224],[75.7398119252757,12.318842871724556],[75.7404766713994,12.314774833369658],[75.73942254063432,12.311258860636492],[75.73799656303717,12.308719318724092],[75.73391676535962,12.3087934586578],[75.73419644055201,12.307276598876477],[75.73289938467283,12.305725868724457],[75.72979445760626,12.304139423594876],[75.73095209136007,12.302412441592416],[75.73175673122469,12.303035858357322],[75.73228504122307,12.302276290374543],[75.73220524387636,12.296699073000344],[75.73818893456028,12.298329920287358],[75.74156407576264,12.300979262721018],[75.74392876588226,12.29974084032205],[75.74705648859747,12.302606527061164],[75.7465036402188,12.305490440850553],[75.74501134000421,12.307171546065623],[75.74831265406323,12.31150605797903],[75.74912509759272,12.322475755923117]]]}},{"type":"Feature","properties":{"type":"village","name":"Hachinad","taluk":"Virajpet","district":"KODAGU","village_code":"618019"},"geometry":{"type":"Polygon","coordinates":[[[75.82692722944115,12.299832219852975],[75.82644877055118,12.302322577846947],[75.82975792600429,12.303945738603801],[75.8306353455766,12.3069199510172],[75.82922818229476,12.31046315596768],[75.82261249985899,12.316075411399837],[75.8208889247812,12.315505574117559],[75.81666107306677,12.310541961048271],[75.81431869170892,12.302636322752843],[75.81130397076824,12.300511303419594],[75.80699717331001,12.300288713291781],[75.810285383644,12.293021727732855],[75.8091136382554,12.291864378158095],[75.80435661685485,12.291433763814192],[75.80276948059738,12.296603901566494],[75.7987335350788,12.29775530227432],[75.79621362685786,12.301392965889782],[75.79236135537381,12.302878773789914],[75.79396694392553,12.29760676776572],[75.80111778331879,12.289590153403095],[75.80238838471114,12.290527769836107],[75.80784244307662,12.28974816840525],[75.81281950590767,12.29115532429504],[75.8203906939718,12.294645755184295],[75.82692722944115,12.299832219852975]]]}},{"type":"Feature","properties":{"type":"village","name":"Nelji","taluk":"Madikeri","district":"KODAGU","village_code":"617845"},"geometry":{"type":"Polygon","coordinates":[[[75.65081376844438,12.308446300436337],[75.62929281480972,12.315877727900515],[75.62150158621336,12.310657234609533],[75.61855541571201,12.300324871649362],[75.61480952991045,12.296401540153898],[75.61272284411673,12.296460176240522],[75.61137142489154,12.29773015258653],[75.61075926075463,12.288184447933896],[75.62090456318057,12.285043578573383],[75.62845142127355,12.283836889864395],[75.63227999070882,12.28564937370512],[75.63307516143202,12.287366832664029],[75.64529195015707,12.289463604933765],[75.64869350182875,12.293838504758249],[75.64532468476601,12.297273793380807],[75.64575218312824,12.298209348779693],[75.64961334973023,12.300288162977619],[75.65512911966076,12.301313677089698],[75.65326309333851,12.302195241199604],[75.65081376844438,12.308446300436337]]]}},{"type":"Feature","properties":{"type":"village","name":"Bethu","taluk":"Madikeri","district":"KODAGU","village_code":"617853"},"geometry":{"type":"Polygon","coordinates":[[[75.69242556496798,12.326780330046018],[75.69264256021141,12.327920057944315],[75.69463791608678,12.328972669638183],[75.69408653375866,12.329908382360573],[75.6911722291954,12.330514759406428],[75.69076687789817,12.32711146704028],[75.69223717208322,12.324457956391406],[75.69150034963268,12.31908862611929],[75.69244673376768,12.316674861627366],[75.68990352504488,12.311554559907057],[75.68757286220992,12.310619466291481],[75.68554975827371,12.308057143587552],[75.68331125180711,12.308211304180524],[75.68432156185433,12.303745586705622],[75.68190253264319,12.297657919411856],[75.68610223115661,12.291623125585389],[75.68602371570583,12.289738385235417],[75.69037173056422,12.289854959062163],[75.6937305637509,12.285772852788538],[75.69662667383642,12.28809078575521],[75.69828695631419,12.291814670115604],[75.7042340927526,12.290366818427387],[75.7064362884171,12.29283824680776],[75.70790252311544,12.292607578672397],[75.70979698830293,12.295079365163089],[75.71169071238035,12.295214367674976],[75.71183354540884,12.29621773420264],[75.71011508443999,12.297940293803288],[75.71365614986519,12.303661275637246],[75.70995823769309,12.310781047741914],[75.70535597894802,12.307311158911862],[75.70273611159213,12.307854231043606],[75.70126121533788,12.309761950320764],[75.70320146855371,12.311384067204344],[75.70350088512274,12.313833704225594],[75.70122169844852,12.31636541462478],[75.69944723830147,12.315909358112942],[75.69805390099016,12.313749246318222],[75.69742429516371,12.314332405708555],[75.69628507507657,12.317112427614434],[75.69818412526533,12.319520981103954],[75.69805590063996,12.321224963007204],[75.69539997940018,12.325044800764237],[75.69242556496798,12.326780330046018]]]}},{"type":"Feature","properties":{"type":"village","name":"Kiggalu","taluk":"Madikeri","district":"KODAGU","village_code":"617838"},"geometry":{"type":"Polygon","coordinates":[[[75.78727739392227,12.324813702805255],[75.78317081207625,12.33139911357437],[75.77983340460742,12.33420971464579],[75.7762055232982,12.334650897714344],[75.7743812713316,12.327243327934104],[75.77771332663798,12.320931073764303],[75.77807873793935,12.317442551734596],[75.76924091184989,12.302937712110374],[75.76143326744001,12.296341046825775],[75.76024302394308,12.29365899080241],[75.75877830200771,12.283107648904636],[75.75965289098856,12.282491332435573],[75.7599346403909,12.279291413769421],[75.76185197219397,12.277457207853441],[75.76597056541364,12.27609848630268],[75.76948163698981,12.276755280423533],[75.77308669480261,12.283965789895388],[75.77566912307236,12.285399484578216],[75.77966479711681,12.293581780734813],[75.78270159235895,12.29751508465337],[75.78400622642584,12.310992934712708],[75.78707426237864,12.320887269741435],[75.78727739392227,12.324813702805255]]]}},{"type":"Feature","properties":{"type":"village","name":"Sodluru Kattemadu","taluk":"Madikeri","district":"KODAGU","village_code":"617839"},"geometry":{"type":"Polygon","coordinates":[[[75.81532825166289,12.305046973294338],[75.81190149775588,12.310709139379108],[75.81309161459039,12.316619308812788],[75.81208371562137,12.323648506156673],[75.81375063215754,12.328673658633885],[75.81345767806867,12.33593737897263],[75.81441492193711,12.338255474570772],[75.7975488602383,12.332288940023556],[75.7935783956157,12.32778368300582],[75.78727739392227,12.324813702805255],[75.78707426237864,12.320887269741435],[75.78400622642584,12.310992934712708],[75.78270159235895,12.29751508465337],[75.78709089109287,12.29808608618433],[75.79058277555292,12.302268017293258],[75.79311067967818,12.302756999306915],[75.79621362685786,12.301392965889782],[75.79822329020078,12.298071571636441],[75.80276948059738,12.296603901566494],[75.80435661685485,12.291433763814192],[75.8091136382554,12.291864378158095],[75.810285383644,12.293021727732855],[75.80699717331001,12.300288713291781],[75.81232877692919,12.301081039831038],[75.81431869170892,12.302636322752843],[75.81532825166289,12.305046973294338]]]}},{"type":"Feature","properties":{"type":"village","name":"Yedur","taluk":"Virajpet","district":"KODAGU","village_code":"617933"},"geometry":{"type":"Polygon","coordinates":[[[75.83972224395164,12.285178580092708],[75.84019724971769,12.29626954176654],[75.83556356161577,12.29879429017358],[75.83339864783218,12.301614206073296],[75.83038400504493,12.298485914837611],[75.82798010256485,12.298413186847684],[75.82692722944115,12.299832219852975],[75.8203906939718,12.294645755184295],[75.81281950590767,12.29115532429504],[75.80784244307662,12.28974816840525],[75.80238838471114,12.290527769836107],[75.80111778331879,12.289590153403095],[75.80403067034055,12.287351919031753],[75.81022649099229,12.284906266759034],[75.81547025285144,12.277201243794886],[75.81753560725036,12.275587495393559],[75.82500044107307,12.27923402028087],[75.8287070327675,12.27829740990183],[75.83193677894617,12.278662511730715],[75.83601345677468,12.281058413646425],[75.83972224395164,12.285178580092708]]]}},{"type":"Feature","properties":{"type":"village","name":"Halugunda","taluk":"Virajpet","district":"KODAGU","village_code":"618018"},"geometry":{"type":"Polygon","coordinates":[[[75.80111778331879,12.289590153403095],[75.79396694392553,12.29760676776572],[75.79236135537381,12.302878773789914],[75.79116179185581,12.302675045385959],[75.78709089109287,12.29808608618433],[75.78226962936974,12.297058495115566],[75.77566912307236,12.285399484578216],[75.77342659574656,12.284467568386868],[75.77114876912165,12.279851971748583],[75.77608958133774,12.273150357166088],[75.78207377417992,12.269898175159181],[75.79508745659687,12.270062122709136],[75.79408003463328,12.27464394987291],[75.79577265735962,12.280215958420419],[75.79767738220599,12.284850823967833],[75.80111778331879,12.289590153403095]]]}},{"type":"Feature","properties":{"type":"village","name":"Kolakeri","taluk":"Madikeri","district":"KODAGU","village_code":"617850"},"geometry":{"type":"Polygon","coordinates":[[[75.68190253264319,12.297657919411856],[75.67966383573375,12.296270694196409],[75.67963127629625,12.294639110020205],[75.67644589790949,12.293645273854139],[75.67543023030991,12.294129147813036],[75.67312712329628,12.292439095941788],[75.67245627042526,12.293347681377572],[75.67144492372218,12.29234893211686],[75.67253676755956,12.28644382197187],[75.6701844777841,12.286197694719958],[75.66761090780138,12.28785686758997],[75.66488607499949,12.292349873033265],[75.66286369780035,12.292503825166769],[75.66222057592215,12.295215803610112],[75.65694908037524,12.298863783738092],[75.65512911966076,12.301313677089698],[75.64961334973023,12.300288162977619],[75.6453844919027,12.297698610587982],[75.64869350182875,12.293838504758249],[75.64529195015707,12.289463604933765],[75.64247877074193,12.28890237138909],[75.64219251000024,12.282530906822885],[75.64952463929929,12.284631623604922],[75.65091718878813,12.283894854641368],[75.65294824730617,12.279212163071785],[75.65166584833916,12.278263106749709],[75.65294788259014,12.275578228707614],[75.65554352058618,12.275682112653618],[75.65960095470466,12.272749977381876],[75.66301970372417,12.2716110600177],[75.66807485530624,12.263842943932678],[75.66912382614835,12.26415029243872],[75.66743761379989,12.26698446734696],[75.67595826991537,12.266743574694676],[75.67641821003579,12.268912993703598],[75.67969500188421,12.268654846153975],[75.67807333079396,12.272076588343142],[75.67429126264938,12.273745033585792],[75.67371245565391,12.275458169926875],[75.67448468879465,12.276099865286778],[75.67752313424201,12.275156139902021],[75.67794636740325,12.278764758304257],[75.67950396076598,12.278494417698148],[75.68297915812131,12.281192112862191],[75.68582298895224,12.281270381630845],[75.6875610233128,12.284005077037229],[75.69220908625589,12.287003831928356],[75.69037173056422,12.289854959062163],[75.68602371570583,12.289738385235417],[75.68610223115661,12.291623125585389],[75.68190253264319,12.297657919411856]]]}},{"type":"Feature","properties":{"type":"village","name":"Siddapura","taluk":"Virajpet","district":"KODAGU","village_code":"618027"},"geometry":{"type":"Polygon","coordinates":[[[75.89810102877802,12.308482096950037],[75.8878014649565,12.30819625218182],[75.88187050717639,12.305202337194807],[75.86508440362272,12.301387898983538],[75.85724761786503,12.297885598928987],[75.85672817513684,12.295444859736676],[75.86195092989306,12.288663049744681],[75.86576989274467,12.290244905610933],[75.87267993423443,12.29032325419286],[75.88949149783988,12.284283043119403],[75.89290707131485,12.28917744280606],[75.90010139904932,12.293661415932124],[75.89752745985898,12.296213348297695],[75.89593932557322,12.301316325082176],[75.89810102877802,12.308482096950037]]]}},{"type":"Feature","properties":{"type":"village","name":"Guhya","taluk":"Virajpet","district":"KODAGU","village_code":"618023"},"geometry":{"type":"Polygon","coordinates":[[[75.84606088775041,12.309738070004675],[75.84305941157028,12.308933127690011],[75.83915303814997,12.304254677146808],[75.8355127529033,12.303693585770079],[75.83339864783218,12.301614206073296],[75.83556356161577,12.29879429017358],[75.83993243355847,12.296946473628543],[75.8397751870612,12.284866147649035],[75.84395901593683,12.278344955046352],[75.84844666671965,12.27561183262176],[75.8510409599377,12.277135188003918],[75.86195092989306,12.288663049744681],[75.85475393955208,12.298141235666089],[75.85354070367543,12.29577727909313],[75.85127466384537,12.296197338032544],[75.84940335003935,12.302782495199406],[75.846948579558,12.30463980142647],[75.8474446301562,12.308490777950578],[75.84606088775041,12.309738070004675]]]}},{"type":"Feature","properties":{"type":"village","name":"Nelliyahadikeri","taluk":"Somvarpet","district":"KODAGU","village_code":"617992"},"geometry":{"type":"Polygon","coordinates":[[[75.87955630596902,12.333256426991968],[75.87718956769055,12.335237921988126],[75.86935148117233,12.338778503982704],[75.86127496021815,12.339845516724496],[75.85632322897979,12.3381789296553],[75.85155737444508,12.332502907930126],[75.8386879354116,12.334844411727794],[75.83191075924393,12.333542271659363],[75.8376923316839,12.329122284273332],[75.84204082893763,12.330279971599513],[75.8429612993716,12.321728668687053],[75.84936093069334,12.312834450081903],[75.84606088775041,12.309738070004675],[75.8474446301562,12.308490777950578],[75.846948579558,12.30463980142647],[75.84940335003935,12.302782495199406],[75.85060811300625,12.297182599033633],[75.85245602390249,12.295515036167384],[75.85439092315923,12.296902728799195],[75.8544273678103,12.301264386859538],[75.85666554010365,12.304279237286373],[75.8594832119935,12.304654577159983],[75.86384534118164,12.303267301112452],[75.86909440399927,12.305486775672936],[75.874090760846,12.306277883244077],[75.88076034938535,12.310879081350498],[75.88361041362602,12.317509519792448],[75.88795445164266,12.321039369156978],[75.8796206522928,12.330142345561844],[75.87893576504212,12.331936677247409],[75.87955630596902,12.333256426991968]]]}},{"type":"Feature","properties":{"type":"village","name":"Napoklu","taluk":"Madikeri","district":"KODAGU","village_code":"617851"},"geometry":{"type":"Polygon","coordinates":[[[75.68673996493972,12.328813961240884],[75.67948777671785,12.335195126936743],[75.67953768980998,12.33213975633624],[75.67798368701344,12.330716250277456],[75.6730560009803,12.33224478774088],[75.6717688310608,12.331666504570007],[75.67085834090966,12.330297082043604],[75.67112464378067,12.32844844905799],[75.66780049005554,12.324494205324656],[75.66528160860898,12.325710315340183],[75.66491886799895,12.328214336908022],[75.66213292011336,12.32642488205368],[75.65987977919245,12.321729072393332],[75.65269950829557,12.320468772976822],[75.65307609284245,12.316880036049044],[75.65136116225267,12.312925394130353],[75.65173315371354,12.309711812098634],[75.65081376844438,12.308446300436337],[75.65326309333851,12.302195241199604],[75.66222057592215,12.295215803610112],[75.66286369780035,12.292503825166769],[75.66488607499949,12.292349873033265],[75.66761090780138,12.28785686758997],[75.6701844777841,12.286197694719958],[75.67253676755956,12.28644382197187],[75.67144492372218,12.29234893211686],[75.67245627042526,12.293347681377572],[75.67312712329628,12.292439095941788],[75.67543023030991,12.294129147813036],[75.67644589790949,12.293645273854139],[75.67963127629625,12.294639110020205],[75.67966383573375,12.296270694196409],[75.68190253264319,12.297657919411856],[75.68432156185433,12.303745586705622],[75.68331125180711,12.308211304180524],[75.68554975827371,12.308057143587552],[75.68757286220992,12.310619466291481],[75.68990352504488,12.311554559907057],[75.69244673376768,12.316674861627366],[75.69150034963268,12.31908862611929],[75.69183750263016,12.32551119982156],[75.69076687789817,12.32711146704028],[75.6883636527478,12.32588876829593],[75.68673996493972,12.328813961240884]]]}},{"type":"Feature","properties":{"type":"village","name":"Hoddur","taluk":"Madikeri","district":"KODAGU","village_code":"617836"},"geometry":{"type":"Polygon","coordinates":[[[75.74030825435166,12.329278858167942],[75.73466025690287,12.333253890774957],[75.73055685688956,12.337400110371043],[75.72719075902721,12.33468496094402],[75.71947399627634,12.339148611600498],[75.71568498595121,12.33625718457473],[75.71578542837977,12.334110248769159],[75.71807898181038,12.333237215805454],[75.71496181070646,12.331823592089302],[75.71609135683633,12.328049137313329],[75.71081760472141,12.324615737156027],[75.70947804685119,12.318595826979383],[75.71046979141643,12.315024896421873],[75.70995823769309,12.310781047741914],[75.71149674724587,12.306536488883012],[75.71307298963391,12.305559713224852],[75.71365614986519,12.303661275637246],[75.7173180548658,12.299420570670867],[75.7238720787371,12.298247697286921],[75.72835720435563,12.295760212917322],[75.73221388836433,12.29668992905909],[75.73228504122307,12.302276290374543],[75.73175673122469,12.303035858357322],[75.73095209136007,12.302412441592416],[75.72979445760626,12.304139423594876],[75.73289938467283,12.305725868724457],[75.73419644055201,12.307276598876477],[75.73391676535962,12.3087934586578],[75.73848852270756,12.309098759722565],[75.74037056599131,12.313947701996005],[75.7398119252757,12.318842871724556],[75.74205601836505,12.32090749461224],[75.74188308368973,12.32480359271469],[75.73970947780742,12.326562669767275],[75.74030825435166,12.329278858167942]]]}},{"type":"Feature","properties":{"type":"village","name":"Yemmemadu","taluk":"Madikeri","district":"KODAGU","village_code":"617844"},"geometry":{"type":"Polygon","coordinates":[[[75.63898331098709,12.331095635767118],[75.6355680600073,12.337473137337513],[75.63263962943618,12.333061835887339],[75.63205113770367,12.330417821351215],[75.6340185658552,12.328786089584717],[75.63339791802875,12.327913846279992],[75.63450111118144,12.324013207093778],[75.63708900300475,12.32072280624709],[75.63205075412304,12.314761323770664],[75.65081376844438,12.308446300436337],[75.65173315371354,12.309711812098634],[75.65136116225267,12.312925394130353],[75.65307609284245,12.316880036049044],[75.65269950829557,12.320468772976822],[75.65763183861874,12.320730431059108],[75.66090043693345,12.322470211120937],[75.66213292011336,12.32642488205368],[75.66491886799895,12.328214336908022],[75.66517642307574,12.329610939809958],[75.65880057285452,12.330190203400642],[75.65687010678367,12.331930512190452],[75.65720593117287,12.334235554126401],[75.65596931664096,12.334204101640506],[75.64691298613842,12.32993363076633],[75.64632432282767,12.327298652954504],[75.64487627811552,12.326824166433612],[75.64295061533653,12.3328897950627],[75.63898331098709,12.331095635767118]]]}},{"type":"Feature","properties":{"type":"village","name":"Arekadu","taluk":"Madikeri","district":"KODAGU","village_code":"617840"},"geometry":{"type":"Polygon","coordinates":[[[75.83191075924393,12.333542271659363],[75.83530458360758,12.341257422776991],[75.83123024589034,12.345410204311543],[75.82063753484219,12.33919416682194],[75.81441492193711,12.338255474570772],[75.81345767806867,12.33593737897263],[75.81375063215754,12.328673658633885],[75.81208371562137,12.323648506156673],[75.81309161459039,12.316619308812788],[75.8120340935834,12.309902084876274],[75.81532825166289,12.305046973294338],[75.81552160594295,12.308571086187863],[75.81713896601815,12.311305938172596],[75.82145419326699,12.315867256754707],[75.82372961330528,12.315451971178936],[75.82922818229476,12.31046315596768],[75.8306353455766,12.3069199510172],[75.82975792600429,12.303945738603801],[75.82644877055118,12.302322577846947],[75.82733191418845,12.29881989967373],[75.82861895564882,12.29833192934392],[75.83087575181462,12.298775364349359],[75.8349473379921,12.303404275083983],[75.83915303814997,12.304254677146808],[75.84248030274092,12.308517272071008],[75.84748116643546,12.310601493579844],[75.84936093069334,12.312834450081903],[75.8429612993716,12.321728668687053],[75.84204082893763,12.330279971599513],[75.8376923316839,12.329122284273332],[75.83191075924393,12.333542271659363]]]}},{"type":"Feature","properties":{"type":"village","name":"Puliyeri","taluk":"Virajpet","district":"KODAGU","village_code":"618028"},"geometry":{"type":"Polygon","coordinates":[[[75.88456726313403,12.285715095572527],[75.87267993423443,12.29032325419286],[75.86576989274467,12.290244905610933],[75.86195092989306,12.288663049744681],[75.8510409599377,12.277135188003918],[75.84881723524909,12.276171597905146],[75.84734542919936,12.272832900923946],[75.84017186871766,12.267182342098149],[75.83921957276979,12.261897098792947],[75.84370626055862,12.261493978901528],[75.85148952020009,12.257615622200994],[75.85839874062967,12.257486101812782],[75.86432857821063,12.25619774071419],[75.87160829530444,12.25731755622931],[75.87735320300605,12.254440936217287],[75.8783988321153,12.26140535998244],[75.88144325135927,12.266404080410101],[75.88615562020199,12.271220481063567],[75.88794276635745,12.275652894118442],[75.88767817567538,12.2784907398555],[75.88456726313403,12.285715095572527]]]}},{"type":"Feature","properties":{"type":"village","name":"Ballamavati","taluk":"Madikeri","district":"KODAGU","village_code":"617843"},"geometry":{"type":"Polygon","coordinates":[[[75.62025524562185,12.337251581628585],[75.61841644094764,12.336889877588709],[75.61552970298551,12.33223895178636],[75.61135090198054,12.335379934988174],[75.61344247820266,12.336952924078464],[75.61227473480862,12.33870204258875],[75.60886368524942,12.338697284428541],[75.60757663300926,12.336283617093184],[75.60407398224054,12.333142066396066],[75.60536603540189,12.329517364369377],[75.60204712514309,12.329272915080535],[75.60192789984025,12.326131662109061],[75.60069598798884,12.324947355182188],[75.60757770200443,12.321743480318824],[75.61703340371939,12.319027694813089],[75.62311032156352,12.31328775611402],[75.62662671655605,12.313776013734467],[75.62929281480972,12.315877727900515],[75.63205075412304,12.314761323770664],[75.63708900300475,12.32072280624709],[75.63450111118144,12.324013207093778],[75.63339791802875,12.327913846279992],[75.63118684700923,12.328456201774934],[75.62830005335157,12.333048286861414],[75.6269485146504,12.33328787783648],[75.62388238402433,12.330327323919308],[75.62081164773579,12.330630099664495],[75.62025524562185,12.337251581628585]]]}},{"type":"Feature","properties":{"type":"village","name":"Peroor","taluk":"Madikeri","district":"KODAGU","village_code":"617842"},"geometry":{"type":"Polygon","coordinates":[[[75.60069598798884,12.324947355182188],[75.59977649941351,12.326696428320627],[75.59523514374975,12.323979492645623],[75.58970492441786,12.32554717918307],[75.58743369681704,12.327906104955847],[75.58620568724723,12.332131938786794],[75.5842160707082,12.335012273998506],[75.57937890970284,12.33165554787024],[75.56484007029147,12.329001276701606],[75.56047395707502,12.321241764240924],[75.55481811733381,12.319818414036124],[75.54936757587268,12.313866300097882],[75.55065230237457,12.308582755639224],[75.55373212242726,12.306613128167653],[75.55662964376609,12.29842912237335],[75.55507785172348,12.292354511786165],[75.55581876420351,12.288445350849399],[75.55683462673751,12.28753720402218],[75.56637048243032,12.287580235932106],[75.57334762627515,12.28223066763153],[75.57509019533127,12.279879737121464],[75.57942640093695,12.27988055958456],[75.58366162602324,12.283686921151707],[75.58802017183176,12.2844124932792],[75.58869513539351,12.286828862628248],[75.59200997269085,12.288701942083122],[75.60128008067143,12.287072063788479],[75.60729632001305,12.28701220642991],[75.6091993686031,12.28779763886876],[75.61094441341615,12.290118844595666],[75.61137142489154,12.29773015258653],[75.61272284411673,12.296460176240522],[75.61480952991045,12.296401540153898],[75.6169007809424,12.29821407168844],[75.61941491389437,12.301897856761299],[75.62070633823502,12.30950920187178],[75.6248800547755,12.313192881192824],[75.62182322979747,12.313893427338103],[75.61703340371939,12.319027694813089],[75.60757770200443,12.321743480318824],[75.60069598798884,12.324947355182188]]]}},{"type":"Feature","properties":{"type":"village","name":"Balamuri","taluk":"Madikeri","district":"KODAGU","village_code":"617854"},"geometry":{"type":"Polygon","coordinates":[[[75.73818893456028,12.298329920287358],[75.72835720435563,12.295760212917322],[75.7238720787371,12.298247697286921],[75.7173180548658,12.299420570670867],[75.71365614986519,12.303661275637246],[75.71011508443999,12.297940293803288],[75.71183354540884,12.29621773420264],[75.71169071238035,12.295214367674976],[75.70974179760853,12.294875977409198],[75.71424269225353,12.284411294276774],[75.71628740067236,12.282747429157137],[75.71875084438778,12.282606465569783],[75.72029876109823,12.279835303043628],[75.73410516722755,12.279482396731412],[75.73523085329661,12.278650302880639],[75.73538597437988,12.276783536797813],[75.7370069816151,12.276798156975206],[75.74674791190752,12.28396785523759],[75.74277803478309,12.288362007402624],[75.73998164398233,12.28875623159993],[75.74243029873325,12.292464916713932],[75.74308278914155,12.299749705927557],[75.74156407576264,12.300979262721018],[75.73818893456028,12.298329920287358]]]}},{"type":"Feature","properties":{"type":"village","name":"Devamachi Forest","taluk":"Virajpet","district":"KODAGU","village_code":"618044"},"geometry":{"type":"Polygon","coordinates":[[[76.01713913527283,12.273446002738165],[76.00484985430101,12.289264516350421],[76.00254552917185,12.289425312197766],[75.99909302865049,12.297902666722207],[75.99285527284464,12.298084618667609],[75.98798269575923,12.29576949030268],[75.98416881377887,12.292438506113786],[75.96769352012693,12.27062701029838],[75.96139064544614,12.26370365826706],[75.94974021576166,12.254802917878623],[75.9480843080793,12.251332355941333],[75.95174998780072,12.244986226191122],[75.95518605005068,12.251330484349731],[75.96121599768355,12.255645868702986],[75.96375766399899,12.256764604185589],[75.96989936384983,12.25733541407267],[75.97537838280377,12.25548506101095],[75.9753108636304,12.252560414743169],[75.97950072828638,12.248854407991223],[75.9788628902987,12.247046553783779],[75.97588085994951,12.244925944036106],[75.96878744895406,12.242843866084616],[75.96487340212458,12.238258843964951],[75.96353911736509,12.234518037912675],[75.96360129874904,12.23023032378494],[75.96463874510438,12.22692679420174],[75.96591688426028,12.226129632025286],[75.97341514708967,12.22720480288326],[75.98046137856639,12.233050064789058],[75.9882695089648,12.245329401769466],[75.98864369321328,12.24760376806079],[75.9869959952343,12.251319838575112],[75.988506921118,12.251939383844945],[76.00057388792162,12.253767769903499],[76.00306080371712,12.252694132808035],[76.00655465728425,12.249593107908925],[76.013868918194,12.233311805372235],[76.01794264595512,12.234882692039953],[76.02760765333464,12.235131270921224],[76.03345609007614,12.236398169061616],[76.03980198327926,12.238725855109058],[76.0524067552738,12.24636723402483],[76.0509263433637,12.248531843157496],[76.04760364221438,12.248951240044045],[76.04024843968725,12.25267938400484],[76.03360107007813,12.251321365168868],[76.0308682916776,12.252231122175786],[76.02540001118454,12.251326949218711],[76.02555891507347,12.249138166433086],[76.02467673532848,12.248884692591776],[76.02063524630628,12.253840513737257],[76.01833005789615,12.260691603215411],[76.01534535595732,12.26573000011614],[76.0146951400833,12.27088225481267],[76.01725921217856,12.272085575137897],[76.01713913527283,12.273446002738165]]]}},{"type":"Feature","properties":{"type":"village","name":"Badagabanangala","taluk":"Virajpet","district":"KODAGU","village_code":"618037"},"geometry":{"type":"Polygon","coordinates":[[[76.01713913527283,12.273446002738165],[76.01464830102607,12.283953514582445],[76.0154187599941,12.287922127217163],[76.0145206908484,12.2923105090206],[76.00995447430914,12.297076952369075],[76.00465566099446,12.30543165406327],[76.0030647994235,12.306470460647084],[76.00041729899121,12.306311032988958],[75.99909286336049,12.307450732188766],[75.997600839827,12.310433062759511],[75.99712553312534,12.31636775529138],[75.99473115458387,12.317448945317702],[75.99478801883967,12.3212862641603],[75.99812763885906,12.326423792943858],[76.00099475581875,12.32863375858809],[76.0013709603783,12.330161605242887],[75.99557893334506,12.332070084656355],[75.99319493573503,12.336156948087817],[75.99000546462382,12.33820114175925],[75.9854831532441,12.33471827910487],[75.98117713103196,12.327026629894382],[75.97037064340408,12.31838687042132],[75.9492401478975,12.315008552920618],[75.94526890443555,12.316727876298048],[75.93881040561496,12.325477045883495],[75.93505043063647,12.325634111661016],[75.9313157117922,12.319881054779009],[75.9278980021235,12.309623958065416],[75.9221513750464,12.303272372370918],[75.9242167492083,12.3022831372136],[75.92622842477746,12.299418952197755],[75.92675725669702,12.295773963985923],[75.9278691221854,12.295148928171258],[75.92935108009615,12.291712044170755],[75.9330552175932,12.280360080592734],[75.93300090185787,12.273955478362321],[75.92945228609268,12.26824146281707],[75.92905473756203,12.265963470946403],[75.93027026863422,12.255002493379992],[75.9337638769613,12.248426680872178],[75.93299056224895,12.24056603412856],[75.93588027992288,12.23404402761789],[75.94470165067297,12.239231818617846],[75.95174998780072,12.244986226191122],[75.9480843080793,12.251332355941333],[75.94974021576166,12.254802917878623],[75.96139064544614,12.26370365826706],[75.96986525212354,12.27322980192299],[75.98416881377887,12.292438506113786],[75.98973052624798,12.296758118031494],[75.99285527284464,12.298084618667609],[75.99909302865049,12.297902666722207],[76.00254552917185,12.289425312197766],[76.00484985430101,12.289264516350421],[76.01713913527283,12.273446002738165]]]}},{"type":"Feature","properties":{"type":"village","name":"Konanjageri","taluk":"Madikeri","district":"KODAGU","village_code":"617855"},"geometry":{"type":"Polygon","coordinates":[[[75.73538597437988,12.276783536797813],[75.73523085329661,12.278650302880639],[75.73410516722755,12.279482396731412],[75.72029876109823,12.279835303043628],[75.71875084438778,12.282606465569783],[75.71628740067236,12.282747429157137],[75.71424269225353,12.284411294276774],[75.70979698830293,12.295079365163089],[75.70788631301612,12.292611779438618],[75.70574270816938,12.286627352122677],[75.71056565872524,12.276841075652968],[75.70909813763944,12.275511966231925],[75.7094446510822,12.272548883580239],[75.70871943396682,12.272507217682355],[75.708278442909,12.27182590158871],[75.70944683398835,12.272548949414247],[75.71207166543445,12.271180638127685],[75.7127281731087,12.271750244068894],[75.71805369064185,12.265404751388367],[75.72083337188003,12.265517796660257],[75.72172101697518,12.26471977400589],[75.72346683613601,12.265470227255074],[75.72501199142529,12.267862868767436],[75.7287964877161,12.270558593350342],[75.72760025515116,12.272040514759556],[75.72933859763386,12.274622994640254],[75.73238948384957,12.27682510458636],[75.73538597437988,12.276783536797813]]]}},{"type":"Feature","properties":{"type":"village","name":"B.Badaga","taluk":"Madikeri","district":"KODAGU","village_code":"617803"},"geometry":{"type":"Polygon","coordinates":[[[75.76143326744001,12.296341046825775],[75.75984957532339,12.302001367827584],[75.75706750276991,12.306530174024727],[75.74795482903444,12.313375334216639],[75.74831265406323,12.31150605797903],[75.74501134000421,12.307171546065623],[75.7465036402188,12.305490440850553],[75.74705648859747,12.302606527061164],[75.74566144089383,12.30067853640801],[75.74308278914155,12.299749705927557],[75.74243029873325,12.292464916713932],[75.7399318548577,12.289100197191136],[75.74210407104621,12.288829069344475],[75.74569813617491,12.285510955372578],[75.75149355614495,12.275382512572705],[75.75248114869694,12.27654003734262],[75.75201995093515,12.279943220381426],[75.75932637224737,12.282879854774334],[75.75880311706912,12.286811184965396],[75.76143326744001,12.296341046825775]]]}},{"type":"Feature","properties":{"type":"village","name":"Mekur Hosakeri","taluk":"Virajpet","district":"KODAGU","village_code":"618036"},"geometry":{"type":"Polygon","coordinates":[[[75.9242167492083,12.3022831372136],[75.92040397125741,12.303897469611533],[75.90691342266348,12.297950189891452],[75.89290707131485,12.28917744280606],[75.88949149783988,12.284283043119403],[75.88456726313403,12.285715095572527],[75.88767817567538,12.2784907398555],[75.88725434064281,12.273179590023478],[75.89654581235754,12.263025490967179],[75.92166643032006,12.252035961065646],[75.93292833325425,12.24482304963107],[75.9337638769613,12.248426680872178],[75.93027026863422,12.255002493379992],[75.92905473756203,12.265963470946403],[75.92945228609268,12.26824146281707],[75.93300090185787,12.273955478362321],[75.9330552175932,12.280360080592734],[75.92935108009615,12.291712044170755],[75.9278691221854,12.295148928171258],[75.92675725669702,12.295773963985923],[75.92622842477746,12.299418952197755],[75.9242167492083,12.3022831372136]]]}},{"type":"Feature","properties":{"type":"village","name":"Kaggodlu","taluk":"Madikeri","district":"KODAGU","village_code":"617817"},"geometry":{"type":"Polygon","coordinates":[[[75.78039501695,12.37904107630094],[75.75543813491431,12.39801019997647],[75.75031386336103,12.396354608833446],[75.74830442010534,12.391648532087315],[75.74794650165174,12.387286158841073],[75.74344721499105,12.384305109186908],[75.74154070159896,12.378768593738576],[75.74377287673946,12.375108396021181],[75.74622644078336,12.375284888427924],[75.75044412356878,12.373274849727549],[75.75764628640917,12.37635026936035],[75.77025242833452,12.376902341226465],[75.78039501695,12.37904107630094]]]}},{"type":"Feature","properties":{"type":"village","name":"Bettageri","taluk":"Madikeri","district":"KODAGU","village_code":"617806"},"geometry":{"type":"Polygon","coordinates":[[[75.70554063843443,12.352844169385191],[75.70694450939078,12.357003366772712],[75.70439609133767,12.359704551899283],[75.70303714872196,12.362815706243522],[75.70501030543005,12.364450867431731],[75.70472244029725,12.365978813901163],[75.7027457999225,12.366392315309175],[75.69863944175695,12.370371563730288],[75.69632259680768,12.368411020172791],[75.6873065000501,12.369244584202738],[75.68350179885194,12.365087924416317],[75.68181103743485,12.364048893923552],[75.6799797049472,12.364395695924314],[75.67847236423978,12.361107130134794],[75.6760076359335,12.358630735269521],[75.67595231678,12.357545955981363],[75.67727625564235,12.357134457084317],[75.67918436893399,12.358069662007717],[75.68050334011282,12.355624217949323],[75.68241135908136,12.35614370613755],[75.68264900838976,12.352293023379383],[75.68422155960029,12.350786180396403],[75.6909210341908,12.350554548794467],[75.69535322119133,12.351712186138384],[75.70201178111392,12.350055565222908],[75.70554063843443,12.352844169385191]]]}},{"type":"Feature","properties":{"type":"village","name":"Kudlurchettalli","taluk":"Somvarpet","district":"KODAGU","village_code":"617990"},"geometry":{"type":"Polygon","coordinates":[[[75.86839708675997,12.373535074800975],[75.86696680982584,12.377518309400912],[75.86513934009392,12.379496865763457],[75.8518968208415,12.383726540148366],[75.84103912475084,12.37565442932815],[75.83701460220938,12.369366390963163],[75.83494964306912,12.36413311361094],[75.84080261181124,12.362233403277738],[75.84556999438027,12.358172627904207],[75.86294186687283,12.36575037923449],[75.86630510180443,12.368666475804453],[75.86839708675997,12.373535074800975]]]}},{"type":"Feature","properties":{"type":"village","name":"Karadigodu","taluk":"Virajpet","district":"KODAGU","village_code":"618024"},"geometry":{"type":"Polygon","coordinates":[[[75.92981618822441,12.38388214866634],[75.91482780938696,12.388191891010578],[75.91313073101682,12.385638405057833],[75.91393942767324,12.38191408790714],[75.91271603274906,12.37887242188961],[75.90184590217824,12.368554875395121],[75.89786419873313,12.366674998229742],[75.90054843666728,12.358064676926967],[75.90360102698709,12.35707909800211],[75.90496162070632,12.35493663276074],[75.90364598766706,12.34754684876085],[75.90127364569787,12.345531247303402],[75.89745347371387,12.347348522947886],[75.8955777958922,12.347113624742061],[75.89265832062614,12.342110409371069],[75.89124689573657,12.341346600098571],[75.88389150276662,12.341161492621987],[75.88340412180924,12.336813530605413],[75.87905068292314,12.332727645391708],[75.88055383209141,12.32890392298268],[75.88270051007474,12.327516362645657],[75.88795445164266,12.321039369156978],[75.88361041362602,12.317509519792448],[75.88076034938535,12.310879081350498],[75.87936305140194,12.309681335265763],[75.874090760846,12.306277883244077],[75.86909440399927,12.305486775672936],[75.86384534118164,12.303267301112452],[75.8594832119935,12.304654577159983],[75.85666554010365,12.304279237286373],[75.8544273678103,12.301264386859538],[75.85475393955208,12.298141235666089],[75.8565692820277,12.296642403906567],[75.85724761786503,12.297885598928987],[75.86161604244671,12.30015096795797],[75.88187050717639,12.305202337194807],[75.8878014649565,12.30819625218182],[75.89810102877802,12.308482096950037],[75.90162287115444,12.311892424038303],[75.90773958975555,12.315224306889512],[75.9195225658602,12.317644128126057],[75.92105845592565,12.318841475412043],[75.92725640827959,12.329501717705073],[75.93655282521992,12.339080777648809],[75.9487629825815,12.349088359698358],[75.9515372927926,12.354598292349648],[75.93761142959514,12.372422993146891],[75.93363579786302,12.378570728573388],[75.93264342807035,12.381960727188684],[75.92981618822441,12.38388214866634]]]}},{"type":"Feature","properties":{"type":"village","name":" ","taluk":"Madikeri","district":"KODAGU","village_code":" "},"geometry":{"type":"Polygon","coordinates":[[[75.6818491538507,12.349825116759781],[75.68241135908136,12.35614370613755],[75.68050334011282,12.355624217949323],[75.67918436893399,12.358069662007717],[75.67828307124313,12.357134288603605],[75.67595231678,12.357545955981363],[75.67455857971838,12.354065989388083],[75.66973545219439,12.35037409082103],[75.66396121090547,12.350049489222753],[75.66106468220505,12.348309701860902],[75.65934959800336,12.345991238945336],[75.65961588739965,12.342881651909604],[75.65704592415277,12.341354207637036],[75.65790054987305,12.33803209242748],[75.65934850834691,12.336816136993743],[75.65720593117287,12.334235554126401],[75.65745839459863,12.330931597286682],[75.66046005942495,12.329611541840782],[75.66517642307574,12.329610939809958],[75.66463824957552,12.326867480638807],[75.66780049005554,12.324494205324656],[75.67112464378067,12.32844844905799],[75.67085834090966,12.330297082043604],[75.6717688310608,12.331666504570007],[75.6730560009803,12.33224478774088],[75.67798368701344,12.330716250277456],[75.67953768980998,12.33213975633624],[75.67948777671785,12.335195126936743],[75.6834455517387,12.331352274838421],[75.68392378694821,12.332374288854611],[75.68237033841223,12.334746975054172],[75.6837221259467,12.337381849019017],[75.68254123570851,12.340333481807281],[75.68479459671663,12.343655066742663],[75.68479523092722,12.346502534245435],[75.6818491538507,12.349825116759781]]]}},{"type":"Feature","properties":{"type":"village","name":" ","taluk":"Madikeri","district":"KODAGU","village_code":" "},"geometry":{"type":"Polygon","coordinates":[[[75.59823890434564,12.347442003387451],[75.58583435155656,12.355652788755924],[75.5833037929096,12.352337839196807],[75.58060129581895,12.350915504734079],[75.58138740972748,12.348195554058664],[75.58434172166024,12.34680510174571],[75.58500210107337,12.343947008673632],[75.58673082709096,12.341907215153677],[75.58698277308713,12.338074398210269],[75.5842160707082,12.335012273998506],[75.58620568724723,12.332131938786794],[75.58657387074956,12.329655146069664],[75.58823373730738,12.326875760843162],[75.59118058064689,12.324882939362997],[75.59523514374975,12.323979492645623],[75.59922488532003,12.326696379174734],[75.60069598798884,12.324947355182188],[75.60192789984025,12.326131662109061],[75.60204712514309,12.329272915080535],[75.60536603540189,12.329517364369377],[75.60407398224054,12.333142066396066],[75.60849598414238,12.337793331582848],[75.60886368524942,12.338697284428541],[75.60757635632815,12.340129931676648],[75.60818769760824,12.341883697562432],[75.60481309000518,12.345386185957803],[75.60358115839084,12.344540921031712],[75.59823890434564,12.347442003387451]]]}},{"type":"Feature","properties":{"type":"village","name":" ","taluk":"Madikeri","district":"KODAGU","village_code":" "},"geometry":{"type":"Polygon","coordinates":[[[75.66396121090547,12.350049489222753],[75.66277995415463,12.351947921759322],[75.65908403264916,12.354113319856488],[75.65645470603334,12.35795993141609],[75.65704788427674,12.358696622250058],[75.65549854822808,12.35855208505047],[75.65370542917431,12.356992926228154],[75.65398102691358,12.35455230280792],[75.65277173913262,12.352889099185566],[75.65271164992494,12.350222443687679],[75.64985223512046,12.351271223116287],[75.64836727324344,12.350154952208193],[75.64795334842512,12.34815276024729],[75.6463673359601,12.34926926258861],[75.64478126240961,12.34822076121264],[75.64429835326568,12.34523320031304],[75.64295132410726,12.34489426817639],[75.64060665384207,12.341775760926758],[75.63870802586153,12.342250394128865],[75.63695155807132,12.33373972156983],[75.63775135871148,12.332099007313253],[75.63951659136394,12.331149841923812],[75.64295061533653,12.3328897950627],[75.64487627811552,12.326824166433612],[75.64632432282767,12.327298652954504],[75.64761168857987,12.330358389851744],[75.65720593117287,12.334235554126401],[75.65934850834691,12.336816136993743],[75.65790054987305,12.33803209242748],[75.65704592415277,12.341354207637036],[75.65961588739965,12.342881651909604],[75.65983240743425,12.346886178378876],[75.66396121090547,12.350049489222753]]]}},{"type":"Feature","properties":{"type":"village","name":" ","taluk":"Madikeri","district":"KODAGU","village_code":" "},"geometry":{"type":"Polygon","coordinates":[[[75.57483231686096,12.381811186644953],[75.56852785934865,12.385511480068958],[75.56688636962663,12.385488527941977],[75.5632778730629,12.382346446143154],[75.56066120730273,12.384248642425606],[75.55919576581681,12.379253897772031],[75.55511057195939,12.371049514205714],[75.55428408596538,12.371091186389863],[75.55740955570587,12.370326881745566],[75.5584492128151,12.3681486551184],[75.56125382679397,12.367638648140245],[75.56278455783476,12.368628851857656],[75.56630260033755,12.36494613900979],[75.56814167360801,12.364770882127235],[75.56949756913828,12.366528768410248],[75.56922609825943,12.367491341328169],[75.57340014088834,12.369941989152546],[75.57388651842759,12.374692348025539],[75.57540328336063,12.377359284741226],[75.57483231686096,12.381811186644953]]]}},{"type":"Feature","properties":{"type":"village","name":"Maldare","taluk":"Virajpet","district":"KODAGU","village_code":"618025"},"geometry":{"type":"Polygon","coordinates":[[[75.95615647040773,12.35071904797013],[75.95374326856783,12.351930967173505],[75.9515372927926,12.354598292349648],[75.9487629825815,12.349088359698358],[75.93655282521992,12.339080777648809],[75.92725640827959,12.329501717705073],[75.92105845592565,12.318841475412043],[75.91705992164538,12.316681105152881],[75.90773958975555,12.315224306889512],[75.89860424074566,12.309315199615746],[75.8960718710951,12.303763579195461],[75.89752745985898,12.296213348297695],[75.90010139904932,12.293661415932124],[75.90691342266348,12.297950189891452],[75.92040397125741,12.303897469611533],[75.9221513750464,12.303272372370918],[75.9278980021235,12.309623958065416],[75.9313157117922,12.319881054779009],[75.93505043063647,12.325634111661016],[75.93881040561496,12.325477045883495],[75.94526890443555,12.316727876298048],[75.9492401478975,12.315008552920618],[75.97037064340408,12.31838687042132],[75.98117713103196,12.327026629894382],[75.9854831532441,12.33471827910487],[75.99000546462382,12.33820114175925],[75.98724731959626,12.338450913057391],[75.98172322587634,12.342516276066467],[75.97507573409635,12.342292719413976],[75.97046598160516,12.345629897993598],[75.96106865690896,12.343603503718763],[75.95615647040773,12.35071904797013]]]}},{"type":"Feature","properties":{"type":"village","name":"Abyathamangala","taluk":"Somvarpet","district":"KODAGU","village_code":"617991"},"geometry":{"type":"Polygon","coordinates":[[[75.85531595972982,12.351534702009554],[75.84080261181124,12.362233403277738],[75.83494964306912,12.36413311361094],[75.82494522073426,12.351732390201745],[75.83530458360758,12.341257422776991],[75.83191075924393,12.333542271659363],[75.8386879354116,12.334844411727794],[75.85155737444508,12.332502907930126],[75.85632322897979,12.3381789296553],[75.86061290365038,12.339845454417635],[75.86935148117233,12.338778503982704],[75.87718956769055,12.335237921988126],[75.87955630596902,12.333256426991968],[75.88340412180924,12.336813530605413],[75.88389150276662,12.341161492621987],[75.85531595972982,12.351534702009554]]]}},{"type":"Feature","properties":{"type":"village","name":"Hoskeri","taluk":"Madikeri","district":"KODAGU","village_code":"617831"},"geometry":{"type":"Polygon","coordinates":[[[75.82494522073426,12.351732390201745],[75.82261334427533,12.357047148083417],[75.81936221639627,12.360400117633679],[75.8193808726081,12.366369658087347],[75.8159785025712,12.365454152352916],[75.80329487556267,12.359514976037953],[75.79950934980255,12.35430691513372],[75.79598981340146,12.346183035130808],[75.78873645197977,12.33881278694455],[75.7805525023991,12.343313996606165],[75.77591894275628,12.341776266398549],[75.7762055232982,12.334650897714344],[75.77983340460742,12.33420971464579],[75.78317081207625,12.33139911357437],[75.78727739392227,12.324813702805255],[75.78841588457739,12.324970301213163],[75.7935783956157,12.32778368300582],[75.7975488602383,12.332288940023556],[75.80694836604401,12.335051358681069],[75.81335575791148,12.33817714029563],[75.82063753484219,12.33919416682194],[75.83123024589034,12.345410204311543],[75.82494522073426,12.351732390201745]]]}},{"type":"Feature","properties":{"type":"village","name":"Valnur Hyagathur","taluk":"Somvarpet","district":"KODAGU","village_code":"617993"},"geometry":{"type":"Polygon","coordinates":[[[75.90011175303125,12.35921722402115],[75.89048379397069,12.360647729297597],[75.86839708675997,12.373535074800975],[75.86630510180443,12.368666475804453],[75.86294186687283,12.36575037923449],[75.84556999438027,12.358172627904207],[75.85139646641476,12.35361713708137],[75.86341940678629,12.348202871811994],[75.87930801701437,12.342215274430739],[75.88941269133494,12.341012206047454],[75.89265832062614,12.342110409371069],[75.8955777958922,12.347113624742061],[75.89745347371387,12.347348522947886],[75.90127364569787,12.345531247303402],[75.90364598766706,12.34754684876085],[75.90496162070632,12.35493663276074],[75.90418476393683,12.356577358345115],[75.90104492115181,12.357703013933026],[75.90011175303125,12.35921722402115]]]}},{"type":"Feature","properties":{"type":"village","name":"Karugunda","taluk":"Madikeri","district":"KODAGU","village_code":"617805"},"geometry":{"type":"Polygon","coordinates":[[[75.67680983058389,12.381451880813735],[75.67290290739462,12.376475223689605],[75.66657723526853,12.381592583296074],[75.66030596601438,12.383066783358512],[75.65730314415796,12.379379003384242],[75.6543285491644,12.381038017182274],[75.65588242619677,12.378800606808683],[75.65464957291094,12.372893381781502],[75.649233481841,12.372789884684494],[75.65041481225369,12.369363827017313],[75.65266299716913,12.369309407655303],[75.65432715408075,12.367519434372316],[75.65480906609471,12.359609763108322],[75.65549854822808,12.35855208505047],[75.65704788427674,12.358696622250058],[75.65645470603334,12.35795993141609],[75.65908403264916,12.354113319856488],[75.66277995415463,12.351947921759322],[75.66396121090547,12.350049489222753],[75.66973545219439,12.35037409082103],[75.67455857971838,12.354065989388083],[75.67600724426802,12.356596858273324],[75.6760076359335,12.358630735269521],[75.67917140893938,12.362268569428132],[75.6795992810008,12.36369222505862],[75.67755406503386,12.366485080821992],[75.67701881195666,12.36980649689904],[75.6753577614193,12.371493803646292],[75.67584052593445,12.373655215918868],[75.6791640867715,12.377239541928674],[75.67680983058389,12.381451880813735]]]}},{"type":"Feature","properties":{"type":"village","name":"Maragodu","taluk":"Madikeri","district":"KODAGU","village_code":"617830"},"geometry":{"type":"Polygon","coordinates":[[[75.8097437417485,12.381193304411667],[75.80357750441567,12.383076399844342],[75.8026757593638,12.385114520910074],[75.79809069167831,12.388543713882859],[75.79787422194936,12.389809148878687],[75.78896695878339,12.386158024836918],[75.78070596788727,12.379750637296885],[75.7803950456961,12.379041106133576],[75.78764565108645,12.37735785188857],[75.78854695955711,12.374806758021904],[75.78264373097316,12.367384827106482],[75.7790189533433,12.358167102285226],[75.77364641888649,12.349664739652331],[75.77244888286604,12.344638742814514],[75.77591894275628,12.341776266398549],[75.7805525023991,12.343313996606165],[75.78873645197977,12.33881278694455],[75.79598981340146,12.346183035130808],[75.79950934980255,12.35430691513372],[75.80329487556267,12.359514976037953],[75.8193808726081,12.366369658087347],[75.81991103223763,12.374108715872724],[75.81716580408558,12.37569001923126],[75.81497273889761,12.375495141178147],[75.8097437417485,12.381193304411667]]]}},{"type":"Feature","properties":{"type":"village","name":"Nanjarayapatna","taluk":"Somvarpet","district":"KODAGU","village_code":"617989"},"geometry":{"type":"Polygon","coordinates":[[[75.89823204716387,12.367316796902827],[75.86986626703411,12.38292554995623],[75.8674824463922,12.388496907317533],[75.8630328168038,12.391360515363367],[75.86044995644438,12.399600346152095],[75.8542267802956,12.391849598571957],[75.8518968208415,12.383726540148366],[75.86513934009392,12.379496865763457],[75.86696680982584,12.377518309400912],[75.86839708675997,12.373535074800975],[75.87631571712485,12.369551890010355],[75.88396922769995,12.364136644591326],[75.89048379397069,12.360647729297597],[75.89938167423355,12.358772718028373],[75.90011175303125,12.35921722402115],[75.89783652792744,12.365395944112917],[75.89823204716387,12.367316796902827]]]}},{"type":"Feature","properties":{"type":"village","name":"Cherangala","taluk":"Madikeri","district":"KODAGU","village_code":"617795"},"geometry":{"type":"Polygon","coordinates":[[[75.50426408084033,12.386293713917498],[75.49915623318535,12.383883290181778],[75.49620575256729,12.38528867088824],[75.49148361544415,12.389797432159856],[75.48242920464136,12.3910807817572],[75.48956104825963,12.385813408403692],[75.49125085297091,12.38271403005726],[75.49265672627202,12.377801762952169],[75.49195726116089,12.365495893872557],[75.49331658735724,12.362336323660186],[75.50638592040605,12.355745208831062],[75.50971376800359,12.356261908940425],[75.52271638317625,12.348783065713928],[75.5272595839796,12.34416138564752],[75.53000853564852,12.350819092847072],[75.52798525743914,12.354221005700502],[75.53569952736513,12.358688007847494],[75.53419941180755,12.360991019705057],[75.53212308089412,12.369157466146337],[75.53238320694926,12.374391502756692],[75.52844690076536,12.376274771849827],[75.527913231418,12.377164929131215],[75.52868106461044,12.378280081786448],[75.52656586359471,12.377812830030798],[75.52119056142851,12.378805367748939],[75.51400687783186,12.37728431398407],[75.5115047427788,12.379481876650106],[75.50623538432397,12.381364087704881],[75.50447831915413,12.383300179581179],[75.50426408084033,12.386293713917498]]]}},{"type":"Feature","properties":{"type":"village","name":"Bhagamandala","taluk":"Madikeri","district":"KODAGU","village_code":"617797"},"geometry":{"type":"Polygon","coordinates":[[[75.52528286365478,12.393212557033042],[75.52272783400117,12.394415580755476],[75.51559650421929,12.393941554692022],[75.51080853495888,12.389646942380011],[75.50607257635683,12.388388475775262],[75.50383891091128,12.385027382703903],[75.50447831915413,12.383300179581179],[75.50708710129935,12.380840987290222],[75.5115047427788,12.379481876650106],[75.51517777880409,12.376970717276144],[75.51831693886952,12.378542469128435],[75.52656586359471,12.377812830030798],[75.53057436917463,12.379678885632389],[75.5345651105698,12.380204615390141],[75.53856268814434,12.378950321053525],[75.54138648205283,12.380466889364692],[75.53672018420778,12.383726628767246],[75.53569439079833,12.385704239600946],[75.52950083030781,12.386648836636164],[75.52528286365478,12.393212557033042]]]}},{"type":"Feature","properties":{"type":"village","name":"Bengooru","taluk":"Madikeri","district":"KODAGU","village_code":"617804"},"geometry":{"type":"Polygon","coordinates":[[[75.65370542917431,12.356992926228154],[75.65253288787834,12.354823577718745],[75.6498067399429,12.356044116968118],[75.64097978436668,12.356858189813863],[75.63828577096561,12.35797924170098],[75.63418510183078,12.364727341661464],[75.63076903607903,12.360659562275828],[75.62780834520943,12.362151095022151],[75.62429122168317,12.365644866379835],[75.62042471010525,12.36544133506386],[75.62066851107676,12.358349874114253],[75.61966635503735,12.355158830757127],[75.62125252111431,12.351461721086332],[75.61797938720574,12.348306868305869],[75.6214962403391,12.348383793742535],[75.6234960572482,12.346277585708005],[75.6216342197701,12.34363353695685],[75.6215332042164,12.340239154616583],[75.62025524562185,12.337251581628585],[75.62081164773579,12.330630099664495],[75.62388238402433,12.330327323919308],[75.6269485146504,12.33328787783648],[75.62830005335157,12.333048286861414],[75.63118684700923,12.328456201774934],[75.63346687270999,12.327913778704682],[75.6340185658552,12.328786089584717],[75.63205113770367,12.330417821351215],[75.63305336740493,12.334621215355495],[75.6355680600073,12.337473137337513],[75.63695155807132,12.33373972156983],[75.63870802586153,12.342250394128865],[75.64060665384207,12.341775760926758],[75.64295132410726,12.34489426817639],[75.64429835326568,12.34523320031304],[75.64478126240961,12.34822076121264],[75.6463673359601,12.34926926258861],[75.64795334842512,12.34815276024729],[75.64836727324344,12.350154952208193],[75.64985223512046,12.351271223116287],[75.65271164992494,12.350222443687679],[75.65277173913262,12.352889099185566],[75.65398102691358,12.35455230280792],[75.65370542917431,12.356992926228154]]]}},{"type":"Feature","properties":{"type":"village","name":"B.Badaga","taluk":"Madikeri","district":"KODAGU","village_code":"617803"},"geometry":{"type":"Polygon","coordinates":[[[75.62042471010525,12.36544133506386],[75.61470802387659,12.368808689150018],[75.60960043942801,12.36792579338964],[75.60605032527295,12.368757912905808],[75.60502992085688,12.368476774823206],[75.60433781204958,12.366669721992443],[75.60115159463633,12.367998235340096],[75.59956089835539,12.367315616706296],[75.59968318062516,12.36546500585067],[75.59821401562237,12.363136149397985],[75.58832166620402,12.35803996914178],[75.58681436861575,12.355412741759366],[75.59823890434564,12.347442003387451],[75.60358115839084,12.344540921031712],[75.60481309000518,12.345386185957803],[75.60548430399895,12.344902626790068],[75.60640852220428,12.342968236391764],[75.60818769760824,12.341883697562432],[75.60800395799666,12.339162771973013],[75.61227473480862,12.33870204258875],[75.61344247820266,12.336952924078464],[75.61135090198054,12.335379934988174],[75.61552970298551,12.33223895178636],[75.61841644094764,12.336889877588709],[75.62025524562185,12.337251581628585],[75.6215332042164,12.340239154616583],[75.6216342197701,12.34363353695685],[75.6234960572482,12.346277585708005],[75.6214962403391,12.348383793742535],[75.61797938720574,12.348306868305869],[75.62125252111431,12.351461721086332],[75.61966635503735,12.355158830757127],[75.62066851107676,12.358349874114253],[75.62042471010525,12.36544133506386]]]}},{"type":"Feature","properties":{"type":"village","name":" ","taluk":"Madikeri","district":"KODAGU","village_code":" "},"geometry":{"type":"Polygon","coordinates":[[[75.54138648205283,12.380466889364692],[75.53856268814434,12.378950321053525],[75.5345651105698,12.380204615390141],[75.53057436917463,12.379678885632389],[75.527913231418,12.377164929131215],[75.53238320694926,12.374391502756692],[75.53212308089412,12.369157466146337],[75.53419941180755,12.360991019705057],[75.53569952736513,12.358688007847494],[75.5416870942795,12.360021373939393],[75.54493051461341,12.359132466599403],[75.54705966377058,12.357198571007306],[75.55132517555668,12.356674447299074],[75.55382460937567,12.36253819104889],[75.55918651227107,12.368119367032078],[75.55786515696347,12.368469388317402],[75.55740955570587,12.370326881745566],[75.55405473170032,12.371152649602767],[75.55405445412087,12.37219961999948],[75.55229629300638,12.371627883199517],[75.54947714877777,12.3748157430521],[75.54138648205283,12.380466889364692]]]}},{"type":"Feature","properties":{"type":"village","name":"Kumbaladalu","taluk":"Madikeri","district":"KODAGU","village_code":"617834"},"geometry":{"type":"Polygon","coordinates":[[[75.73062829361592,12.356182231325876],[75.72540331463105,12.356215981994149],[75.72132179488315,12.357315442161234],[75.71570688238626,12.356162619045882],[75.71039020697049,12.357027821057107],[75.70648858563801,12.355551660248775],[75.70554063843443,12.352844169385191],[75.7085393963125,12.351446797934264],[75.70907838009309,12.349571866379282],[75.70726625717947,12.347271912242679],[75.70794143364195,12.343588843383369],[75.70637576981473,12.340774307049314],[75.70675827336102,12.338776571583999],[75.7042015207387,12.334519709262716],[75.7109222171295,12.33389627339919],[75.7129124427263,12.335729898275703],[75.71578487861082,12.334114462034984],[75.71568498595121,12.33625718457473],[75.71947399627634,12.339148611600498],[75.72719075902721,12.33468496094402],[75.73055685688956,12.337400110371043],[75.73466025690287,12.333253890774957],[75.7378377804208,12.333616288736652],[75.73840034677423,12.3379939568405],[75.73710499140589,12.340821142345659],[75.73668672772473,12.346086727682874],[75.73794879961349,12.347258260402564],[75.73255362761154,12.351010774926493],[75.73199440478761,12.354630499678507],[75.73062829361592,12.356182231325876]]]}},{"type":"Feature","properties":{"type":"village","name":"Kanthur","taluk":"Madikeri","district":"KODAGU","village_code":"617832"},"geometry":{"type":"Polygon","coordinates":[[[75.77244888286604,12.344638742814514],[75.77048987372537,12.343310204712374],[75.76392240207427,12.343750040333735],[75.75388424530553,12.348080416348168],[75.7549471562042,12.340140307076844],[75.7546190708012,12.333826703108212],[75.75614372294243,12.32928431067844],[75.7520121553551,12.322012624117715],[75.74912509759272,12.322475755923117],[75.74795482903444,12.313375334216639],[75.75706750276991,12.306530174024727],[75.75984957532339,12.302001367827584],[75.76143326744001,12.296341046825775],[75.76924091184989,12.302937712110374],[75.77807873793935,12.317442551734596],[75.77771332663798,12.320931073764303],[75.77429482196024,12.328310734298698],[75.7762055232982,12.334650897714344],[75.77645018665237,12.340781407375538],[75.77244888286604,12.344638742814514]]]}},{"type":"Feature","properties":{"type":"village","name":"Hakathoor","taluk":"Madikeri","district":"KODAGU","village_code":"617818"},"geometry":{"type":"Polygon","coordinates":[[[75.77244888286604,12.344638742814514],[75.77364641888649,12.349664739652331],[75.7790189533433,12.358167102285226],[75.78264373097316,12.367384827106482],[75.78828233024745,12.37415577421324],[75.78833451517895,12.376524969198128],[75.78616226575276,12.378060299719552],[75.7803950456961,12.379041106133576],[75.77025242833452,12.376902341226465],[75.75764628640917,12.37635026936035],[75.75289213961753,12.374297049212812],[75.75443312582557,12.363675561680635],[75.75388424530553,12.348080416348168],[75.76392240207427,12.343750040333735],[75.77048987372537,12.343310204712374],[75.77244888286604,12.344638742814514]]]}},{"type":"Feature","properties":{"type":"village","name":"Biligeri","taluk":"Madikeri","district":"KODAGU","village_code":"617930"},"geometry":{"type":"Polygon","coordinates":[[[75.74377287673946,12.375108396021181],[75.74070733720481,12.37346094617428],[75.73356579627308,12.377114564274375],[75.73006073442616,12.377699625191893],[75.727717406244,12.382200288272744],[75.72197109896715,12.379428271895604],[75.72042468513814,12.379533092155864],[75.71961737907375,12.376224097085133],[75.72003698034635,12.373569649784978],[75.72250397330548,12.372412497938775],[75.72593610542609,12.366034069311906],[75.72334149510273,12.362863596718347],[75.72397168932571,12.361208744377997],[75.72593380933219,12.360104965761293],[75.72758597283647,12.356586449302743],[75.72964723271436,12.35666519576103],[75.73146906012798,12.35542354302338],[75.73209833717102,12.351700378203496],[75.73427011138844,12.3493899554166],[75.74148712877036,12.3448438163684],[75.74647071067544,12.349546617234006],[75.75388424979711,12.348080448816924],[75.7545960254209,12.355032076113517],[75.75289213961753,12.374297049212812],[75.74912462507888,12.373377002380277],[75.74622644078336,12.375284888427924],[75.74377287673946,12.375108396021181]]]}},{"type":"Feature","properties":{"type":"village","name":"Aruvathoklu","taluk":"Madikeri","district":"KODAGU","village_code":"617814"},"geometry":{"type":"Polygon","coordinates":[[[75.71901154716133,12.388689905927986],[75.71555958473084,12.388275280788315],[75.71154227296617,12.3824561147245],[75.70907652417372,12.381763943671062],[75.70759615358608,12.378438423243015],[75.70245248830412,12.373866672084283],[75.70224066915338,12.372203752803683],[75.69863944175695,12.370371563730288],[75.7027457999225,12.366392315309175],[75.70472244029725,12.365978813901163],[75.70501030543005,12.364450867431731],[75.70303714872196,12.362815706243522],[75.70439609133767,12.359704551899283],[75.70694450939078,12.357003366772712],[75.70648858563801,12.355551660248775],[75.71039020697049,12.357027821057107],[75.71570688238626,12.356162619045882],[75.72132179488315,12.357315442161234],[75.72540331463105,12.356215981994149],[75.72758597283647,12.356586449302743],[75.72593380933219,12.360104965761293],[75.72348135291101,12.362001759876325],[75.72358702443283,12.363415057400207],[75.7260760081501,12.365310116418465],[75.72537604357566,12.367792314756956],[75.72250397330548,12.372412497938775],[75.72003698034635,12.373569649784978],[75.72042468513814,12.379533092155864],[75.71901154716133,12.388689905927986]]]}},{"type":"Feature","properties":{"type":"village","name":"Paloor","taluk":"Madikeri","district":"KODAGU","village_code":"617852"},"geometry":{"type":"Polygon","coordinates":[[[75.70294546127417,12.33370783637639],[75.70675827336102,12.338776571583999],[75.70637576981473,12.340774307049314],[75.70779904527951,12.342688301793343],[75.70726625717947,12.347271912242679],[75.70907838009309,12.349571866379282],[75.7085393963125,12.351446797934264],[75.70554063843443,12.352844169385191],[75.7010130251979,12.349956639779501],[75.70014232682054,12.350895742002514],[75.6985000124451,12.350550937775868],[75.69740057514862,12.351596423424251],[75.69535322119133,12.351712186138384],[75.6909210341908,12.350554548794467],[75.68422155960029,12.350786180396403],[75.68264900838976,12.352293023379383],[75.68163317460188,12.35056186999193],[75.68479523092722,12.346502534245435],[75.68479459671663,12.343655066742663],[75.68275762638572,12.341440768052662],[75.68372200287749,12.337011222893027],[75.68237033841223,12.334746975054172],[75.68392378694821,12.332374288854611],[75.68344128833438,12.331348332703547],[75.68673996493972,12.328813961240884],[75.6883636527478,12.32588876829593],[75.69036679611837,12.326401959845375],[75.6911722291954,12.330514759406428],[75.69408653375866,12.329908382360573],[75.69463791608678,12.328972669638183],[75.69264256021141,12.327920057944315],[75.69242556496798,12.326780330046018],[75.69845574706116,12.326170497120154],[75.70011129362075,12.327949101290555],[75.70207522912244,12.336059747092255],[75.70288672403099,12.335908419003639],[75.70294546127417,12.33370783637639]]]}},{"type":"Feature","properties":{"type":"village","name":"Mutharmudi","taluk":"Madikeri","district":"KODAGU","village_code":"617833"},"geometry":{"type":"Polygon","coordinates":[[[75.75388424979711,12.348080448816924],[75.74647071067544,12.349546617234006],[75.74418697223763,12.348151959936452],[75.74201284084094,12.344981485580076],[75.73794879961349,12.347258260402564],[75.73668672772473,12.346086727682874],[75.73710499140589,12.340821142345659],[75.73840034677423,12.3379939568405],[75.7378377804208,12.333616288736652],[75.73623325457606,12.332862180094827],[75.73987220312958,12.33004253939001],[75.74172648397949,12.331518930905245],[75.74617661392949,12.331206815112496],[75.74689973258039,12.32663015328414],[75.74963381174148,12.322244252872508],[75.7520121553551,12.322012624117715],[75.75614372294243,12.32928431067844],[75.7546190708012,12.333826703108212],[75.7549471562042,12.340140307076844],[75.75388424979711,12.348080448816924]]]}},{"type":"Feature","properties":{"type":"village","name":"Aiyangeri","taluk":"Madikeri","district":"KODAGU","village_code":"617807"},"geometry":{"type":"Polygon","coordinates":[[[75.56776377841913,12.364997935623295],[75.56630729672985,12.364945788018789],[75.56621201961418,12.362866610000037],[75.56680894203564,12.360253590343545],[75.56924926670894,12.356787705122166],[75.56545520964855,12.353053760989251],[75.5659980112691,12.34996076064997],[75.56515882309698,12.348684266154129],[75.56174407068218,12.346390260957472],[75.55800480007437,12.341376308899571],[75.55496937296641,12.340202244425353],[75.54971238161808,12.335561067620832],[75.54309924590612,12.334652453662024],[75.53908961294051,12.32915818766592],[75.53139152526609,12.331128740252122],[75.51760332169938,12.314309188431784],[75.51614011971347,12.3135619682366],[75.51277878831198,12.315213781303678],[75.51061085079917,12.314679550880658],[75.5083900276689,12.311158807679416],[75.50535514494001,12.310037521235387],[75.49915701921121,12.304954220255034],[75.49878885457349,12.301868915854682],[75.49210244508045,12.294354148970834],[75.48869812480106,12.292896018258496],[75.48395638284521,12.293298472158952],[75.48230188012796,12.292434284279508],[75.48677852924347,12.28719358221582],[75.48693176386465,12.284366474755315],[75.49136386372858,12.278240996662953],[75.49387983643025,12.272870969605426],[75.49712781481594,12.27232507687956],[75.49810139005622,12.269958183878742],[75.50131808640876,12.270181675706619],[75.50348712256118,12.271461079951742],[75.50538099575893,12.27080203689043],[75.5064222644458,12.267952471286787],[75.50553973884944,12.265179532365563],[75.51149343837928,12.260336962127822],[75.51177031531951,12.257601950778152],[75.5272793316445,12.267340590001663],[75.53350407984503,12.267735595321799],[75.54169699820554,12.263188955604129],[75.55834228904178,12.256058247350643],[75.57131042597553,12.259564906675221],[75.57423977013329,12.26341463981524],[75.57578191067647,12.266789085415526],[75.57211842823422,12.274153944768587],[75.57509019533127,12.279879737121464],[75.57334762627515,12.28223066763153],[75.56637048243032,12.287580235932106],[75.55683462673751,12.28753720402218],[75.55581876420351,12.288445350849399],[75.55507785172348,12.292354511786165],[75.55662964376609,12.29842912237335],[75.55373212242726,12.306613128167653],[75.55065230237457,12.308582755639224],[75.54936757587268,12.313866300097882],[75.55481811733381,12.319818414036124],[75.56047395707502,12.321241764240924],[75.56484007029147,12.329001276701606],[75.57937890970284,12.33165554787024],[75.58503476830866,12.335570368171416],[75.58698277308713,12.338074398210269],[75.58673082709096,12.341907215153677],[75.58500210107337,12.343947008673632],[75.58434172166024,12.34680510174571],[75.58138740972748,12.348195554058664],[75.58060129581895,12.350915504734079],[75.58371225597097,12.352925199393969],[75.58449764943062,12.354563870175713],[75.58399456861702,12.356418085769564],[75.58153566678364,12.356492693960941],[75.57963065896794,12.358473878822359],[75.57687368983512,12.357499801109949],[75.57358790944397,12.361529951162673],[75.57337962426557,12.359446132979759],[75.57192653102156,12.359482901812472],[75.57270277064845,12.363094360117376],[75.5702293762946,12.362433944864703],[75.56776377841913,12.364997935623295]]]}},{"type":"Feature","properties":{"type":"village","name":"Singathuru","taluk":"Madikeri","district":"KODAGU","village_code":"617802"},"geometry":{"type":"Polygon","coordinates":[[[75.58512019988882,12.38305863830006],[75.5850851287618,12.38307666657899],[75.5850990400723,12.383069484924228],[75.58512019988882,12.38305863830006]]]}},{"type":"Feature","properties":{"type":"village","name":"Singathuru","taluk":"Madikeri","district":"KODAGU","village_code":"617802"},"geometry":{"type":"Polygon","coordinates":[[[75.58512019988882,12.38305863830006],[75.5851013972516,12.383068322347231],[75.5850851287618,12.38307666657899],[75.58512019988882,12.38305863830006]]]}},{"type":"Feature","properties":{"type":"village","name":"Singathuru","taluk":"Madikeri","district":"KODAGU","village_code":"617802"},"geometry":{"type":"Polygon","coordinates":[[[75.59054136644016,12.388559793958958],[75.58578711544395,12.393433408147992],[75.58141541470646,12.387435002222167],[75.58095576923346,12.38650837465694],[75.58220219875814,12.384036259346917],[75.57931526137003,12.381238001208041],[75.57903057896826,12.379366750965351],[75.57483231686096,12.381811186644953],[75.57540328336063,12.377359284741226],[75.57388651842759,12.374692348025539],[75.57340014088834,12.369941989152546],[75.56922609825943,12.367491341328169],[75.56949756913828,12.366528768410248],[75.56776377841913,12.364997935623295],[75.5702293762946,12.362433944864703],[75.57270277064845,12.363094360117376],[75.57192653102156,12.359482901812472],[75.57337962426557,12.359446132979759],[75.57358790944397,12.361529951162673],[75.57687368983512,12.357499801109949],[75.57963065896794,12.358473878822359],[75.58153566678364,12.356492693960941],[75.58341260494166,12.356598529043826],[75.58411541178566,12.361827272331551],[75.5869407840341,12.36551053367578],[75.58725786058332,12.366739976754767],[75.58577478516835,12.368404070643141],[75.58994275877922,12.373165411568587],[75.593016154081,12.374138828087354],[75.5925562382151,12.379594463884107],[75.58817044201245,12.382482426753938],[75.5866164320294,12.382342058170556],[75.58379501685978,12.38390379622032],[75.58499518314737,12.384597289121634],[75.58941142415328,12.38393772931914],[75.59124836931485,12.38529322727383],[75.59054136644016,12.388559793958958]]]}},{"type":"Feature","properties":{"type":"village","name":"Katakeri (Rural)","taluk":"Madikeri","district":"KODAGU","village_code":"617812"},"geometry":{"type":"Polygon","coordinates":[[[75.7411848780166,12.408055122664743],[75.73767638280863,12.413057954436363],[75.73236687055893,12.413011224214094],[75.7289949219691,12.418771154600647],[75.72715779534785,12.415990095267103],[75.72041022226207,12.418750663588076],[75.71539857159762,12.419386734326471],[75.7085188653167,12.418543017083477],[75.70561202665176,12.417254004683084],[75.70589071010401,12.41343996809599],[75.70802435263427,12.410893288386005],[75.70304629985975,12.404404018186641],[75.7064002776523,12.399025982030485],[75.70997801590067,12.395363291629947],[75.7119995397003,12.390304460094828],[75.71539011306092,12.38807746494647],[75.71901154716133,12.388689905927986],[75.72032546621503,12.391502494366122],[75.72187543288095,12.391917711875822],[75.72666847672438,12.39884508991412],[75.72878219282498,12.39953722704076],[75.73103780680788,12.402654463941573],[75.73625058756949,12.401613100101097],[75.73949385339316,12.407570782907836],[75.74026862157962,12.407154724406949],[75.7411848780166,12.408055122664743]]]}},{"type":"Feature","properties":{"type":"village","name":"Mekeri","taluk":"Madikeri","district":"KODAGU","village_code":"617815"},"geometry":{"type":"Polygon","coordinates":[[[75.75543813491431,12.39801019997647],[75.75198481423111,12.405382940134281],[75.74920203919511,12.408792173047516],[75.74516637395088,12.406905766291032],[75.7411848780166,12.408055122664743],[75.74026862157962,12.407154724406949],[75.73949385339316,12.407570782907836],[75.73625058756949,12.401613100101097],[75.73103780680788,12.402654463941573],[75.72878219282498,12.39953722704076],[75.72666847672438,12.39884508991412],[75.72187543288095,12.391917711875822],[75.72032546621503,12.391502494366122],[75.71901154716133,12.388689905927986],[75.72000635138842,12.385669155572778],[75.7198992928678,12.38042952595849],[75.72197109896715,12.379428271895604],[75.727717406244,12.382200288272744],[75.73006073442616,12.377699625191893],[75.73356579627308,12.377114564274375],[75.73511170255394,12.375722480173911],[75.74170719894695,12.373530077730907],[75.74377287673946,12.375108396021181],[75.74154070159896,12.378768593738576],[75.74250892827006,12.382826664154978],[75.74445662492636,12.385248419741027],[75.74794650165174,12.387286158841073],[75.74830442010534,12.391648532087315],[75.75031386336103,12.396354608833446],[75.75543813491431,12.39801019997647]]]}},{"type":"Feature","properties":{"type":"village","name":"Kundacheri","taluk":"Madikeri","district":"KODAGU","village_code":"617798"},"geometry":{"type":"Polygon","coordinates":[[[75.54418652270859,12.404618248153156],[75.53681118624101,12.407834620837736],[75.53432725375058,12.402062749006763],[75.53555178055201,12.400806812094867],[75.53549903686843,12.399393387142876],[75.53236056940409,12.394837974079854],[75.53044366340248,12.397559400868024],[75.52501373917545,12.401221758596575],[75.52426913372128,12.399912762804362],[75.52562369704998,12.391963088564319],[75.52950083030781,12.386648836636164],[75.53569439079833,12.385704239600946],[75.53672018420778,12.383726628767246],[75.54947714877777,12.3748157430521],[75.55048878833163,12.372931491221792],[75.55229629300638,12.371627883199517],[75.55405445412087,12.37219961999948],[75.55405473170032,12.371152649602767],[75.55511057195939,12.371049514205714],[75.5606677757841,12.384247658846055],[75.55796805718263,12.389935171570762],[75.55218227793219,12.395467092996881],[75.54939374110198,12.40079292616655],[75.54418652270859,12.404618248153156]]]}},{"type":"Feature","properties":{"type":"village","name":"Rangasamudra","taluk":"Somvarpet","district":"KODAGU","village_code":"617994"},"geometry":{"type":"Polygon","coordinates":[[[75.91003742815005,12.404054617138257],[75.89448541126903,12.406942390695596],[75.88959830842549,12.403024360874426],[75.88800903417763,12.400420918651413],[75.89086916224443,12.393651742747164],[75.88901478886807,12.385034316875126],[75.8897297175785,12.38235269863108],[75.89823204716387,12.367316796902827],[75.90184590217824,12.368554875395121],[75.91271603274906,12.37887242188961],[75.91367719417045,12.380734417093368],[75.9138845747454,12.383654175386663],[75.90868153890796,12.398221920669966],[75.91003742815005,12.404054617138257]]]}},{"type":"Feature","properties":{"type":"village","name":"Cherala Srimangala","taluk":"Somvarpet","district":"KODAGU","village_code":"617967"},"geometry":{"type":"Polygon","coordinates":[[[75.86044995644438,12.399600346152095],[75.85912548488106,12.402151630083186],[75.85605290435123,12.404338357693163],[75.8491395965871,12.406810979728737],[75.84635820405832,12.408815294201958],[75.83530086188735,12.404526155083058],[75.83143372328536,12.405280543832031],[75.82814892115958,12.407440828633469],[75.82765999779484,12.401270440417871],[75.82472104435847,12.39627120672405],[75.82400676782494,12.392053447971184],[75.80679647889576,12.381829671268875],[75.8097437417485,12.381193304411667],[75.81497273889761,12.375495141178147],[75.818618778752,12.37526551010377],[75.82026054156186,12.37357088874232],[75.81936221639627,12.360400117633679],[75.82261334427533,12.357047148083417],[75.82494522073426,12.351732390201745],[75.8331493689341,12.361164792653465],[75.84103912475084,12.37565442932815],[75.8518968208415,12.383726540148366],[75.8542267802956,12.391849598571957],[75.86044995644438,12.399600346152095]]]}},{"type":"Feature","properties":{"type":"village","name":"Irale Valamudi","taluk":"Somvarpet","district":"KODAGU","village_code":"617966"},"geometry":{"type":"Polygon","coordinates":[[[75.82765999779484,12.401270440417871],[75.82801615105888,12.409133041858604],[75.82414817432873,12.413193724261633],[75.81812231492876,12.412945055292882],[75.81134187877493,12.411225152247402],[75.79992791980918,12.403997446635747],[75.79299658465396,12.401559011208782],[75.79526895401351,12.398825303611197],[75.79930138172945,12.399169999358348],[75.79989094066052,12.395857165686374],[75.79809069167831,12.388543713882859],[75.8026757593638,12.385114520910074],[75.80357750441567,12.383076399844342],[75.80679647889576,12.381829671268875],[75.82400676782494,12.392053447971184],[75.82472104435847,12.39627120672405],[75.82765999779484,12.401270440417871]]]}},{"type":"Feature","properties":{"type":"village","name":" ","taluk":"Madikeri","district":"KODAGU","village_code":" "},"geometry":{"type":"Polygon","coordinates":[[[75.68265536127545,12.387594249744133],[75.68056085744384,12.389716789990182],[75.67890177511528,12.393409720594775],[75.67059391282262,12.398315040730866],[75.67016204056323,12.400421309075837],[75.66710907384935,12.401583319188285],[75.66486558981777,12.404535056619151],[75.65703782943375,12.390777804895707],[75.65398017081912,12.390721030693886],[75.65360756760556,12.388667414714472],[75.65116566099908,12.385386308958552],[75.6543285491644,12.381038017182274],[75.65730314415796,12.379379003384242],[75.66030596601438,12.383066783358512],[75.66127154085876,12.383120898899548],[75.66855873912226,12.380534611676483],[75.67290290739462,12.376475223689605],[75.68265536127545,12.387594249744133]]]}},{"type":"Feature","properties":{"type":"village","name":" ","taluk":"Somvarpet","district":"KODAGU","village_code":" "},"geometry":{"type":"Polygon","coordinates":[[[75.9223016012097,12.427015398364505],[75.90814206374891,12.428771385868217],[75.90169256604746,12.430856455393693],[75.899771369692,12.427262108104944],[75.89680436636093,12.42432038460477],[75.89521472739708,12.42044132856227],[75.89448541126903,12.406942390695596],[75.91003742815005,12.404054617138257],[75.91134968172717,12.407220422793237],[75.91529989832327,12.409592812668533],[75.92199698070021,12.420601929745432],[75.9234000081385,12.423417564299752],[75.9223016012097,12.427015398364505]]]}},{"type":"Feature","properties":{"type":"village","name":"Thannimani","taluk":"Madikeri","district":"KODAGU","village_code":"617794"},"geometry":{"type":"Polygon","coordinates":[[[75.50359533541693,12.423236412786013],[75.49627303189047,12.425251041207282],[75.48916967744316,12.42537915308539],[75.48453323780151,12.424085869753464],[75.48406491280626,12.42067778463299],[75.48126222481534,12.418133062816183],[75.47887561310785,12.417960038430989],[75.47672424681706,12.416374914629417],[75.47581737687648,12.41289740913225],[75.47745741671766,12.409419009680537],[75.47736681443473,12.398344316654825],[75.48242920464136,12.3910807817572],[75.49148361544415,12.389797432159856],[75.49620575256729,12.38528867088824],[75.49915623318535,12.383883290181778],[75.50490256292008,12.386608096984364],[75.50607257635683,12.388388475775262],[75.51080853495888,12.389646942380011],[75.51559650421929,12.393941554692022],[75.52272783400117,12.394415580755476],[75.52528286365478,12.393212557033042],[75.52426913372128,12.399912762804362],[75.52501373917545,12.401221758596575],[75.53044366340248,12.397559400868024],[75.53236056940409,12.394837974079854],[75.53549903686843,12.399393387142876],[75.53555178055201,12.400806812094867],[75.53432725375058,12.402062749006763],[75.53681118624101,12.407834620837736],[75.53055400526546,12.412492309820589],[75.52731727019388,12.41221542562073],[75.50359533541693,12.423236412786013]]]}},{"type":"Feature","properties":{"type":"village","name":"Kundacheri","taluk":"Madikeri","district":"KODAGU","village_code":"617798"},"geometry":{"type":"Polygon","coordinates":[[[75.58309378925405,12.40339618393879],[75.57806224629594,12.405915606958324],[75.57309594258705,12.405762202309448],[75.56993723518107,12.404245930255538],[75.55923264076091,12.408012689597236],[75.55551336305807,12.408350508069686],[75.54418652270859,12.404618248153156],[75.54939374110198,12.40079292616655],[75.55218227793219,12.395467092996881],[75.55644259565932,12.391951650951224],[75.5606665783298,12.384244794093762],[75.5632778730629,12.382346446143154],[75.56688636962663,12.385488527941977],[75.56852785934865,12.385511480068958],[75.57903057896826,12.379366750965351],[75.57931526137003,12.381238001208041],[75.58220219875814,12.384036259346917],[75.58095576923346,12.38650837465694],[75.58141541470646,12.387435002222167],[75.58578711544395,12.393433408147992],[75.58646085280537,12.392994230839937],[75.58465389969618,12.395623758765566],[75.58458769924965,12.399453544316723],[75.58309378925405,12.40339618393879]]]}},{"type":"Feature","properties":{"type":"village","name":"Kolagadalu","taluk":"Madikeri","district":"KODAGU","village_code":"617801"},"geometry":{"type":"Polygon","coordinates":[[[75.62446884107274,12.41116536539004],[75.61313384312214,12.416687741037125],[75.60461058997721,12.422855248681714],[75.60375278242417,12.424753061103626],[75.60107256624755,12.424858235096082],[75.59919621109614,12.427072239221657],[75.59614070215,12.427493637384114],[75.59506866706299,12.426966311673523],[75.59614103901822,12.424330487334283],[75.59480132663779,12.420850851952569],[75.59287188284975,12.418530956001844],[75.59058780035718,12.418113898228816],[75.59217556633365,12.414260605779427],[75.58815625402086,12.408144595650445],[75.59611763970173,12.404191261984451],[75.59738676426375,12.4021023816568],[75.59694535009945,12.3967592936791],[75.60992563944235,12.387848552126998],[75.61817868743468,12.380072969835316],[75.61470802387659,12.368808689150018],[75.62042471010525,12.36544133506386],[75.62429122168317,12.365644866379835],[75.62780834520943,12.362151095022151],[75.63076903607903,12.360659562275828],[75.63418510183078,12.364727341661464],[75.63828577096561,12.35797924170098],[75.64097978436668,12.356858189813863],[75.6498067399429,12.356044116968118],[75.65253288787834,12.354823577718745],[75.65398129011997,12.357368060751782],[75.65556745260366,12.358249245947489],[75.65394987513618,12.365250569994776],[75.65432715408075,12.367519434372316],[75.65266299716913,12.369309407655303],[75.65041481225369,12.369363827017313],[75.64902194206628,12.371895028639884],[75.649233481841,12.372789884684494],[75.65464957291094,12.372893381781502],[75.65588242619677,12.378800606808683],[75.651593258176,12.38438741484813],[75.64939144070223,12.390129660684849],[75.64639029330547,12.393503904883673],[75.64060205177287,12.398512541728369],[75.63111520816199,12.403626544766988],[75.62446884107274,12.41116536539004]]]}},{"type":"Feature","properties":{"type":"village","name":"Bettathur","taluk":"Madikeri","district":"KODAGU","village_code":"617800"},"geometry":{"type":"Polygon","coordinates":[[[75.66486232174675,12.404529970653813],[75.66183539809126,12.407765824741857],[75.65422457725509,12.41187873425447],[75.64548814491005,12.419365530121992],[75.6394978471172,12.423201641738089],[75.63069927021911,12.413737387145293],[75.62446884107274,12.41116536539004],[75.63111520816199,12.403626544766988],[75.64060205177287,12.398512541728369],[75.64639029330547,12.393503904883673],[75.64939144070223,12.390129660684849],[75.65115965396477,12.385384784899443],[75.65360756760556,12.388667414714472],[75.65398017081912,12.390721030693886],[75.65703782943375,12.390777804895707],[75.66486232174675,12.404529970653813]]]}},{"type":"Feature","properties":{"type":"village","name":"Madikeri (CMC)","taluk":"Madikeri","district":"KODAGU","village_code":"803187"},"geometry":{"type":"Polygon","coordinates":[[[75.73763781274359,12.438522750255265],[75.7357546438708,12.444672574615945],[75.73491112222574,12.445014520095619],[75.73101688055333,12.443819438369607],[75.72678742624441,12.444641239832494],[75.72539749803957,12.443714495740368],[75.72336096518822,12.438932596052986],[75.72063046042365,12.437859706713496],[75.72021783367093,12.435357024630713],[75.7176361492062,12.43213693314514],[75.71783422413311,12.430952086765991],[75.71986828571916,12.4294385450187],[75.72140673688146,12.429682036426096],[75.72294296022187,12.42402044670357],[75.71539857159762,12.419386734326471],[75.72041022226207,12.418750663588076],[75.72715779534785,12.415990095267103],[75.7289949219691,12.418771154600647],[75.73316056984167,12.4124252932785],[75.73767638280863,12.413057954436363],[75.7411848780166,12.408055122664743],[75.74516637395088,12.406905766291032],[75.74939121181754,12.4091052559743],[75.75743183968623,12.409425431720777],[75.7594932226333,12.410649411794353],[75.7587818108272,12.415546610683151],[75.75309270736933,12.420214726015164],[75.75672779406544,12.430365427763176],[75.75091220781559,12.439902686869251],[75.74910317869977,12.44208047233725],[75.74488536476032,12.443107155405881],[75.73763781274359,12.438522750255265]]]}},{"type":"Feature","properties":{"type":"village","name":"Kadagadalu","taluk":"Madikeri","district":"KODAGU","village_code":"617829"},"geometry":{"type":"Polygon","coordinates":[[[75.78696354142663,12.415875355052535],[75.77669236257147,12.417785933097555],[75.764350605614,12.413771640965853],[75.75743183968623,12.409425431720777],[75.74920203919511,12.408792173047516],[75.75198481423111,12.405382940134281],[75.75543813491431,12.39801019997647],[75.78039501695,12.37904107630094],[75.78896695878339,12.386158024836918],[75.79787422194936,12.389809148878687],[75.79963859221913,12.393818688118769],[75.79930138172945,12.399169999358348],[75.79526895401351,12.398825303611197],[75.79244925732098,12.402060524917683],[75.79058680719189,12.402633935689146],[75.78854860527073,12.406330454957148],[75.78884189892277,12.409295462580028],[75.78617825306988,12.412761204880677],[75.78696354142663,12.415875355052535]]]}},{"type":"Feature","properties":{"type":"village","name":"Ibnivalvadi (Rural)","taluk":"Madikeri","district":"KODAGU","village_code":"617828"},"geometry":{"type":"Polygon","coordinates":[[[75.77973400242796,12.445566277082737],[75.77061574296803,12.444573271032983],[75.76802046070486,12.442593581916714],[75.76487050738135,12.436890675863017],[75.76367863344214,12.436473615081312],[75.75779707940936,12.438163297225216],[75.75547838213397,12.439880530794449],[75.7535720690662,12.437783867366067],[75.75295023276864,12.43633865306333],[75.75683435312277,12.429050724571207],[75.75297177975906,12.420741775032191],[75.75353019140428,12.419207558305775],[75.75424094474526,12.419613656929561],[75.7587818108272,12.415546610683151],[75.75949349033125,12.4113224007217],[75.7666811337017,12.414709867009739],[75.77669236257147,12.417785933097555],[75.78696354142663,12.415875355052535],[75.78963812965799,12.420925009213084],[75.79181259522802,12.423004793742864],[75.79372904758043,12.426589542018045],[75.79349403482738,12.427859562725207],[75.78736785067812,12.43043377399158],[75.78587719258385,12.432322535768265],[75.78058977978843,12.429274368313367],[75.77777094368196,12.428852957246484],[75.78307620779871,12.433474093158777],[75.78842217098774,12.440368529812671],[75.78787432442856,12.442140073134276],[75.7833679141277,12.440714791630697],[75.78259849540873,12.444606026026271],[75.77973400242796,12.445566277082737]]]}},{"type":"Feature","properties":{"type":"village","name":"Heravanadu","taluk":"Madikeri","district":"KODAGU","village_code":"617813"},"geometry":{"type":"Polygon","coordinates":[[[75.71539011306092,12.38807746494647],[75.7119995397003,12.390304460094828],[75.70997801590067,12.395363291629947],[75.7064002776523,12.399025982030485],[75.70304629985975,12.404404018186641],[75.69566946859553,12.395322250644966],[75.6949409807142,12.39200032660733],[75.69129008007582,12.391457109700973],[75.68909540510687,12.385342757013955],[75.68744392432222,12.384958120825575],[75.68265003606247,12.387596249341865],[75.67680677810858,12.381457512985714],[75.6791640867715,12.377239541928674],[75.67530435208407,12.372442762148246],[75.67701881195666,12.36980649689904],[75.67755406503386,12.366485080821992],[75.67958997984435,12.363690585045342],[75.68350179885194,12.365087924416317],[75.6873065000501,12.369244584202738],[75.69632259680768,12.368411020172791],[75.69770763817736,12.37004807413109],[75.70224066915338,12.372203752803683],[75.70245248830412,12.373866672084283],[75.70759615358608,12.378438423243015],[75.70907652417372,12.381763943671062],[75.71154227296617,12.3824561147245],[75.71539011306092,12.38807746494647]]]}},{"type":"Feature","properties":{"type":"village","name":"Singathuru","taluk":"Madikeri","district":"KODAGU","village_code":"617802"},"geometry":{"type":"Polygon","coordinates":[[[75.61470802387659,12.368808689150018],[75.61829988813281,12.378776407262],[75.61643363813005,12.382334460598958],[75.60992563944235,12.387848552126998],[75.59750540655997,12.396165738669467],[75.59680892565217,12.397267359164086],[75.59738676426375,12.4021023816568],[75.59507067210268,12.404966883402533],[75.58309378925405,12.40339618393879],[75.58522282971508,12.394418970945708],[75.59153096133694,12.386618454746628],[75.59124836931485,12.38529322727383],[75.58941142415328,12.38393772931914],[75.58499518314737,12.384597289121634],[75.58379501685978,12.38390379622032],[75.58895217124407,12.382030580366262],[75.5925562382151,12.379594463884107],[75.59290966419394,12.378413023335453],[75.59283955607594,12.373791308105213],[75.58994275877922,12.373165411568587],[75.58577478516835,12.368404070643141],[75.58725875440703,12.36673632033113],[75.58411541178566,12.361827272331551],[75.58341260494166,12.356598529043826],[75.58449764943062,12.354563870175713],[75.58681809392925,12.355411827394498],[75.58832166620402,12.35803996914178],[75.59821401562237,12.363136149397985],[75.59968318062516,12.36546500585067],[75.59956089835539,12.367315616706296],[75.60115159463633,12.367998235340096],[75.60433781204958,12.366669721992443],[75.60502992085688,12.368476774823206],[75.60605032527295,12.368757912905808],[75.60960043942801,12.36792579338964],[75.61470802387659,12.368808689150018]]]}},{"type":"Feature","properties":{"type":"village","name":"Kalakeri Nidugane (Rural)","taluk":"Madikeri","district":"KODAGU","village_code":"617824"},"geometry":{"type":"Polygon","coordinates":[[[75.73101688055333,12.443819438369607],[75.73096399763085,12.449068840310275],[75.72667312101441,12.453399807989275],[75.72331666656659,12.455024517349337],[75.72375896736811,12.460327857874585],[75.71916805165012,12.467210435417885],[75.71156070190423,12.460028703634338],[75.7083133361696,12.45916379726898],[75.70811796876494,12.452502538679793],[75.70169721715257,12.450153805228238],[75.70121883461937,12.449146562328488],[75.7021738560558,12.445318294351633],[75.70476875204339,12.444108735658874],[75.70695318801474,12.440817371358895],[75.70449407777224,12.439273429748956],[75.70339985070443,12.434304028701133],[75.70658523537942,12.4324960164174],[75.7110040599401,12.439083022250806],[75.7195392400171,12.437567437415872],[75.72336096518822,12.438932596052986],[75.72539749803957,12.443714495740368],[75.72678742624441,12.444641239832494],[75.73101688055333,12.443819438369607]]]}},{"type":"Feature","properties":{"type":"village","name":"Monnangeri","taluk":"Madikeri","district":"KODAGU","village_code":"617823"},"geometry":{"type":"Polygon","coordinates":[[[75.7083133361696,12.45916379726898],[75.7022476580463,12.463703943707378],[75.69924264969046,12.464577794051843],[75.68926994596993,12.461893875788128],[75.68715289532301,12.4630360252887],[75.6812097653708,12.458806278895613],[75.6739013363239,12.457128636033719],[75.6711004943709,12.454039812253876],[75.6790219041233,12.448077033630009],[75.68886243961437,12.437805208671001],[75.69275745204129,12.437067578186467],[75.69555765169886,12.435051074569186],[75.6993149676641,12.43565583623492],[75.70272682391041,12.43410914712226],[75.704698446296,12.437594419346077],[75.70449407777224,12.439273429748956],[75.70695318801474,12.440817371358895],[75.70476875204339,12.444108735658874],[75.7021738560558,12.445318294351633],[75.70121883461937,12.449146562328488],[75.70169721715257,12.450153805228238],[75.70811796876494,12.452502538679793],[75.7083133361696,12.45916379726898]]]}},{"type":"Feature","properties":{"type":"village","name":"Made","taluk":"Madikeri","district":"KODAGU","village_code":"617811"},"geometry":{"type":"Polygon","coordinates":[[[75.67157877000457,12.455047109841304],[75.66298515002676,12.46391161726117],[75.64975136599219,12.443134618351154],[75.6446671386393,12.431393744957585],[75.6394978471172,12.423201641738089],[75.64548814491005,12.419365530121992],[75.65422457725509,12.41187873425447],[75.66183539809126,12.407765824741857],[75.66710907384935,12.401583319188285],[75.67016204056323,12.400421309075837],[75.67059391282262,12.398315040730866],[75.67890177511528,12.393409720594775],[75.68056085744384,12.389716789990182],[75.68265536127545,12.387594249744133],[75.68858400230046,12.385031846966013],[75.69129008007582,12.391457109700973],[75.6949409807142,12.39200032660733],[75.69566946859553,12.395322250644966],[75.70791334691627,12.410594420257555],[75.70589071010401,12.41343996809599],[75.70561202665176,12.417254004683084],[75.7085188653167,12.418543017083477],[75.71539857159762,12.419386734326471],[75.72294296022187,12.42402044670357],[75.72140673688146,12.429682036426096],[75.71986828571916,12.4294385450187],[75.71783422413311,12.430952086765991],[75.7176361492062,12.43213693314514],[75.72021783367093,12.435357024630713],[75.72063046042365,12.437859706713496],[75.7110040599401,12.439083022250806],[75.70658523537942,12.4324960164174],[75.6993149676641,12.43565583623492],[75.69555765169886,12.435051074569186],[75.69275745204129,12.437067578186467],[75.68742790736071,12.438813415781105],[75.6790219041233,12.448077033630009],[75.67144185507716,12.45330102001845],[75.67157877000457,12.455047109841304]]]}},{"type":"Feature","properties":{"type":"village","name":"Horur","taluk":"Somvarpet","district":"KODAGU","village_code":"617965"},"geometry":{"type":"Polygon","coordinates":[[[75.81648944723682,12.43003648765649],[75.80812823399941,12.444444641414961],[75.79973007485104,12.446447013167825],[75.79753062533635,12.448620208643373],[75.79639209695198,12.44684952357983],[75.79456442330248,12.446224116674152],[75.7849740659231,12.447913212566043],[75.78041798687181,12.446714043264345],[75.77973400242796,12.445566277082737],[75.78259849540873,12.444606026026271],[75.7833679141277,12.440714791630697],[75.78787432442856,12.442140073134276],[75.78842217098774,12.440368529812671],[75.78307620779871,12.433474093158777],[75.77777094368196,12.428852957246484],[75.78058977978843,12.429274368313367],[75.78587719258385,12.432322535768265],[75.78736785067812,12.43043377399158],[75.79372874933975,12.42743478065914],[75.78625581001823,12.414456139159931],[75.78617825306988,12.412761204880677],[75.78884189892277,12.409295462580028],[75.78854860527073,12.406330454957148],[75.79058680719189,12.402633935689146],[75.79299658465396,12.401559011208782],[75.79992791980918,12.403997446635747],[75.81372554221167,12.412110928194492],[75.82290328721139,12.413245491116724],[75.8220281430717,12.41803574494801],[75.81747008503187,12.427615532723761],[75.81746954783934,12.430114837345988],[75.81648944723682,12.43003648765649]]]}},{"type":"Feature","properties":{"type":"village","name":"Attur Forest","taluk":"Somvarpet","district":"KODAGU","village_code":"617988"},"geometry":{"type":"Polygon","coordinates":[[[75.88929608282454,12.451240693666781],[75.8829248777917,12.452080467062375],[75.8816532837609,12.451247446250456],[75.88205054842396,12.446359422681907],[75.8778516772589,12.433550339929306],[75.87907015390692,12.42477661596895],[75.87566628997168,12.419309299932229],[75.8737194772576,12.413685771285968],[75.86044995644438,12.399600346152095],[75.8630328168038,12.391360515363367],[75.8674824463922,12.388496907317533],[75.86986626703411,12.38292554995623],[75.89823204716387,12.367316796902827],[75.8897297175785,12.38235269863108],[75.88901478886807,12.385034316875126],[75.89086916224443,12.393651742747164],[75.88800903417763,12.400420918651413],[75.88959830842549,12.403024360874426],[75.89448541126903,12.406942390695596],[75.89521472739708,12.42044132856227],[75.89680436636093,12.42432038460477],[75.899771369692,12.427262108104944],[75.90169256604746,12.430856455393693],[75.89430925433679,12.439988632105072],[75.89281933825094,12.448487368735112],[75.88929608282454,12.451240693666781]]]}},{"type":"Feature","properties":{"type":"village","name":"Kedakal Negadal","taluk":"Somvarpet","district":"KODAGU","village_code":"617956"},"geometry":{"type":"Polygon","coordinates":[[[75.79702360091862,12.460960552386261],[75.78394543563397,12.472398471082721],[75.7828059972562,12.473127035263623],[75.78142853587093,12.472449639346403],[75.78201307232122,12.467815651924017],[75.78434642022057,12.462349237670475],[75.78959368461099,12.457144079433036],[75.78879919121752,12.456206576764457],[75.78116906828086,12.454924064243166],[75.77893447577395,12.453386532754811],[75.7777216971398,12.449801912148253],[75.77899702097562,12.445915401306442],[75.78399386201428,12.447912857300834],[75.79236566459227,12.44617140286538],[75.7957563825816,12.446458856284876],[75.79710709662935,12.447474552660154],[75.79882699310602,12.45450449037582],[75.7985609273902,12.45820130538181],[75.79702360091862,12.460960552386261]]]}},{"type":"Feature","properties":{"type":"village","name":"Andagove","taluk":"Somvarpet","district":"KODAGU","village_code":"617962"},"geometry":{"type":"Polygon","coordinates":[[[75.88582571840547,12.451240817350119],[75.8847661654093,12.454286882282386],[75.87684513564432,12.464076020293133],[75.86824606199441,12.478959470085707],[75.8657027041513,12.47674642526443],[75.85208476277197,12.476172592175978],[75.84355460787066,12.468660613357994],[75.84143557194695,12.46547108586039],[75.8405887642646,12.458636922698316],[75.84130477903821,12.453325954730374],[75.83258880133218,12.454209724951312],[75.83252665498252,12.43996383032738],[75.83567977037588,12.435356238623276],[75.842601058773,12.42893969391839],[75.84444210564213,12.428744729363691],[75.85121632455589,12.432312236845128],[75.85850090692526,12.43434356433004],[75.85850072995713,12.435957771341437],[75.85546733214338,12.43979113539516],[75.85472539378729,12.442758987079717],[75.8562481513816,12.4479399951745],[75.8612280852283,12.455334280628405],[75.86514887840559,12.455282464263897],[75.8752158261792,12.450908972119775],[75.88170629604078,12.450492373325964],[75.8829248777917,12.452080467062375],[75.88582571840547,12.451240817350119]]]}},{"type":"Feature","properties":{"type":"village","name":"Kushalnagar (TP)","taluk":"Somvarpet","district":"KODAGU","village_code":"803189"},"geometry":{"type":"Polygon","coordinates":[[[75.96703643214101,12.46535005210284],[75.97120030763755,12.469357655391589],[75.97161018644383,12.470894195748292],[75.9671720175618,12.471573634155199],[75.96376951637085,12.474819892367295],[75.96644284606252,12.477720642597593],[75.96693129691342,12.480450457175523],[75.96604017264316,12.483822428643073],[75.96385561539925,12.484695465598298],[75.95232886127148,12.483631094336467],[75.9440884579651,12.481524445590592],[75.93568859022105,12.476996253177182],[75.92845605444259,12.478702942193365],[75.92323658302874,12.478339383912145],[75.92053380117216,12.476126874963214],[75.91952594442398,12.469592311788697],[75.9167699248104,12.464906454438275],[75.92254483085263,12.461963683820569],[75.93343402726704,12.465007836077387],[75.9386002375677,12.465423225663313],[75.9411696744018,12.46401679381247],[75.94281148572072,12.461204667710374],[75.94561327180311,12.449044427997002],[75.96042744215413,12.451517172263213],[75.96270372816832,12.450734596757414],[75.9656643893935,12.447447805091613],[75.9677568226084,12.44731609880299],[75.97167625304138,12.450365588739558],[75.96889507610824,12.45369755937236],[75.96706674309534,12.459759102256795],[75.96703643214101,12.46535005210284]]]}},{"type":"Feature","properties":{"type":"village","name":"Anekad Forest","taluk":"Somvarpet","district":"KODAGU","village_code":"617983"},"geometry":{"type":"Polygon","coordinates":[[[75.92845605444259,12.478702942193365],[75.92774125868281,12.481508329166502],[75.92853720285547,12.487131695131641],[75.91642923694226,12.489242404613364],[75.90924886094248,12.487967629953319],[75.89843888605466,12.489062091049718],[75.8960672232118,12.484857609253728],[75.89675584296253,12.481889607969007],[75.89993476066577,12.47709905098604],[75.89953702528553,12.473337038768813],[75.88929608282454,12.451240693666781],[75.89281933825094,12.448487368735112],[75.90225048092431,12.451038149408117],[75.90580136583391,12.46039733564094],[75.90932501112913,12.461724652302985],[75.91406707558018,12.461047194125427],[75.91743239370489,12.465505167079932],[75.91952594442398,12.469592311788697],[75.91955308791862,12.473341291007793],[75.92114333144865,12.476959935987903],[75.92538274987065,12.478963837131568],[75.92845605444259,12.478702942193365]]]}},{"type":"Feature","properties":{"type":"village","name":"Kanbylu Baichanalli","taluk":"Somvarpet","district":"KODAGU","village_code":"617963"},"geometry":{"type":"Polygon","coordinates":[[[75.85129001605357,12.475560768669522],[75.84959402733988,12.479049185278397],[75.8318013660019,12.489239242818842],[75.82644994015766,12.48571057798487],[75.82588065171096,12.483679686159412],[75.83216210606382,12.471106127218176],[75.83383226821309,12.464415515776587],[75.83240240899556,12.459859186838406],[75.83258880133218,12.454209724951312],[75.84130477903821,12.453325954730374],[75.8405887642646,12.458636922698316],[75.84143557194695,12.46547108586039],[75.84355460787066,12.468660613357994],[75.85129001605357,12.475560768669522]]]}},{"type":"Feature","properties":{"type":"village","name":"Attur Nallur","taluk":"Somvarpet","district":"KODAGU","village_code":"617964"},"geometry":{"type":"Polygon","coordinates":[[[75.85850090692526,12.43434356433004],[75.85121632455589,12.432312236845128],[75.84444210564213,12.428744729363691],[75.842601058773,12.42893969391839],[75.8328181807501,12.439130836427546],[75.83258880133218,12.454209724951312],[75.82719993011364,12.453561118612283],[75.82200810435265,12.450748332651461],[75.81901525828746,12.447805797892215],[75.81446211582887,12.433745954427568],[75.81648944723682,12.43003648765649],[75.81746954783934,12.430114837345988],[75.81747008503187,12.427615532723761],[75.8220281430717,12.41803574494801],[75.82290328721139,12.413245491116724],[75.82503569994797,12.412451873373993],[75.82801615105888,12.409133041858604],[75.82814892115958,12.407440828633469],[75.83143372328536,12.405280543832031],[75.83530086188735,12.404526155083058],[75.84635820405832,12.408815294201958],[75.84617208031798,12.415180822427235],[75.84444978174623,12.419632539795254],[75.8453500508661,12.423043176587054],[75.85742882243088,12.422784115088225],[75.85983931315526,12.42359134302518],[75.86121640982456,12.429162901757183],[75.85990491262888,12.433354334031568],[75.85850090692526,12.43434356433004]]]}},{"type":"Feature","properties":{"type":"village","name":"7 Th Hosakote","taluk":"Somvarpet","district":"KODAGU","village_code":"617968"},"geometry":{"type":"Polygon","coordinates":[[[75.88170629604078,12.450492373325964],[75.8752158261792,12.450908972119775],[75.86514887840559,12.455282464263897],[75.8612280852283,12.455334280628405],[75.8562481513816,12.4479399951745],[75.85469892043587,12.442030035822054],[75.85850072995713,12.435957771341437],[75.85850090692526,12.43434356433004],[75.86050092865023,12.432208925640397],[75.86121640982456,12.429162901757183],[75.860448465241,12.424684840587004],[75.85923008740767,12.422940444214625],[75.84630353977664,12.423433858911364],[75.8445820101628,12.421611191403999],[75.84444978174623,12.419632539795254],[75.84617208031798,12.415180822427235],[75.84635820405832,12.408815294201958],[75.8491395965871,12.406810979728737],[75.85605290435123,12.404338357693163],[75.85912548488106,12.402151630083186],[75.86044995644438,12.399600346152095],[75.8737194772576,12.413685771285968],[75.87566628997168,12.419309299932229],[75.87907015390692,12.42477661596895],[75.8778516772589,12.433550339929306],[75.8813882151751,12.44328729567698],[75.88170629604078,12.450492373325964]]]}},{"type":"Feature","properties":{"type":"village","name":"Basavana Halli","taluk":"Somvarpet","district":"KODAGU","village_code":"617986"},"geometry":{"type":"Polygon","coordinates":[[[75.91406707558018,12.461047194125427],[75.90932501112913,12.461724652302985],[75.90580136583391,12.46039733564094],[75.90225048092431,12.451038149408117],[75.89281933825094,12.448487368735112],[75.89430925433679,12.439988632105072],[75.90169256604746,12.430856455393693],[75.90814206374891,12.428771385868217],[75.92202210478207,12.42663474072013],[75.92217332088879,12.429596183402559],[75.92495605370398,12.432849997114015],[75.92586269726911,12.436420451902592],[75.93062795981406,12.440695211150144],[75.922686956907,12.451810034624163],[75.91406707558018,12.461047194125427]]]}},{"type":"Feature","properties":{"type":"village","name":"Baichanalli","taluk":"Somvarpet","district":"KODAGU","village_code":"617985"},"geometry":{"type":"Polygon","coordinates":[[[75.94561327180311,12.449044427997002],[75.94281148572072,12.461204667710374],[75.9411696744018,12.46401679381247],[75.9386002375677,12.465423225663313],[75.93343402726704,12.465007836077387],[75.92254483085263,12.461963683820569],[75.9167699248104,12.464906454438275],[75.91406707558018,12.461047194125427],[75.922686956907,12.451810034624163],[75.93062795981406,12.440695211150144],[75.93492337561764,12.440924859978887],[75.93927489031238,12.445082113334786],[75.94561327180311,12.449044427997002]]]}},{"type":"Feature","properties":{"type":"village","name":"Ulugulli","taluk":"Somvarpet","district":"KODAGU","village_code":"617957"},"geometry":{"type":"Polygon","coordinates":[[[75.82588065171096,12.483679686159412],[75.81656634482175,12.489717721436822],[75.81338667702525,12.490550132670666],[75.81190314167287,12.489872800767147],[75.81097646208366,12.487243151685195],[75.81370735581874,12.4792251343921],[75.81357537264225,12.477220387116239],[75.80944267856754,12.47581349567653],[75.80652943311799,12.471595133193116],[75.80425113218261,12.471178003647983],[75.80014426467231,12.472322305897055],[75.79970964805977,12.470841458008886],[75.79012026535247,12.46688118588778],[75.79808368931067,12.45945080122357],[75.79882699310602,12.45450449037582],[75.79753062533635,12.448620208643373],[75.79973007485104,12.446447013167825],[75.80812823399941,12.444444641414961],[75.81446211582887,12.433745954427568],[75.81901525828746,12.447805797892215],[75.82200810435265,12.450748332651461],[75.82719993011364,12.453561118612283],[75.83258880133218,12.454209724951312],[75.83240240899556,12.459859186838406],[75.83383226821309,12.464415515776587],[75.83301033577926,12.46863304961406],[75.82588065171096,12.483679686159412]]]}},{"type":"Feature","properties":{"type":"village","name":"Kandanakolli","taluk":"Somvarpet","district":"KODAGU","village_code":"617955"},"geometry":{"type":"Polygon","coordinates":[[[75.79037384089254,12.495203726229994],[75.78592239580894,12.495566688986306],[75.78095321659283,12.493422344738992],[75.78401233317314,12.49093365831337],[75.78481945059133,12.48485041199276],[75.78229026457012,12.483077830856162],[75.7813120917522,12.47899618168631],[75.77109092570217,12.47005676380628],[75.77356348192787,12.463278144028452],[75.7766788617911,12.458813912829298],[75.78116906828086,12.454924064243166],[75.78879919121752,12.456206576764457],[75.78959368461099,12.457144079433036],[75.78344508120722,12.464067229562234],[75.78148255965377,12.469690003286768],[75.78185228556347,12.472970448667796],[75.78394543563397,12.472398471082721],[75.79012026535247,12.46688118588778],[75.79970964805977,12.470841458008886],[75.80014426467231,12.472322305897055],[75.7973875794071,12.476773432940501],[75.78919935474399,12.48143105890257],[75.78840101206954,12.491766435748774],[75.79037384089254,12.495203726229994]]]}},{"type":"Feature","properties":{"type":"village","name":" ","taluk":"Madikeri","district":"KODAGU","village_code":" "},"geometry":{"type":"Polygon","coordinates":[[[75.59203398465836,12.446081121901159],[75.57524662975149,12.452484766084446],[75.56743302591804,12.458401333608508],[75.56204725658216,12.454798344080869],[75.55957040012123,12.450931179884686],[75.55407722282007,12.447116138346392],[75.54950057504375,12.440864806256512],[75.54388065174422,12.437638838028935],[75.54535163673378,12.428895171986227],[75.5464888751374,12.427172160949556],[75.54914130282903,12.42689349309351],[75.55027750996669,12.428710342416204],[75.54985039159182,12.431691166287017],[75.55150765932349,12.433415007949206],[75.55859572085141,12.432121723361634],[75.5635383018503,12.43313872675922],[75.57170208335454,12.426899219905465],[75.57766989092596,12.426714111699336],[75.5817898873141,12.430487629673488],[75.58131582118585,12.433095876703844],[75.58292563271772,12.436775765914689],[75.59203398465836,12.446081121901159]]]}},{"type":"Feature","properties":{"type":"village","name":"Sannapulikotu (No.2)","taluk":"Madikeri","district":"KODAGU","village_code":"617796"},"geometry":{"type":"Polygon","coordinates":[[[75.46081099041086,12.47700748619171],[75.45703078177893,12.477338477925256],[75.45299350765204,12.479373262920388],[75.44697758721232,12.477508313075157],[75.44681119586551,12.474326761298542],[75.44318700393717,12.473175188747534],[75.44188055168011,12.47160276411882],[75.4383254617567,12.470708711055988],[75.43321173822146,12.471405708986193],[75.42725151332937,12.470543593869339],[75.42497161518942,12.47162337112551],[75.42487825867182,12.468993861202138],[75.42326832227417,12.466842920920048],[75.43186440722909,12.449356232626277],[75.43604307079184,12.44338540498723],[75.42999080092247,12.438894349771061],[75.42002146498596,12.436695037415154],[75.41776339141583,12.434309147419759],[75.40759660488156,12.43201901387584],[75.40696623099554,12.42800591341765],[75.40568795260076,12.427811699102266],[75.39519084206177,12.431536350420393],[75.39354945564598,12.434058209907086],[75.38915349680254,12.430976186722447],[75.38557161821906,12.432711683875906],[75.38424282396255,12.435897824371096],[75.3828173934394,12.436516980394789],[75.37739151881767,12.435920398351117],[75.37249916442293,12.431039406989338],[75.3687694087706,12.429817088749719],[75.36986302678066,12.425760146808786],[75.36868330075906,12.42416582402337],[75.36667213992457,12.416794529896082],[75.36703164570127,12.414063272884595],[75.3659340239,12.411971500260323],[75.37084623016419,12.408650906206079],[75.37248555404808,12.400253002762692],[75.37788046823353,12.398283316954165],[75.37974734975194,12.394115036355016],[75.37925357189143,12.392363381893803],[75.383947198284,12.390919208647734],[75.38679150073048,12.392321282309759],[75.39232526840772,12.389908125914506],[75.39921503042994,12.380987096786114],[75.40056202096082,12.380668703258515],[75.40178787996385,12.382357773622575],[75.40564576232514,12.37894321123454],[75.41349328834032,12.380107015742775],[75.42193761460612,12.372746205162798],[75.4218816423774,12.367802051140908],[75.4196458335516,12.35702825015659],[75.41545252924635,12.349698415693965],[75.4116923853846,12.34922432426893],[75.41041427766972,12.347276621105015],[75.41540386930404,12.340004880998862],[75.41619900319631,12.330007497038892],[75.41863166434192,12.328881101037316],[75.42029262504775,12.319065582156696],[75.42356458665485,12.313857336672216],[75.42622900236398,12.312460741170439],[75.42698976761177,12.3109450128131],[75.43219408714172,12.309478443285478],[75.43122926957714,12.308041093671394],[75.42829687204572,12.307078985108948],[75.42776779578442,12.304136967843036],[75.42412306477542,12.303007716269379],[75.42529931341856,12.30132632724381],[75.4245223901737,12.300015833694392],[75.42201746585171,12.298759829953177],[75.41928242998486,12.295217034160828],[75.41373501689844,12.292442845562533],[75.41408524128164,12.289636578279735],[75.41542060222285,12.28818390198311],[75.42023336857835,12.286425732622932],[75.42569092857678,12.286797069166395],[75.4280324502469,12.290568564809801],[75.43177090518444,12.29107357916615],[75.43266201597997,12.293409501624838],[75.43445669630574,12.294469140867147],[75.43644270700723,12.294420739354942],[75.43831579768087,12.292844419804602],[75.4413612598689,12.29405119533678],[75.44555085233537,12.292217889288368],[75.45065095202101,12.293168031040338],[75.4652728820029,12.289400109927087],[75.46938191265639,12.294004497392446],[75.47236173584491,12.29442433359212],[75.47487032080168,12.296138023419106],[75.47648956464404,12.294114266161989],[75.48160514409865,12.290940639815622],[75.48323286444399,12.291109523748727],[75.48230188012796,12.292434284279508],[75.48395638284521,12.293298472158952],[75.48869812480106,12.292896018258496],[75.49210244508045,12.294354148970834],[75.49878885457349,12.301868915854682],[75.49915701921121,12.304954220255034],[75.50535514494001,12.310037521235387],[75.5083900276689,12.311158807679416],[75.51147788944004,12.315213223999672],[75.51614011971347,12.3135619682366],[75.51760332169938,12.314309188431784],[75.53139152526609,12.331128740252122],[75.53908961294051,12.32915818766592],[75.54309924590612,12.334652453662024],[75.54971238161808,12.335561067620832],[75.55496937296641,12.340202244425353],[75.55800480007437,12.341376308899571],[75.56174407068218,12.346390260957472],[75.56515882309698,12.348684266154129],[75.5659980112691,12.34996076064997],[75.56545520964855,12.353053760989251],[75.56924926670894,12.356787705122166],[75.56680894203564,12.360253590343545],[75.56630729672985,12.364945788018789],[75.56441239226616,12.36763941241527],[75.56209955290475,12.36869649739008],[75.56125382679397,12.367638648140245],[75.55914461484622,12.368140907087039],[75.55382460937567,12.36253819104889],[75.55132517555668,12.356674447299074],[75.54705966377058,12.357198571007306],[75.54354647306864,12.359760209651478],[75.54041554157125,12.359916718716727],[75.53569952736513,12.358688007847494],[75.52798525743914,12.354221005700502],[75.53000853564852,12.350819092847072],[75.5272595839796,12.34416138564752],[75.52271638317625,12.348783065713928],[75.50971376800359,12.356261908940425],[75.50638592040605,12.355745208831062],[75.49331658735724,12.362336323660186],[75.49195726116089,12.365495893872557],[75.49265672627202,12.377801762952169],[75.4919087395591,12.380947523224002],[75.48956104825963,12.385813408403692],[75.48242920464136,12.3910807817572],[75.47736681443473,12.398344316654825],[75.47745741671766,12.409419009680537],[75.47598678027445,12.411840090954133],[75.47598780076062,12.414594527027708],[75.47748860622434,12.417098031833579],[75.48126222481534,12.418133062816183],[75.48406491280626,12.42067778463299],[75.48399523138798,12.423334864787583],[75.48500028359585,12.424308272908883],[75.48916967744316,12.42537915308539],[75.49627303189047,12.425251041207282],[75.50359533541693,12.423236412786013],[75.50457800430287,12.429658393401905],[75.50801117936753,12.43692396781593],[75.50558348590545,12.44053720317106],[75.49911742327012,12.44588376140574],[75.48904270686594,12.456767912314124],[75.4832028607135,12.45963262218757],[75.48155409104442,12.46265011107513],[75.47885620141287,12.46439451611405],[75.47897870556648,12.466199257266528],[75.47796545892662,12.466268558032098],[75.47543053356904,12.463494596393925],[75.47453476411046,12.466143219661756],[75.47205163381557,12.466650225035208],[75.46464021381966,12.471926636185877],[75.46081099041086,12.47700748619171]]]}},{"type":"Feature","properties":{"type":"village","name":"Karnangeri","taluk":"Madikeri","district":"KODAGU","village_code":"617827"},"geometry":{"type":"Polygon","coordinates":[[[75.75547838213397,12.439880530794449],[75.7515155172587,12.445241835242527],[75.74912394415587,12.446524828077395],[75.74373496693615,12.45626840057449],[75.74241404012493,12.456052488654137],[75.74015656573107,12.45367226417577],[75.7401543271294,12.44863935519164],[75.73580422368794,12.442796431894951],[75.73763781274359,12.438522750255265],[75.74488536476032,12.443107155405881],[75.74910317869977,12.44208047233725],[75.75295023276864,12.43633865306333],[75.75547838213397,12.439880530794449]]]}},{"type":"Feature","properties":{"type":"village","name":"Makkandur","taluk":"Madikeri","district":"KODAGU","village_code":"617826"},"geometry":{"type":"Polygon","coordinates":[[[75.78446432769488,12.487544075983294],[75.77529257715305,12.486791587414373],[75.7669186249066,12.490328936129579],[75.76278521397633,12.49058753023693],[75.74798060708981,12.477835672987853],[75.74860761409016,12.473447542578906],[75.74741527572196,12.471316293751629],[75.74460565902528,12.471985232843254],[75.74298002097471,12.475053881601216],[75.73852626003432,12.477608527628496],[75.73281889023349,12.47647132168101],[75.73609126596394,12.470483861890436],[75.73961249479106,12.467830700855053],[75.74302145666552,12.46052345570347],[75.74373496693615,12.45626840057449],[75.74912394415587,12.446524828077395],[75.7515155172587,12.445241835242527],[75.75779707940936,12.438163297225216],[75.76367863344214,12.436473615081312],[75.76487050738135,12.436890675863017],[75.76802046070486,12.442593581916714],[75.77061574296803,12.444573271032983],[75.77973396020714,12.445566261293013],[75.77832980178991,12.447108361084751],[75.77776254892566,12.451225639386982],[75.77893447577395,12.453386532754811],[75.78116906828086,12.454924064243166],[75.7766788617911,12.458813912829298],[75.77356348192787,12.463278144028452],[75.77109092570217,12.47005676380628],[75.7813120917522,12.47899618168631],[75.78229026457012,12.483077830856162],[75.78489760491934,12.485040279809926],[75.78446432769488,12.487544075983294]]]}},{"type":"Feature","properties":{"type":"village","name":"Hebbettageri","taluk":"Madikeri","district":"KODAGU","village_code":"617825"},"geometry":{"type":"Polygon","coordinates":[[[75.74373496693615,12.45626840057449],[75.74302145666552,12.46052345570347],[75.73961249479106,12.467830700855053],[75.73609126596394,12.470483861890436],[75.7342412377386,12.474145440947728],[75.72972772086548,12.473227167309593],[75.72620428397941,12.470684944586747],[75.72213141770264,12.470469908638542],[75.71916805165012,12.467210435417885],[75.72375896736811,12.460327857874585],[75.72331666656659,12.455024517349337],[75.72667312101441,12.453399807989275],[75.73096399763085,12.449068840310275],[75.73101688055333,12.443819438369607],[75.73491112222574,12.445014520095619],[75.7357546438708,12.444672574615945],[75.73580422368794,12.442796431894951],[75.73784124701946,12.444743846080359],[75.7401543271294,12.44863935519164],[75.74015656573107,12.45367226417577],[75.74241404012493,12.456052488654137],[75.74373496693615,12.45626840057449]]]}},{"type":"Feature","properties":{"type":"village","name":"Karike","taluk":"Madikeri","district":"KODAGU","village_code":"617793"},"geometry":{"type":"Polygon","coordinates":[[[75.36912886064842,12.429756627166165],[75.37249916442293,12.431039406989338],[75.37739151881767,12.435920398351117],[75.3828173934394,12.436516980394789],[75.38424282396255,12.435897824371096],[75.38557161821906,12.432711683875906],[75.38915349680254,12.430976186722447],[75.39354945564598,12.434058209907086],[75.39519084206177,12.431536350420393],[75.40696623099554,12.42800591341765],[75.40759660488156,12.43201901387584],[75.41776339141583,12.434309147419759],[75.42002146498596,12.436695037415154],[75.42999080092247,12.438894349771061],[75.43604307079184,12.44338540498723],[75.43186440722909,12.449356232626277],[75.42326832227417,12.466842920920048],[75.41572628274436,12.466039541245689],[75.41566136419372,12.462234287242081],[75.4133247742745,12.458641717264452],[75.40399388538346,12.455013637760233],[75.39962988320791,12.455004924790627],[75.39341247693821,12.45144856404121],[75.39221706812836,12.455195127631827],[75.38989482160932,12.455434731821358],[75.38629885115392,12.45836333492376],[75.38346611721171,12.458051535856498],[75.38187499333272,12.456709305199313],[75.37423213677688,12.45980041463932],[75.3712799206137,12.456632278409693],[75.36618924066212,12.458272545938394],[75.36564208311076,12.456821814287174],[75.37030068059718,12.44894939802379],[75.37043414060399,12.445700012358284],[75.36886163430925,12.442251700794536],[75.37149658617537,12.43779576088043],[75.36912886064842,12.429756627166165]]]}},{"type":"Feature","properties":{"type":"village","name":" ","taluk":"Madikeri","district":"KODAGU","village_code":" "},"geometry":{"type":"Polygon","coordinates":[[[75.58130723059678,12.46771333460732],[75.57860726316197,12.466781297863877],[75.57704390980166,12.467479660650499],[75.5736799454381,12.470832548219102],[75.57017426016036,12.471856502795351],[75.56457369914847,12.477762881839324],[75.56435965037922,12.471512821804199],[75.567377334862,12.466799536114744],[75.56516947801458,12.463568081864716],[75.56743302591804,12.458401333608508],[75.57524662975149,12.452484766084446],[75.59203398465836,12.446081121901159],[75.593531077385,12.448854767139446],[75.59390936244272,12.454518209403984],[75.58405600619591,12.459407356411441],[75.58211339669907,12.462341389816448],[75.58130723059678,12.46771333460732]]]}},{"type":"Feature","properties":{"type":"village","name":"Melchembu","taluk":"Madikeri","district":"KODAGU","village_code":"617809"},"geometry":{"type":"Polygon","coordinates":[[[75.56591751772805,12.486169731662335],[75.56082603198769,12.487438450282445],[75.55965277922601,12.489390542317782],[75.55605622666234,12.489507096231799],[75.55443669985071,12.491865792288698],[75.55184697007431,12.493284160289976],[75.54725732906572,12.49205352197481],[75.5403713812902,12.495088393966597],[75.53371170386337,12.495049962145922],[75.53106096230952,12.499478042088123],[75.52972708628349,12.499689965934714],[75.52590150733981,12.496904564615917],[75.52483660487616,12.491322670218834],[75.52368276470776,12.48989408340665],[75.5179668249791,12.487943915938054],[75.51412135464007,12.489402075625105],[75.5073659410585,12.487812792427272],[75.5055958907412,12.486483277333043],[75.50009049365725,12.48710437805527],[75.49332829510034,12.483788495428595],[75.49424198864381,12.48037152363659],[75.4960810762873,12.479254483645159],[75.49489686228254,12.474125577053279],[75.49348928218241,12.47338047773746],[75.49166163009244,12.468970390167305],[75.49318669725535,12.465033451201544],[75.49208610382712,12.461567594803853],[75.48941834099527,12.460271631289105],[75.48716587021755,12.462324286283067],[75.48477914442404,12.46226645670131],[75.48196159290843,12.46586940385849],[75.47897870556648,12.466199257266528],[75.47885620141287,12.46439451611405],[75.48155409104442,12.46265011107513],[75.48369294829489,12.459195612736593],[75.48904270686594,12.456767912314124],[75.49911742327012,12.44588376140574],[75.50558348590545,12.44053720317106],[75.50801117936753,12.43692396781593],[75.52325334215418,12.432917551410778],[75.53628597363372,12.438060068174886],[75.53935643683442,12.437054745997619],[75.54388065174422,12.437638838028935],[75.54950057504375,12.440864806256512],[75.55407722282007,12.447116138346392],[75.55957040012123,12.450931179884686],[75.56204725658216,12.454798344080869],[75.56743302591804,12.458401333608508],[75.56516947801458,12.463568081864716],[75.567377334862,12.466799536114744],[75.56527589962965,12.469394391158453],[75.56414376006362,12.473313619877075],[75.56457369914847,12.477762881839324],[75.56726565630589,12.48489721962062],[75.56591751772805,12.486169731662335]]]}},{"type":"Feature","properties":{"type":"village","name":"Hebbale","taluk":"Somvarpet","district":"KODAGU","village_code":"618043"},"geometry":{"type":"Polygon","coordinates":[[[75.98376381372289,12.542603256244552],[75.97759023895084,12.544033832066006],[75.97031181632939,12.54360251505862],[75.96877065674647,12.542390531103836],[75.96925452079955,12.539358547837441],[75.96828413368017,12.538102930809732],[75.9649777800724,12.538363813978442],[75.96241717457583,12.527363715167658],[75.96673567618389,12.522251709684156],[75.97477438614945,12.519049941377626],[75.97754441678653,12.520960772592],[75.98271977014014,12.520872959145064],[75.98620164197798,12.519791303040156],[75.99394501282761,12.522165547966617],[75.99436087800692,12.526314445959288],[75.99343776293276,12.529704556003256],[75.98816861019212,12.536522518183318],[75.98348211911777,12.540045177297435],[75.98376381372289,12.542603256244552]]]}},{"type":"Feature","properties":{"type":"village","name":"Gadinad Forest","taluk":"Somvarpet","district":"KODAGU","village_code":"617939"},"geometry":{"type":"Polygon","coordinates":[[[75.86276359530639,12.509037705296263],[75.86742628821222,12.514133231999166],[75.86816698329993,12.518029564892379],[75.86254449261533,12.531388135661473],[75.86128012014113,12.54076488797372],[75.8600597139119,12.542349031994277],[75.85103774396896,12.543718390345866],[75.85626853235878,12.53451325579544],[75.85762014292516,12.527020426304535],[75.8572717376304,12.52342378312403],[75.86276359530639,12.509037705296263]]]}},{"type":"Feature","properties":{"type":"village","name":"Kudumangalore","taluk":"Somvarpet","district":"KODAGU","village_code":"617981"},"geometry":{"type":"Polygon","coordinates":[[[75.95873866960709,12.492362468292836],[75.9490209427985,12.497612563618242],[75.93746832168216,12.496573919784058],[75.9302615468911,12.497408465565005],[75.92846001960625,12.49834606463476],[75.92678664597986,12.501317663153287],[75.92227381811456,12.504229757644946],[75.92258623689904,12.502408208879828],[75.92060420303929,12.500312990692274],[75.91873507034278,12.493733035614097],[75.91685366486288,12.492223293967292],[75.91215097536735,12.494202563605242],[75.90720948132999,12.494111972240054],[75.90177816740918,12.498226012733523],[75.89902257719034,12.498070028934714],[75.88948668286996,12.494328350591106],[75.89152523872735,12.491574624062652],[75.89843888605466,12.489062091049718],[75.90924886094248,12.487967629953319],[75.91642923694226,12.489242404613364],[75.92853720285547,12.487131695131641],[75.92774125868281,12.481508329166502],[75.92845605444259,12.478702942193365],[75.93465537223575,12.476918378998892],[75.9440884579651,12.481524445590592],[75.95232886127148,12.483631094336467],[75.96056677534627,12.48440265618908],[75.95816294832467,12.489917457822528],[75.95873866960709,12.492362468292836]]]}},{"type":"Feature","properties":{"type":"village","name":"Nakur Sirangala","taluk":"Somvarpet","district":"KODAGU","village_code":"617960"},"geometry":{"type":"Polygon","coordinates":[[[75.86456251118871,12.497990648225493],[75.85846700899799,12.502854629389635],[75.85247825810407,12.504882695747739],[75.84452480993707,12.505076176144977],[75.83857733124057,12.503253899289545],[75.82977754521009,12.503722517190731],[75.82441427238392,12.502180203698986],[75.82302898307918,12.500953131593402],[75.82798428961239,12.498298593777141],[75.83036948826994,12.495435198353563],[75.8318013660019,12.489239242818842],[75.83295410932733,12.48800274665385],[75.84959402733988,12.479049185278397],[75.85129001605357,12.475560768669522],[75.8585758120469,12.476902158790288],[75.8657027041513,12.47674642526443],[75.86824606199441,12.478959470085707],[75.86609981610076,12.4842704371712],[75.86570224421388,12.487264368761164],[75.8666029041009,12.491456018781893],[75.86456251118871,12.497990648225493]]]}},{"type":"Feature","properties":{"type":"village","name":"Herur","taluk":"Somvarpet","district":"KODAGU","village_code":"617961"},"geometry":{"type":"Polygon","coordinates":[[[75.88948668286996,12.494328350591106],[75.88307164544109,12.492395176901539],[75.87618275208978,12.486771716596708],[75.87369217296455,12.48729237431647],[75.8724203507617,12.493592666616085],[75.87248515881956,12.501310533880758],[75.8706482603704,12.504969798997882],[75.86826073417795,12.506488344934224],[75.8632376219088,12.506353914015353],[75.86473658043627,12.501307808988372],[75.86477457288458,12.496038009815415],[75.8666029041009,12.491456018781893],[75.86570224421388,12.487264368761164],[75.86609981610076,12.4842704371712],[75.86824606199441,12.478959470085707],[75.87684513564432,12.464076020293133],[75.88370655132772,12.455901044245728],[75.88582571840547,12.451240817350119],[75.88696479566048,12.45082419979092],[75.88929608282454,12.451240693666781],[75.891203674195,12.45444940811964],[75.90009360167264,12.475667147387277],[75.8960672232118,12.484857609253728],[75.89843888605466,12.489062091049718],[75.89152523872735,12.491574624062652],[75.88948668286996,12.494328350591106]]]}},{"type":"Feature","properties":{"type":"village","name":"Hulse","taluk":"Somvarpet","district":"KODAGU","village_code":"617883"},"geometry":{"type":"Polygon","coordinates":[[[75.96673567618389,12.522251709684156],[75.95042508774101,12.522776230752315],[75.94451811767392,12.523730548675873],[75.94689763179237,12.519831978813441],[75.94861500220644,12.513161684573076],[75.96222081093957,12.506516429967967],[75.96413072265838,12.509331600580564],[75.97179973815528,12.511290577336954],[75.9741561646726,12.514403820319316],[75.97477438614945,12.519049941377626],[75.96673567618389,12.522251709684156]]]}},{"type":"Feature","properties":{"type":"village","name":"Anjanageri Bettageri","taluk":"Somvarpet","district":"KODAGU","village_code":"617958"},"geometry":{"type":"Polygon","coordinates":[[[75.80824428106274,12.521574233771176],[75.80044354020586,12.521186744204648],[75.79795975503916,12.518060305860354],[75.79639339591589,12.510737921167346],[75.79404385229026,12.507098834159368],[75.79278320423124,12.500749848297744],[75.78840101206954,12.491766435748774],[75.78919935474399,12.48143105890257],[75.7973875794071,12.476773432940501],[75.80014426467231,12.472322305897055],[75.80509894957136,12.471100095266873],[75.80652943311799,12.471595133193116],[75.80944267856754,12.47581349567653],[75.81264828970946,12.47659533589461],[75.81389319389481,12.477949449079189],[75.81097646208366,12.487243151685195],[75.81190314167287,12.489872800767147],[75.81338667702525,12.490550132670666],[75.81656634482175,12.489717721436822],[75.82588065171096,12.483679686159412],[75.82756247578928,12.486895337334998],[75.8318013660019,12.489239242818842],[75.83036948826994,12.495435198353563],[75.82459235530415,12.50053690096115],[75.82210163424512,12.500653505102742],[75.81494840623151,12.497228378707264],[75.81338507982068,12.497253980995797],[75.80991334816572,12.500208078840194],[75.80912707705204,12.50129653405515],[75.81164788538489,12.508346700404498],[75.80802554308771,12.516137795648325],[75.80824428106274,12.521574233771176]]]}},{"type":"Feature","properties":{"type":"village","name":"Bendebetta Forest","taluk":"Somvarpet","district":"KODAGU","village_code":"617982"},"geometry":{"type":"Polygon","coordinates":[[[75.94002206404997,12.525290804436983],[75.93570075879987,12.520484255700556],[75.93093978032054,12.520528505820606],[75.9253425556516,12.527156080298852],[75.91925977001205,12.531661378716457],[75.917847771099,12.528022197432358],[75.91784703807375,12.523041480824856],[75.92071165142875,12.51494168203576],[75.91837447580795,12.513296876671543],[75.9153798510785,12.513902901786226],[75.91400924563546,12.515159632011446],[75.91277708584902,12.520009459389122],[75.90929542331862,12.525989431867764],[75.90669614804402,12.525727533838745],[75.8998588063119,12.512395033703271],[75.90327211872727,12.501317121156694],[75.90177816740918,12.498226012733523],[75.90720948132999,12.494111972240054],[75.90778884168762,12.50735483136513],[75.90845158456825,12.509958074081323],[75.90942228519965,12.510437099292778],[75.91255931356291,12.508872865148648],[75.91697465805018,12.504619247680651],[75.92426078013196,12.503316395056029],[75.9302615468911,12.497408465565005],[75.93746832168216,12.496573919784058],[75.9490209427985,12.497612563618242],[75.95873866960709,12.492362468292836],[75.96196496086519,12.497893631320906],[75.9611240649957,12.500605715433803],[75.96222081093957,12.506516429967967],[75.94861500220644,12.513161684573076],[75.94566391612386,12.52234431341639],[75.94293140901455,12.524683809866398],[75.94002206404997,12.525290804436983]]]}},{"type":"Feature","properties":{"type":"village","name":"Garagandur","taluk":"Somvarpet","district":"KODAGU","village_code":"617959"},"geometry":{"type":"Polygon","coordinates":[[[75.84452480993707,12.505076176144977],[75.84489644027516,12.51023492758667],[75.8476850525639,12.51387468600969],[75.8482513217729,12.516186884738769],[75.84803306259991,12.520126038952824],[75.84598412581107,12.525991662786168],[75.83988151614982,12.535025149953121],[75.83792017857593,12.535581468641645],[75.83709292811562,12.530143643857485],[75.83626496708791,12.529586929340597],[75.82358376373406,12.524960344154659],[75.8163505632023,12.519563842889381],[75.80824428106274,12.521574233771176],[75.80802554308771,12.516137795648325],[75.81164788538489,12.508346700404498],[75.80912707705204,12.50129653405515],[75.81338507982068,12.497253980995797],[75.8175447889309,12.498036039705632],[75.82716016618758,12.503297120998434],[75.83857733124057,12.503253899289545],[75.84452480993707,12.505076176144977]]]}},{"type":"Feature","properties":{"type":"village","name":"Kundalpadi Peraje","taluk":"Madikeri","district":"KODAGU","village_code":"617808"},"geometry":{"type":"Polygon","coordinates":[[[75.43979428989124,12.528568691264587],[75.43435839815578,12.53018614198979],[75.43221769217246,12.52384874012881],[75.42947339736997,12.52127187320271],[75.43195075329419,12.517835081311414],[75.4294679562743,12.51669826804694],[75.42865773787176,12.514915976263733],[75.42427349485625,12.51735590495864],[75.4201797885632,12.515335885412174],[75.41807059458175,12.516447536638001],[75.4164401056287,12.515363753749076],[75.41614757374799,12.512538644325312],[75.41744651608926,12.509752689591235],[75.41941508060961,12.509661954589347],[75.41685285455229,12.507926923716388],[75.41581287135459,12.505043674360023],[75.41609905843444,12.500164780313785],[75.41867398307664,12.495613500814141],[75.41725717638019,12.49400030113997],[75.41852676806617,12.490985698211114],[75.42961124205368,12.49184661122154],[75.4353374117968,12.494549999772234],[75.43979430785754,12.495377571746625],[75.4411249229991,12.496160551757148],[75.44261142997844,12.499951641304344],[75.44412570118824,12.501298177585447],[75.443865979375,12.50259826201009],[75.44277855524884,12.502747405887995],[75.44301289965533,12.503938163964511],[75.44153972636975,12.502950713922553],[75.43999825417315,12.505654680922829],[75.4409208760722,12.506872326646345],[75.44235220673015,12.50581645186375],[75.44262336230035,12.509005746867272],[75.44424801669567,12.51006081142996],[75.44605245901359,12.514883556398557],[75.44742909844044,12.51500495635478],[75.4476648702699,12.518611920311729],[75.4456991075949,12.518392094804918],[75.44645810405996,12.519781502197494],[75.44493336927368,12.519859409064711],[75.4454684399929,12.520821769771697],[75.4421032054115,12.522080954200847],[75.43979428989124,12.528568691264587]]]}},{"type":"Feature","properties":{"type":"village","name":" ","taluk":"Madikeri","district":"KODAGU","village_code":" "},"geometry":{"type":"Polygon","coordinates":[[[75.45870426589813,12.510641807959653],[75.45895878826252,12.515179270880253],[75.45810352114513,12.51593881969122],[75.45681564784478,12.51598442813614],[75.45580282700634,12.513227872645057],[75.45453786433903,12.512961617992678],[75.45200870886055,12.514860566600438],[75.44994926088461,12.51865753179208],[75.4476648702699,12.518611920311729],[75.44742909844044,12.51500495635478],[75.44605245901359,12.514883556398557],[75.44424801669567,12.51006081142996],[75.44262336230035,12.509005746867272],[75.44235220673015,12.50581645186375],[75.4409208760722,12.506872326646345],[75.43999825417315,12.505654680922829],[75.44118143691192,12.503259201695483],[75.44301289965533,12.503938163964511],[75.44277855524884,12.502747405887995],[75.44404475938791,12.50200280295449],[75.4411249229991,12.496160551757148],[75.42961124205368,12.49184661122154],[75.41852676806617,12.490985698211114],[75.42059534202714,12.488599271131047],[75.42030880101106,12.47983637737715],[75.42456658099749,12.474923246248608],[75.42497161518942,12.47162337112551],[75.42725151332937,12.470543593869339],[75.43321173822146,12.471405708986193],[75.4383254617567,12.470708711055988],[75.44188055168011,12.47160276411882],[75.44318700393717,12.473175188747534],[75.44681119586551,12.474326761298542],[75.44697758721232,12.477508313075157],[75.45299350765204,12.479373262920388],[75.45703078177893,12.477338477925256],[75.46081099041086,12.47700748619171],[75.46144301899365,12.483248458627912],[75.46353170892874,12.485502964886832],[75.46199181058047,12.487970966298796],[75.46338588361202,12.48964720783845],[75.46670209533174,12.490337634755265],[75.46861243015707,12.49523142659347],[75.47249572855269,12.499518957857388],[75.46131942608189,12.505045839684144],[75.46170694312579,12.508363001955265],[75.45870426589813,12.510641807959653]]]}},{"type":"Feature","properties":{"type":"village","name":"Mukkodlu","taluk":"Madikeri","district":"KODAGU","village_code":"617821"},"geometry":{"type":"Polygon","coordinates":[[[75.74978111209187,12.537986931108168],[75.7424447669992,12.541862909843433],[75.73908152667774,12.541407824852518],[75.7377002654188,12.539044575318444],[75.7349626307258,12.538381227284123],[75.7245216487224,12.527326030032345],[75.7239973461085,12.519823851201096],[75.72609751561465,12.508331740652487],[75.72506405508423,12.501295038740789],[75.7348761903376,12.497789454314244],[75.7387396440503,12.493374409897987],[75.74310734997972,12.480752785694772],[75.74554847325527,12.477661149967314],[75.74798060708981,12.477835672987853],[75.76278521397633,12.49058753023693],[75.7669186249066,12.490328936129579],[75.77529257715305,12.486791587414373],[75.78446432769488,12.487544075983294],[75.78401233317314,12.49093365831337],[75.78021183070062,12.493974083722733],[75.77883536285202,12.501296620879879],[75.77014876185244,12.513453977313208],[75.76703499895672,12.5230254590691],[75.75828403366704,12.535735525143318],[75.75647837323353,12.540462327185026],[75.74978111209187,12.537986931108168]]]}},{"type":"Feature","properties":{"type":"village","name":"Galibeedu","taluk":"Madikeri","district":"KODAGU","village_code":"617822"},"geometry":{"type":"Polygon","coordinates":[[[75.62886842012679,12.51919784713737],[75.6279529685803,12.519197839244761],[75.62784257192007,12.521028322321422],[75.62676610903702,12.52118198499875],[75.62368397222922,12.516336808284615],[75.61476907158666,12.51024842441436],[75.60822763670576,12.51186605225609],[75.60844258019706,12.506385891189492],[75.61000703758684,12.505105116411412],[75.61019338141445,12.503385076359963],[75.61290555695396,12.500566676658769],[75.62472237618864,12.499788874779238],[75.63087808706295,12.494142923913328],[75.63643816010665,12.492105010860808],[75.63854834762483,12.487518119276672],[75.64278478364011,12.482917114848183],[75.64554941001242,12.47791660795705],[75.65621489537837,12.469096266603],[75.66243509810357,12.465146325953237],[75.66453290504047,12.461554290164294],[75.67157877000457,12.455047109841304],[75.6739013363239,12.457128636033719],[75.6812097653708,12.458806278895613],[75.68715289532301,12.4630360252887],[75.68926994596993,12.461893875788128],[75.69924264969046,12.464577794051843],[75.7022476580463,12.463703943707378],[75.7083133361696,12.45916379726898],[75.71156070190423,12.460028703634338],[75.71916805165012,12.467210435417885],[75.71471078009361,12.469268340319612],[75.7114672088427,12.480092799772796],[75.70871644167859,12.483827713905947],[75.70860829529818,12.489780639708634],[75.70734336856346,12.493007877997902],[75.70101347076229,12.492901406425062],[75.6972161752753,12.495121195196562],[75.69633645332094,12.498584916753282],[75.69390489530652,12.499709983099496],[75.68755232762084,12.499743280137748],[75.68336534565856,12.496206682021679],[75.68143872078387,12.495665889707599],[75.6779712893642,12.496965354336636],[75.67477962905865,12.50129528869071],[75.66973821990378,12.50321552919672],[75.6632608519706,12.50301963562481],[75.65172666518222,12.505702903774065],[75.64568504933213,12.504522192922273],[75.63892605776077,12.504726637913532],[75.6355198941384,12.506172985332062],[75.6340523380183,12.50794863898168],[75.6320387966483,12.515499289343099],[75.62886842012679,12.51919784713737]]]}},{"type":"Feature","properties":{"type":"village","name":"Bettathur","taluk":"Madikeri","district":"KODAGU","village_code":"617800"},"geometry":{"type":"Polygon","coordinates":[[[75.57860726316197,12.466781297863877],[75.58373870327124,12.468147701818742],[75.5851622500273,12.470131295578115],[75.58873235888393,12.471526019801221],[75.59133993279515,12.469339068224802],[75.59236329805837,12.465780832274044],[75.59433689404263,12.463372840699698],[75.60350342177941,12.456034356662077],[75.60607132518936,12.455080348589785],[75.60840416015067,12.457494548563512],[75.60818759070874,12.461896209886245],[75.60510758290813,12.466865086972302],[75.60673502567408,12.47454793818599],[75.6043108401332,12.475808738266448],[75.59588877501847,12.475424142945919],[75.58991162137487,12.477961002192526],[75.58851145327411,12.482477667796777],[75.58599166183413,12.484314682968403],[75.58373704408294,12.490694548289456],[75.57861541986476,12.493710935886497],[75.57711903321393,12.495759049366837],[75.5771825297315,12.499274219139407],[75.57855416374554,12.501288433046936],[75.57793747838782,12.505046030871114],[75.57577630429078,12.50943723399805],[75.5712611012799,12.511955555202109],[75.56818389622299,12.510739071771894],[75.56592501866068,12.511732886990279],[75.56334476341561,12.510059974783882],[75.55754125770966,12.503269882806919],[75.55506505432396,12.498401050728575],[75.56482550141416,12.495117937876726],[75.56620594520625,12.492081210397059],[75.56591751772805,12.486169731662335],[75.56726565630589,12.48489721962062],[75.56457369914847,12.477762881839324],[75.57017426016036,12.471856502795351],[75.5736799454381,12.470832548219102],[75.57704390980166,12.467479660650499],[75.57860726316197,12.466781297863877]]]}},{"type":"Feature","properties":{"type":"village","name":"Bettathur","taluk":"Madikeri","district":"KODAGU","village_code":"617800"},"geometry":{"type":"Polygon","coordinates":[[[75.59099638738606,12.54014397509303],[75.58269379730581,12.530899878584837],[75.58170140505526,12.523324672866824],[75.58014210579181,12.522153788115915],[75.58093844342656,12.51938334966405],[75.5776539898471,12.518727383262338],[75.5753408163124,12.51494393058912],[75.5712611012799,12.511955555202109],[75.57577630429078,12.50943723399805],[75.57700584099656,12.507497841416809],[75.57855416374554,12.501288433046936],[75.5771825297315,12.499274219139407],[75.57711903321393,12.495759049366837],[75.57861541986476,12.493710935886497],[75.58373704408294,12.490694548289456],[75.58599166183413,12.484314682968403],[75.58851145327411,12.482477667796777],[75.58991162137487,12.477961002192526],[75.59588877501847,12.475424142945919],[75.6043108401332,12.475808738266448],[75.60673502567408,12.47454793818599],[75.60510758290813,12.466865086972302],[75.60875326074147,12.46022579285474],[75.60769507587946,12.45641482911452],[75.6054847531566,12.45498678921664],[75.60350342177941,12.456034356662077],[75.59433689404263,12.463372840699698],[75.59236329805837,12.465780832274044],[75.59107341163349,12.469658351375235],[75.58739821515992,12.471560510715644],[75.58373870327124,12.468147701818742],[75.58130723059678,12.46771333460732],[75.58168683527967,12.463785210266373],[75.58405600619591,12.459407356411441],[75.59390936244272,12.454518209403984],[75.593531077385,12.448854767139446],[75.59203398465836,12.446081121901159],[75.58292563271772,12.436775765914689],[75.58131582118585,12.433095876703844],[75.5817898873141,12.430487629673488],[75.57766989092596,12.426714111699336],[75.57170208335454,12.426899219905465],[75.5635383018503,12.43313872675922],[75.55859572085141,12.432121723361634],[75.55150765932349,12.433415007949206],[75.54985039159182,12.431691166287017],[75.54985155401181,12.427592362358391],[75.54753099093554,12.426753281784041],[75.54535163673378,12.428895171986227],[75.54388065174422,12.437638838028935],[75.53935643683442,12.437054745997619],[75.53628597363372,12.438060068174886],[75.52325334215418,12.432917551410778],[75.50801117936753,12.43692396781593],[75.50457800430287,12.429658393401905],[75.50359533541693,12.423236412786013],[75.52731727019388,12.41221542562073],[75.53055400526546,12.412492309820589],[75.54054688514725,12.40562438879219],[75.54418652270859,12.404618248153156],[75.55551336305807,12.408350508069686],[75.55923264076091,12.408012689597236],[75.56993723518107,12.404245930255538],[75.57309594258705,12.405762202309448],[75.57806224629594,12.405915606958324],[75.58309378925405,12.40339618393879],[75.59507067210268,12.404966883402533],[75.58815625402086,12.408144595650445],[75.59217556633365,12.414260605779427],[75.59058780035718,12.418113898228816],[75.59287188284975,12.418530956001844],[75.59480132663779,12.420850851952569],[75.59614103901822,12.424330487334283],[75.59506866706299,12.426966311673523],[75.59614070215,12.427493637384114],[75.59919621109614,12.427072239221657],[75.60107256624755,12.424858235096082],[75.60375278242417,12.424753061103626],[75.60461058997721,12.422855248681714],[75.61313384312214,12.416687741037125],[75.62446884107274,12.41116536539004],[75.63069927021911,12.413737387145293],[75.6394978471172,12.423201641738089],[75.6446671386393,12.431393744957585],[75.64975136599219,12.443134618351154],[75.66300979620489,12.46440502515553],[75.64554941001242,12.47791660795705],[75.64278478364011,12.482917114848183],[75.63854834762483,12.487518119276672],[75.63643816010665,12.492105010860808],[75.63087808706295,12.494142923913328],[75.62472237618864,12.499788874779238],[75.61179012156062,12.501293488174328],[75.61000703758684,12.505105116411412],[75.60844258019706,12.506385891189492],[75.60822763670576,12.51186605225609],[75.60550429870054,12.512733610727174],[75.60574743402039,12.521176457584827],[75.60259151408671,12.522780682121384],[75.59968831359868,12.526536238687958],[75.59585145900154,12.527706409016886],[75.59298407344558,12.538114909155926],[75.59099638738606,12.54014397509303]]]}},{"type":"Feature","properties":{"type":"village","name":"Bendebetta Forest","taluk":"Somvarpet","district":"KODAGU","village_code":"617982"},"geometry":{"type":"Polygon","coordinates":[[[75.92227381811456,12.504229757644946],[75.91697465805018,12.504619247680651],[75.9105722096117,12.510305854767768],[75.90845158456825,12.509958074081323],[75.90720948132999,12.494111972240054],[75.91215097536735,12.494202563605242],[75.91737035515304,12.492392482611812],[75.91873507034278,12.493733035614097],[75.92060420303929,12.500312990692274],[75.92258623689904,12.502408208879828],[75.92227381811456,12.504229757644946]]]}},{"type":"Feature","properties":{"type":"village","name":"Yedavanadu Forest Ii","taluk":"Somvarpet","district":"KODAGU","village_code":"617949"},"geometry":{"type":"Polygon","coordinates":[[[75.91925977001205,12.531661378716457],[75.91599823784536,12.53655599900496],[75.91445612425161,12.543052818316406],[75.90881266778662,12.539848456724974],[75.90074482725304,12.538809822400458],[75.89730573857886,12.534219132263798],[75.89510140761892,12.532833350633295],[75.89439451703366,12.521746687360759],[75.8998588063119,12.512395033703271],[75.90669614804402,12.525727533838745],[75.90801655383235,12.526292375327834],[75.90929542331862,12.525989431867764],[75.91114902773712,12.52325925909401],[75.91400924563546,12.515159632011446],[75.9153798510785,12.513902901786226],[75.91837447580795,12.513296876671543],[75.92009506308908,12.514164399640359],[75.9206244852018,12.516415171337073],[75.91846303532192,12.520356662652619],[75.91771394188461,12.524993979064952],[75.91925977001205,12.531661378716457]]]}},{"type":"Feature","properties":{"type":"village","name":"Marur","taluk":"Somvarpet","district":"KODAGU","village_code":"617976"},"geometry":{"type":"Polygon","coordinates":[[[75.96912354643109,12.543083370403084],[75.96317393333747,12.549321981096906],[75.95682441722879,12.546205606713288],[75.94822548012283,12.539494777591237],[75.94302323390458,12.538976306875938],[75.94002206404997,12.525290804436983],[75.95042508774101,12.522776230752315],[75.96673567618389,12.522251709684156],[75.96241717457583,12.527363715167658],[75.96255030040936,12.530048976903473],[75.9649777800724,12.538363813978442],[75.96828413368017,12.538102930809732],[75.96925452079955,12.539358547837441],[75.96912354643109,12.543083370403084]]]}},{"type":"Feature","properties":{"type":"village","name":"Aigur*","taluk":"Somvarpet","district":"KODAGU","village_code":"617938"},"geometry":{"type":"Polygon","coordinates":[[[75.85103774396896,12.543718390345866],[75.84369899857785,12.546234321394849],[75.84165031241899,12.548246420176483],[75.83537461806377,12.544606076303774],[75.83167088211364,12.53980997106416],[75.84084039315545,12.534511537062887],[75.8471174637297,12.523465622903462],[75.8482513217729,12.516186884738769],[75.8476850525639,12.51387468600969],[75.84489644027516,12.51023492758667],[75.84452480993707,12.505076176144977],[75.854700125975,12.50441292405617],[75.85846700899799,12.502854629389635],[75.86456251118871,12.497990648225493],[75.86473658043627,12.501307808988372],[75.86276359530639,12.509037705296263],[75.8572717376304,12.52342378312403],[75.85762014292516,12.527020426304535],[75.85626853235878,12.53451325579544],[75.85103774396896,12.543718390345866]]]}},{"type":"Feature","properties":{"type":"village","name":"Yedavanadu Forest I Bit","taluk":"Somvarpet","district":"KODAGU","village_code":"617979"},"geometry":{"type":"Polygon","coordinates":[[[75.87452937765653,12.543291643079868],[75.86694574073918,12.545132515186701],[75.85552631911823,12.551083257190596],[75.85007834144892,12.549541359333903],[75.84694067707842,12.545601847062414],[75.85103774396896,12.543718390345866],[75.8600597139119,12.542349031994277],[75.86128012014113,12.54076488797372],[75.86254449261533,12.531388135661473],[75.86816698329993,12.518029564892379],[75.86742628821222,12.514133231999166],[75.86276359530639,12.509037705296263],[75.8632376219088,12.506353914015353],[75.86826073417795,12.506488344934224],[75.8706482603704,12.504969798997882],[75.87248515881956,12.501310533880758],[75.8733212630753,12.48807338436623],[75.87618275208978,12.486771716596708],[75.88487341616938,12.493228236424219],[75.89902257719034,12.498070028934714],[75.90177816740918,12.498226012733523],[75.90327211872727,12.501317121156694],[75.8998588063119,12.512395033703271],[75.89439451703366,12.521746687360759],[75.89510140761892,12.532833350633295],[75.89078557580387,12.532501630250739],[75.88307163106808,12.535584593915791],[75.87452937765653,12.543291643079868]]]}},{"type":"Feature","properties":{"type":"village","name":"Manajur","taluk":"Somvarpet","district":"KODAGU","village_code":"617971"},"geometry":{"type":"Polygon","coordinates":[[[76.00101807788016,12.577719336666517],[75.99909069662402,12.580589308653463],[75.99722010416517,12.580721236289877],[75.99661894708547,12.584197136061812],[75.99414039191032,12.587705485376487],[75.99443085227598,12.588948272248986],[75.99008217535919,12.588231465140737],[75.99172831026956,12.585672666234457],[75.98768179876659,12.581353519022924],[75.98852536712404,12.574157803717142],[75.98183944272127,12.573405692427603],[75.97393114208381,12.57658141918666],[75.9687594026526,12.576732323732667],[75.9754768426505,12.56353254281031],[75.97301969882015,12.563131183906869],[75.97293636390788,12.561675821567148],[75.96978435074737,12.560931137193569],[75.97059402297418,12.559803282269156],[75.98423523610928,12.556415822754134],[75.99030348880417,12.557917864565946],[75.99075070069533,12.560105222332911],[75.98602690707884,12.56343815292831],[75.98511198643668,12.564934488714135],[75.98537523773068,12.56742025492938],[75.9872906255795,12.570501927913842],[76.00101807788016,12.577719336666517]]]}},{"type":"Feature","properties":{"type":"village","name":"Kiragandur","taluk":"Somvarpet","district":"KODAGU","village_code":"617931"},"geometry":{"type":"Polygon","coordinates":[[[75.83210085802945,12.582370273420633],[75.82805177734473,12.581546927947718],[75.82425191806595,12.584932821722463],[75.81652213513337,12.578769210793626],[75.80994017455504,12.576771443904214],[75.8060349240288,12.572944289973607],[75.80716921326334,12.570590957190602],[75.81593164914091,12.562887070239647],[75.82164331468545,12.554237598316297],[75.82578483830108,12.550342508148239],[75.82973879188874,12.539807849876127],[75.83167088211364,12.53980997106416],[75.83537461806377,12.544606076303774],[75.84165031241899,12.548246420176483],[75.84308813789643,12.551629144426773],[75.83781261699878,12.563274488303259],[75.8375500520176,12.569825417156821],[75.8332779681569,12.572564989638131],[75.83414891087601,12.577403449663645],[75.83210085802945,12.582370273420633]]]}},{"type":"Feature","properties":{"type":"village","name":"Muvathoklu","taluk":"Somvarpet","district":"KODAGU","village_code":"617954"},"geometry":{"type":"Polygon","coordinates":[[[75.78362460233024,12.548119314376038],[75.78034266583018,12.549524771024885],[75.77502572541137,12.548452332562391],[75.76300052487858,12.538984867944645],[75.75796220323333,12.536334484104929],[75.76703499895672,12.5230254590691],[75.77014876185244,12.513453977313208],[75.77883536285202,12.501296620879879],[75.77989874985781,12.494859872769014],[75.78095321659283,12.493422344738992],[75.78592239580894,12.495566688986306],[75.79037384089254,12.495203726229994],[75.79278320423124,12.500749848297744],[75.79404385229026,12.507098834159368],[75.79639339591589,12.510737921167346],[75.79795975503916,12.518060305860354],[75.80003832275763,12.520745688130425],[75.79682541729558,12.526882469419919],[75.79407600299427,12.536341324787323],[75.79229002644531,12.539210737824199],[75.78583889919993,12.542548653996679],[75.78362460233024,12.548119314376038]]]}},{"type":"Feature","properties":{"type":"village","name":"Jainkalbetta Forest","taluk":"Somvarpet","district":"KODAGU","village_code":"617977"},"geometry":{"type":"Polygon","coordinates":[[[75.9309911540733,12.554873933176347],[75.92221776234251,12.556304729277015],[75.91741127790581,12.551454671290841],[75.91701371410379,12.54617082587885],[75.91445612425161,12.543052818316406],[75.91599823784536,12.53655599900496],[75.9177170033431,12.533394063855443],[75.9253425556516,12.527156080298852],[75.93093978032054,12.520528505820606],[75.9341136809329,12.520268023787509],[75.93570075879987,12.520484255700556],[75.93931628378238,12.523645201253803],[75.94302323390458,12.538976306875938],[75.94033482599083,12.542181949914022],[75.93760318395914,12.549458779918675],[75.9309911540733,12.554873933176347]]]}},{"type":"Feature","properties":{"type":"village","name":"Thorenur","taluk":"Somvarpet","district":"KODAGU","village_code":"617973"},"geometry":{"type":"Polygon","coordinates":[[[75.96978435074737,12.560931137193569],[75.96261617386915,12.561245362718019],[75.96139576404666,12.555267696680422],[75.96317393333747,12.549321981096906],[75.96912354643109,12.543083370403084],[75.97759023895084,12.544033832066006],[75.98376381372289,12.542603256244552],[75.98495621497315,12.544704403224484],[75.98666786671214,12.545110532100066],[75.99381093118662,12.541071454004163],[75.99540754197537,12.54152274182],[75.99851082332832,12.546606075699769],[75.99909096072871,12.549281680887232],[75.99800696906526,12.551410728116608],[75.99149855984746,12.555377285959445],[75.99030348880417,12.557917864565946],[75.98423523610928,12.556415822754134],[75.97059402297418,12.559803282269156],[75.96978435074737,12.560931137193569]]]}},{"type":"Feature","properties":{"type":"village","name":"Yedavanadu Forest Ii","taluk":"Somvarpet","district":"KODAGU","village_code":"617949"},"geometry":{"type":"Polygon","coordinates":[[[75.89920203992283,12.541451846899598],[75.89557930685851,12.555834168310295],[75.89104779493366,12.561447881080696],[75.88961234280518,12.562731589391863],[75.88524595290762,12.56353622627015],[75.88119695935953,12.557380438018768],[75.87596571911713,12.544404408403214],[75.87452937765653,12.543291643079868],[75.88307163106808,12.535584593915791],[75.89361833310228,12.53215888577624],[75.89730573857886,12.534219132263798],[75.90074482725304,12.538809822400458],[75.89920203992283,12.541451846899598]]]}},{"type":"Feature","properties":{"type":"village","name":"Kumbur","taluk":"Somvarpet","district":"KODAGU","village_code":"617953"},"geometry":{"type":"Polygon","coordinates":[[[75.79923932161805,12.5587700735679],[75.79457479075917,12.561166354813913],[75.79091347774835,12.561250834909702],[75.78439818204556,12.558808058359249],[75.78362460233024,12.548119314376038],[75.78583889919993,12.542548653996679],[75.79229002644531,12.539210737824199],[75.79407600299427,12.536341324787323],[75.79682541729558,12.526882469419919],[75.80003832275763,12.520745688130425],[75.81037963129035,12.52153193942566],[75.8163505632023,12.519563842889381],[75.82358376373406,12.524960344154659],[75.83709292811562,12.530143643857485],[75.83792017857593,12.535581468641645],[75.83507055361143,12.538311944102427],[75.83167088211364,12.53980997106416],[75.82212523837751,12.537668490021545],[75.81868388235557,12.538436117158755],[75.80913500558273,12.548752313021474],[75.8019421609668,12.554915189137105],[75.79923932161805,12.5587700735679]]]}},{"type":"Feature","properties":{"type":"village","name":"Yelakanur","taluk":"Somvarpet","district":"KODAGU","village_code":"617948"},"geometry":{"type":"Polygon","coordinates":[[[75.91190134882126,12.559121401765891],[75.90656738532782,12.566484865849471],[75.90101096663068,12.555787627831128],[75.89633729541377,12.552063209169507],[75.89920203992283,12.541451846899598],[75.90074482725304,12.538809822400458],[75.90753419176244,12.539545476584621],[75.91159026672996,12.541060906866926],[75.91701371410379,12.54617082587885],[75.91741127790581,12.551454671290841],[75.91397258988026,12.552711163184556],[75.91190134882126,12.559121401765891]]]}},{"type":"Feature","properties":{"type":"village","name":"Sirangalli","taluk":"Somvarpet","district":"KODAGU","village_code":"617952"},"geometry":{"type":"Polygon","coordinates":[[[75.78439818204556,12.558808058359249],[75.78097339814398,12.561954552879941],[75.7746779121064,12.565441310589213],[75.76883423104601,12.566207376608114],[75.76571973602337,12.565008319707244],[75.75955175685723,12.560639659383744],[75.75399716982497,12.553378511271895],[75.7524299420308,12.549997036730263],[75.74978111209187,12.537986931108168],[75.75589399129343,12.540782964040675],[75.75796220323333,12.536334484104929],[75.76300052487858,12.538984867944645],[75.77502572541137,12.548452332562391],[75.78034266583018,12.549524771024885],[75.78362460233024,12.548119314376038],[75.78439818204556,12.558808058359249]]]}},{"type":"Feature","properties":{"type":"village","name":"Belur Basavanalli","taluk":"Somvarpet","district":"KODAGU","village_code":"617940"},"geometry":{"type":"Polygon","coordinates":[[[75.88223221202892,12.559179283313155],[75.8758966512482,12.570858190381353],[75.86705311636507,12.573578777645054],[75.86463314571952,12.568584381611556],[75.86036351605615,12.56456162631175],[75.8550449433985,12.56220638423761],[75.85308509612963,12.559851473946937],[75.85552631911823,12.551083257190596],[75.86694574073918,12.545132515186701],[75.87452937765653,12.543291643079868],[75.87596571911713,12.544404408403214],[75.88223221202892,12.559179283313155]]]}},{"type":"Feature","properties":{"type":"village","name":"Nidtha Forest I Bit","taluk":"Somvarpet","district":"KODAGU","village_code":"617946"},"geometry":{"type":"Polygon","coordinates":[[[75.92526217260335,12.568214715140945],[75.91424038305637,12.575102783864548],[75.91128576389977,12.57111852479226],[75.9085511861737,12.564145859628244],[75.91190134882126,12.559121401765891],[75.91397258988026,12.552711163184556],[75.91741127790581,12.551454671290841],[75.93006692508818,12.563016552782935],[75.92526217260335,12.568214715140945]]]}},{"type":"Feature","properties":{"type":"village","name":"Sirangala","taluk":"Somvarpet","district":"KODAGU","village_code":"617972"},"geometry":{"type":"Polygon","coordinates":[[[76.01905780826061,12.571648369179394],[76.01752491138171,12.572003583185985],[76.01618797299886,12.570305727764081],[76.01393090464354,12.569565617151387],[76.01231286723862,12.573205849752162],[76.00991688969597,12.571562271338221],[76.00643195370465,12.574435129184753],[76.00356133870524,12.57454326800965],[76.00101807788016,12.577719336666517],[75.9872906255795,12.570501927913842],[75.98537523773068,12.56742025492938],[75.98511198643668,12.564934488714135],[75.99075070069533,12.560105222332911],[75.99210894532007,12.562183647676147],[75.99645253328076,12.562688038323776],[75.99909087538876,12.560225503208413],[76.00761118655117,12.555355115228608],[76.01246057991573,12.554262197105338],[76.01184460782035,12.560832032600802],[76.01880895965557,12.566967076574727],[76.01905780826061,12.571648369179394]]]}},{"type":"Feature","properties":{"type":"village","name":"Biligeri","taluk":"Somvarpet","district":"KODAGU","village_code":"617816"},"geometry":{"type":"Polygon","coordinates":[[[75.82973879188874,12.539807849876127],[75.82578483830108,12.550342508148239],[75.82164331468545,12.554237598316297],[75.81593164914091,12.562887070239647],[75.80716921326334,12.570590957190602],[75.8060349240288,12.572944289973607],[75.79779360084754,12.569477789591884],[75.7987664736053,12.566093338693683],[75.79867989936812,12.560365316864898],[75.80050629112174,12.556541822282256],[75.80913500558273,12.548752313021474],[75.81549970501634,12.54100704788822],[75.81868388235557,12.538436117158755],[75.82212523837751,12.537668490021545],[75.82973879188874,12.539807849876127]]]}},{"type":"Feature","properties":{"type":"village","name":"Kusubur","taluk":"Somvarpet","district":"KODAGU","village_code":"617937"},"geometry":{"type":"Polygon","coordinates":[[[75.86705311636507,12.573578777645054],[75.86034440080525,12.576886843071202],[75.85557688259061,12.584090790719527],[75.85267917080894,12.581166073574051],[75.84361830111926,12.576119377140051],[75.84273649237846,12.573936600880325],[75.8375500520176,12.569825417156821],[75.83781261699878,12.563274488303259],[75.84273925379968,12.553256118393357],[75.84308813789643,12.551629144426773],[75.84165031241899,12.548246420176483],[75.84243492883591,12.547047668002268],[75.84694067707842,12.545601847062414],[75.85007834144892,12.549541359333903],[75.85552631911823,12.551083257190596],[75.85308509612963,12.559851473946937],[75.8550449433985,12.56220638423761],[75.86036351605615,12.56456162631175],[75.86463314571952,12.568584381611556],[75.86705311636507,12.573578777645054]]]}},{"type":"Feature","properties":{"type":"village","name":"Kalooru","taluk":"Madikeri","district":"KODAGU","village_code":"617819"},"geometry":{"type":"Polygon","coordinates":[[[75.72574476427056,12.511204718027267],[75.72015843167446,12.513512263758875],[75.7176635433308,12.515599113827713],[75.7135683530209,12.521968272673067],[75.71181930711157,12.526909409594364],[75.71156161099928,12.536351424899722],[75.71061242681556,12.538456006799578],[75.69556587308033,12.550317514401758],[75.69184104828062,12.552184844145234],[75.68427808519121,12.550320072174738],[75.67813071427598,12.547430119706318],[75.66852601978465,12.548668478571978],[75.66637840036692,12.546444581126849],[75.66302903542335,12.54619192061113],[75.66113329642475,12.544388792212871],[75.65748026228756,12.543774513720095],[75.65374880612443,12.540782843030822],[75.64428982915196,12.53947735120751],[75.64053097796592,12.536557807167384],[75.63788999840426,12.530709398189607],[75.63315607268969,12.528151357262802],[75.63374948718993,12.526592051862997],[75.63245214923975,12.52534914871746],[75.63307771264743,12.521972912599642],[75.62886842012679,12.51919784713737],[75.6320387966483,12.515499289343099],[75.6340523380183,12.50794863898168],[75.6355198941384,12.506172985332062],[75.63892605776077,12.504726637913532],[75.64568504933213,12.504522192922273],[75.65172666518222,12.505702903774065],[75.6632608519706,12.50301963562481],[75.66973821990378,12.50321552919672],[75.67477962905865,12.50129528869071],[75.6779712893642,12.496965354336636],[75.68143872078387,12.495665889707599],[75.68336534565856,12.496206682021679],[75.68755232762084,12.499743280137748],[75.69390489530652,12.499709983099496],[75.69633645332094,12.498584916753282],[75.6972161752753,12.495121195196562],[75.70101347076229,12.492901406425062],[75.70734336856346,12.493007877997902],[75.70860829529818,12.489780639708634],[75.70822216255812,12.48718312711109],[75.70926635076967,12.482312268677465],[75.7114672088427,12.480092799772796],[75.71410583661496,12.470621462947342],[75.71647147535552,12.467860726789796],[75.71916805165012,12.467210435417885],[75.72213141770264,12.470469908638542],[75.72620428397941,12.470684944586747],[75.72972772086548,12.473227167309593],[75.7342412377386,12.474145440947728],[75.73281889023349,12.47647132168101],[75.73737055586176,12.477842854656126],[75.74298002097471,12.475053881601216],[75.74460565902528,12.471985232843254],[75.74741527572196,12.471316293751629],[75.74860761409016,12.473447542578906],[75.74798060708981,12.477835672987853],[75.74554847325527,12.477661149967314],[75.74310734997972,12.480752785694772],[75.7387396440503,12.493374409897987],[75.7348761903376,12.497789454314244],[75.72506405508423,12.501295038740789],[75.7258347278513,12.50295210398595],[75.72574476427056,12.511204718027267]]]}},{"type":"Feature","properties":{"type":"village","name":"Nerugalale","taluk":"Somvarpet","district":"KODAGU","village_code":"617943"},"geometry":{"type":"Polygon","coordinates":[[[75.89993908964715,12.585207453630362],[75.88942131426339,12.590077756140978],[75.88809599379209,12.59229085809475],[75.88716848685449,12.59734363194929],[75.8834130483682,12.596858215235004],[75.88115980234443,12.595372030905667],[75.87828807702728,12.590034532341027],[75.8782383409033,12.58669594302481],[75.88459994743734,12.58009995081549],[75.88323011993532,12.570640037655776],[75.88524595290762,12.56353622627015],[75.88961234280518,12.562731589391863],[75.89104779493366,12.561447881080696],[75.89557930685851,12.555834168310295],[75.89633729541377,12.552063209169507],[75.90101096663068,12.555787627831128],[75.90656738532782,12.566484865849471],[75.90325527082413,12.57158026107061],[75.9010754791428,12.583869487724435],[75.89993908964715,12.585207453630362]]]}},{"type":"Feature","properties":{"type":"village","name":"Negalale Karkalli","taluk":"Somvarpet","district":"KODAGU","village_code":"617941"},"geometry":{"type":"Polygon","coordinates":[[[75.8782383409033,12.58669594302481],[75.87647116429658,12.585611082964176],[75.8739971914277,12.585697757366761],[75.86860730870613,12.58782399199331],[75.85742923116436,12.597283150850528],[75.85367540425564,12.596239606807055],[75.85124576414435,12.596763607910795],[75.84766604241587,12.593852588166131],[75.84634099143916,12.591511211626731],[75.8473122103985,12.589079699366078],[75.85530984489768,12.585478334590956],[75.85804817578497,12.57927300162578],[75.86259910569304,12.57519658378256],[75.8758966512482,12.570858190381353],[75.88223221202892,12.559179283313155],[75.88524595290762,12.56353622627015],[75.88323011993532,12.570640037655776],[75.88459994743734,12.58009995081549],[75.8782383409033,12.58669594302481]]]}},{"type":"Feature","properties":{"type":"village","name":"Balagunda","taluk":"Somvarpet","district":"KODAGU","village_code":"617936"},"geometry":{"type":"Polygon","coordinates":[[[75.85124576414435,12.596763607910795],[75.85073017608704,12.598444915322924],[75.84900903993527,12.599692170326357],[75.83446782268335,12.599229101217626],[75.8322919431651,12.595242315695645],[75.83299720061318,12.58777596074295],[75.83210085802945,12.582370273420633],[75.83414891087601,12.577403449663645],[75.83310344256519,12.573678225400894],[75.83397558184026,12.571537521644913],[75.8375500520176,12.569825417156821],[75.84273649237846,12.573936600880325],[75.84361830111926,12.576119377140051],[75.85267917080894,12.581166073574051],[75.85557688259061,12.584090790719527],[75.85530984489768,12.585478334590956],[75.84832923714909,12.588429015770362],[75.8465620506609,12.590164389582547],[75.84766604241587,12.593852588166131],[75.85124576414435,12.596763607910795]]]}},{"type":"Feature","properties":{"type":"village","name":"Ganagur","taluk":"Somvarpet","district":"KODAGU","village_code":"617945"},"geometry":{"type":"Polygon","coordinates":[[[75.91748019395948,12.620296413370372],[75.9104555067782,12.625851702937071],[75.90590443403804,12.6259390430862],[75.90024812537624,12.620290144721693],[75.89494572598694,12.617469913974048],[75.89308964491319,12.612436382097023],[75.8937522557415,12.60939871125279],[75.89680045868944,12.604755364745174],[75.90400241132402,12.607618858187939],[75.91606571928952,12.61681696976543],[75.91748019395948,12.620296413370372]]]}},{"type":"Feature","properties":{"type":"village","name":"Hammiyala","taluk":"Madikeri","district":"KODAGU","village_code":"617820"},"geometry":{"type":"Polygon","coordinates":[[[75.73703329237149,12.560789060785575],[75.73509453125729,12.567573904830622],[75.73141667756714,12.574956001794009],[75.73401513537482,12.58309490425882],[75.73276428883386,12.584826427587975],[75.73193399757632,12.591154327298849],[75.72196717332935,12.59128450835647],[75.7195622144305,12.595990345103937],[75.71390664508219,12.595287115795989],[75.70837009981405,12.592848169800599],[75.70737785578552,12.5979873407939],[75.7055336836775,12.60156743798036],[75.69538672565648,12.600810900026852],[75.69055082678412,12.603013149084935],[75.68774947638467,12.607659985571555],[75.68183547789879,12.60455622765664],[75.67886290680957,12.605469761300446],[75.67516825821684,12.608448842998627],[75.67002312418938,12.60639323563108],[75.66675989600347,12.603189308975448],[75.66568719885807,12.599645986714611],[75.66154527100059,12.596686126735873],[75.66141600612612,12.593770952296431],[75.6631320119993,12.591171944809535],[75.66313607597768,12.587560707687578],[75.6642079718258,12.585626117131993],[75.66199402440076,12.58103436798286],[75.66211787243402,12.577924822141329],[75.66376473497978,12.5754071652804],[75.66519130007516,12.576143654693693],[75.66668186204969,12.574981889200822],[75.6684620750078,12.572242713368624],[75.66314279627429,12.569622002305993],[75.66871404705509,12.565232641991994],[75.67055335478587,12.55880534371957],[75.67064872083472,12.551411100776512],[75.66852604224255,12.54866843999031],[75.67813071427598,12.547430119706318],[75.68707232901846,12.551270986756],[75.6934055649592,12.551781918148635],[75.71061242681556,12.538456006799578],[75.71156161099928,12.536351424899722],[75.71181930711157,12.526909409594364],[75.7135683530209,12.521968272673067],[75.7176635433308,12.515599113827713],[75.72015843167446,12.513512263758875],[75.72574476427056,12.511204718027267],[75.7239973461085,12.519823851201096],[75.72392502813487,12.52567937085238],[75.7245216487224,12.527326030032345],[75.7349626307258,12.538381227284123],[75.73236458704149,12.541500859266476],[75.73201177012037,12.544917847240072],[75.72922969756692,12.548453366376654],[75.73052545268557,12.555788333680802],[75.73703329237149,12.560789060785575]]]}},{"type":"Feature","properties":{"type":"village","name":"Choudlu","taluk":"Somvarpet","district":"KODAGU","village_code":"617935"},"geometry":{"type":"Polygon","coordinates":[[[75.8749855780904,12.609426198573999],[75.86805957084313,12.617502744310709],[75.86145411123526,12.616113759926282],[75.85334681669441,12.611122840423562],[75.8523307888704,12.60953882423667],[75.8525076455903,12.607477612391737],[75.86022890530747,12.602070328407814],[75.86295138721825,12.605832233700326],[75.8749855780904,12.609426198573999]]]}},{"type":"Feature","properties":{"type":"village","name":"Thakeri","taluk":"Somvarpet","district":"KODAGU","village_code":"617929"},"geometry":{"type":"Polygon","coordinates":[[[75.78558409386622,12.617684615060009],[75.78250853631957,12.617108754570664],[75.77396781094231,12.603966876419005],[75.77251141279633,12.60301250034866],[75.7741507869859,12.591253436849184],[75.77773134055435,12.586134263244318],[75.79019223208483,12.57867490366326],[75.79779360084754,12.569477789591884],[75.80437514820083,12.57190984084609],[75.80994017455504,12.576771443904214],[75.81652213513337,12.578769210793626],[75.82425191806595,12.584932821722463],[75.82190948999572,12.589445318681884],[75.81881619790872,12.592742562723462],[75.81722489436665,12.59656094556863],[75.81086317105158,12.595474528134524],[75.80746210267351,12.592219038222533],[75.80649011655295,12.592479206315533],[75.79734198900815,12.60163270208575],[75.79393812776787,12.607489833843832],[75.78965118128076,12.611176883698402],[75.78558409386622,12.617684615060009]]]}},{"type":"Feature","properties":{"type":"village","name":"Hanagallu","taluk":"Somvarpet","district":"KODAGU","village_code":"617932"},"geometry":{"type":"Polygon","coordinates":[[[75.8352494971177,12.602835947587879],[75.831010991384,12.618192969364905],[75.82848650265346,12.620755406725007],[75.82305210661293,12.61910537787851],[75.81969495417414,12.61489544441053],[75.80847346913951,12.610206126305162],[75.81488150959062,12.60395901621921],[75.81881619790872,12.592742562723462],[75.82190948999572,12.589445318681884],[75.825092735782,12.583675125783262],[75.82805177734473,12.581546927947718],[75.83210085802945,12.582370273420633],[75.83282279000585,12.585258424164937],[75.8322919431651,12.595242315695645],[75.83498298763415,12.600490134680635],[75.8352494971177,12.602835947587879]]]}},{"type":"Feature","properties":{"type":"village","name":"Somvarpet (TP)","taluk":"Somvarpet","district":"KODAGU","village_code":"803188"},"geometry":{"type":"Polygon","coordinates":[[[75.86805957084313,12.617502744310709],[75.86580435661054,12.61947615881286],[75.85166682787423,12.621428673799429],[75.84152727376778,12.614983486973022],[75.83286204907868,12.61298866806911],[75.8352494971177,12.602835947587879],[75.83446782268335,12.599229101217626],[75.84900903993527,12.599692170326357],[75.85073017608704,12.598444915322924],[75.85124576414435,12.596763607910795],[75.85367540425564,12.596239606807055],[75.85742923116436,12.597283150850528],[75.86022890530747,12.602070328407814],[75.8525076455903,12.607477612391737],[75.85250743807947,12.61036336587072],[75.86145411123526,12.616113759926282],[75.86805957084313,12.617502744310709]]]}},{"type":"Feature","properties":{"type":"village","name":"Mavina Halla Forest","taluk":"Somvarpet","district":"KODAGU","village_code":"617970"},"geometry":{"type":"Polygon","coordinates":[[[75.9486295926433,12.595739098319903],[75.94461855022102,12.601511779594968],[75.94096084304773,12.604350987940935],[75.93988017784577,12.607388444252823],[75.93006916189324,12.602830946178402],[75.9255614490352,12.596713164800923],[75.92548466643458,12.588784382781633],[75.93090477477054,12.563406160035857],[75.9309911540733,12.554873933176347],[75.93760318395914,12.549458779918675],[75.94033482599083,12.542181949914022],[75.94302323390458,12.538976306875938],[75.94425759905502,12.538716191606252],[75.94822548012283,12.539494777591237],[75.95682441722879,12.546205606713288],[75.96317393333747,12.549321981096906],[75.96139576404666,12.555267696680422],[75.96261617386915,12.561245362718019],[75.95549358379665,12.575466390747597],[75.9486295926433,12.595739098319903]]]}},{"type":"Feature","properties":{"type":"village","name":"Masagodu","taluk":"Somvarpet","district":"KODAGU","village_code":"617942"},"geometry":{"type":"Polygon","coordinates":[[[75.88266195528105,12.596478566248777],[75.88175635016842,12.599559563373308],[75.8772057176027,12.60326970661828],[75.8765650651932,12.607327059939049],[75.8749855780904,12.609426198573999],[75.86295138721825,12.605832233700326],[75.85742923116436,12.597283150850528],[75.86860730870613,12.58782399199331],[75.87647116429658,12.585611082964176],[75.8782383409033,12.58669594302481],[75.87903910723237,12.592551412742429],[75.88266195528105,12.596478566248777]]]}},{"type":"Feature","properties":{"type":"village","name":"Garvale","taluk":"Somvarpet","district":"KODAGU","village_code":"617951"},"geometry":{"type":"Polygon","coordinates":[[[75.77251141279633,12.60301250034866],[75.76782670218292,12.606395341366147],[75.76504306835751,12.606741352328699],[75.76345712506276,12.594245216209817],[75.75652518444299,12.588425304612484],[75.74912276107466,12.584618054416756],[75.74797791394057,12.582541052905146],[75.74566435592696,12.574856800904376],[75.7466297627864,12.567903019784918],[75.74595868443821,12.566878596669198],[75.73052545268557,12.555788333680802],[75.72922969756692,12.548453366376654],[75.73201177012037,12.544917847240072],[75.73236458704149,12.541500859266476],[75.7347372299463,12.538381302696767],[75.73736434580819,12.538791620799822],[75.73882378834465,12.541294867663431],[75.7424447669992,12.541862909843433],[75.74978111209187,12.537986931108168],[75.7524299420308,12.549997036730263],[75.75659028984323,12.557234990880156],[75.76273458582523,12.563036493132651],[75.76883423104601,12.566207376608114],[75.77735615378606,12.56419949193294],[75.78439818204556,12.558808058359249],[75.79091347774835,12.561250834909702],[75.79457479075917,12.561166354813913],[75.79923932161805,12.5587700735679],[75.79845671024084,12.567872423298892],[75.79381594521112,12.575074381027964],[75.79019223208483,12.57867490366326],[75.77773134055435,12.586134263244318],[75.77543315720679,12.588389878964271],[75.77322168374205,12.59468121396201],[75.77251141279633,12.60301250034866]]]}},{"type":"Feature","properties":{"type":"village","name":"Gonimarur","taluk":"Somvarpet","district":"KODAGU","village_code":"617944"},"geometry":{"type":"Polygon","coordinates":[[[75.94697805167152,12.614252161135168],[75.92949880355305,12.622314959357738],[75.92600344800275,12.626256288596746],[75.91748019395948,12.620296413370372],[75.91725897843088,12.61855252390513],[75.91407718522038,12.61495126469435],[75.90400241132402,12.607618858187939],[75.89680045868944,12.604755364745174],[75.89794682756958,12.587562284913105],[75.9010754791428,12.583869487724435],[75.9020317159998,12.57547632712256],[75.9041246774241,12.569568908601909],[75.9085511861737,12.564145859628244],[75.91128576389977,12.57111852479226],[75.91424038305637,12.575102783864548],[75.91543081969111,12.57479946472961],[75.91575109334441,12.581570206376911],[75.91968417727139,12.589423904867605],[75.92781540382974,12.600140952214115],[75.93214604077897,12.604305945711515],[75.93988017784577,12.607388444252823],[75.93962297940014,12.609422386028829],[75.94139499972286,12.61056545098474],[75.94161166618285,12.612038807869995],[75.94697805167152,12.614252161135168]]]}},{"type":"Feature","properties":{"type":"village","name":" ","taluk":"Somvarpet","district":"KODAGU","village_code":" "},"geometry":{"type":"Polygon","coordinates":[[[75.9309911540733,12.554873933176347],[75.93090477477054,12.563406160035857],[75.92548466643458,12.588784382781633],[75.9255614490352,12.596713164800923],[75.91968417727139,12.589423904867605],[75.91575109334441,12.581570206376911],[75.91504344637765,12.576363020567516],[75.91543081969111,12.57479946472961],[75.92526217260335,12.568214715140945],[75.93006692508818,12.563016552782935],[75.92812654431154,12.560504862139728],[75.92221776234251,12.556304729277015],[75.9309911540733,12.554873933176347]]]}},{"type":"Feature","properties":{"type":"village","name":" ","taluk":"Somvarpet","district":"KODAGU","village_code":" "},"geometry":{"type":"Polygon","coordinates":[[[75.94981110361735,12.624226318323597],[75.94538025420827,12.627897403785344],[75.94466734041903,12.629538235826548],[75.9391490327478,12.628536153255476],[75.93561494274077,12.630078185622788],[75.92600344800275,12.626256288596746],[75.92949880355305,12.622314959357738],[75.94697805167152,12.614252161135168],[75.94981110361735,12.624226318323597]]]}},{"type":"Feature","properties":{"type":"village","name":" ","taluk":"Somvarpet","district":"KODAGU","village_code":" "},"geometry":{"type":"Polygon","coordinates":[[[75.92600344800275,12.626256288596746],[75.9217967893425,12.631623568593533],[75.91434350965098,12.623247606172699],[75.91748019395948,12.620296413370372],[75.92600344800275,12.626256288596746]]]}},{"type":"Feature","properties":{"type":"village","name":"Doddakanagalu","taluk":"Somvarpet","district":"KODAGU","village_code":"617907"},"geometry":{"type":"Polygon","coordinates":[[[75.9217967893425,12.631623568593533],[75.91769837677568,12.637670260023347],[75.9096123938666,12.640925781146057],[75.90771763582832,12.63934754011414],[75.90431444473124,12.63301242581498],[75.9034298242636,12.6239865099243],[75.90590443403804,12.6259390430862],[75.9092625782169,12.626199032292705],[75.91434350965098,12.623247606172699],[75.9217967893425,12.631623568593533]]]}},{"type":"Feature","properties":{"type":"village","name":"Kalakandur","taluk":"Somvarpet","district":"KODAGU","village_code":"617934"},"geometry":{"type":"Polygon","coordinates":[[[75.84735772713563,12.631213554036663],[75.82566052404218,12.639151187562721],[75.82583977207734,12.626480225078163],[75.82848650265346,12.620755406725007],[75.831010991384,12.618192969364905],[75.83286204907868,12.61298866806911],[75.84152727376778,12.614983486973022],[75.85166682787423,12.621428673799429],[75.8500534096065,12.628046090162007],[75.84735772713563,12.631213554036663]]]}},{"type":"Feature","properties":{"type":"village","name":"Yedur","taluk":"Somvarpet","district":"KODAGU","village_code":"618020"},"geometry":{"type":"Polygon","coordinates":[[[75.82566052404218,12.639151187562721],[75.81792725025636,12.640755124741505],[75.81461417096206,12.63663193658982],[75.80635141397812,12.614978910966132],[75.8065730157823,12.61241876341808],[75.80847346913951,12.610206126305162],[75.81969495417414,12.61489544441053],[75.82305210661293,12.61910537787851],[75.82848650265346,12.620755406725007],[75.82583977207734,12.626480225078163],[75.82566052404218,12.639151187562721]]]}},{"type":"Feature","properties":{"type":"village","name":"Haraga","taluk":"Somvarpet","district":"KODAGU","village_code":"617921"},"geometry":{"type":"Polygon","coordinates":[[[75.7707741438004,12.637607667196539],[75.76551252433173,12.640319626204569],[75.7631929017916,12.640336696875517],[75.75986135583001,12.639056202300438],[75.75879984001494,12.635584599663684],[75.74343731196335,12.63441856131512],[75.74302557633942,12.630448070569885],[75.74783068276047,12.62590797578236],[75.7475690205862,12.624188047804957],[75.74428798958796,12.620273710008886],[75.7472110078095,12.615771012159692],[75.74657578032601,12.611892130218427],[75.74730177717908,12.610574343669349],[75.74912259039475,12.609173490437426],[75.75642579034837,12.614246199159693],[75.75770638909157,12.611381245686394],[75.76336449707885,12.606046031940409],[75.7661917018905,12.607132381771303],[75.77251141279633,12.60301250034866],[75.77396781094231,12.603966876419005],[75.78160687031944,12.615992063197757],[75.78441342376097,12.617954649947487],[75.77866570073925,12.627022636655214],[75.77338370658164,12.631490155077731],[75.7707741438004,12.637607667196539]]]}},{"type":"Feature","properties":{"type":"village","name":"Abbimatta","taluk":"Somvarpet","district":"KODAGU","village_code":"617927"},"geometry":{"type":"Polygon","coordinates":[[[75.81792725025636,12.640755124741505],[75.81452394327663,12.644269219634399],[75.81147573583708,12.640883756273025],[75.80705688432695,12.641056177943847],[75.79817098220009,12.636000942091709],[75.8024583940145,12.631988233952036],[75.80873576103279,12.621141481212133],[75.81461417096206,12.63663193658982],[75.81792725025636,12.640755124741505]]]}},{"type":"Feature","properties":{"type":"village","name":"Doddamolathe","taluk":"Somvarpet","district":"KODAGU","village_code":"617903"},"geometry":{"type":"Polygon","coordinates":[[[75.88964432103265,12.630670066147923],[75.88462917232846,12.633113916578237],[75.87875237397684,12.633526170343462],[75.8738475410845,12.635804282803079],[75.87188129601421,12.631009207010699],[75.8746651400454,12.623198406916645],[75.87329544998563,12.620182467002966],[75.86805957084313,12.617502744310709],[75.87610117338386,12.608238349991478],[75.8772057176027,12.60326970661828],[75.88175635016842,12.599559563373308],[75.88266195528105,12.596478566248777],[75.88716848685449,12.59734363194929],[75.88875854533158,12.603896984979773],[75.88814204592512,12.608714963736078],[75.88469540421607,12.611838189661457],[75.884295187689,12.615264104742005],[75.88610840475064,12.616565703956896],[75.88964264926791,12.616393841715162],[75.88964432103265,12.630670066147923]]]}},{"type":"Feature","properties":{"type":"village","name":"Thalthare Shetalli","taluk":"Somvarpet","district":"KODAGU","village_code":"617928"},"geometry":{"type":"Polygon","coordinates":[[[75.80873576103279,12.621141481212133],[75.8024583940145,12.631988233952036],[75.79817098220009,12.636000942091709],[75.78915986390578,12.626841936653715],[75.78558409386622,12.617684615060009],[75.78965118128076,12.611176883698402],[75.79393812776787,12.607489833843832],[75.79734198900815,12.60163270208575],[75.80379445923491,12.59477833116651],[75.80746210267351,12.592219038222533],[75.81086317105158,12.595474528134524],[75.81722489436665,12.59656094556863],[75.81488150959062,12.60395901621921],[75.8065730157823,12.61241876341808],[75.80635141397812,12.614978910966132],[75.80873576103279,12.621141481212133]]]}},{"type":"Feature","properties":{"type":"village","name":"Surlabi","taluk":"Somvarpet","district":"KODAGU","village_code":"617950"},"geometry":{"type":"Polygon","coordinates":[[[75.74254552293978,12.640201177191916],[75.73621108505316,12.641997098395011],[75.73434749675859,12.641375674929956],[75.72584629186395,12.630088849193324],[75.71705220025412,12.631153236968647],[75.70248082296479,12.62881541060742],[75.69555019927527,12.631049627622764],[75.69325887276828,12.632715385711363],[75.68684950191223,12.633814724354568],[75.68051507929697,12.637036478017318],[75.67224234203024,12.63894100206385],[75.66367123024015,12.639600997693668],[75.6583784715705,12.631989512869701],[75.65174526839341,12.63184376267228],[75.64207825238095,12.629990106178608],[75.64224786328975,12.626621663757756],[75.64650008809446,12.623561524816662],[75.6533614992863,12.620537362192321],[75.65441050156944,12.618390397840509],[75.65349923527387,12.617382584083304],[75.6546170314398,12.613599498008808],[75.65392649198934,12.610765760734942],[75.65651655504067,12.6045373600641],[75.656405966141,12.602761142973153],[75.66154527100059,12.596686126735873],[75.66568719885807,12.599645986714611],[75.66675989600347,12.603189308975448],[75.67002312418938,12.60639323563108],[75.67516825821684,12.608448842998627],[75.67886290680957,12.605469761300446],[75.68183547789879,12.60455622765664],[75.68774947638467,12.607659985571555],[75.69055082678412,12.603013149084935],[75.69538672565648,12.600810900026852],[75.7055336836775,12.60156743798036],[75.70737785578552,12.5979873407939],[75.70837009981405,12.592848169800599],[75.71390664508219,12.595287115795989],[75.7195622144305,12.595990345103937],[75.72196717332935,12.59128450835647],[75.73193399757632,12.591154327298849],[75.73276428883386,12.584826427587975],[75.73401513537482,12.58309490425882],[75.73141667756714,12.574956001794009],[75.73509453125729,12.567573904830622],[75.73703329237149,12.560789060785575],[75.74364797588065,12.5649033956055],[75.7466297627864,12.567903019784918],[75.74566435592696,12.574856800904376],[75.74912276107466,12.584618054416756],[75.7603248748385,12.591075515334621],[75.76345712506276,12.594245216209817],[75.76438503803884,12.597933664699415],[75.76438152113451,12.605915406021758],[75.75969546035321,12.609040938360154],[75.75642579034837,12.614246199159693],[75.74912259039475,12.609173490437426],[75.74657578032601,12.611892130218427],[75.7472110078095,12.615771012159692],[75.74428798958796,12.620273710008886],[75.7475690205862,12.624188047804957],[75.74783068276047,12.62590797578236],[75.74302557633942,12.630448070569885],[75.74340065261494,12.635699534939521],[75.74254552293978,12.640201177191916]]]}},{"type":"Feature","properties":{"type":"village","name":"Channapura","taluk":"Somvarpet","district":"KODAGU","village_code":"617905"},"geometry":{"type":"Polygon","coordinates":[[[75.89163316591886,12.638307365210627],[75.88204462942456,12.647680696988624],[75.87921644724587,12.649286262629051],[75.8772720914241,12.64937306009671],[75.87342763977462,12.647485424578102],[75.87280903920875,12.645380774665417],[75.87002521314383,12.642820440609945],[75.8738475410845,12.635804282803079],[75.87875237397684,12.633526170343462],[75.88462917232846,12.633113916578237],[75.88964432103265,12.630670066147923],[75.89163316591886,12.638307365210627]]]}},{"type":"Feature","properties":{"type":"village","name":"Honnahanakodu","taluk":"Somvarpet","district":"KODAGU","village_code":"617902"},"geometry":{"type":"Polygon","coordinates":[[[75.8570775110862,12.648070321896132],[75.85203959278451,12.651324487728019],[75.8473997745791,12.650282512171435],[75.84744433191553,12.64705237687134],[75.84996382241984,12.639719113020957],[75.84938991663259,12.635075862681598],[75.84735772713563,12.631213554036663],[75.8500534096065,12.628046090162007],[75.85166682787423,12.621428673799429],[75.86580435661054,12.61947615881286],[75.86805957084313,12.617502744310709],[75.87329544998563,12.620182467002966],[75.8746651400454,12.623198406916645],[75.87188129601421,12.631009207010699],[75.8738475410845,12.635804282803079],[75.87002521314383,12.642820440609945],[75.8643689179568,12.646291696864102],[75.8570775110862,12.648070321896132]]]}},{"type":"Feature","properties":{"type":"village","name":"Alur","taluk":"Somvarpet","district":"KODAGU","village_code":"617908"},"geometry":{"type":"Polygon","coordinates":[[[75.93876306439948,12.650063462928992],[75.9344929640189,12.652193349054652],[75.92927946280845,12.656707343874176],[75.93572527472229,12.6301283460379],[75.94106932988963,12.633263302928157],[75.94353708462015,12.636729321008175],[75.94028018326874,12.642953680792717],[75.93780879305629,12.643614092926576],[75.93876306439948,12.650063462928992]]]}},{"type":"Feature","properties":{"type":"village","name":"Shanthalli","taluk":"Somvarpet","district":"KODAGU","village_code":"617922"},"geometry":{"type":"Polygon","coordinates":[[[75.80838126156718,12.64574302484989],[75.80179554603096,12.65099182930152],[75.80046927514213,12.653030942699282],[75.79940165976632,12.65804540579128],[75.78256588566559,12.655002194918241],[75.78076887960157,12.649908773876682],[75.7707741438004,12.637607667196539],[75.77338370658164,12.631490155077731],[75.77866570073925,12.627022636655214],[75.78441342376097,12.617954649947487],[75.78558409386622,12.617684615060009],[75.78915986390578,12.626841936653715],[75.79569711084085,12.634090805408343],[75.80705688432695,12.641056177943847],[75.80838126156718,12.64574302484989]]]}},{"type":"Feature","properties":{"type":"village","name":"Doddatholur","taluk":"Somvarpet","district":"KODAGU","village_code":"617926"},"geometry":{"type":"Polygon","coordinates":[[[75.8473997745791,12.650282512171435],[75.84103558269365,12.656120870262688],[75.84046057287694,12.660373355818017],[75.82640902728636,12.652993984231632],[75.82269816589942,12.647699216927544],[75.81849948068563,12.650692452299394],[75.80838126156718,12.64574302484989],[75.80705688432695,12.641056177943847],[75.81147573583708,12.640883756273025],[75.81509835301875,12.644269336212771],[75.81792725025636,12.640755124741505],[75.82566052404218,12.639151187562721],[75.84735772713563,12.631213554036663],[75.84938991663259,12.635075862681598],[75.84996382241984,12.639719113020957],[75.84744433191553,12.64705237687134],[75.8473997745791,12.650282512171435]]]}},{"type":"Feature","properties":{"type":"village","name":"Gowdalli","taluk":"Somvarpet","district":"KODAGU","village_code":"617900"},"geometry":{"type":"Polygon","coordinates":[[[75.89614189117825,12.659288005274934],[75.89128108741292,12.663323941038664],[75.8849617430197,12.665797593940086],[75.87448805695007,12.667620165758517],[75.87046662012163,12.660937374958433],[75.8724111924374,12.655600004998185],[75.87249968727266,12.648873991346719],[75.87342763977462,12.647485424578102],[75.8772720914241,12.64937306009671],[75.8807631323661,12.648678761045023],[75.89163316591886,12.638307365210627],[75.89525747732316,12.65123850432086],[75.89614189117825,12.659288005274934]]]}},{"type":"Feature","properties":{"type":"village","name":"Kothanalli","taluk":"Somvarpet","district":"KODAGU","village_code":"617919"},"geometry":{"type":"Polygon","coordinates":[[[75.73666655605504,12.661319761889546],[75.73074155769852,12.663517886633944],[75.72716362002416,12.663226428283783],[75.7222059590066,12.661178813088705],[75.71881472628257,12.66198513902534],[75.70368330241423,12.662099561953257],[75.70032934168968,12.66312520278796],[75.69809221503533,12.659575957836688],[75.69756912155383,12.654745322031223],[75.70105167970456,12.647717958624048],[75.69490004089343,12.63835084470318],[75.69325887276828,12.632715385711363],[75.69555019927527,12.631049627622764],[75.70248082296479,12.62881541060742],[75.71705220025412,12.631153236968647],[75.72584629186395,12.630088849193324],[75.73434749675859,12.641375674929956],[75.73621108505316,12.641997098395011],[75.7415024369611,12.640896977138961],[75.74776737488915,12.649677440016276],[75.7447127651566,12.6527894688104],[75.73666440279331,12.656232845160158],[75.73666655605504,12.661319761889546]]]}},{"type":"Feature","properties":{"type":"village","name":"Chikka Tholur","taluk":"Somvarpet","district":"KODAGU","village_code":"617925"},"geometry":{"type":"Polygon","coordinates":[[[75.84765719401028,12.672748015166412],[75.84421882129341,12.671988256664909],[75.84246551467473,12.669344013404501],[75.84218352811712,12.66375832928934],[75.84046057287694,12.660373355818017],[75.84103558269365,12.656120870262688],[75.8473997745791,12.650282512171435],[75.85203959278451,12.651324487728019],[75.8570775110862,12.648070321896132],[75.8581379237701,12.650543893923402],[75.85827012793213,12.655317269207792],[75.85221491967349,12.666642505991918],[75.85253665758069,12.66936780795799],[75.84765719401028,12.672748015166412]]]}},{"type":"Feature","properties":{"type":"village","name":"Bettadalli","taluk":"Somvarpet","district":"KODAGU","village_code":"617920"},"geometry":{"type":"Polygon","coordinates":[[[75.76580980470702,12.668708111049112],[75.76143590309705,12.668836874857126],[75.75958016428143,12.670399849112977],[75.75847420072445,12.67312929936156],[75.74912194899765,12.671593929404057],[75.7468062449088,12.666548742218161],[75.73666655605504,12.661319761889546],[75.73666440279331,12.656232845160158],[75.74769326387822,12.6505923367482],[75.7415024369611,12.640896977138961],[75.74254552293978,12.640201177191916],[75.74343731196335,12.63441856131512],[75.75879984001494,12.635584599663684],[75.75986135583001,12.639056202300438],[75.7631929017916,12.640336696875517],[75.76551252433173,12.640319626204569],[75.7707741438004,12.637607667196539],[75.78076887960157,12.649908773876682],[75.78256588566559,12.655002194918241],[75.77783601135296,12.658949312155302],[75.77496384316639,12.658123680001442],[75.7742548765745,12.66298357923042],[75.769834317367,12.666192925820074],[75.76806505577053,12.669837263728583],[75.76580980470702,12.668708111049112]]]}},{"type":"Feature","properties":{"type":"village","name":"Doddakanagalu","taluk":"Somvarpet","district":"KODAGU","village_code":"617907"},"geometry":{"type":"Polygon","coordinates":[[[75.92658395191575,12.65753231097815],[75.92269505881255,12.656882114358904],[75.92207525899576,12.650807003879207],[75.9197324608196,12.646337836118956],[75.91504815085479,12.644602801038593],[75.91028133871598,12.644945113092255],[75.9096123938666,12.640925781146057],[75.91769837677568,12.637670260023347],[75.92600344800275,12.626256288596746],[75.93572527472229,12.6301283460379],[75.92927946280845,12.656707343874176],[75.92658395191575,12.65753231097815]]]}},{"type":"Feature","properties":{"type":"village","name":"Malambi","taluk":"Somvarpet","district":"KODAGU","village_code":"617909"},"geometry":{"type":"Polygon","coordinates":[[[75.92609992616595,12.668077107325201],[75.92252068683274,12.670117184070257],[75.91779274299964,12.67506484321951],[75.91659965274155,12.675715896181384],[75.9154461009324,12.675149857157022],[75.91376998295279,12.667211102113326],[75.91531619376251,12.663956364124347],[75.9100122178299,12.656753710885738],[75.91089436972712,12.644885324305225],[75.91504815085479,12.644602801038593],[75.9197324608196,12.646337836118956],[75.92207525899576,12.650807003879207],[75.92269505881255,12.656882114358904],[75.92658395191575,12.65753231097815],[75.92698338690853,12.665950630882172],[75.92609992616595,12.668077107325201]]]}},{"type":"Feature","properties":{"type":"village","name":"Sunti","taluk":"Somvarpet","district":"KODAGU","village_code":"617901"},"geometry":{"type":"Polygon","coordinates":[[[75.87448805695007,12.667620165758517],[75.86971517579319,12.669442619372944],[75.86727962297071,12.674882846812421],[75.86234076638699,12.671678174989648],[75.85253665758069,12.66936780795799],[75.85221491967349,12.666642505991918],[75.85827012793213,12.655317269207792],[75.8581379237701,12.650543893923402],[75.8570775110862,12.648070321896132],[75.8643689179568,12.646291696864102],[75.87002521314383,12.642820440609945],[75.87214617864878,12.644512858718448],[75.87342763977462,12.647485424578102],[75.87249968727266,12.648873991346719],[75.8724111924374,12.655600004998185],[75.87046662012163,12.660937374958433],[75.87448805695007,12.667620165758517]]]}},{"type":"Feature","properties":{"type":"village","name":"Heggula","taluk":"Somvarpet","district":"KODAGU","village_code":"617899"},"geometry":{"type":"Polygon","coordinates":[[[75.89905898141721,12.664495118399547],[75.89729160628283,12.668227127044865],[75.88845336607001,12.67504036909335],[75.88753306002772,12.67877437401846],[75.88675506958434,12.676609505079846],[75.88189880320952,12.674756540048072],[75.87791718510437,12.67181425202065],[75.86727962297071,12.674882846812421],[75.87068747003592,12.66853132583174],[75.8849617430197,12.665797593940086],[75.89128108741292,12.663323941038664],[75.89614189117825,12.659288005274934],[75.8984843156552,12.662195278380228],[75.89905898141721,12.664495118399547]]]}},{"type":"Feature","properties":{"type":"village","name":"Harohalli","taluk":"Somvarpet","district":"KODAGU","village_code":"617916"},"geometry":{"type":"Polygon","coordinates":[[[75.93335165894202,12.68773926393752],[75.93013722903896,12.688616919141689],[75.9285482233874,12.683420010319653],[75.92444502819,12.67852664239304],[75.92698338690853,12.665950630882172],[75.92658395191575,12.65753231097815],[75.92927946280845,12.656707343874176],[75.9344929640189,12.652193349054652],[75.93876306439948,12.650063462928992],[75.93891111843641,12.653041893679942],[75.94044413838449,12.65441100535346],[75.94347889534929,12.660620303115802],[75.94789395417229,12.664221332368498],[75.94753084165971,12.666079039366164],[75.94625607837263,12.666915502369505],[75.94662455472577,12.667801260228373],[75.94274941482955,12.66973663070295],[75.94302597556282,12.671219013729868],[75.94165431010771,12.671237418023145],[75.9416730292016,12.672484840201902],[75.93971271840209,12.674740604020567],[75.93991566219782,12.676467022236988],[75.93744736757982,12.68285515665517],[75.93335165894202,12.68773926393752]]]}},{"type":"Feature","properties":{"type":"village","name":"Tholur Shettalli","taluk":"Somvarpet","district":"KODAGU","village_code":"617924"},"geometry":{"type":"Polygon","coordinates":[[[75.83206701579772,12.672040614829019],[75.82066688370087,12.686478676065068],[75.81656343787348,12.68221318127893],[75.81041848701963,12.668167977384687],[75.80073911827368,12.664996876243551],[75.79940165976632,12.65804540579128],[75.80046927514213,12.653030942699282],[75.8035194777399,12.649256625125338],[75.80838126156718,12.64574302484989],[75.81849948068563,12.650692452299394],[75.82269816589942,12.647699216927544],[75.82640902728636,12.652993984231632],[75.84046057287694,12.660373355818017],[75.84191856373587,12.662716797168617],[75.84246551467473,12.669344013404501],[75.83206701579772,12.672040614829019]]]}},{"type":"Feature","properties":{"type":"village","name":"Mylathpura","taluk":"Somvarpet","district":"KODAGU","village_code":"617915"},"geometry":{"type":"Polygon","coordinates":[[[75.95963276370767,12.683322658624613],[75.95871888960286,12.689998458580062],[75.96117816333874,12.693423611243919],[75.95581424103058,12.69008968100698],[75.95053677977185,12.682855182070679],[75.94387323958932,12.691548233701955],[75.93670506720267,12.691744753603373],[75.93517200683038,12.69094384843277],[75.93335165894202,12.68773926393752],[75.93744736757982,12.68285515665517],[75.93991566219782,12.676467022236988],[75.94573444195852,12.678219255756995],[75.95415758684823,12.676797896348315],[75.95963276370767,12.683322658624613]]]}},{"type":"Feature","properties":{"type":"village","name":"Kundalli","taluk":"Somvarpet","district":"KODAGU","village_code":"617917"},"geometry":{"type":"Polygon","coordinates":[[[75.78818574608306,12.6888830027768],[75.7842083006524,12.689423995175352],[75.77999705968587,12.687370539125373],[75.77721612529788,12.68885645296772],[75.77436362572449,12.685049808287925],[75.77307238374182,12.679426833774796],[75.76838545698459,12.6817163932254],[75.7662000481378,12.679252226859926],[75.76580980470702,12.668708111049112],[75.76806505577053,12.669837263728583],[75.769834317367,12.666192925820074],[75.7742548765745,12.66298357923042],[75.77496384316639,12.658123680001442],[75.77783601135296,12.658949312155302],[75.78256588566559,12.655002194918241],[75.79940165976632,12.65804540579128],[75.80001971774978,12.660215268788573],[75.80073911827368,12.664996876243551],[75.79271283560178,12.674413919181264],[75.78818574608306,12.6888830027768]]]}},{"type":"Feature","properties":{"type":"village","name":"Mullur","taluk":"Somvarpet","district":"KODAGU","village_code":"617910"},"geometry":{"type":"Polygon","coordinates":[[[75.92762427018505,12.695243891736357],[75.92497780191702,12.69684681523673],[75.921272268438,12.696674232370896],[75.9173900228679,12.694725826665263],[75.91558113119433,12.692733778077086],[75.9126697210029,12.693037339394571],[75.90468521089002,12.691219222639372],[75.90834492220469,12.678658882343983],[75.9124026312077,12.67588652131237],[75.91779274299964,12.67506484321951],[75.92252068683274,12.670117184070257],[75.92609992616595,12.668077107325201],[75.92444502819,12.67852664239304],[75.9285482233874,12.683420010319653],[75.93013722903896,12.688616919141689],[75.92978501937898,12.691865244264864],[75.92762427018505,12.695243891736357]]]}},{"type":"Feature","properties":{"type":"village","name":"Malambi Forest","taluk":"Somvarpet","district":"KODAGU","village_code":"617906"},"geometry":{"type":"Polygon","coordinates":[[[75.90468521089002,12.691219222639372],[75.89614688221796,12.69714637900651],[75.89715919371164,12.69187639864627],[75.90193207486851,12.683889844210237],[75.90277394271511,12.6788593350097],[75.90100581928411,12.673562481588853],[75.90069231443648,12.668270007209443],[75.8984843156552,12.662195278380228],[75.89614189117825,12.659288005274934],[75.89525747732316,12.65123850432086],[75.88964432103265,12.630670066147923],[75.88964264926791,12.616393841715162],[75.88610840475064,12.616565703956896],[75.884295187689,12.615264104742005],[75.88469540421607,12.611838189661457],[75.88814204592512,12.608714963736078],[75.8887586701974,12.60680313478539],[75.88717066706572,12.598342300928806],[75.88809599379209,12.59229085809475],[75.88942131426339,12.590077756140978],[75.89993908964715,12.585207453630362],[75.89794682756958,12.587562284913105],[75.89733152561743,12.602965475731274],[75.8937522557415,12.60939871125279],[75.89335490843344,12.613868316055008],[75.89494572598694,12.617469913974048],[75.90024812537624,12.620290144721693],[75.9034298242636,12.6239865099243],[75.90431444473124,12.63301242581498],[75.90771763582832,12.63934754011414],[75.9096123938666,12.640925781146057],[75.9097066666658,12.643860292981703],[75.91089436972712,12.644885324305225],[75.9100122178299,12.656753710885738],[75.91531619376251,12.663956364124347],[75.91376998295279,12.667211102113326],[75.9154461009324,12.675149857157022],[75.9106383471762,12.676623055380357],[75.90834492220469,12.678658882343983],[75.90468521089002,12.691219222639372]]]}},{"type":"Feature","properties":{"type":"village","name":"Nandigunda","taluk":"Somvarpet","district":"KODAGU","village_code":"617898"},"geometry":{"type":"Polygon","coordinates":[[[75.89614688221796,12.69714637900651],[75.89246879766078,12.698281005396328],[75.88592271130331,12.698371640331947],[75.88635541719925,12.696654161347732],[75.88939814581387,12.694403283720826],[75.88984453484824,12.692080188617343],[75.88708699887846,12.688582084037497],[75.88825144994695,12.684894004663763],[75.88675519534847,12.679569886379879],[75.88845336607001,12.67504036909335],[75.89729160628283,12.668227127044865],[75.89905898141721,12.664495118399547],[75.90069231443648,12.668270007209443],[75.90281556795043,12.681028759647528],[75.90078611562012,12.686235575743256],[75.89715919371164,12.69187639864627],[75.89614688221796,12.69714637900651]]]}},{"type":"Feature","properties":{"type":"village","name":"Koothi","taluk":"Somvarpet","district":"KODAGU","village_code":"617923"},"geometry":{"type":"Polygon","coordinates":[[[75.81908234267624,12.69125557963328],[75.80769553888325,12.701760936424582],[75.79163369304422,12.68844576619871],[75.78818574608306,12.6888830027768],[75.79271283560178,12.674413919181264],[75.80073911827368,12.664996876243551],[75.81041848701963,12.668167977384687],[75.81656343787348,12.68221318127893],[75.82066688370087,12.686478676065068],[75.81908234267624,12.69125557963328]]]}},{"type":"Feature","properties":{"type":"village","name":"Kumaralli","taluk":"Somvarpet","district":"KODAGU","village_code":"617918"},"geometry":{"type":"Polygon","coordinates":[[[75.71754848261764,12.704603031037054],[75.71465289355501,12.704798363073841],[75.71292757933884,12.70775021497903],[75.71154572519183,12.705454680246755],[75.70670793626407,12.70723235240908],[75.70126095841967,12.704210242305932],[75.69512859655622,12.702589284816058],[75.68707661128742,12.700769748333231],[75.6829704238018,12.701322011382134],[75.67549420473118,12.700582201195042],[75.66845951480924,12.697410550295473],[75.6669543076006,12.697880784255753],[75.66010284525055,12.686311395304747],[75.65690320521034,12.682587547045303],[75.65434331836599,12.677733669250832],[75.65275464688771,12.671804031039729],[75.64797626265138,12.665788742617586],[75.64805883130073,12.66292326002558],[75.64538426193396,12.657766508200055],[75.6453839268624,12.653228763231427],[75.64328921821487,12.645595198998274],[75.64413584982745,12.642286708708543],[75.6420873020091,12.63441355175714],[75.64207825238095,12.629990106178608],[75.65174526839341,12.63184376267228],[75.6583784715705,12.631989512869701],[75.6620313026884,12.638210472261695],[75.66501284974396,12.639747167715031],[75.68051507929697,12.637036478017318],[75.68684950191223,12.633814724354568],[75.69325887276828,12.632715385711363],[75.69490004089343,12.63835084470318],[75.70105167970456,12.647717958624048],[75.69756912155383,12.654745322031223],[75.69809221503533,12.659575957836688],[75.70032934168968,12.66312520278796],[75.70368330241423,12.662099561953257],[75.71881472628257,12.66198513902534],[75.7222059590066,12.661178813088705],[75.72716362002416,12.663226428283783],[75.73074155769852,12.663517886633944],[75.73666655605504,12.661319761889546],[75.7468062449088,12.666548742218161],[75.74912194899765,12.671593929404057],[75.75847420072445,12.67312929936156],[75.75958016428143,12.670399849112977],[75.76143590309705,12.668836874857126],[75.76580980470702,12.668708111049112],[75.7662000481378,12.679252226859926],[75.7607660761021,12.674124616153462],[75.75476274105951,12.676169236045721],[75.75453212825472,12.677145374613575],[75.7520880629966,12.676895679982172],[75.74649751281024,12.679232079091545],[75.74114615972952,12.683808268652326],[75.73895286457287,12.689400029849995],[75.73131956429505,12.697918039427222],[75.72136168636996,12.69633080409037],[75.71733091874067,12.70133540262686],[75.71754848261764,12.704603031037054]]]}},{"type":"Feature","properties":{"type":"village","name":"Chowdena Halli","taluk":"Somvarpet","district":"KODAGU","village_code":"617895"},"geometry":{"type":"Polygon","coordinates":[[[75.92138709379256,12.7224491911329],[75.91632465238195,12.722384955998654],[75.90591250629917,12.718791496331246],[75.90264788033468,12.718921740225026],[75.90060471701817,12.711918963337114],[75.91342170971038,12.707589490751731],[75.91606896220769,12.709408152928676],[75.91968715338994,12.713998550980367],[75.92092285882677,12.716553695237886],[75.92138709379256,12.7224491911329]]]}},{"type":"Feature","properties":{"type":"village","name":"Sidigalale","taluk":"Somvarpet","district":"KODAGU","village_code":"617896"},"geometry":{"type":"Polygon","coordinates":[[[75.93676136282491,12.71971228559515],[75.92138709379256,12.7224491911329],[75.92092285882677,12.716553695237886],[75.9178338193643,12.711356871971601],[75.9222007976584,12.708800880620325],[75.92939116202581,12.706764061010457],[75.93676136282491,12.71971228559515]]]}},{"type":"Feature","properties":{"type":"village","name":"Doddakolathur","taluk":"Somvarpet","district":"KODAGU","village_code":"617893"},"geometry":{"type":"Polygon","coordinates":[[[75.88209768033198,12.722709321091049],[75.87334501542975,12.728033835255584],[75.86440403759282,12.726706215600375],[75.8644041247294,12.723537806206886],[75.86170287989026,12.718058811187154],[75.86989772423873,12.71539262881259],[75.87067588087044,12.7112164477386],[75.87249432433042,12.709151017701924],[75.87725448624116,12.707750030953763],[75.87860797338817,12.708852793932529],[75.88328982466405,12.708382794089646],[75.88454738521342,12.71200381335936],[75.88865775256009,12.71699699376215],[75.88209768033198,12.722709321091049]]]}},{"type":"Feature","properties":{"type":"village","name":"Hebbulse","taluk":"Somvarpet","district":"KODAGU","village_code":"617886"},"geometry":{"type":"Polygon","coordinates":[[[75.93408784628365,12.736010224098761],[75.93121620810312,12.737227949991823],[75.92310954507792,12.732670126082448],[75.92562371935237,12.72955132478616],[75.92619639983756,12.725047016646316],[75.92491651166178,12.72240525106416],[75.93676136282491,12.71971228559515],[75.94109185155214,12.722255384221496],[75.93869469092824,12.728312235224145],[75.9346259416304,12.733433888065404],[75.93408784628365,12.736010224098761]]]}},{"type":"Feature","properties":{"type":"village","name":"Cheekanalli","taluk":"Somvarpet","district":"KODAGU","village_code":"617890"},"geometry":{"type":"Polygon","coordinates":[[[75.86440403759282,12.726706215600375],[75.8608270251832,12.736039934737422],[75.85451942266907,12.735716476926163],[75.85248466758364,12.73290502870955],[75.85178063094601,12.729280233114327],[75.85327264729297,12.72580478000448],[75.85566238513763,12.7227452240586],[75.86170287989026,12.718058811187154],[75.8644041247294,12.723537806206886],[75.86440403759282,12.726706215600375]]]}},{"type":"Feature","properties":{"type":"village","name":"Mensa","taluk":"Somvarpet","district":"KODAGU","village_code":"617912"},"geometry":{"type":"Polygon","coordinates":[[[75.94387323958932,12.691548233701955],[75.94501119934013,12.699170547718474],[75.9440100637869,12.708406734841848],[75.9412647646679,12.711763885976403],[75.93543539736328,12.709274873890733],[75.93062703814256,12.709968778169443],[75.92939116202581,12.706764061010457],[75.93146425271601,12.705507640567026],[75.93252228216944,12.702042612880298],[75.9317275498241,12.698967802769188],[75.92762427018505,12.695243891736357],[75.92978501937898,12.691865244264864],[75.93013722903896,12.688616919141689],[75.93335165894202,12.68773926393752],[75.93517200683038,12.69094384843277],[75.93670506720267,12.691744753603373],[75.94387323958932,12.691548233701955]]]}},{"type":"Feature","properties":{"type":"village","name":"Nidtha","taluk":"Somvarpet","district":"KODAGU","village_code":"617911"},"geometry":{"type":"Polygon","coordinates":[[[75.93146425271601,12.705507640567026],[75.9222007976584,12.708800880620325],[75.9178338193643,12.711356871971601],[75.91342170971038,12.707589490751731],[75.91205378663678,12.704384768120958],[75.90662700022501,12.698321942904023],[75.90468521089002,12.691219222639372],[75.9126697210029,12.693037339394571],[75.91558113119433,12.692733778077086],[75.9173900228679,12.694725826665263],[75.921272268438,12.696674232370896],[75.92497780191702,12.69684681523673],[75.92762427018505,12.695243891736357],[75.92890362925314,12.695936594281614],[75.9317275498241,12.698967802769188],[75.93252228216944,12.702042612880298],[75.93146425271601,12.705507640567026]]]}},{"type":"Feature","properties":{"type":"village","name":"Ankanalli","taluk":"Somvarpet","district":"KODAGU","village_code":"617914"},"geometry":{"type":"Polygon","coordinates":[[[75.96372104507473,12.707761431757918],[75.95310886304283,12.708864511910337],[75.94831228702368,12.71213022956975],[75.9412647646679,12.711763885976403],[75.94439562789337,12.706836582140149],[75.94501119934013,12.699170547718474],[75.94387323958932,12.691548233701955],[75.94957480717179,12.683325548975409],[75.95140689783756,12.683324977565848],[75.95581424103058,12.69008968100698],[75.96117816333874,12.693423611243919],[75.96103150528377,12.695362580710157],[75.9647348846027,12.701892301990956],[75.96251745710424,12.706227344242683],[75.96372104507473,12.707761431757918]]]}},{"type":"Feature","properties":{"type":"village","name":"Hithlukeri","taluk":"Somvarpet","district":"KODAGU","village_code":"617897"},"geometry":{"type":"Polygon","coordinates":[[[75.91342170971038,12.707589490751731],[75.90060471701817,12.711918963337114],[75.89958622601365,12.704020500762613],[75.89614688221796,12.69714637900651],[75.90468521089002,12.691219222639372],[75.90662700022501,12.698321942904023],[75.91205378663678,12.704384768120958],[75.91342170971038,12.707589490751731]]]}},{"type":"Feature","properties":{"type":"village","name":"Kajur","taluk":"Somvarpet","district":"KODAGU","village_code":"617891"},"geometry":{"type":"Polygon","coordinates":[[[75.88538321188976,12.739893859945544],[75.88093430364853,12.741178420899146],[75.87360807628092,12.74040892387725],[75.8717310384099,12.738352512791373],[75.87334501542975,12.728033835255584],[75.88209768033198,12.722709321091049],[75.8862981136673,12.731107092997075],[75.88538321188976,12.739893859945544]]]}},{"type":"Feature","properties":{"type":"village","name":"Bidarur","taluk":"Somvarpet","district":"KODAGU","village_code":"617892"},"geometry":{"type":"Polygon","coordinates":[[[75.89801261658775,12.729845590821983],[75.8862981136673,12.731107092997075],[75.88209768033198,12.722709321091049],[75.88865772201736,12.716997028813324],[75.89021789084998,12.717517348709592],[75.8936216011733,12.720381164953798],[75.8945943526585,12.725178075747964],[75.89647212714802,12.72641487784326],[75.89801261658775,12.729845590821983]]]}},{"type":"Feature","properties":{"type":"village","name":"Hulse","taluk":"Somvarpet","district":"KODAGU","village_code":"617975"},"geometry":{"type":"Polygon","coordinates":[[[75.91632465238195,12.722384955998654],[75.9101048404239,12.728232671752922],[75.90679617185764,12.729965431647209],[75.9027820464173,12.736202451203452],[75.89647212714802,12.72641487784326],[75.89858937003444,12.72156398983885],[75.90264788033468,12.718921740225026],[75.90591250629917,12.718791496331246],[75.91632465238195,12.722384955998654]]]}},{"type":"Feature","properties":{"type":"village","name":"Gopalapura","taluk":"Somvarpet","district":"KODAGU","village_code":"617894"},"geometry":{"type":"Polygon","coordinates":[[[75.90264788033468,12.718921740225026],[75.89858937003444,12.72156398983885],[75.89647212714802,12.72641487784326],[75.8945943526585,12.725178075747964],[75.8936216011733,12.720381164953798],[75.89242804289297,12.71873226904767],[75.88696221659727,12.715483920115703],[75.88328982466405,12.708382794089646],[75.88534763590958,12.707763535780218],[75.88512195305904,12.704654020687641],[75.8865674779968,12.705065276303934],[75.88465227520095,12.700875608695329],[75.88592271130331,12.698371640331947],[75.89246879766078,12.698281005396328],[75.89614688221796,12.69714637900651],[75.89958622601365,12.704020500762613],[75.90264788033468,12.718921740225026]]]}},{"type":"Feature","properties":{"type":"village","name":" ","taluk":"Somvarpet","district":"KODAGU","village_code":" "},"geometry":{"type":"Polygon","coordinates":[[[75.95140173701623,12.716709878167775],[75.9439589837832,12.718290925892996],[75.94109185155214,12.722255384221496],[75.93676136282491,12.71971228559515],[75.93062703814256,12.709968778169443],[75.93358255741104,12.708972110998323],[75.94261038526797,12.712326607373654],[75.94676835344319,12.712325532159602],[75.94915044931976,12.7117835746172],[75.95310886304283,12.708864511910337],[75.96372104507473,12.707761431757918],[75.96510181944682,12.711279486045653],[75.96270335896072,12.711442961267183],[75.95140173701623,12.716709878167775]]]}},{"type":"Feature","properties":{"type":"village","name":" ","taluk":"Somvarpet","district":"KODAGU","village_code":" "},"geometry":{"type":"Polygon","coordinates":[[[75.87334501542975,12.728033835255584],[75.8717310384099,12.738352512791373],[75.86815460900691,12.735526495191921],[75.8608270251832,12.736039934737422],[75.86440403759282,12.726706215600375],[75.87334501542975,12.728033835255584]]]}},{"type":"Feature","properties":{"type":"village","name":" ","taluk":"Somvarpet","district":"KODAGU","village_code":" "},"geometry":{"type":"Polygon","coordinates":[[[75.89982559290087,12.731915039955819],[75.89306072724587,12.738867385338494],[75.89009594994006,12.74425953112087],[75.88538321188976,12.739893859945544],[75.8862981136673,12.731107092997075],[75.89801261658775,12.729845590821983],[75.89982559290087,12.731915039955819]]]}},{"type":"Feature","properties":{"type":"village","name":"Doddabilaha","taluk":"Somvarpet","district":"KODAGU","village_code":"617868"},"geometry":{"type":"Polygon","coordinates":[[[75.8780331594042,12.768908041740838],[75.8722078866206,12.77062200621199],[75.86498771974532,12.76864211037692],[75.85901534963058,12.770196510895252],[75.85783666026481,12.768763657007487],[75.85823316135986,12.761898411391053],[75.86002459966575,12.75724336902398],[75.86533365557133,12.753126287827925],[75.87144136137518,12.75324410774625],[75.8717754017102,12.75102549727759],[75.8780097681725,12.749570271427354],[75.87965472179825,12.752649071651128],[75.87897609760172,12.75449076711081],[75.88025364207292,12.757742980267217],[75.8780331594042,12.768908041740838]]]}},{"type":"Feature","properties":{"type":"village","name":"Bembalur","taluk":"Somvarpet","district":"KODAGU","village_code":"617870"},"geometry":{"type":"Polygon","coordinates":[[[75.88584225818647,12.752531419677846],[75.88412586064786,12.756645830431834],[75.88576274560575,12.762445001612585],[75.88731974877531,12.764247428367225],[75.89171122143222,12.765697118657108],[75.89534445670051,12.77145700078714],[75.89175151895755,12.772828645695137],[75.88348756092607,12.771770974819777],[75.8780331594042,12.768908041740838],[75.88025364207292,12.757742980267217],[75.87897609760172,12.75449076711081],[75.87965472179825,12.752649071651128],[75.88584225818647,12.752531419677846]]]}},{"type":"Feature","properties":{"type":"village","name":"Bellarahalli","taluk":"Somvarpet","district":"KODAGU","village_code":"617884"},"geometry":{"type":"Polygon","coordinates":[[[75.92562371935237,12.72955132478616],[75.91768361386231,12.73713187101869],[75.91313954708302,12.739298003028505],[75.90965476021205,12.744279091945174],[75.90436042589737,12.746661743255057],[75.90471267328655,12.739688766882848],[75.9027820464173,12.736202451203452],[75.90679617185764,12.729965431647209],[75.9101048404239,12.728232671752922],[75.91632465238195,12.722384955998654],[75.92491651166178,12.72240525106416],[75.92619639983756,12.725047016646316],[75.92562371935237,12.72955132478616]]]}},{"type":"Feature","properties":{"type":"village","name":"Kitturu","taluk":"Somvarpet","district":"KODAGU","village_code":"617888"},"geometry":{"type":"Polygon","coordinates":[[[75.9368069882582,12.753580758186633],[75.9315476765615,12.75411081063203],[75.93098842409316,12.752308457990141],[75.93178390383682,12.751297618832787],[75.9309645630426,12.749732377930597],[75.9317147084071,12.747739100685648],[75.92364271586028,12.74483897422913],[75.92593455171203,12.738949509243012],[75.92310954507792,12.732670126082448],[75.93121620810312,12.737227949991823],[75.93408784628365,12.736010224098761],[75.93760861607166,12.749423700136282],[75.9368069882582,12.753580758186633]]]}},{"type":"Feature","properties":{"type":"village","name":"Dundalli","taluk":"Somvarpet","district":"KODAGU","village_code":"617889"},"geometry":{"type":"Polygon","coordinates":[[[75.89346685828079,12.752648630068629],[75.87965472179825,12.752649071651128],[75.87360807628092,12.74040892387725],[75.88093430364853,12.741178420899146],[75.88538321188976,12.739893859945544],[75.89258237256044,12.746614135326258],[75.89346685828079,12.752648630068629]]]}},{"type":"Feature","properties":{"type":"village","name":"Nakalagodu","taluk":"Somvarpet","district":"KODAGU","village_code":"617885"},"geometry":{"type":"Polygon","coordinates":[[[75.92094985769265,12.748477707968245],[75.91647787263008,12.7528006877292],[75.90310494315122,12.753546715278107],[75.90436042589737,12.746661743255057],[75.90965476021205,12.744279091945174],[75.91313954708302,12.739298003028505],[75.91768361386231,12.73713187101869],[75.92310954507792,12.732670126082448],[75.92593455171203,12.738949509243012],[75.92535956794646,12.741806002106786],[75.92094985769265,12.748477707968245]]]}},{"type":"Feature","properties":{"type":"village","name":"Mudravalli","taluk":"Somvarpet","district":"KODAGU","village_code":"617882"},"geometry":{"type":"Polygon","coordinates":[[[75.90310494315122,12.753546715278107],[75.90059048770405,12.757896410403252],[75.8967180319739,12.755898324323828],[75.89346685828079,12.752648630068629],[75.89258237256044,12.746614135326258],[75.89009594994006,12.74425953112087],[75.89306072724587,12.738867385338494],[75.89982559290087,12.731915039955819],[75.90471267328655,12.739688766882848],[75.90310494315122,12.753546715278107]]]}},{"type":"Feature","properties":{"type":"village","name":"Madre","taluk":"Somvarpet","district":"KODAGU","village_code":"617869"},"geometry":{"type":"Polygon","coordinates":[[[75.8780097681725,12.749570271427354],[75.8717754017102,12.75102549727759],[75.87144136137518,12.75324410774625],[75.86533365557133,12.753126287827925],[75.86002459966575,12.75724336902398],[75.85239067326218,12.75362247005245],[75.84945807810142,12.749880524388283],[75.85375425657467,12.74629231018926],[75.85520074720134,12.73688711231404],[75.85451942266907,12.735716476926163],[75.86636629414323,12.735312321000798],[75.86989926035785,12.736511364159304],[75.87360807628092,12.74040892387725],[75.87722702384463,12.74644268239714],[75.8780097681725,12.749570271427354]]]}},{"type":"Feature","properties":{"type":"village","name":"Managali","taluk":"Somvarpet","district":"KODAGU","village_code":"617887"},"geometry":{"type":"Polygon","coordinates":[[[75.93098842409316,12.752308457990141],[75.93118871696049,12.755325575750351],[75.92370739995062,12.76134422310318],[75.91919578840425,12.75683293660095],[75.92011057340079,12.752839348951554],[75.92362342543787,12.752486104877548],[75.92479662430063,12.751298129634307],[75.92094985769265,12.748477707968245],[75.92364271586028,12.74483897422913],[75.9317147084071,12.747739100685648],[75.9309645630426,12.749732377930597],[75.93178390383682,12.751297618832787],[75.93098842409316,12.752308457990141]]]}},{"type":"Feature","properties":{"type":"village","name":"Avaradalu","taluk":"Somvarpet","district":"KODAGU","village_code":"617881"},"geometry":{"type":"Polygon","coordinates":[[[75.91919578840425,12.75683293660095],[75.9157603909076,12.759854001713647],[75.91189142243736,12.76573454084103],[75.90487877717248,12.765594522584639],[75.90330526656126,12.760012144150439],[75.90059048770405,12.757896410403252],[75.90310494315122,12.753546715278107],[75.91647787263008,12.7528006877292],[75.92094985769265,12.748477707968245],[75.92479662430063,12.751298129634307],[75.92362342543787,12.752486104877548],[75.92011057340079,12.752839348951554],[75.91919578840425,12.75683293660095]]]}},{"type":"Feature","properties":{"type":"village","name":"Sivaralli","taluk":"Somvarpet","district":"KODAGU","village_code":"617871"},"geometry":{"type":"Polygon","coordinates":[[[75.90698262977126,12.77823487511178],[75.90490686389818,12.780390188995488],[75.90227191742194,12.78109580235746],[75.89153221684052,12.776943013613847],[75.89175151895755,12.772828645695137],[75.89534445670051,12.77145700078714],[75.89171122143222,12.765697118657108],[75.88731974877531,12.764247428367225],[75.88576274560575,12.762445001612585],[75.88412586064786,12.756645830431834],[75.88584225818647,12.752531419677846],[75.89346685828079,12.752648630068629],[75.8967180319739,12.755898324323828],[75.90210750057213,12.758523227365698],[75.90466297219685,12.763969617218583],[75.90502562207705,12.771652141133501],[75.90698262977126,12.77823487511178]]]}},{"type":"Feature","properties":{"type":"village","name":"Koragallu","taluk":"Somvarpet","district":"KODAGU","village_code":"617880"},"geometry":{"type":"Polygon","coordinates":[[[75.92370739995062,12.76134422310318],[75.92259107432685,12.769533845805165],[75.92678374442147,12.773647534955774],[75.92706413736772,12.778702165371046],[75.92139435577332,12.774667193652995],[75.91273054323584,12.77118103209548],[75.91189142243736,12.76573454084103],[75.9157603909076,12.759854001713647],[75.91919578840425,12.75683293660095],[75.92370739995062,12.76134422310318]]]}},{"type":"Feature","properties":{"type":"village","name":"Doddabandara","taluk":"Somvarpet","district":"KODAGU","village_code":"617879"},"geometry":{"type":"Polygon","coordinates":[[[75.93634310812693,12.767530524059993],[75.93408996181614,12.775409327374375],[75.93459044919355,12.78169833011808],[75.92706413736772,12.778702165371046],[75.92678374442147,12.773647534955774],[75.92259107432685,12.769533845805165],[75.92370739995062,12.76134422310318],[75.93118871696049,12.755325575750351],[75.9315476765615,12.75411081063203],[75.9368069882582,12.753580758186633],[75.93646817068247,12.755515788832453],[75.93453006623679,12.757129705624317],[75.93523057788524,12.759872978706124],[75.93298448424773,12.764054103751723],[75.93634310812693,12.767530524059993]]]}},{"type":"Feature","properties":{"type":"village","name":"Bydagotta","taluk":"Somvarpet","district":"KODAGU","village_code":"617866"},"geometry":{"type":"Polygon","coordinates":[[[75.91217431809002,12.790107079413955],[75.89983776866627,12.793517394616693],[75.89484692657705,12.792028707663592],[75.8908540786325,12.786895804639846],[75.88716098143031,12.78526978087578],[75.88763994337687,12.781782384086384],[75.89153221684052,12.776943013613847],[75.90227191742194,12.78109580235746],[75.90490686389818,12.780390188995488],[75.90698262977126,12.77823487511178],[75.91377074023255,12.786345239273466],[75.91217431809002,12.790107079413955]]]}},{"type":"Feature","properties":{"type":"village","name":"Kirikodli","taluk":"Somvarpet","district":"KODAGU","village_code":"617865"},"geometry":{"type":"Polygon","coordinates":[[[75.90728522188483,12.804351060255884],[75.90199542496066,12.809778585211927],[75.89504733083545,12.802177423062576],[75.89484692657705,12.792028707663592],[75.89983776866627,12.793517394616693],[75.91217431809002,12.790107079413955],[75.90720441393346,12.79688652928634],[75.90728522188483,12.804351060255884]]]}},{"type":"Feature","properties":{"type":"village","name":"Niluvagilu","taluk":"Somvarpet","district":"KODAGU","village_code":"617878"},"geometry":{"type":"Polygon","coordinates":[[[75.95516454078953,12.784332624566819],[75.94805831442827,12.78558842456446],[75.93642722816678,12.783010550364951],[75.93459044919355,12.78169833011808],[75.93408996181614,12.775409327374375],[75.93634310812693,12.767530524059993],[75.94072576381933,12.767618396421222],[75.94719473519953,12.765393144904872],[75.95490398623801,12.768821429659251],[75.95516454078953,12.784332624566819]]]}},{"type":"Feature","properties":{"type":"village","name":"Kerekeri","taluk":"Somvarpet","district":"KODAGU","village_code":"617873"},"geometry":{"type":"Polygon","coordinates":[[[75.92582811302897,12.786852752670685],[75.92867653425098,12.792881065945734],[75.92658091381347,12.795467589776026],[75.92007239769615,12.792275153658647],[75.91217431809002,12.790107079413955],[75.91377074023255,12.786345239273466],[75.91225336714008,12.784190252165681],[75.91856078639788,12.780466923047188],[75.92051763688696,12.783993165290315],[75.92582811302897,12.786852752670685]]]}},{"type":"Feature","properties":{"type":"village","name":"Honnekodi","taluk":"Somvarpet","district":"KODAGU","village_code":"617874"},"geometry":{"type":"Polygon","coordinates":[[[75.94805831442827,12.78558842456446],[75.9448061049776,12.791427721825968],[75.94207174194887,12.793701094702678],[75.93630277466899,12.79487786359361],[75.93185168891152,12.798131103973306],[75.92755954477221,12.79748544001643],[75.92658091381347,12.795467589776026],[75.92867653425098,12.792881065945734],[75.92582811302897,12.786852752670685],[75.93642722816678,12.783010550364951],[75.94805831442827,12.78558842456446]]]}},{"type":"Feature","properties":{"type":"village","name":"Kattepura Forest","taluk":"Somvarpet","district":"KODAGU","village_code":"617876"},"geometry":{"type":"Polygon","coordinates":[[[75.96138130476383,12.78281236487666],[75.96107404500405,12.78939539758135],[75.96471070015866,12.799346997738517],[75.96507004064533,12.805210316358002],[75.9584005643954,12.802446369280382],[75.95672590078824,12.797929026031781],[75.95576678572904,12.795068857213563],[75.95644433015063,12.791267847881556],[75.95488458711945,12.78272608870844],[75.9552746832265,12.776287750639408],[75.9573301166315,12.781561549846694],[75.95876720818535,12.78263678925585],[75.96138130476383,12.78281236487666]]]}},{"type":"Feature","properties":{"type":"village","name":"Agalli","taluk":"Somvarpet","district":"KODAGU","village_code":"617877"},"geometry":{"type":"Polygon","coordinates":[[[75.96913657829093,12.805041700168912],[75.96507004064533,12.805210316358002],[75.96471070015866,12.799346997738517],[75.96107404500405,12.78939539758135],[75.96138130476383,12.78281236487666],[75.96643418360824,12.781856945975894],[75.97104754103864,12.784473065207385],[75.9711467258258,12.786320766247474],[75.96695103829009,12.797783943951027],[75.96913657829093,12.805041700168912]]]}},{"type":"Feature","properties":{"type":"village","name":"Neergunda","taluk":"Somvarpet","district":"KODAGU","village_code":"617864"},"geometry":{"type":"Polygon","coordinates":[[[75.93290128587938,12.804628157735001],[75.92559422855992,12.802905445310419],[75.9179684525709,12.805140129850125],[75.91145997597944,12.80325038730807],[75.90728522188483,12.804351060255884],[75.90720441393346,12.79688652928634],[75.91217431809002,12.790107079413955],[75.92007239769615,12.792275153658647],[75.92658091381347,12.795467589776026],[75.92755954477221,12.79748544001643],[75.93185168891152,12.798131103973306],[75.93404890341778,12.803616426789018],[75.93290128587938,12.804628157735001]]]}},{"type":"Feature","properties":{"type":"village","name":"Kattepura","taluk":"Somvarpet","district":"KODAGU","village_code":"617875"},"geometry":{"type":"Polygon","coordinates":[[[75.94679662612013,12.807728524271784],[75.93413191403823,12.808427471316671],[75.93290128587938,12.804628157735001],[75.93404890341778,12.803616426789018],[75.93185168891152,12.798131103973306],[75.93630277466899,12.79487786359361],[75.94338910334676,12.792877897394796],[75.94805831442827,12.78558842456446],[75.95516454078953,12.784332624566819],[75.95644433015063,12.791267847881556],[75.95576678572904,12.795068857213563],[75.9584005643954,12.802446369280382],[75.94919403467902,12.80059144290158],[75.94847695540179,12.80535529693293],[75.94679662612013,12.807728524271784]]]}},{"type":"Feature","properties":{"type":"village","name":" ","taluk":"Somvarpet","district":"KODAGU","village_code":" "},"geometry":{"type":"Polygon","coordinates":[[[75.93642722816678,12.783010550364951],[75.92582811302897,12.786852752670685],[75.92051763688696,12.783993165290315],[75.91856078639788,12.780466923047188],[75.91225336714008,12.784190252165681],[75.90698262977126,12.77823487511178],[75.90502562207705,12.771652141133501],[75.90487877717248,12.765594522584639],[75.91189142243736,12.76573454084103],[75.91273054323584,12.77118103209548],[75.92139435577332,12.774667193652995],[75.92566669295894,12.77799714192509],[75.93642722816678,12.783010550364951]]]}},{"type":"Feature","properties":{"type":"village","name":"Doddakodli","taluk":"Somvarpet","district":"KODAGU","village_code":"617862"},"geometry":{"type":"Polygon","coordinates":[[[75.8963657432622,12.813579918155563],[75.88879942137194,12.816362319069691],[75.88185154823232,12.811973890925204],[75.87668079515127,12.810543702346676],[75.87588223059292,12.808584444585481],[75.87847755867018,12.80780078083889],[75.88199116888536,12.802079907628269],[75.8851453119514,12.801256965421342],[75.88754097508371,12.801727158122029],[75.89267185374592,12.805978430917976],[75.89349075167071,12.810719657103995],[75.8963657432622,12.813579918155563]]]}},{"type":"Feature","properties":{"type":"village","name":"Kasuru","taluk":"Somvarpet","district":"KODAGU","village_code":"617860"},"geometry":{"type":"Polygon","coordinates":[[[75.87588223059292,12.808584444585481],[75.87913401424215,12.822374865396934],[75.87711210776023,12.824039504254422],[75.86944367976153,12.822620144786082],[75.8638105206846,12.818819044638095],[75.8650088948332,12.810769528682236],[75.86400052963856,12.805644231193522],[75.8659855746511,12.802806029277127],[75.86524891928723,12.798932723268637],[75.8691146996365,12.800453617301596],[75.87204933936285,12.796672399172985],[75.87596212136442,12.801021972108813],[75.87364628881647,12.80729136231368],[75.87588223059292,12.808584444585481]]]}},{"type":"Feature","properties":{"type":"village","name":"Janardanahalli","taluk":"Somvarpet","district":"KODAGU","village_code":"617863"},"geometry":{"type":"Polygon","coordinates":[[[75.92018088633469,12.828103893848427],[75.91830172484636,12.828036412349995],[75.91712235994751,12.826536069640861],[75.91844307026476,12.819688694154294],[75.91237228521908,12.815612855963884],[75.90977477962558,12.815690018145139],[75.90334574285134,12.819202375032704],[75.89516796918822,12.814246108884827],[75.90113702272292,12.810699490882861],[75.9086850728803,12.803671910417167],[75.91275763283156,12.803377620783321],[75.9179684525709,12.805140129850125],[75.92559422855992,12.802905445310419],[75.93290128587938,12.804628157735001],[75.93413191403823,12.808427471316671],[75.93016193630253,12.807967305132474],[75.92526742864607,12.813305870925621],[75.92502369055664,12.815290036946855],[75.92780160301204,12.819018228414652],[75.92777572165039,12.821756522062238],[75.922713417682,12.824745450943547],[75.92018088633469,12.828103893848427]]]}},{"type":"Feature","properties":{"type":"village","name":"Kelakodli","taluk":"Somvarpet","district":"KODAGU","village_code":"617861"},"geometry":{"type":"Polygon","coordinates":[[[75.89481218423343,12.82822418032117],[75.8795256383835,12.834235732943323],[75.87574421792425,12.83164600901724],[75.87561987941085,12.828902553608646],[75.87752660031377,12.826493643702873],[75.87711210776023,12.824039504254422],[75.87913401424215,12.822374865396934],[75.87668079515127,12.810543702346676],[75.88185154823232,12.811973890925204],[75.88879942137194,12.816362319069691],[75.89516796918822,12.814246108884827],[75.90334574285134,12.819202375032704],[75.90007656781822,12.827848682778075],[75.89481218423343,12.82822418032117]]]}},{"type":"Feature","properties":{"type":"village","name":"Urugutti","taluk":"Somvarpet","district":"KODAGU","village_code":"617867"},"geometry":{"type":"Polygon","coordinates":[[[75.90199542496066,12.809778585211927],[75.8963657432622,12.813579918155563],[75.89349075167071,12.810719657103995],[75.89267185374592,12.805978430917976],[75.88754097508371,12.801727158122029],[75.8851453119514,12.801256965421342],[75.88199116888536,12.802079907628269],[75.87847755867018,12.80780078083889],[75.87588223059292,12.808584444585481],[75.87364628881647,12.80729136231368],[75.87596212136442,12.801021972108813],[75.87204933936285,12.796672399172985],[75.8691146996365,12.800453617301596],[75.86435550880455,12.798028731315187],[75.86393649323352,12.796501016111112],[75.86731243213984,12.787584041196626],[75.86932956677097,12.783710783602881],[75.87172879801157,12.782251016028725],[75.87328993163483,12.777306580433166],[75.87430761595222,12.776710010878604],[75.87827772304534,12.777433076196086],[75.87805598020564,12.776533783598218],[75.87308735884332,12.774395938274896],[75.87293542588101,12.772908972241959],[75.87543583167711,12.771340713749867],[75.8748602523285,12.769894389362596],[75.8780331594042,12.768908041740838],[75.88348756092607,12.771770974819777],[75.89175151895755,12.772828645695137],[75.89141248129458,12.777707123849767],[75.88763994337687,12.781782384086384],[75.88716098143031,12.78526978087578],[75.88985595602874,12.786112140087265],[75.89360905530206,12.789951994745653],[75.89484692657705,12.792028707663592],[75.89504733083545,12.802177423062576],[75.90199542496066,12.809778585211927]]]}}]}
