{"type":"FeatureCollection","features":[{"type":"Feature","properties":{"type":"village","name":"Hejamadi","taluk":"Udupi","district":"UDUPI","village_code":"608841"},"geometry":{"type":"Polygon","coordinates":[[[74.78252575336987,13.12315537705484],[74.78155117560969,13.12769207323729],[74.77976363868707,13.127515087121989],[74.77903217109395,13.129255801837648],[74.77757056900754,13.129321344348844],[74.7794172474152,13.122071577869402],[74.7774386190687,13.12191653968282],[74.77757442817,13.119668721263286],[74.77474179394079,13.118543653014733],[74.76833185714611,13.122595961670623],[74.76463516398783,13.122017107392303],[74.76441289832866,13.120985139692836],[74.77303185528905,13.085304679925514],[74.77509573824757,13.084142271756761],[74.77431055589203,13.079923025975146],[74.77635920521995,13.07157945818157],[74.77957705321269,13.07242385915236],[74.77733801943499,13.080060972822148],[74.78079226538294,13.089322796701063],[74.77963704719895,13.095902764647944],[74.77712737438235,13.099503835365606],[74.77750876491599,13.102771591077465],[74.78001645065918,13.104345355153438],[74.78252031766407,13.103916951821738],[74.7841262412874,13.100315497681311],[74.79180993076446,13.096586436360868],[74.7982801166669,13.104356241808308],[74.79841255169599,13.108419323357918],[74.7967056026375,13.111207320394486],[74.7955343459324,13.111401281628554],[74.79526749688569,13.109602430897786],[74.79410080272392,13.10995909111933],[74.79252812574926,13.110943820327403],[74.79098697874277,13.114057238376363],[74.79123529285023,13.11604138602483],[74.79376392011932,13.117514179001175],[74.79284649407585,13.12307088615523],[74.79032749225503,13.124965295204008],[74.78915914609148,13.122430525256126],[74.78639327285752,13.122980492574845],[74.78481978290756,13.121701719575695],[74.78439199259282,13.123244221203024],[74.78252575336987,13.12315537705484]]]}},{"type":"Feature","properties":{"type":"village","name":"Mundkuru","taluk":"Karkal","district":"UDUPI","village_code":"608902"},"geometry":{"type":"Polygon","coordinates":[[[74.88968809318109,13.135108525161705],[74.88881107066415,13.13400666213595],[74.88537068212774,13.133984733109775],[74.87273340189971,13.136607251237207],[74.85134903261239,13.134357967194948],[74.84847145387288,13.128545127255336],[74.84977059114856,13.126352500376782],[74.85697015875607,13.126766636191348],[74.85983368964118,13.127969054978935],[74.86290487778228,13.126988532838068],[74.86356452596677,13.122505222346858],[74.86827260265906,13.121560885396459],[74.87017711640131,13.118013142579093],[74.87035239657787,13.115635887346388],[74.87381998699937,13.11033911329949],[74.87516180772577,13.105724714026612],[74.8742212410806,13.099370260977235],[74.87827408570634,13.095366014225307],[74.89245063276698,13.102202402738492],[74.89964546355799,13.104053122264766],[74.90711045817913,13.107931106951519],[74.91187705382399,13.108106848171179],[74.91228190386128,13.1090764681807],[74.91205724778513,13.110354701405534],[74.90904446720546,13.110972133794014],[74.90913453229585,13.111941795879437],[74.91259718108499,13.112514355400629],[74.91376682800907,13.11559952025282],[74.91327294863892,13.120844627052719],[74.90823670569526,13.123930565726905],[74.9097664072667,13.129131348878449],[74.90808118216673,13.129641689681849],[74.90619266202977,13.132021997291977],[74.90443856669023,13.130391366237351],[74.90574255486848,13.128760424288862],[74.89928900486674,13.127152241872516],[74.89384803495497,13.134799787863944],[74.89303856215416,13.135284668610124],[74.89200412874827,13.134293013903884],[74.88968809318109,13.135108525161705]]]}},{"type":"Feature","properties":{"type":"village","name":"Palimar","taluk":"Udupi","district":"UDUPI","village_code":"608842"},"geometry":{"type":"Polygon","coordinates":[[[74.82667800797482,13.129663780064877],[74.82342087036652,13.136790351822032],[74.82027586586189,13.136685703937339],[74.82068875941422,13.141774021831061],[74.81818547361932,13.13984005733465],[74.81521733481772,13.139398579034403],[74.81672420301126,13.138319088182753],[74.80723579004355,13.135010923178347],[74.80345762507889,13.136596573339913],[74.80246851167911,13.135626611366021],[74.79952263043528,13.136176666365534],[74.79817365642428,13.135515107090598],[74.79431350402025,13.13938221157665],[74.78921519467697,13.137832317731853],[74.7885073401994,13.136509793318092],[74.78841883458436,13.132465800136401],[74.78666538693012,13.131186975026319],[74.78907218378205,13.128917919067128],[74.78866861384402,13.125612083993463],[74.78624042900351,13.124950080709835],[74.78540809677364,13.125963526161529],[74.78228307888574,13.124750282670387],[74.78252575336987,13.12315537705484],[74.78439199259282,13.123244221203024],[74.78481978290756,13.121701719575695],[74.78639327285752,13.122980492574845],[74.78915914609148,13.122430525256126],[74.79032749225503,13.124965295204008],[74.79284649407585,13.12307088615523],[74.79376392011932,13.117514179001175],[74.79661605407841,13.117222755268362],[74.80183194390922,13.114833551967454],[74.80662713382787,13.115969341358209],[74.80866596277312,13.113312435005778],[74.80963890110789,13.11328106231729],[74.81204533414213,13.115315478263783],[74.81251002904536,13.119279206299055],[74.81459810632943,13.122380117698723],[74.82268585891958,13.123792101051608],[74.82497661679302,13.128727890915822],[74.82667800797482,13.129663780064877]]]}},{"type":"Feature","properties":{"type":"village","name":"Inna","taluk":"Karkal","district":"UDUPI","village_code":"608900"},"geometry":{"type":"Polygon","coordinates":[[[74.84847145387288,13.128545127255336],[74.85373451693418,13.139975138002537],[74.85301444716536,13.145198061343297],[74.85535280407076,13.14885658516536],[74.8543459121132,13.155286057691299],[74.84672988015006,13.153507442870188],[74.84605667189638,13.152580860138617],[74.84054564776548,13.152277289237853],[74.83993249817672,13.150821918213756],[74.83870120616288,13.150546038211177],[74.8358831812351,13.152100287609436],[74.8323228541336,13.152352756650533],[74.82455298388142,13.147786536173667],[74.82150473961097,13.147433351213678],[74.82027586586189,13.136685703937339],[74.82342087036652,13.136790351822032],[74.82667800797482,13.129663780064877],[74.83250208869403,13.129931549362635],[74.83422709927962,13.127785091350102],[74.8387967446883,13.128856969331279],[74.84155453667793,13.127316234246155],[74.84632695520243,13.129599234078942],[74.84847145387288,13.128545127255336]]]}},{"type":"Feature","properties":{"type":"village","name":"Mulladka","taluk":"Karkal","district":"UDUPI","village_code":"608901"},"geometry":{"type":"Polygon","coordinates":[[[74.89242223163097,13.150555623804076],[74.88963383044634,13.151922106686733],[74.88716017019117,13.151944235303006],[74.88740741440513,13.149211522849164],[74.8861706103287,13.149531110048642],[74.88374191344846,13.148319079105983],[74.8821453323041,13.149685456357993],[74.8802113708885,13.148098741328004],[74.87482562311216,13.147757121243961],[74.87330207859368,13.149338314362996],[74.87145811489482,13.14841267287133],[74.87073849428361,13.149294167752902],[74.87262743123891,13.150616498171274],[74.87226759218721,13.152776206669039],[74.87352685773901,13.157536429593472],[74.86414946306571,13.1526656759111],[74.85861719826991,13.156037099221702],[74.8543459121132,13.155286057691299],[74.85535280407076,13.14885658516536],[74.85301444716536,13.145198061343297],[74.85373451693418,13.139975138002537],[74.85134903261239,13.134357967194948],[74.87273340189971,13.136607251237207],[74.88881107066415,13.13400666213595],[74.8904987122322,13.136131878776995],[74.89046518441087,13.139691011345594],[74.88992558797925,13.141255729028943],[74.8876319483104,13.141674537327297],[74.8875420413235,13.142578095778104],[74.88841919589278,13.145927833023299],[74.89242223163097,13.150555623804076]]]}},{"type":"Feature","properties":{"type":"village","name":"Kanthavara","taluk":"Karkal","district":"UDUPI","village_code":"608905"},"geometry":{"type":"Polygon","coordinates":[[[74.9942363525835,13.157337957060506],[74.99433898779965,13.160346080832273],[74.99074081377688,13.1603476719526],[74.98746795385448,13.158641139147031],[74.97651840233108,13.16435334283982],[74.9681759504084,13.166912769578637],[74.96418747995423,13.162277407294686],[74.95340369814349,13.158448381240753],[74.94333352272307,13.158204733133877],[74.94204954900935,13.161873185103342],[74.9427202842011,13.163050107160057],[74.93998307441124,13.164392102909234],[74.93621179682985,13.163845487571127],[74.93340643185941,13.161622378210682],[74.93504679239913,13.156090508965482],[74.93333622941826,13.14976599205491],[74.9345278123033,13.148652822029774],[74.93385272477403,13.146669552784315],[74.93569646389408,13.145743559184726],[74.93565115197282,13.144333141939866],[74.94001398544017,13.14561034408854],[74.9427568258702,13.143361810012347],[74.94248660364963,13.14195144818467],[74.94086767242099,13.142436676965527],[74.94113637199719,13.138073100104585],[74.94401419507844,13.136397504741051],[74.93969628366352,13.134371068427754],[74.94019070920939,13.133313129381573],[74.94877772117995,13.124121114625927],[74.94835015544406,13.122931181324704],[74.95446559035264,13.121232537664165],[74.9541514503961,13.123304197743133],[74.95979509281239,13.122861730876098],[74.96103313386894,13.12682817259],[74.96361847357855,13.125416907434655],[74.97488526334793,13.12942386427905],[74.9762359576327,13.133257958917085],[74.98543937019504,13.148173986961242],[74.98872444720533,13.15235980714427],[74.99155816480277,13.152887491410977],[74.9942363525835,13.157337957060506]]]}},{"type":"Feature","properties":{"type":"village","name":"Irvathuru","taluk":"Karkal","district":"UDUPI","village_code":"608913"},"geometry":{"type":"Polygon","coordinates":[[[75.01841959741164,13.169173004422696],[75.01730395181254,13.168236938886794],[75.00997496302372,13.169142108583488],[75.00727782887535,13.16717034734194],[75.00085382805658,13.166091549058693],[74.99618453612669,13.159074140819909],[74.99580440413274,13.156184683214336],[75.00293605191827,13.152398530621491],[75.01097522541448,13.140696865751247],[75.01520382183229,13.130882426722005],[75.02435415114786,13.138718599912144],[75.03188006502,13.138920409123617],[75.03432320681,13.14150195273503],[75.04289650959103,13.14028922515594],[75.04374007076194,13.141410334233816],[75.04233959184413,13.150679338102462],[75.03057830735862,13.15413249339848],[75.02388995031805,13.157194080884171],[75.0194323122489,13.163126342752337],[75.01924694578832,13.16509675888782],[75.02074984702159,13.166611432046869],[75.02061989044441,13.168482441863048],[75.01841959741164,13.169173004422696]]]}},{"type":"Feature","properties":{"type":"village","name":"Nandicoor","taluk":"Udupi","district":"UDUPI","village_code":"608843"},"geometry":{"type":"Polygon","coordinates":[[[74.8130235617573,13.16137733983239],[74.81326035317461,13.163969189913466],[74.8102014728512,13.16422159861948],[74.80909888156978,13.16123067829682],[74.80280245409777,13.152188578936569],[74.79358589918283,13.148189054805115],[74.79235739823456,13.146628317808272],[74.79401978816001,13.143547285841361],[74.79431350402025,13.13938221157665],[74.79817365642428,13.135515107090598],[74.79952263043528,13.136176666365534],[74.80246851167911,13.135626611366021],[74.80345762507889,13.136596573339913],[74.80723579004355,13.135010923178347],[74.81672420301126,13.138319088182753],[74.81521733481772,13.139398579034403],[74.81818547361932,13.13984005733465],[74.82068875941422,13.141774021831061],[74.82150473961097,13.147433351213678],[74.82455298388142,13.147786536173667],[74.8323228541336,13.152352756650533],[74.83528346684976,13.152019035382262],[74.8325547730888,13.15605540136307],[74.82591966997492,13.161343215296823],[74.82362612193421,13.159954343014507],[74.82207504225563,13.157089074315122],[74.81854442603381,13.156889926124546],[74.8173070479339,13.159071386304216],[74.81550802425376,13.158850568341448],[74.8130235617573,13.16137733983239]]]}},{"type":"Feature","properties":{"type":"village","name":"Renjala","taluk":"Karkal","district":"UDUPI","village_code":"608912"},"geometry":{"type":"Polygon","coordinates":[[[75.0809101060407,13.16184809734043],[75.07087159443742,13.1749164121481],[75.06892994164636,13.174382648248818],[75.06605150860901,13.17612645285826],[75.05274642798526,13.172231600607358],[75.03792575472988,13.177577833794121],[75.03588741626479,13.176894682351204],[75.03417724584769,13.174119034079819],[75.02446046496512,13.171606972366565],[75.02184525986557,13.171886062354416],[75.02168892875163,13.170823986084738],[75.01951178979536,13.171279492823388],[75.01841959741164,13.169173004422696],[75.02061989044441,13.168482441863048],[75.02074984702159,13.166611432046869],[75.01922439897301,13.163935178576398],[75.02293027201519,13.158052377826605],[75.02723430715392,13.155324387073128],[75.04233959184413,13.150679338102462],[75.04374007076194,13.141410334233816],[75.04289650959103,13.14028922515594],[75.04775375782445,13.136250369867941],[75.05853665030307,13.13158942377574],[75.0609759904228,13.131888367955465],[75.07124911772381,13.136555004244489],[75.07195908683555,13.137450024207089],[75.07053742564331,13.143297936836968],[75.07643473702447,13.147863903212945],[75.08365696104177,13.145980648373186],[75.08060217344277,13.156094724326694],[75.0809101060407,13.16184809734043]]]}},{"type":"Feature","properties":{"type":"village","name":"Padebettu","taluk":"Udupi","district":"UDUPI","village_code":"608840"},"geometry":{"type":"Polygon","coordinates":[[[74.79235739823456,13.146628317808272],[74.79037330363958,13.153815723629208],[74.78427553320279,13.163245769864547],[74.78463418917323,13.166375282122859],[74.78607338907307,13.166662300231616],[74.78736723796668,13.170501144830505],[74.7800285949835,13.168781186253648],[74.77888201320262,13.167833113145333],[74.77843471507319,13.161574177744571],[74.77418558676125,13.158586344388555],[74.77367051972682,13.153385189077381],[74.77522225158229,13.153231555392095],[74.77558278862494,13.15144663006001],[74.77439102697515,13.15122576761451],[74.77448167866545,13.149528887280535],[74.77279492373452,13.14996895298587],[74.77315552006601,13.148073841104921],[74.77641601557684,13.148537960202855],[74.77769922302757,13.144990364794108],[74.78817857028015,13.144112763840978],[74.79146149223206,13.144686890346643],[74.79235739823456,13.146628317808272]]]}},{"type":"Feature","properties":{"type":"village","name":"Kedinje","taluk":"Karkal","district":"UDUPI","village_code":"608904"},"geometry":{"type":"Polygon","coordinates":[[[74.89569274335723,13.160106981424516],[74.89929208878311,13.172756481591488],[74.89378208693502,13.172492403840666],[74.88899188625946,13.174564197816533],[74.88786769229209,13.181043378892644],[74.88162516822871,13.176422620778787],[74.88144240418755,13.174860686882335],[74.88310661859134,13.173406163741904],[74.88409607514754,13.170364915899354],[74.88703093765609,13.16995163041495],[74.88820032496709,13.168607278964538],[74.88763802092171,13.167042607257864],[74.89569274335723,13.160106981424516]]]}},{"type":"Feature","properties":{"type":"village","name":"Nadsal (CT)","taluk":"Udupi","district":"UDUPI","village_code":"608858"},"geometry":{"type":"Polygon","coordinates":[[[74.78736723796668,13.170501144830505],[74.78662108471526,13.175687009666241],[74.77302538472405,13.176871796780702],[74.76921185488328,13.18021994830105],[74.76727990389728,13.175993353990968],[74.7646485812249,13.175970156954815],[74.76298358798176,13.17755613520263],[74.7619493180693,13.176960641588458],[74.76217526232956,13.174712884977968],[74.75927352879037,13.175835476604147],[74.75967904897087,13.174359129180548],[74.75788079335028,13.172418955268633],[74.75599086106168,13.174048857275205],[74.75217049144834,13.173456294038129],[74.76463516398783,13.122017107392303],[74.76833185714611,13.122595961670623],[74.77474179394079,13.118543653014733],[74.77757442817,13.119668721263286],[74.7774386190687,13.12191653968282],[74.7794172474152,13.122071577869402],[74.77860560338634,13.127580750825436],[74.77736848939111,13.128594012208671],[74.77833503261937,13.129453871043024],[74.77976363868707,13.127515087121989],[74.78155117560969,13.12769207323729],[74.78228307888574,13.124750282670387],[74.78540809677364,13.125963526161529],[74.78624042900351,13.124950080709835],[74.78866861384402,13.125612083993463],[74.78907218378205,13.128917919067128],[74.78666538693012,13.131186975026319],[74.78841883458436,13.132465800136401],[74.7885073401994,13.136509793318092],[74.78921519467697,13.137832317731853],[74.79431350402025,13.13938221157665],[74.79401978816001,13.143547285841361],[74.79235739823456,13.146628317808272],[74.790584623327,13.14431194427738],[74.77769922302757,13.144990364794108],[74.77641601557684,13.148537960202855],[74.77315552006601,13.148073841104921],[74.77279492373452,13.14996895298587],[74.77448167866545,13.149528887280535],[74.77439102697515,13.15122576761451],[74.77558278862494,13.15144663006001],[74.77522225158229,13.153231555392095],[74.77367051972682,13.153385189077381],[74.77418558676125,13.158586344388555],[74.77843471507319,13.161574177744571],[74.77888201320262,13.167833113145333],[74.78736723796668,13.170501144830505]]]}},{"type":"Feature","properties":{"type":"village","name":"Nooralbettu","taluk":"Karkal","district":"UDUPI","village_code":"608909"},"geometry":{"type":"Polygon","coordinates":[[[75.16463537493644,13.191362391687482],[75.13541052422234,13.191635942093905],[75.12490325463581,13.188802260325566],[75.12368098799561,13.193330809395258],[75.12041067839031,13.191233654930212],[75.12160535956475,13.189385211066448],[75.11963125603238,13.187514109174458],[75.11029587376827,13.18571937720498],[75.11249612817342,13.183667643946617],[75.1114309382489,13.179215897839056],[75.11275485734832,13.175672696602357],[75.11037071061796,13.16915093421713],[75.10585586064497,13.164721397932274],[75.10580081188436,13.161508082280177],[75.10783938301313,13.160545568230635],[75.11287604277508,13.152654891118377],[75.11303753291372,13.150643788847578],[75.12168462780376,13.147141553589984],[75.12171223393077,13.14817647217143],[75.12414719925503,13.149161789108389],[75.12352462993222,13.151163948662813],[75.12451153976461,13.152578527179609],[75.12573366177605,13.152275724307664],[75.1254476750205,13.153794320346217],[75.12669290978589,13.155692556321922],[75.12886970558571,13.156221340832719],[75.13761858678396,13.162521323388395],[75.15002021106523,13.163157898883616],[75.1529028419299,13.164626421358783],[75.16240088393914,13.17732515983949],[75.16162166010885,13.179169166758559],[75.15342645912924,13.186912029365207],[75.16463537493644,13.191362391687482]]]}},{"type":"Feature","properties":{"type":"village","name":"Belman","taluk":"Karkal","district":"UDUPI","village_code":"608899"},"geometry":{"type":"Polygon","coordinates":[[[74.87221632084238,13.19224608728],[74.86902244529132,13.194978678003098],[74.86201259917686,13.197512318069185],[74.86294726299234,13.195241934718716],[74.86151294813102,13.192037528033469],[74.85989856956424,13.19201481530333],[74.85633748608123,13.194775930178375],[74.85356998959159,13.194323721582581],[74.85092772094748,13.187345363247312],[74.85749145740363,13.183978980334672],[74.85305509772861,13.176272843947906],[74.8548771101952,13.174139823315802],[74.85733536613988,13.174564873937804],[74.85731236837029,13.173760403736967],[74.85672208360045,13.172838376827432],[74.85205928379513,13.17198374587423],[74.85082795225541,13.170930572570064],[74.85364611821868,13.169172784000574],[74.85357272406331,13.16485666257736],[74.8560819971296,13.160685407349815],[74.85438962503324,13.15840742466006],[74.8543459121132,13.155286057691299],[74.85861719826991,13.156037099221702],[74.86414946306571,13.1526656759111],[74.87352685773901,13.157536429593472],[74.87226759218721,13.152776206669039],[74.87262743123891,13.150616498171274],[74.87073849428361,13.149294167752902],[74.87145811489482,13.14841267287133],[74.87330207859368,13.149338314362996],[74.87482562311216,13.147757121243961],[74.8802113708885,13.148098741328004],[74.8821453323041,13.149685456357993],[74.88374191344846,13.148319079105983],[74.8861706103287,13.149531110048642],[74.88740741440513,13.149211522849164],[74.88716017019117,13.151944235303006],[74.88963383044634,13.151922106686733],[74.89242223163097,13.150555623804076],[74.89588137699046,13.153789142724902],[74.89569274335723,13.160106981424516],[74.88763802092171,13.167042607257864],[74.88820032496709,13.168607278964538],[74.88703093765609,13.16995163041495],[74.88409607514754,13.170364915899354],[74.88310661859134,13.173406163741904],[74.88144240418755,13.174860686882335],[74.87514524009701,13.172260197397627],[74.87568496858097,13.180149770621986],[74.87348088825097,13.182000915224306],[74.87136664573762,13.188259618689363],[74.87221632084238,13.19224608728]]]}},{"type":"Feature","properties":{"type":"village","name":"Yellur","taluk":"Udupi","district":"UDUPI","village_code":"608838"},"geometry":{"type":"Polygon","coordinates":[[[74.81854899576365,13.180820320649547],[74.81575877728721,13.182234557337347],[74.81238375466249,13.187743169984516],[74.81126938377277,13.191753767875786],[74.80840078099955,13.195157842121878],[74.80151814980407,13.195640685413878],[74.80079753116462,13.198505386433931],[74.79940331170768,13.197579366731249],[74.7942358536471,13.198395175434188],[74.78257568712326,13.193228687033077],[74.76890099826909,13.192760381062081],[74.76630825464494,13.185441657801029],[74.76743474201122,13.181056619323227],[74.7716863900975,13.178832609652062],[74.77302538472405,13.176871796780702],[74.78662108471526,13.175687009666241],[74.7876683873859,13.1714781499902],[74.78607338907307,13.166662300231616],[74.78463418917323,13.166375282122859],[74.78427553320279,13.163245769864547],[74.79037330363958,13.153815723629208],[74.79235739823456,13.146628317808272],[74.79358589918283,13.148189054805115],[74.80280245409777,13.152188578936569],[74.80909888156978,13.16123067829682],[74.8102014728512,13.16422159861948],[74.81326035317461,13.163969189913466],[74.8130235617573,13.16137733983239],[74.81600169341813,13.163244498032967],[74.8166982381063,13.165762498170388],[74.81458360572411,13.168384486666014],[74.81579719463866,13.171778624345023],[74.81849529267933,13.174578085854792],[74.81854899576365,13.180820320649547]]]}},{"type":"Feature","properties":{"type":"village","name":"Sanoor (CT)","taluk":"Karkal","district":"UDUPI","village_code":"608914"},"geometry":{"type":"Polygon","coordinates":[[[75.0037029436763,13.196048051968013],[75.00114755200165,13.195992537046909],[74.98872029519207,13.200410547759107],[74.97986635242809,13.20649121930465],[74.9814707776615,13.201959002187564],[74.97454100018494,13.196650565812158],[74.97213437401292,13.196673489762947],[74.96801701597676,13.193082787125077],[74.96975768958762,13.186691202403415],[74.97208439803873,13.183836465006468],[74.96999172138038,13.181104522946745],[74.97007498263082,13.178272626784628],[74.96806151312605,13.1766755886778],[74.96140994119804,13.176303168605218],[74.95990230224994,13.17392355762169],[74.96181354437373,13.172787997996073],[74.96086862000108,13.17175252034175],[74.96284731661954,13.170638968238118],[74.96410746521524,13.172699095694309],[74.96523203018681,13.172919099093232],[74.9681759504084,13.166912769578637],[74.97651840233108,13.16435334283982],[74.98629871207055,13.158994237109665],[74.99433898779965,13.160346080832273],[74.9942363525835,13.157337957060506],[74.99580440413274,13.156184683214336],[74.99618453612669,13.159074140819909],[75.00085382805658,13.166091549058693],[75.00045950807103,13.179455454400328],[75.0009247347769,13.180743733709786],[75.00380301779558,13.18029320910588],[75.00338639803141,13.18332108539247],[75.00667196372522,13.189536878664988],[75.0037029436763,13.196048051968013]]]}},{"type":"Feature","properties":{"type":"village","name":"Nandalike","taluk":"Karkal","district":"UDUPI","village_code":"608897"},"geometry":{"type":"Polygon","coordinates":[[[74.91607141634461,13.185117860614483],[74.91527027901131,13.189643142135955],[74.91675536305921,13.193664838186374],[74.9129321314134,13.1960013862005],[74.91050282457707,13.194657386932235],[74.90571289339609,13.20142355166606],[74.89964012217531,13.203143066411805],[74.89671604933164,13.20257030139318],[74.89410706955702,13.204597949636941],[74.88421753366215,13.208958847959586],[74.88415977019275,13.206791109281683],[74.88121320083941,13.206394471355058],[74.88004350630463,13.201700416816815],[74.87761432074083,13.199959425326298],[74.87221632084238,13.19224608728],[74.87136664573762,13.188259618689363],[74.87348088825097,13.182000915224306],[74.87568496858097,13.180149770621986],[74.87514524009701,13.172260197397627],[74.88144240418755,13.174860686882335],[74.88162516822871,13.176422620778787],[74.88786769229209,13.181043378892644],[74.89088136579718,13.180161741106563],[74.89780863607577,13.182761796769094],[74.89816881469059,13.186486171920079],[74.90186903373638,13.19086038590816],[74.90353346463414,13.191477292901014],[74.90402852439061,13.193681032343958],[74.90659240334807,13.192314421311956],[74.90510759777789,13.189185198785065],[74.90854869239006,13.18869999175901],[74.91113460432648,13.184622673794976],[74.91607141634461,13.185117860614483]]]}},{"type":"Feature","properties":{"type":"village","name":"Santhoor","taluk":"Udupi","district":"UDUPI","village_code":"608844"},"geometry":{"type":"Polygon","coordinates":[[[74.85443891828781,13.178908736246212],[74.84996434877218,13.180452889770452],[74.83320903497484,13.180130894760257],[74.83100430067137,13.183788779702965],[74.82776553989883,13.184272987142538],[74.82670880671434,13.18261993234072],[74.82362785029282,13.181407202713974],[74.82497836760949,13.176206550402867],[74.8186387868679,13.177056349843681],[74.81849529267933,13.174578085854792],[74.81579719463866,13.171778624345023],[74.81458360572411,13.168384486666014],[74.8166982381063,13.165762498170388],[74.81642309132128,13.164346495623436],[74.8130235617573,13.16137733983239],[74.81550802425376,13.158850568341448],[74.8173070479339,13.159071386304216],[74.81854442603381,13.156889926124546],[74.82207504225563,13.157089074315122],[74.82362612193421,13.159954343014507],[74.82591966997492,13.161343215296823],[74.8325547730888,13.15605540136307],[74.83528346684976,13.152019035382262],[74.83870120616288,13.150546038211177],[74.83993249817672,13.150821918213756],[74.84054564776548,13.152277289237853],[74.84605667189638,13.152580860138617],[74.84672988015006,13.153507442870188],[74.8543459121132,13.155286057691299],[74.85438962503324,13.15840742466006],[74.8560819971296,13.160685407349815],[74.85357272406331,13.16485666257736],[74.85364611821868,13.169172784000574],[74.85082795225541,13.170930572570064],[74.85205928379513,13.17198374587423],[74.85672208360045,13.172838376827432],[74.85731236837029,13.173760403736967],[74.85733536613988,13.174564873937804],[74.8548771101952,13.174139823315802],[74.85305509772861,13.176272843947906],[74.85443891828781,13.178908736246212]]]}},{"type":"Feature","properties":{"type":"village","name":"Bola","taluk":"Karkal","district":"UDUPI","village_code":"608903"},"geometry":{"type":"Polygon","coordinates":[[[74.91607141634461,13.185117860614483],[74.91113460432648,13.184622673794976],[74.90854869239006,13.18869999175901],[74.90510759777789,13.189185198785065],[74.90659240334807,13.192314421311956],[74.90402852439061,13.193681032343958],[74.90353346463414,13.191477292901014],[74.90186903373638,13.19086038590816],[74.89816881469059,13.186486171920079],[74.89780863607577,13.182761796769094],[74.89088136579718,13.180161741106563],[74.88786769229209,13.181043378892644],[74.88899188625946,13.174564197816533],[74.89378208693502,13.172492403840666],[74.89929208878311,13.172756481591488],[74.89569274335723,13.160106981424516],[74.89588137699046,13.153789142724902],[74.89042072229589,13.148704533715433],[74.88841919589278,13.145927833023299],[74.8875420413235,13.142578095778104],[74.8876319483104,13.141674537327297],[74.88992558797925,13.141255729028943],[74.89046518441087,13.139691011345594],[74.8904987122322,13.136131878776995],[74.88947553561519,13.13528346136963],[74.89200412874827,13.134293013903884],[74.89303856215416,13.135284668610124],[74.89384803495497,13.134799787863944],[74.89928900486674,13.127152241872516],[74.90574255486848,13.128760424288862],[74.90443856669023,13.130391366237351],[74.90619266202977,13.132021997291977],[74.90808118216673,13.129641689681849],[74.9097664072667,13.129131348878449],[74.91147609888175,13.13459655456658],[74.9161085841395,13.136579344884916],[74.92002235877946,13.143013833272251],[74.93333622941826,13.14976599205491],[74.93504679239913,13.156090508965482],[74.93340643185941,13.161622378210682],[74.93086451581232,13.158493520769575],[74.92857096328005,13.15975013424569],[74.92947150908104,13.16442199518286],[74.9268626451891,13.163717282156533],[74.92524358370474,13.164422792041853],[74.92255732366287,13.170682026392821],[74.9220077613215,13.178417417715599],[74.91607141634461,13.185117860614483]]]}},{"type":"Feature","properties":{"type":"village","name":" ","taluk":"Karkal","district":"UDUPI","village_code":" "},"geometry":{"type":"Polygon","coordinates":[[[75.20582042498765,13.177338422337844],[75.2010984648327,13.18056213624751],[75.1984691921158,13.179631896600602],[75.19530600391317,13.182611074830984],[75.18985898025468,13.183132162974573],[75.18559812084347,13.18710576980705],[75.18431671810811,13.190744236330564],[75.18063694561651,13.195214768833663],[75.17444609174996,13.191410547804232],[75.16463537493644,13.191362391687482],[75.15357870290866,13.187015983211685],[75.16240090100712,13.177831360281447],[75.15682361624259,13.169023530173046],[75.1517866492568,13.163537327017723],[75.13761858678396,13.162521323388395],[75.12886970558571,13.156221340832719],[75.12669290978589,13.155692556321922],[75.1254476750205,13.153794320346217],[75.12573366177605,13.152275724307664],[75.12451153976461,13.152578527179609],[75.12352462993222,13.151163948662813],[75.12414719925503,13.149161789108389],[75.12171223393077,13.14817647217143],[75.12168462780376,13.147141553589984],[75.11303753291372,13.150643788847578],[75.11285313843028,13.149156826580812],[75.11071801817141,13.147570339944522],[75.11865496518493,13.139634538867615],[75.12068872763201,13.136263064213813],[75.12017689273593,13.134776130276666],[75.11588369487279,13.133537602577649],[75.11514596871706,13.1313049296105],[75.12005709340966,13.130961665096443],[75.12229357058203,13.133140133869441],[75.12854663098537,13.131996785750248],[75.12875877981783,13.134581943416073],[75.12991162016128,13.1332260901276],[75.13212508878428,13.132859992858162],[75.13643679104398,13.133827077989785],[75.1375249958061,13.131815865152422],[75.14034719789991,13.132430409210343],[75.14346898993763,13.130645048254234],[75.1447048903089,13.131390693174499],[75.14361641156059,13.12861578074636],[75.14487051629108,13.12625200617871],[75.1474019912196,13.124855310075823],[75.15080971341901,13.124918316699246],[75.1591707874175,13.131452676325514],[75.15885740833403,13.132930589994311],[75.15994576041986,13.133382412409738],[75.16187313538781,13.132008244190251],[75.16768881057091,13.136291923268397],[75.17089533080788,13.144892029302731],[75.17660961494148,13.147232134224197],[75.1803743231432,13.154467122398177],[75.18031054994452,13.158096288431896],[75.19213686976167,13.163607431609586],[75.19990075723403,13.170068273566464],[75.20582042498765,13.177338422337844]]]}},{"type":"Feature","properties":{"type":"village","name":"Bada (CT)","taluk":"Udupi","district":"UDUPI","village_code":"608857"},"geometry":{"type":"Polygon","coordinates":[[[74.76890099826909,13.192760381062081],[74.76732551405921,13.195183859665997],[74.7655708581709,13.195844224030228],[74.76439989701154,13.198884923298072],[74.75855055386992,13.203253988917787],[74.75705500085567,13.202845581396625],[74.75782099879002,13.200245483097232],[74.74833651685,13.200486506712034],[74.74858463332811,13.193779759308004],[74.7440890171837,13.193759413415874],[74.75217049144834,13.173456294038129],[74.75599086106168,13.174048857275205],[74.75788079335028,13.172418955268633],[74.75967904897087,13.174359129180548],[74.75927352879037,13.175835476604147],[74.76217526232956,13.174712884977968],[74.7619493180693,13.176960641588458],[74.76298358798176,13.17755613520263],[74.7646485812249,13.175970156954815],[74.76727990389728,13.175993353990968],[74.76921185488328,13.18021994830105],[74.76743474201122,13.181056619323227],[74.76630825464494,13.185441657801029],[74.76890099826909,13.192760381062081]]]}},{"type":"Feature","properties":{"type":"village","name":"Nallur","taluk":"Karkal","district":"UDUPI","village_code":"608911"},"geometry":{"type":"Polygon","coordinates":[[[75.11029587376827,13.18571937720498],[75.10424912135137,13.184909883916708],[75.10588120571241,13.192421363145911],[75.10231022818486,13.201685981960624],[75.0998703571608,13.199412358584535],[75.0916833802576,13.19613019303782],[75.0909865696681,13.198353650935674],[75.08725482065421,13.199338326878934],[75.08694143618081,13.19764351611161],[75.08557153501694,13.197340461129855],[75.08105082084178,13.19931011107483],[75.06867059263395,13.19870643009546],[75.06255513975908,13.195017070262852],[75.05139817801636,13.192555325057276],[75.05223009971613,13.187050836231368],[75.05114199826026,13.185509355252941],[75.04847164738207,13.184803514307248],[75.04505018006051,13.181950635364824],[75.04155380312575,13.182604760782889],[75.03934932124885,13.181998417237587],[75.03792575472988,13.177577833794121],[75.05274642798526,13.172231600607358],[75.06499074917542,13.176126187834406],[75.06892994164636,13.174382648248818],[75.07087159443742,13.1749164121481],[75.0809101060407,13.16184809734043],[75.08691032572587,13.161356526770312],[75.08934954816628,13.164629027111765],[75.09128688365412,13.162545832895972],[75.09392931399496,13.164231977913069],[75.09932069780136,13.16453094529036],[75.09993426420844,13.162944672741418],[75.09708489436547,13.156002391366924],[75.10369810284094,13.157788327959514],[75.10410410901001,13.1560031672596],[75.10094980694218,13.154118212315378],[75.10369871459366,13.151140149193282],[75.11303752482888,13.15064375298255],[75.11287604277508,13.152654891118377],[75.10783938301313,13.160545568230635],[75.10554243574741,13.162317028412643],[75.10585586064497,13.164721397932274],[75.11037071061796,13.16915093421713],[75.11275485734832,13.175672696602357],[75.1114309382489,13.179215897839056],[75.11249612817342,13.183667643946617],[75.11029587376827,13.18571937720498]]]}},{"type":"Feature","properties":{"type":"village","name":"Pilar","taluk":"Udupi","district":"UDUPI","village_code":"608837"},"geometry":{"type":"Polygon","coordinates":[[[74.86294726299234,13.195241934718716],[74.85795104358782,13.205952742249968],[74.85305680003609,13.20693301914913],[74.84290795555296,13.212097550789823],[74.84393881366398,13.2160504124306],[74.84054666825165,13.213084817649287],[74.83571327837385,13.211770093129752],[74.82951805061019,13.208297348028953],[74.82833842789483,13.201862067907223],[74.82536947701621,13.201652104429911],[74.82561721171032,13.200109505995632],[74.82287347565995,13.198654421992154],[74.82218866835929,13.193210921180148],[74.81857028673421,13.181441871982353],[74.8186387868679,13.177056349843681],[74.82497836760949,13.176206550402867],[74.82362785029282,13.181407202713974],[74.82670880671434,13.18261993234072],[74.82776553989883,13.184272987142538],[74.83100430067137,13.183788779702965],[74.83320903497484,13.180130894760257],[74.84996434877218,13.180452889770452],[74.85443891828781,13.178908736246212],[74.85749145740363,13.183978980334672],[74.85092772094748,13.187345363247312],[74.85356998959159,13.194323721582581],[74.85633748608123,13.194775930178375],[74.85989856956424,13.19201481530333],[74.86151294813102,13.192037528033469],[74.86294726299234,13.195241934718716]]]}},{"type":"Feature","properties":{"type":"village","name":"Miyar","taluk":"Karkal","district":"UDUPI","village_code":"608906"},"geometry":{"type":"Polygon","coordinates":[[[75.04887920134836,13.22353554723835],[75.04421041516997,13.224311387031651],[75.03933607289503,13.219559778397329],[75.02830134670964,13.220319468183074],[75.02803908805402,13.218701321299527],[75.02980659344414,13.216984679635784],[75.02975219057222,13.214507974062265],[75.0261271712955,13.212585734612178],[75.02467221314893,13.217185980930092],[75.02187257763337,13.216122788843553],[75.02146037488544,13.209252939278088],[75.01364682405261,13.19787861083499],[75.00799758603044,13.195349549586311],[75.00452373075815,13.196608862600172],[75.0037029436763,13.196048051968013],[75.00667196372522,13.189536878664988],[75.00338639803141,13.18332108539247],[75.00380301779558,13.18029320910588],[75.0009247347769,13.180743733709786],[75.00045950807103,13.179455454400328],[75.00085382805658,13.166091549058693],[75.00727782887535,13.16717034734194],[75.01095721868462,13.169296158267413],[75.01730395181254,13.168236938886794],[75.01951178979536,13.171279492823388],[75.02168892875163,13.170823986084738],[75.02184525986557,13.171886062354416],[75.02446046496512,13.171606972366565],[75.03210674589879,13.173259580258252],[75.03417724584769,13.174119034079819],[75.03588741626479,13.176894682351204],[75.03813327634032,13.177654717360182],[75.03934932124885,13.181998417237587],[75.04155380312575,13.182604760782889],[75.04505018006051,13.181950635364824],[75.04847164738207,13.184803514307248],[75.05114199826026,13.185509355252941],[75.05223009971613,13.187050836231368],[75.05139817801636,13.192555325057276],[75.04843984073281,13.197882842093673],[75.04688359304637,13.203283121689278],[75.048284165389,13.208715949801743],[75.04797221462681,13.217913036777807],[75.04887920134836,13.22353554723835]]]}},{"type":"Feature","properties":{"type":"village","name":"Kuthyar","taluk":"Udupi","district":"UDUPI","village_code":"608836"},"geometry":{"type":"Polygon","coordinates":[[[74.82951805061019,13.208297348028953],[74.82205067096199,13.212013782328619],[74.81967622424006,13.210124434969934],[74.81521868588388,13.21483169468978],[74.80879905896224,13.21621924521895],[74.80774627567008,13.213494597673238],[74.80196313207666,13.212069473762467],[74.79859721297906,13.209454219839504],[74.79774591731355,13.206771296203605],[74.79850192418527,13.201570468971992],[74.79445106214139,13.200857439026324],[74.79361364275208,13.198667238169605],[74.79940331170768,13.197579366731249],[74.80079753116462,13.198505386433931],[74.80151814980407,13.195640685413878],[74.80840078099955,13.195157842121878],[74.81126938377277,13.191753767875786],[74.81238375466249,13.187743169984516],[74.81575877728721,13.182234557337347],[74.81854899576365,13.180820320649547],[74.82218866835929,13.193210921180148],[74.82287347565995,13.198654421992154],[74.82561721171032,13.200109505995632],[74.82536947701621,13.201652104429911],[74.82833842789483,13.201862067907223],[74.82951805061019,13.208297348028953]]]}},{"type":"Feature","properties":{"type":"village","name":"Belpu","taluk":"Udupi","district":"UDUPI","village_code":"608834"},"geometry":{"type":"Polygon","coordinates":[[[74.7942358536471,13.198395175434188],[74.79005868038942,13.200322756594717],[74.78860819405637,13.199583982302098],[74.78739322173625,13.200674423070984],[74.78471496388694,13.20516916717204],[74.78685070937324,13.208078936666636],[74.78633305608909,13.208938225225298],[74.7794493612883,13.21102923183445],[74.77879754820971,13.209794860885626],[74.77567091515094,13.21001399483587],[74.77093996196163,13.215471874346655],[74.76725312422033,13.212616552374774],[74.76406812941417,13.212286652829812],[74.76373360488722,13.210644064299665],[74.76021305338985,13.21097094102584],[74.75742283401506,13.209644418859444],[74.75855055386992,13.203253988917787],[74.76439989701154,13.198884923298072],[74.7655708581709,13.195844224030228],[74.76732551405921,13.195183859665997],[74.76890099826909,13.192760381062081],[74.78257568712326,13.193228687033077],[74.79310026814362,13.1976179632363],[74.7942358536471,13.198395175434188]]]}},{"type":"Feature","properties":{"type":"village","name":"Muloor","taluk":"Udupi","district":"UDUPI","village_code":"608833"},"geometry":{"type":"Polygon","coordinates":[[[74.7591532317974,13.210218946106322],[74.75473508905804,13.216495324010129],[74.74820448426618,13.21593918265988],[74.7482296406874,13.21032750675302],[74.74073615330208,13.209962470140542],[74.74408880338466,13.193761181863422],[74.74858463332811,13.193779759308004],[74.74833651685,13.200486506712034],[74.75782099879002,13.200245483097232],[74.75705500085567,13.202845581396625],[74.75855055386992,13.203253988917787],[74.75742283401506,13.209644418859444],[74.7591532317974,13.210218946106322]]]}},{"type":"Feature","properties":{"type":"village","name":"Sooda","taluk":"Karkal","district":"UDUPI","village_code":"608898"},"geometry":{"type":"Polygon","coordinates":[[[74.88477981075805,13.219505547357425],[74.88441997619798,13.221621187365855],[74.87611961393962,13.224177613946178],[74.87213805602156,13.226711885753362],[74.86865145275709,13.224507988000306],[74.86547976559353,13.223780593269833],[74.86449014105237,13.221136000188205],[74.86272439456361,13.22032049485549],[74.86299669997736,13.219073146796761],[74.85994750798429,13.218874080566495],[74.85897409623738,13.219805018192476],[74.8570505642622,13.218498732221276],[74.85502538521769,13.219298497188648],[74.84912932878298,13.22480259401502],[74.84393881366398,13.2160504124306],[74.84290795555296,13.212097550789823],[74.85305680003609,13.20693301914913],[74.85795104358782,13.205952742249968],[74.86201259917686,13.197512318069185],[74.86902244529132,13.194978678003098],[74.87221632084238,13.19224608728],[74.87761432074083,13.199959425326298],[74.88004350630463,13.201700416816815],[74.88121320083941,13.206394471355058],[74.88415977019275,13.206791109281683],[74.88421753366215,13.208958847959586],[74.88202874984484,13.214471328677579],[74.88477981075805,13.219505547357425]]]}},{"type":"Feature","properties":{"type":"village","name":"Mudar","taluk":"Karkal","district":"UDUPI","village_code":"608908"},"geometry":{"type":"Polygon","coordinates":[[[75.08351197924313,13.23672276084376],[75.0812008152397,13.236442205913466],[75.07705741414514,13.23951915623304],[75.07026636170129,13.239770728738355],[75.06700967864053,13.238219835055531],[75.06501850082948,13.23094751537579],[75.06289252362359,13.228294043623293],[75.06061402236391,13.226702581231946],[75.0535654121483,13.225823820926495],[75.04887920134836,13.22353554723835],[75.04797221462681,13.217913036777807],[75.048284165389,13.208715949801743],[75.04688359304637,13.203283121689278],[75.0509552322245,13.192785663317274],[75.06255513975908,13.195017070262852],[75.06867059263395,13.19870643009546],[75.08105082084178,13.19931011107483],[75.08557153501694,13.197340461129855],[75.08694143618081,13.19764351611161],[75.08725482065421,13.199338326878934],[75.0909865696681,13.198353650935674],[75.0916833802576,13.19613019303782],[75.09282725182128,13.19627950641658],[75.0998703571608,13.199412358584535],[75.10231022818486,13.201685981960624],[75.09897445025997,13.208830878709549],[75.09348464972595,13.213227637745147],[75.09197985035252,13.220445037880783],[75.08313085101753,13.226680427899556],[75.08351197924313,13.23672276084376]]]}},{"type":"Feature","properties":{"type":"village","name":"Mallar (CT)","taluk":"Udupi","district":"UDUPI","village_code":"608856"},"geometry":{"type":"Polygon","coordinates":[[[74.7575082817649,13.231857289407035],[74.75352623695996,13.232457590762344],[74.75285667406969,13.230376841783581],[74.75054535735268,13.228671662775717],[74.75177829058856,13.221780888238653],[74.75700084502046,13.212353099252283],[74.7591532317974,13.210218946106322],[74.76021305338985,13.21097094102584],[74.76373360488722,13.210644064299665],[74.76406812941417,13.212286652829812],[74.76831457535668,13.213219241349545],[74.77401881363045,13.219202862323108],[74.77547673711575,13.227718046096136],[74.76063942795965,13.2283959536827],[74.7575082817649,13.231857289407035]]]}},{"type":"Feature","properties":{"type":"village","name":"Kallya","taluk":"Karkal","district":"UDUPI","village_code":"608894"},"geometry":{"type":"Polygon","coordinates":[[[74.933130209791,13.231570570872687],[74.93117309070568,13.231372637663883],[74.9257977768614,13.236398296269124],[74.92348075674066,13.236508899343654],[74.92262634122616,13.23871282497254],[74.91448030234706,13.237430901855879],[74.90741667409657,13.237475862398693],[74.89502070291338,13.226044831994516],[74.89414319800113,13.223069781227181],[74.89205108638312,13.220888153080152],[74.88831710775065,13.221857980017731],[74.88477981075805,13.219505547357425],[74.88263612236801,13.21630046125454],[74.88211869905257,13.213413511883612],[74.8839180452279,13.209160182110958],[74.88760680087235,13.206846111007632],[74.89410706955702,13.204597949636941],[74.89671604933164,13.20257030139318],[74.89964012217531,13.203143066411805],[74.90571289339609,13.20142355166606],[74.91050282457707,13.194657386932235],[74.9129321314134,13.1960013862005],[74.91675536305921,13.193664838186374],[74.91527027901131,13.189643142135955],[74.91607141634461,13.185117860614483],[74.920243511426,13.185348621332217],[74.92278540411688,13.187596061569169],[74.92292118357376,13.192003612431389],[74.92449587636791,13.193479874347647],[74.92514995140436,13.202647503314905],[74.92061864788866,13.207805132686396],[74.9200341797103,13.209766594691523],[74.91904544719618,13.21532028406947],[74.92012540003412,13.216774609356335],[74.92019347885793,13.220124346129777],[74.92417503318272,13.220663599958174],[74.92733530814888,13.219957811631131],[74.92856086441965,13.218216590057622],[74.93643344893971,13.2170910151183],[74.94052806612446,13.219954978220965],[74.93686348504261,13.227867403987508],[74.93420945026494,13.22934452373454],[74.933130209791,13.231570570872687]]]}},{"type":"Feature","properties":{"type":"village","name":"Padoor","taluk":"Udupi","district":"UDUPI","village_code":"608827"},"geometry":{"type":"Polygon","coordinates":[[[74.79987210562354,13.240107493897948],[74.7954430034377,13.240516693344313],[74.79385072971513,13.239092721634819],[74.79024637618153,13.238297650046116],[74.78943704441619,13.23545047597585],[74.78468648639412,13.236352106050004],[74.78085854398293,13.235857934342079],[74.7753533481216,13.237114960592413],[74.77451387608185,13.238145846607242],[74.77088989795256,13.23798137761803],[74.77077851134888,13.23709167842009],[74.77279082202695,13.236052312759236],[74.77530817903248,13.229921580777768],[74.77560838162739,13.226621856623323],[74.77401881363045,13.219202862323108],[74.77669423819337,13.219739662564567],[74.77929091913344,13.224298456767576],[74.78200130972047,13.224053134041805],[74.78541103695956,13.22161811960812],[74.80081932609004,13.22525034921198],[74.80340465142658,13.222719032012657],[74.80941943280251,13.22097564826089],[74.81099790480904,13.221667265816873],[74.81281316284303,13.225144240282168],[74.8124634819406,13.226731839753104],[74.80884495928,13.227100421788],[74.80825709636818,13.23102842568826],[74.80563052668198,13.231109808187252],[74.80381393375151,13.232341108570129],[74.80529410401483,13.234969441132295],[74.80867469709263,13.236558083648989],[74.80386790633041,13.238801380573108],[74.80266680040505,13.23735020441142],[74.79987210562354,13.240107493897948]]]}},{"type":"Feature","properties":{"type":"village","name":" ","taluk":"Udupi","district":"UDUPI","village_code":" "},"geometry":{"type":"Polygon","coordinates":[[[74.80941943280251,13.22097564826089],[74.80340465142658,13.222719032012657],[74.80081932609004,13.22525034921198],[74.78541103695956,13.22161811960812],[74.78200130972047,13.224053134041805],[74.77929091913344,13.224298456767576],[74.77669423819337,13.219739662564567],[74.7727618441725,13.21835374903716],[74.77093996196163,13.215471874346655],[74.77567091515094,13.21001399483587],[74.77879754820971,13.209794860885626],[74.7794493612883,13.21102923183445],[74.78633305608909,13.208938225225298],[74.78685070937324,13.208078936666636],[74.78471496388694,13.20516916717204],[74.78739322173625,13.200674423070984],[74.78860819405637,13.199583982302098],[74.79005868038942,13.200322756594717],[74.79361364275208,13.198667238169605],[74.79445106214139,13.200857439026324],[74.79850192418527,13.201570468971992],[74.79774591731355,13.206771296203605],[74.79859721297906,13.209454219839504],[74.80196313207666,13.212069473762467],[74.80853537827352,13.214227070864833],[74.80941943280251,13.22097564826089]]]}},{"type":"Feature","properties":{"type":"village","name":"Nitte","taluk":"Karkal","district":"UDUPI","village_code":"608896"},"geometry":{"type":"Polygon","coordinates":[[[74.96868318503189,13.223720468192324],[74.96428019866799,13.231666279588886],[74.96081630032229,13.234322687777858],[74.96014768515465,13.240180928231796],[74.9588071382393,13.24231651810984],[74.9570040326145,13.239990288706304],[74.94973824120424,13.2379393588008],[74.94614544270014,13.230371427053338],[74.9402496952859,13.230345533937532],[74.93837794130539,13.231742048671045],[74.933130209791,13.231570570872687],[74.93420945026494,13.22934452373454],[74.93686348504261,13.227867403987508],[74.9403035151512,13.221453601861095],[74.94052806612446,13.219954978220965],[74.93643344893971,13.2170910151183],[74.92856086441965,13.218216590057622],[74.92733530814888,13.219957811631131],[74.92417503318272,13.220663599958174],[74.92019347885793,13.220124346129777],[74.92012540003412,13.216774609356335],[74.91904544719618,13.21532028406947],[74.9200341797103,13.209766594691523],[74.92061864788866,13.207805132686396],[74.92514995140436,13.202647503314905],[74.9249911265672,13.195683571245224],[74.92449587636791,13.193479874347647],[74.92292118357376,13.192003612431389],[74.92278540411688,13.187596061569169],[74.92159310617288,13.18611972563961],[74.91607141634461,13.185117860614483],[74.9220077613215,13.178417417715599],[74.92255732366287,13.170682026392821],[74.92524358370474,13.164422792041853],[74.9268626451891,13.163717282156533],[74.92947150908104,13.16442199518286],[74.92857096328005,13.15975013424569],[74.93018986396595,13.158493654603156],[74.93621179682985,13.163845487571127],[74.93998307441124,13.164392102909234],[74.9427202842011,13.163050107160057],[74.94204954900935,13.161873185103342],[74.94333352272307,13.158204733133877],[74.95340369814349,13.158448381240753],[74.96418747995423,13.162277407294686],[74.96782033703181,13.166094863304746],[74.9681759504084,13.166912769578637],[74.96523203018681,13.172919099093232],[74.96410746521524,13.172699095694309],[74.96284731661954,13.170638968238118],[74.96086862000108,13.17175252034175],[74.96181354437373,13.172787997996073],[74.95990230224994,13.17392355762169],[74.96140994119804,13.176303168605218],[74.96293950442893,13.176985846757297],[74.96945613143497,13.177292162341654],[74.96999172138038,13.181104522946745],[74.97208439803873,13.183836465006468],[74.96975768958762,13.186691202403415],[74.96801701597676,13.193082787125077],[74.97213437401292,13.196673489762947],[74.97454100018494,13.196650565812158],[74.9814707776615,13.201959002187564],[74.97986635242809,13.20649121930465],[74.97678059720631,13.210222124199966],[74.96803777873791,13.21632971840016],[74.96932473216339,13.220818600987162],[74.96868318503189,13.223720468192324]]]}},{"type":"Feature","properties":{"type":"village","name":"Mala","taluk":"Karkal","district":"UDUPI","village_code":"608887"},"geometry":{"type":"Polygon","coordinates":[[[75.15856311485706,13.245194617044039],[75.12756959543461,13.250750776375208],[75.11339653383723,13.250723122638231],[75.10778191778441,13.248815563318662],[75.1009214920444,13.249741401571983],[75.09706004606639,13.24824951436789],[75.09779853129854,13.245628322226986],[75.09582437117226,13.242419260005919],[75.09580151713313,13.240624993035265],[75.09123883636283,13.240651468306634],[75.08662123888429,13.237817045805633],[75.08457283479643,13.238322853255353],[75.08342449411423,13.23614428493369],[75.08313085101753,13.226680427899556],[75.09197985035252,13.220445037880783],[75.09348464972595,13.213227637745147],[75.09897445025997,13.208830878709549],[75.10071384197491,13.206096803145195],[75.10588120571241,13.192421363145911],[75.10424912135137,13.184909883916708],[75.11963125603238,13.187514109174458],[75.12160535956475,13.189385211066448],[75.12041067839031,13.191233654930212],[75.12368098799561,13.193330809395258],[75.12490325463581,13.188802260325566],[75.13541052422234,13.191635942093905],[75.17444609174996,13.191410547804232],[75.18051241576195,13.195070155771052],[75.17705330543671,13.196797283957695],[75.17561004605011,13.199215473274494],[75.17666688343915,13.201881783431304],[75.1735860186458,13.204029078101785],[75.17245577003341,13.20334683141276],[75.17052330071948,13.204802425318693],[75.16902869812283,13.204364272054276],[75.16914377410734,13.20297226116896],[75.16676820179639,13.202855110717918],[75.16600789019778,13.207727218759949],[75.16885005465384,13.211640657876949],[75.16481053024715,13.220305087773006],[75.16211318409636,13.22908678414768],[75.16210911921969,13.232883138902741],[75.15856311485706,13.245194617044039]]]}},{"type":"Feature","properties":{"type":"village","name":"Karkal (TMC)","taluk":"Karkal","district":"UDUPI","village_code":"803142"},"geometry":{"type":"Polygon","coordinates":[[[75.00080787383989,13.246836358906155],[74.99646317286656,13.243667269428297],[74.99260867086566,13.247227621608832],[74.99017750810998,13.24711919719103],[74.98863995885621,13.24572379282395],[74.98471546192503,13.238356700334023],[74.9857840744308,13.233105622284738],[74.9852230073656,13.228096422566225],[74.98304376275829,13.228562677426627],[74.9795219356532,13.22577194277914],[74.9757216101488,13.22503431240357],[74.97505051293602,13.223775362037115],[74.97167052711933,13.22607602321171],[74.9713625999113,13.224597940081102],[74.96868318503189,13.223720468192324],[74.96932473216339,13.220818600987162],[74.96803777873791,13.21632971840016],[74.98872029519207,13.200410547759107],[75.00114755200165,13.195992537046909],[75.00452373075815,13.196608862600172],[75.00799758603044,13.195349549586311],[75.01364682405261,13.19787861083499],[75.02146037488544,13.209252939278088],[75.02187257763337,13.216122788843553],[75.02467221314893,13.217185980930092],[75.0261271712955,13.212585734612178],[75.02975219057222,13.214507974062265],[75.02980659344414,13.216984679635784],[75.02793721999915,13.21960972869608],[75.02917771704969,13.220767220243548],[75.02881157811294,13.225065090990295],[75.02513031262134,13.224959632601431],[75.02399005857332,13.226929654303007],[75.0221215780537,13.22728138125336],[75.02004598375882,13.226476044009221],[75.02020215676927,13.227990195945916],[75.01709108971775,13.232033691121634],[75.01226997531832,13.232488078089494],[75.00973051885849,13.237083211141615],[75.01040251438657,13.24031944596709],[75.00620270987193,13.243652816944405],[75.00340262160546,13.243145276086022],[75.00080787383989,13.246836358906155]]]}},{"type":"Feature","properties":{"type":"village","name":"Majoor","taluk":"Udupi","district":"UDUPI","village_code":"608828"},"geometry":{"type":"Polygon","coordinates":[[[74.77088989795256,13.23798137761803],[74.76682373131115,13.239088268983018],[74.76363691292498,13.241974798860081],[74.76235156299228,13.24189209260539],[74.76134640388489,13.240194447897842],[74.75857871605409,13.242957924977262],[74.7578541044032,13.239002049993015],[74.75950460692248,13.235074667831427],[74.75750759904528,13.23326704619296],[74.7575082817649,13.231857289407035],[74.76063942795965,13.2283959536827],[74.77547673711575,13.227718046096136],[74.77488813309381,13.232138701346795],[74.77088989795256,13.23798137761803]]]}},{"type":"Feature","properties":{"type":"village","name":"Padu","taluk":"Udupi","district":"UDUPI","village_code":"608832"},"geometry":{"type":"Polygon","coordinates":[[[74.75782532597474,13.24072659363329],[74.75576437960889,13.241019877132352],[74.75655868255953,13.245263216058197],[74.75527280441743,13.246220683177757],[74.7524235360841,13.244262052053871],[74.7483019263217,13.243354137914952],[74.7443666621835,13.238716067403487],[74.74073439889234,13.239374656001052],[74.74051044799369,13.238498787707933],[74.73520128788354,13.238446302772347],[74.73309890762351,13.241863329958226],[74.73408077611055,13.234343833040247],[74.73621184586581,13.225954340014104],[74.73867666939351,13.221510579284075],[74.74073615330208,13.209962470140542],[74.7482296406874,13.21032750675302],[74.74820448426618,13.21593918265988],[74.75473508905804,13.216495324010129],[74.75177829058856,13.221780888238653],[74.75054535735268,13.228671662775717],[74.75285667406969,13.230376841783581],[74.75352623695996,13.232457590762344],[74.7575082817649,13.231857289407035],[74.75750759904528,13.23326704619296],[74.75928132796368,13.23452708520004],[74.75782532597474,13.24072659363329]]]}},{"type":"Feature","properties":{"type":"village","name":"Durga","taluk":"Karkal","district":"UDUPI","village_code":"608907"},"geometry":{"type":"Polygon","coordinates":[[[75.03077485604786,13.260732268084471],[75.02490732741163,13.259401870604975],[75.01994340693315,13.263235061245977],[75.01939990911828,13.261081366832888],[75.0208663908533,13.259195105297287],[75.01454355201362,13.258495047341874],[75.01000234636852,13.25365267522358],[75.00606536375321,13.255394121787848],[75.00351110485411,13.255085177921051],[75.00046610529847,13.252478950323242],[75.00015570413014,13.251218079985145],[75.00173941511142,13.24764131492177],[75.00080787383989,13.246836358906155],[75.0022072047108,13.244156986720576],[75.00340262160546,13.243145276086022],[75.00620270987193,13.243652816944405],[75.00977935936218,13.241078414342159],[75.01040251438657,13.24031944596709],[75.00973051885849,13.237083211141615],[75.01226997531832,13.232488078089494],[75.01709108971775,13.232033691121634],[75.02020215676927,13.227990195945916],[75.02004598375882,13.226476044009221],[75.0221215780537,13.22728138125336],[75.02399005857332,13.226929654303007],[75.02513031262134,13.224959632601431],[75.02818851202176,13.225620733185155],[75.02902676235271,13.220523446215612],[75.03933607289503,13.219559778397329],[75.04421041516997,13.224311387031651],[75.04887920134836,13.22353554723835],[75.0535654121483,13.225823820926495],[75.06061402236391,13.226702581231946],[75.06439609230512,13.229532735303733],[75.06729561778532,13.238599499010682],[75.06598036922503,13.240515400054154],[75.05180161320709,13.24599364382883],[75.05159376101663,13.246929132341172],[75.05431556200442,13.247535498179822],[75.05198023242154,13.250440856902001],[75.0510497664334,13.253596703870896],[75.03630752957709,13.260247177193573],[75.03077485604786,13.260732268084471]]]}},{"type":"Feature","properties":{"type":"village","name":"Innanje","taluk":"Udupi","district":"UDUPI","village_code":"608829"},"geometry":{"type":"Polygon","coordinates":[[[74.76527741539851,13.253369007742581],[74.74633975241625,13.254461919409298],[74.74523023871727,13.247653259361268],[74.74606561264268,13.2416306158571],[74.75527280441743,13.246220683177757],[74.75655868255953,13.245263216058197],[74.7560090402681,13.240698352011645],[74.75782532597474,13.24072659363329],[74.75857871605409,13.242957924977262],[74.76134640388489,13.240194447897842],[74.76235156299228,13.24189209260539],[74.76363691292498,13.241974798860081],[74.76682373131115,13.239088268983018],[74.77088989795256,13.23798137761803],[74.77451387608185,13.238145846607242],[74.77557513857197,13.23951497641403],[74.7753365738803,13.242060654783495],[74.77776696228823,13.243731439915429],[74.778143386935,13.245757260251413],[74.78410947423261,13.245444747016576],[74.78571518765015,13.248264854102638],[74.78987849630971,13.249224428969603],[74.79161128001745,13.25118280767846],[74.78738625799619,13.252921438897031],[74.77392768313813,13.254213335876912],[74.76527741539851,13.253369007742581]]]}},{"type":"Feature","properties":{"type":"village","name":"Uliargoli","taluk":"Udupi","district":"UDUPI","village_code":"608831"},"geometry":{"type":"Polygon","coordinates":[[[74.74633975241625,13.254461919409298],[74.74304358390717,13.256464968165465],[74.74051182600932,13.254646493359374],[74.73491650576881,13.255786123570472],[74.73391950516086,13.259039061088743],[74.73141183738399,13.25915380537625],[74.72913598256109,13.257412717995193],[74.73194131609051,13.250224738382688],[74.73309890762351,13.241863329958226],[74.73520128788354,13.238446302772347],[74.74051044799369,13.238498787707933],[74.74073439889234,13.239374656001052],[74.7443666621835,13.238716067403487],[74.74606561264268,13.2416306158571],[74.74523023871727,13.247653259361268],[74.74633975241625,13.254461919409298]]]}},{"type":"Feature","properties":{"type":"village","name":"Shirva","taluk":"Udupi","district":"UDUPI","village_code":"608825"},"geometry":{"type":"Polygon","coordinates":[[[74.86299669997736,13.219073146796761],[74.86038526959867,13.226141425238138],[74.8543091476619,13.232820688249676],[74.85435967071008,13.235297360830094],[74.8562555821852,13.237308698785707],[74.85673940671242,13.244503732578238],[74.85879224129124,13.246917297167736],[74.85858444479635,13.249475297168996],[74.85494400863273,13.25303617820126],[74.85525291769937,13.255431520855206],[74.85382247098366,13.257596206356322],[74.84563695294449,13.263452484979654],[74.8352013204086,13.258072751173582],[74.83533098233839,13.255230034317481],[74.834343824571,13.254212984373623],[74.82242193119417,13.254870459918713],[74.82042843662805,13.256528651746581],[74.81793234544024,13.256808274172249],[74.81728310064504,13.251457077074955],[74.80403688123198,13.253130248616364],[74.79835967326511,13.251219810416988],[74.79606881837363,13.249372366756822],[74.7939168259571,13.25026131106184],[74.79328878409757,13.248194369836538],[74.79614072941044,13.2431174448508],[74.79850222422259,13.242228547031967],[74.80266680040505,13.23735020441142],[74.80386790633041,13.238801380573108],[74.80867469709263,13.236558083648989],[74.80529410401483,13.234969441132295],[74.80381393375151,13.232341108570129],[74.80563052668198,13.231109808187252],[74.80825709636818,13.23102842568826],[74.80884495928,13.227100421788],[74.8124634819406,13.226731839753104],[74.81281316284303,13.225144240282168],[74.81099790480904,13.221667265816873],[74.80941943280251,13.22097564826089],[74.80879905896224,13.21621924521895],[74.81521868588388,13.21483169468978],[74.81967622424006,13.210124434969934],[74.82205067096199,13.212013782328619],[74.82951805061019,13.208297348028953],[74.83571327837385,13.211770093129752],[74.84054666825165,13.213084817649287],[74.84585483213014,13.218199242292144],[74.84631580621145,13.220861269890724],[74.84912932878298,13.22480259401502],[74.85502538521769,13.219298497188648],[74.8570505642622,13.218498732221276],[74.85897409623738,13.219805018192476],[74.85994750798429,13.218874080566495],[74.86299669997736,13.219073146796761]]]}},{"type":"Feature","properties":{"type":"village","name":"Kukkundoor","taluk":"Karkal","district":"UDUPI","village_code":"608895"},"geometry":{"type":"Polygon","coordinates":[[[74.9611791029161,13.269257948844894],[74.95422999638956,13.267755119259178],[74.9470744471293,13.270057533080058],[74.94481352500144,13.269800517716021],[74.94233394395022,13.26284118636225],[74.94374466186567,13.258777840594929],[74.94759297716918,13.260268254626371],[74.94554791571247,13.256201286152347],[74.9441359841731,13.255713549089812],[74.94026549934671,13.257309876630242],[74.93869176505495,13.255543141805246],[74.93153079715687,13.25333470194813],[74.93070264029646,13.2508601531436],[74.92825588009248,13.24979731610107],[74.91467908155316,13.249865689096602],[74.91224899228422,13.246890918763174],[74.91571290140968,13.243430512835554],[74.91497529293324,13.237981777239206],[74.92262634122616,13.23871282497254],[74.92348075674066,13.236508899343654],[74.9257977768614,13.236398296269124],[74.93117309070568,13.231372637663883],[74.93837794130539,13.231742048671045],[74.9402496952859,13.230345533937532],[74.94614544270014,13.230371427053338],[74.94973824120424,13.2379393588008],[74.9570040326145,13.239990288706304],[74.9588071382393,13.24231651810984],[74.96014768515465,13.240180928231796],[74.96081630032229,13.234322687777858],[74.96428019866799,13.231666279588886],[74.96868318503189,13.223720468192324],[74.9713625999113,13.224597940081102],[74.97217350462668,13.226157961789124],[74.97404462080335,13.223748363732561],[74.97505051293602,13.223775362037115],[74.9757216101488,13.22503431240357],[74.9795219356532,13.22577194277914],[74.98304376275829,13.228562677426627],[74.9852230073656,13.228096422566225],[74.9857840744308,13.233105622284738],[74.98471546192503,13.238356700334023],[74.98313888626203,13.240225968715103],[74.9838973509244,13.249348017235205],[74.98285008418638,13.251221240930613],[74.98273933358996,13.256749280823753],[74.97783308495274,13.263403863947678],[74.97197513056082,13.26760011925957],[74.96720037641656,13.269391518791519],[74.9611791029161,13.269257948844894]]]}},{"type":"Feature","properties":{"type":"village","name":"Pangala","taluk":"Udupi","district":"UDUPI","village_code":"608830"},"geometry":{"type":"Polygon","coordinates":[[[74.76707845130493,13.259877818189052],[74.75758765331015,13.260366096874389],[74.75351761762481,13.26169284474755],[74.75060093522102,13.263146656183327],[74.74924503070757,13.26812430541555],[74.74749678789209,13.263766190428226],[74.74227303600591,13.265372080282642],[74.737605071786,13.263827457137454],[74.7344008054221,13.264056251275317],[74.73141183738399,13.25915380537625],[74.73391950516086,13.259039061088743],[74.73491650576881,13.255786123570472],[74.73983850097464,13.25471502063252],[74.74304358390717,13.256464968165465],[74.74633975241625,13.254461919409298],[74.76307211874965,13.253291185328568],[74.76527741539851,13.253369007742581],[74.76707845130493,13.259877818189052]]]}},{"type":"Feature","properties":{"type":"village","name":" ","taluk":"Udupi","district":"UDUPI","village_code":" "},"geometry":{"type":"Polygon","coordinates":[[[74.7939168259571,13.25026131106184],[74.79161128001745,13.25118280767846],[74.78987849630971,13.249224428969603],[74.78571518765015,13.248264854102638],[74.78410947423261,13.245444747016576],[74.778143386935,13.245757260251413],[74.77776696228823,13.243731439915429],[74.7753365738803,13.242060654783495],[74.77557513857197,13.23951497641403],[74.77451387608185,13.238145846607242],[74.77744933597005,13.236404079883469],[74.78943704441619,13.23545047597585],[74.79024637618153,13.238297650046116],[74.79385072971513,13.239092721634819],[74.7954430034377,13.240516693344313],[74.79952289633663,13.23986101971346],[74.79850222422259,13.242228547031967],[74.79614072941044,13.2431174448508],[74.7936803821878,13.24705848239899],[74.7939168259571,13.25026131106184]]]}},{"type":"Feature","properties":{"type":"village","name":"Moodabettu (CT)","taluk":"Udupi","district":"UDUPI","village_code":"608855"},"geometry":{"type":"Polygon","coordinates":[[[74.76707845130493,13.259877818189052],[74.76714405796504,13.267936028388684],[74.76417275170373,13.26778104599122],[74.76369898471448,13.27460519913125],[74.75536142322022,13.274497342111335],[74.74438231712395,13.271119909970178],[74.74271061795721,13.271530068835824],[74.74080466062229,13.26757329893448],[74.74046170181313,13.265031704065889],[74.74227303600591,13.265372080282642],[74.74712522313101,13.263675381964305],[74.74924503070757,13.26812430541555],[74.75060093522102,13.263146656183327],[74.75351761762481,13.26169284474755],[74.75758765331015,13.260366096874389],[74.76707845130493,13.259877818189052]]]}},{"type":"Feature","properties":{"type":"village","name":"Bailoor","taluk":"Karkal","district":"UDUPI","village_code":"608890"},"geometry":{"type":"Polygon","coordinates":[[[74.94400247565724,13.268247154879404],[74.94143617304516,13.270090613328179],[74.94043559804068,13.27260367167758],[74.93817464986165,13.272305924384117],[74.93822186710962,13.276563236980316],[74.93709197333179,13.278818703200777],[74.93102589276323,13.28561726741438],[74.92774485008691,13.284216888239833],[74.92693662055441,13.2806557156936],[74.92843609740983,13.280036263866593],[74.92958906800898,13.2774192753875],[74.9269584837518,13.274821099255906],[74.92726266318847,13.273139805088473],[74.92889130790026,13.272628791769074],[74.92682693715655,13.263409500903148],[74.9293586546302,13.257461405803436],[74.92927034484788,13.254460502904934],[74.92782754629701,13.251219340865745],[74.92825588009248,13.24979731610107],[74.93070264029646,13.2508601531436],[74.93153079715687,13.25333470194813],[74.93869176505495,13.255543141805246],[74.94026549934671,13.257309876630242],[74.9441359841731,13.255713549089812],[74.94585251286576,13.256522086916496],[74.94759297716918,13.260268254626371],[74.94374466186567,13.258777840594929],[74.94233394395022,13.26284118636225],[74.94400247565724,13.268247154879404]]]}},{"type":"Feature","properties":{"type":"village","name":"Mattu","taluk":"Udupi","district":"UDUPI","village_code":"608820"},"geometry":{"type":"Polygon","coordinates":[[[74.74046170181313,13.265031704065889],[74.74340611341313,13.27220357456935],[74.74257104760984,13.274069031359566],[74.74108507333148,13.274433607282475],[74.73792611619382,13.272478915774798],[74.7343974268583,13.274481950698567],[74.7380206818438,13.276163548576505],[74.74011381035473,13.283077090627252],[74.72924460774358,13.279851827230502],[74.72299790381918,13.279604016317695],[74.7223311787069,13.278789248106326],[74.72658305316862,13.268546744999048],[74.72913598256109,13.257412717995193],[74.73141183738399,13.25915380537625],[74.7344008054221,13.264056251275317],[74.737605071786,13.263827457137454],[74.74046170181313,13.265031704065889]]]}},{"type":"Feature","properties":{"type":"village","name":"Kattingere","taluk":"Udupi","district":"UDUPI","village_code":"608824"},"geometry":{"type":"Polygon","coordinates":[[[74.83251993013388,13.28823059438268],[74.82643790626568,13.28992872276971],[74.82594953716149,13.286285945687126],[74.82467596773542,13.286412221845291],[74.82590011275288,13.279841201060108],[74.82452110536695,13.276885186805604],[74.82210367964856,13.27523054018254],[74.82194740872175,13.27250527479137],[74.8194747123589,13.270696928406398],[74.81724260189709,13.266312525228834],[74.81997080787286,13.260302293636009],[74.81793234544024,13.256808274172249],[74.82042843662805,13.256528651746581],[74.82138379223777,13.255127838198657],[74.83514655012574,13.254543044001462],[74.8352013204086,13.258072751173582],[74.84563695294449,13.263452484979654],[74.84343136164821,13.264699556741716],[74.845848899656,13.265770995159968],[74.84805860613459,13.268799307832731],[74.84795138861216,13.278217837801396],[74.84683414940173,13.283347277852739],[74.84485877205827,13.287116241958339],[74.83251993013388,13.28823059438268]]]}},{"type":"Feature","properties":{"type":"village","name":"Kote","taluk":"Udupi","district":"UDUPI","village_code":"608821"},"geometry":{"type":"Polygon","coordinates":[[[74.75738375460526,13.2811509390659],[74.74924488158722,13.285473394333923],[74.74324054671972,13.284719490234233],[74.73619716020752,13.285309696122393],[74.72949876269702,13.289648717953053],[74.72299790381918,13.279604016317695],[74.72924460774358,13.279851827230502],[74.74011381035473,13.283077090627252],[74.7380206818438,13.276163548576505],[74.7343974268583,13.274481950698567],[74.73792611619382,13.272478915774798],[74.74108507333148,13.274433607282475],[74.74257104760984,13.274069031359566],[74.74340611341313,13.27220357456935],[74.74271061795721,13.271530068835824],[74.74438231712395,13.271119909970178],[74.75617809601803,13.27452937432753],[74.75738375460526,13.2811509390659]]]}},{"type":"Feature","properties":{"type":"village","name":"Kurkalu","taluk":"Udupi","district":"UDUPI","village_code":"608822"},"geometry":{"type":"Polygon","coordinates":[[[74.7921003030952,13.282914175905496],[74.78877787593207,13.283437277246117],[74.78576096310208,13.281293971894332],[74.78487484693952,13.281804343610801],[74.78539511342284,13.284859682185306],[74.78456425802328,13.285627680009204],[74.77852989876408,13.282854951090656],[74.77616241757889,13.283798570168731],[74.77504057629923,13.285199142349208],[74.77652526329179,13.287902371892118],[74.77678234495643,13.291138397004643],[74.77261954923488,13.292614548409144],[74.76751175637713,13.291821459846936],[74.75906903001088,13.288473234837914],[74.75617809601803,13.27452937432753],[74.76369898471448,13.27460519913125],[74.76417275170373,13.26778104599122],[74.76714405796504,13.267936028388684],[74.76704180902449,13.259276715333593],[74.76527741539851,13.253369007742581],[74.77392768313813,13.254213335876912],[74.78703561499808,13.252934871290666],[74.78949996421532,13.277060590636719],[74.7921003030952,13.282914175905496]]]}},{"type":"Feature","properties":{"type":"village","name":"Yenagudde (CT)","taluk":"Udupi","district":"UDUPI","village_code":"608854"},"geometry":{"type":"Polygon","coordinates":[[[74.75733101271831,13.2946866404074],[74.74441410131536,13.296834876129955],[74.74089130941964,13.295148418232419],[74.74108821833327,13.288934414258872],[74.72949876269702,13.289648717953053],[74.73619716020752,13.285309696122393],[74.74324054671972,13.284719490234233],[74.74924488158722,13.285473394333923],[74.75738375460526,13.2811509390659],[74.75906903001088,13.288473234837914],[74.75733101271831,13.2946866404074]]]}},{"type":"Feature","properties":{"type":"village","name":"Kervashe","taluk":"Karkal","district":"UDUPI","village_code":"608886"},"geometry":{"type":"Polygon","coordinates":[[[75.06963904388388,13.239526512014724],[75.06925529257765,13.242965784324909],[75.0716902372407,13.247512887676704],[75.07141664633777,13.252740696096525],[75.07407494811306,13.256084367638433],[75.0726297303991,13.258524722614993],[75.07371809775631,13.260288802192475],[75.07648690578628,13.261304594751365],[75.07709385969451,13.262771153990224],[75.07722932294442,13.265898854057774],[75.07443315672249,13.270072068804819],[75.07362627735786,13.273373943028757],[75.07217755172273,13.267456537150323],[75.067864658297,13.26579425360379],[75.0632779143552,13.2709411015942],[75.05942496194818,13.271555282591017],[75.0573743632761,13.266550416304174],[75.05260166537553,13.262508583128069],[75.04812357805724,13.254385447396478],[75.0510497664334,13.253596703870896],[75.05198023242154,13.250440856902001],[75.05423689294172,13.248245038274538],[75.05426490331061,13.247332102384561],[75.05159376101663,13.246929132341172],[75.05239697884817,13.24548759873309],[75.06141704795596,13.242914074219922],[75.06256150881444,13.241603737579224],[75.06598036922503,13.240515400054154],[75.06793697537233,13.238269702830237],[75.06963904388388,13.239526512014724]]]}},{"type":"Feature","properties":{"type":"village","name":"Jarkala","taluk":"Karkal","district":"UDUPI","village_code":"608885"},"geometry":{"type":"Polygon","coordinates":[[[75.0582529174206,13.269873220889187],[75.0567513726434,13.27072675607129],[75.05616035125503,13.277628899018524],[75.052706159206,13.280587924894787],[75.04879117184042,13.27839215129282],[75.03450090255636,13.276285019564094],[75.02843309722248,13.277928558002175],[75.0274496782433,13.276266960754052],[75.02883232919598,13.274421604705314],[75.03021435222632,13.274422152025634],[75.03077485604786,13.260732268084471],[75.03630752957709,13.260247177193573],[75.04812357805724,13.254385447396478],[75.05260166537553,13.262508583128069],[75.0573743632761,13.266550416304174],[75.0582529174206,13.269873220889187]]]}},{"type":"Feature","properties":{"type":"village","name":"Ninjoor","taluk":"Karkal","district":"UDUPI","village_code":"608892"},"geometry":{"type":"Polygon","coordinates":[[[74.89194296695216,13.267520520373202],[74.87915664364202,13.267011479112117],[74.87234173643581,13.275797214392982],[74.86536520434369,13.276511011185155],[74.86357486288072,13.277848666986632],[74.86293821785573,13.27594141932552],[74.86026214920074,13.27439106317982],[74.85906264856482,13.272199035965834],[74.85265369722202,13.273011956995825],[74.85114497131242,13.272401670410106],[74.84823797723895,13.273779770224465],[74.84805860613459,13.268799307832731],[74.84348217664889,13.264238579605792],[74.85382247098366,13.257596206356322],[74.85525291769937,13.255431520855206],[74.85494400863273,13.25303617820126],[74.85858444479635,13.249475297168996],[74.85879224129124,13.246917297167736],[74.85673940671242,13.244503732578238],[74.8562555821852,13.237308698785707],[74.85435967071008,13.235297360830094],[74.8543091476619,13.232820688249676],[74.86038526959867,13.226141425238138],[74.86272439456361,13.22032049485549],[74.86449014105237,13.221136000188205],[74.86547976559353,13.223780593269833],[74.86865145275709,13.224507988000306],[74.87213805602156,13.226711885753362],[74.87611961393962,13.224177613946178],[74.88441997619798,13.221621187365855],[74.88477981075805,13.219505547357425],[74.88831710775065,13.221857980017731],[74.89205108638312,13.220888153080152],[74.89414319800113,13.223069781227181],[74.89502070291338,13.226044831994516],[74.90277094497658,13.233972328150559],[74.9049980922464,13.234908717189542],[74.90623559611048,13.237013196714749],[74.90896328375831,13.237729118573489],[74.9078842921177,13.243965935831683],[74.9063998431787,13.24643432978618],[74.90100072038611,13.246743381697527],[74.88876485413941,13.251220948882006],[74.88735504082746,13.254939865884387],[74.88792257935597,13.25608778996013],[74.89205188229045,13.25651244077796],[74.89065863570897,13.258216344946252],[74.89170144141329,13.259748391882692],[74.89026667020781,13.261791254755646],[74.89194296695216,13.267520520373202]]]}},{"type":"Feature","properties":{"type":"village","name":"Hirgana","taluk":"Karkal","district":"UDUPI","village_code":"608881"},"geometry":{"type":"Polygon","coordinates":[[[74.99795120877852,13.285418525776896],[74.98668717324382,13.294295204100937],[74.98218297459515,13.293126536398367],[74.97685084186827,13.298298883930025],[74.97286873867284,13.29886079568548],[74.97029468000659,13.3010536608253],[74.96896518865745,13.299748016737576],[74.96666711670098,13.29966295138969],[74.96536061323995,13.298045438225111],[74.95348618055453,13.29392294281742],[74.95053125507243,13.288355836149337],[74.94575553883253,13.288741286352485],[74.94939927360988,13.283434473426446],[74.95369878662946,13.280427814979628],[74.9611791029161,13.269257948844894],[74.96887514782158,13.269133324996833],[74.97783308495274,13.263403863947678],[74.98273933358996,13.256749280823753],[74.98285008418638,13.251221240930613],[74.9838973509244,13.249348017235205],[74.98313888626203,13.240225968715103],[74.98471546192503,13.238356700334023],[74.98701822668053,13.243507196404153],[74.99017750810998,13.24711919719103],[74.99260867086566,13.247227621608832],[74.99646317286656,13.243667269428297],[75.00173941511142,13.24764131492177],[75.00015570413014,13.251218079985145],[75.00351110485411,13.255085177921051],[75.00606536375321,13.255394121787848],[75.01000234636852,13.25365267522358],[75.01454355201362,13.258495047341874],[75.0208663908533,13.259195105297287],[75.01939990911828,13.261081366832888],[75.01994340693315,13.263235061245977],[75.00541197143636,13.282193076672025],[74.99795120877852,13.285418525776896]]]}},{"type":"Feature","properties":{"type":"village","name":"Belle","taluk":"Udupi","district":"UDUPI","village_code":"608823"},"geometry":{"type":"Polygon","coordinates":[[[74.82467596773542,13.286412221845291],[74.82290340033869,13.289521218642298],[74.82092846586464,13.289493659366826],[74.81411218693098,13.292981025936145],[74.8083626223629,13.293006611640605],[74.80442598110739,13.294862980795257],[74.80315252307243,13.294433257368688],[74.79907719002188,13.296904145961566],[74.7952525282581,13.294656751867365],[74.7912610161084,13.294709640802681],[74.7908464570795,13.29259439786415],[74.79329433927929,13.285992325126468],[74.78949996421532,13.277060590636719],[74.78703561499808,13.252934871290666],[74.79606881837363,13.249372366756822],[74.79835967326511,13.251219810416988],[74.80403688123198,13.253130248616364],[74.81764754176594,13.251610827361652],[74.81793234544024,13.256808274172249],[74.81997080787286,13.260302293636009],[74.81724260189709,13.266312525228834],[74.8194747123589,13.270696928406398],[74.82194740872175,13.27250527479137],[74.82210367964856,13.27523054018254],[74.82452110536695,13.276885186805604],[74.82590011275288,13.279841201060108],[74.82467596773542,13.286412221845291]]]}},{"type":"Feature","properties":{"type":"village","name":" ","taluk":"Karkal","district":"UDUPI","village_code":" "},"geometry":{"type":"Polygon","coordinates":[[[75.15856311485706,13.245194617044039],[75.15362805724868,13.257664181942793],[75.15331030875963,13.263119198836874],[75.1516313152728,13.26736311666597],[75.14935680971948,13.269297695983996],[75.14386678460667,13.277392367842006],[75.139963846344,13.288126256210836],[75.13808588410657,13.289387262856591],[75.13611099005674,13.289857398187795],[75.13127045497916,13.287828208849113],[75.13093358225605,13.285889362970973],[75.12858490370805,13.28541031721797],[75.12607474490288,13.286675771400557],[75.12093909888146,13.284931156863374],[75.11931954871359,13.282169683410036],[75.11249049663492,13.282521862930063],[75.11272902359738,13.284823819379739],[75.0901979566465,13.283549764856737],[75.08691028081012,13.284144036362582],[75.08368581492869,13.28278978200799],[75.07840864292753,13.284409078150494],[75.07202314659678,13.279495705136036],[75.07211815242123,13.275721951267789],[75.07722932294442,13.265898854057774],[75.07720878116884,13.263950460910563],[75.07648690578628,13.261304594751365],[75.07371809775631,13.260288802192475],[75.0726297303991,13.258524722614993],[75.07407494811306,13.256084367638433],[75.07141664633777,13.252740696096525],[75.0716902372407,13.247512887676704],[75.06925529257765,13.242965784324909],[75.06963904388388,13.239526512014724],[75.07705741414514,13.23951915623304],[75.08239569763678,13.236288696139345],[75.08488183728785,13.238576059580602],[75.08662123888429,13.237817045805633],[75.09123883636283,13.240651468306634],[75.09580151713313,13.240624993035265],[75.09582437117226,13.242419260005919],[75.09779853129854,13.245628322226986],[75.09706004606639,13.24824951436789],[75.1009214920444,13.249741401571983],[75.10778191778441,13.248815563318662],[75.11339653383723,13.250723122638231],[75.12756959543461,13.250750776375208],[75.15856311485706,13.245194617044039]]]}},{"type":"Feature","properties":{"type":"village","name":"Kowdoor","taluk":"Karkal","district":"UDUPI","village_code":"608891"},"geometry":{"type":"Polygon","coordinates":[[[74.92717704565707,13.283005784139677],[74.91894074765152,13.28352242697034],[74.91401722441138,13.282632820967867],[74.91085218567927,13.284861325824226],[74.90939394329203,13.283844628101507],[74.89903040235431,13.284270484119595],[74.89839751588046,13.276121961269327],[74.89457220104148,13.27301735766238],[74.89478891062063,13.27101522695425],[74.8920526719096,13.268846042721826],[74.89130951274305,13.263739094259163],[74.89031284181677,13.262387822225229],[74.8904004059974,13.260643306891048],[74.89170144141329,13.259748391882692],[74.89065863570897,13.258216344946252],[74.89205188229045,13.25651244077796],[74.88792257935597,13.25608778996013],[74.88735504082746,13.254939865884387],[74.88876485413941,13.251220948882006],[74.90100072038611,13.246743381697527],[74.9063998431787,13.24643432978618],[74.9078842921177,13.243965935831683],[74.90896328375831,13.237729118573489],[74.91448030234706,13.237430901855879],[74.91571290140968,13.243430512835554],[74.91224899228422,13.246890918763174],[74.91467908155316,13.249865689096602],[74.92825588009248,13.24979731610107],[74.92782754629701,13.251219340865745],[74.92927034484788,13.254460502904934],[74.9293586546302,13.257461405803436],[74.92682693715655,13.263409500903148],[74.92889130790026,13.272628791769074],[74.92726266318847,13.273139805088473],[74.9269584837518,13.274821099255906],[74.92958906800898,13.2774192753875],[74.92843609740983,13.280036263866593],[74.92693662055441,13.2806557156936],[74.92717704565707,13.283005784139677]]]}},{"type":"Feature","properties":{"type":"village","name":"Hermunde","taluk":"Karkal","district":"UDUPI","village_code":"608882"},"geometry":{"type":"Polygon","coordinates":[[[75.02843309722248,13.277928558002175],[75.02754950802081,13.28826508933618],[75.02812962296329,13.30350395288937],[75.02953245187392,13.312863978306213],[75.0247181026869,13.311588439927586],[75.02400672681343,13.309865415237482],[75.01981973586797,13.306746179367936],[75.01307751404634,13.304589686334467],[75.01184381993743,13.300528190752864],[75.00969838881574,13.29831217918285],[75.00773031567385,13.2976344079801],[75.00586532510908,13.300033117093179],[75.00466315378182,13.296156270273515],[74.99921268598253,13.296825641607981],[74.98926593369225,13.292762008663328],[74.99795120877852,13.285418525776896],[75.00541197143636,13.282193076672025],[75.01994340693315,13.263235061245977],[75.02490732741163,13.259401870604975],[75.03077485604786,13.260732268084471],[75.03021435222632,13.274422152025634],[75.02883232919598,13.274421604705314],[75.0274496782433,13.276266960754052],[75.02843309722248,13.277928558002175]]]}},{"type":"Feature","properties":{"type":"village","name":"Manipura (CT)","taluk":"Udupi","district":"UDUPI","village_code":"608853"},"geometry":{"type":"Polygon","coordinates":[[[74.82594953716149,13.286285945687126],[74.82670485682203,13.293277688280817],[74.82546772126727,13.295541674198297],[74.82249121465877,13.296350011233242],[74.82232480714228,13.297647054590756],[74.81959758122849,13.29788596315723],[74.81992939463993,13.299748051706477],[74.81894632780036,13.300466413146252],[74.81182146858343,13.30042395665924],[74.8109210189022,13.30270603496324],[74.80931019586733,13.303898732155792],[74.80889857612605,13.307220408110659],[74.80753247124257,13.307784957600655],[74.80460265367265,13.306044133375076],[74.80341828336103,13.300710843123186],[74.80235266673671,13.299567105093967],[74.79887783230076,13.299846239971426],[74.7947793182243,13.302240221304752],[74.79100998190228,13.30000633969217],[74.78988749024235,13.303268986426753],[74.78849814055259,13.304249213010227],[74.78727573287688,13.302965255202002],[74.78713387631709,13.299702168141337],[74.7810701080121,13.30037330172875],[74.76927106374198,13.299541428288382],[74.7636159660092,13.29451330990388],[74.76175135094024,13.295325955990949],[74.76111290119981,13.298828227284114],[74.75974148188311,13.300721232340258],[74.75807548791677,13.301005168841364],[74.75639397914713,13.29530083475177],[74.75733101271831,13.2946866404074],[74.75863532967993,13.28837812287181],[74.76943572134029,13.292360108861041],[74.77425780142866,13.292285308979007],[74.77678234495643,13.291138397004643],[74.77514697994799,13.284534827221933],[74.77852989876408,13.282854951090656],[74.78456425802328,13.285627680009204],[74.78539511342284,13.284859682185306],[74.78487484693952,13.281804343610801],[74.78576096310208,13.281293971894332],[74.78877787593207,13.283437277246117],[74.7921003030952,13.282914175905496],[74.79326639269078,13.28675610101659],[74.79092442006639,13.293968336151657],[74.79181003676564,13.294990034932603],[74.7952525282581,13.294656751867365],[74.79774826730632,13.296750064161671],[74.79907719002188,13.296904145961566],[74.80689975994021,13.293336121107608],[74.81101577319838,13.293518032291464],[74.81720874080078,13.291811259960955],[74.82092846586464,13.289493659366826],[74.82342488763247,13.2892140107462],[74.82376222837786,13.28692272442932],[74.82467596773542,13.286412221845291],[74.82594953716149,13.286285945687126]]]}},{"type":"Feature","properties":{"type":"village","name":"Korangrapady (CT)","taluk":"Udupi","district":"UDUPI","village_code":"608849"},"geometry":{"type":"Polygon","coordinates":[[[74.77236405668997,13.307420124088146],[74.76465749790243,13.307493605385439],[74.76145068571297,13.306656047005808],[74.75790099556271,13.307323633956376],[74.75860614072138,13.301050615925206],[74.76111290119981,13.298828227284114],[74.76219452759914,13.294919411230948],[74.7636159660092,13.29451330990388],[74.76927106374198,13.299541428288382],[74.77275962174049,13.29961522057558],[74.77236405668997,13.307420124088146]]]}},{"type":"Feature","properties":{"type":"village","name":"Pernankila","taluk":"Udupi","district":"UDUPI","village_code":"608819"},"geometry":{"type":"Polygon","coordinates":[[[74.84969715567071,13.305556186109976],[74.84151501709363,13.308104079056994],[74.83965481904094,13.311258367828374],[74.8288792074077,13.312038335187212],[74.82854813600467,13.30596414059705],[74.83305394533262,13.295253910875259],[74.83251993013388,13.28823059438268],[74.84485877205827,13.287116241958339],[74.84683414940173,13.283347277852739],[74.84823797723895,13.273779770224465],[74.85114497131242,13.272401670410106],[74.85265369722202,13.273011956995825],[74.85906264856482,13.272199035965834],[74.86026214920074,13.27439106317982],[74.86293821785573,13.27594141932552],[74.86793956394558,13.285409936908767],[74.8675793314318,13.294290638809004],[74.86539186993457,13.299108261715425],[74.85617634898051,13.302845184072899],[74.85510103773765,13.304101489613895],[74.85114173378416,13.303694338010434],[74.84969715567071,13.305556186109976]]]}},{"type":"Feature","properties":{"type":"village","name":"Neere","taluk":"Karkal","district":"UDUPI","village_code":"608889"},"geometry":{"type":"Polygon","coordinates":[[[74.93102589276323,13.28561726741438],[74.93207009624614,13.291655033882874],[74.93094180506276,13.301647759182714],[74.928593811031,13.305503312654496],[74.92343504057753,13.307610327796237],[74.92197715841473,13.309526820962747],[74.91802233974941,13.30954101863472],[74.91841050537695,13.31260513931082],[74.91589111009404,13.314309347233687],[74.91506571375648,13.318440232053524],[74.90640269892297,13.311458781568694],[74.89850208516943,13.309886747119895],[74.89446422534097,13.310311852802617],[74.89338428058787,13.30894704540922],[74.88879731116893,13.310036448766319],[74.88890793600123,13.307537193589479],[74.88756036426035,13.305706867789375],[74.88712183458642,13.30259750505393],[74.89694513410217,13.288699701200374],[74.89903040235431,13.284270484119595],[74.90939394329203,13.283844628101507],[74.91085218567927,13.284861325824226],[74.91401722441138,13.282632820967867],[74.91894074765152,13.28352242697034],[74.92717704565707,13.283005784139677],[74.92774485008691,13.284216888239833],[74.93102589276323,13.28561726741438]]]}},{"type":"Feature","properties":{"type":"village","name":"Kanajaru","taluk":"Karkal","district":"UDUPI","village_code":"608888"},"geometry":{"type":"Polygon","coordinates":[[[74.89446422534097,13.310311852802617],[74.89320452590287,13.31211066379126],[74.88893593469199,13.31356612691481],[74.88524423167512,13.317367095266386],[74.87845116880166,13.32102339756988],[74.87813271064353,13.317172836128806],[74.87483772791062,13.311726877598346],[74.87240112944914,13.311871448427237],[74.87042133868269,13.314067837595486],[74.8678832826964,13.311509735773463],[74.86751881911762,13.308694108255661],[74.86900043566857,13.298945728432631],[74.87429335064509,13.292591539072662],[74.86793956394558,13.285409936908767],[74.86357486288072,13.277848666986632],[74.86536520434369,13.276511011185155],[74.87234173643581,13.275797214392982],[74.87915664364202,13.267011479112117],[74.89194296695216,13.267520520373202],[74.8920526719096,13.268846042721826],[74.89478891062063,13.27101522695425],[74.89457220104148,13.27301735766238],[74.89839751588046,13.276121961269327],[74.89903040235431,13.284270484119595],[74.89694513410217,13.288699701200374],[74.88712183458642,13.30259750505393],[74.88756036426035,13.305706867789375],[74.88890793600123,13.307537193589479],[74.88879731116893,13.310036448766319],[74.89197217208037,13.308843174229276],[74.89338428058787,13.30894704540922],[74.89446422534097,13.310311852802617]]]}},{"type":"Feature","properties":{"type":"village","name":"Udupi (CMC + OG)","taluk":"Udupi","district":"UDUPI","village_code":"803141"},"geometry":{"type":"Polygon","coordinates":[[[74.74105960609316,13.306119019928143],[74.7388381748035,13.309936406112357],[74.73946465089949,13.314192906037764],[74.73789171790497,13.316028399571678],[74.73536887578632,13.31649428898978],[74.72395136488196,13.313220609987612],[74.72190220531095,13.311264230959118],[74.72292553104832,13.309086538861417],[74.72167564300976,13.306811824568952],[74.71777545988006,13.30876512220279],[74.71902174657265,13.30012289611086],[74.72059883966523,13.299888837309354],[74.72394671610037,13.301600105690497],[74.7244200932208,13.29854189809701],[74.73381349497414,13.301571765364775],[74.74105960609316,13.306119019928143]]]}},{"type":"Feature","properties":{"type":"village","name":"Alevoor (CT)","taluk":"Udupi","district":"UDUPI","village_code":"608851"},"geometry":{"type":"Polygon","coordinates":[[[74.8067968651109,13.314333416624237],[74.79008140776612,13.316004830371265],[74.78796600912099,13.320961899673026],[74.78592150372145,13.321191650427988],[74.78673030907403,13.317960549567125],[74.781105383955,13.31637664337491],[74.7785890869615,13.307870083913324],[74.77236405668997,13.307420124088146],[74.77275962174049,13.29961522057558],[74.7810701080121,13.30037330172875],[74.78713387631709,13.299702168141337],[74.78727573287688,13.302965255202002],[74.78849814055259,13.304249213010227],[74.78988749024235,13.303268986426753],[74.79100998190228,13.30000633969217],[74.7947793182243,13.302240221304752],[74.79887783230076,13.299846239971426],[74.80295249880136,13.299757101656207],[74.80451041286265,13.305867848328834],[74.80568212231864,13.307291812380864],[74.8067968651109,13.314333416624237]]]}},{"type":"Feature","properties":{"type":"village","name":"Yerlapady","taluk":"Karkal","district":"UDUPI","village_code":"608880"},"geometry":{"type":"Polygon","coordinates":[[[74.94954376133514,13.320899730416409],[74.94676155762764,13.321045981993722],[74.94184623331113,13.319519678075268],[74.93575940435449,13.320515388213618],[74.93042531689352,13.324010048699154],[74.92454603829336,13.32517718714306],[74.91999177563561,13.32943979131864],[74.9151322241218,13.330389611722211],[74.91619753082736,13.325580779005245],[74.91815392497226,13.32337500031304],[74.91506571375648,13.318440232053524],[74.91589111009404,13.314309347233687],[74.91841050537695,13.31260513931082],[74.91802233974941,13.30954101863472],[74.92197715841473,13.309526820962747],[74.92343504057753,13.307610327796237],[74.928593811031,13.305503312654496],[74.93094180506276,13.301647759182714],[74.93207009624614,13.291655033882874],[74.93102589276323,13.28561726741438],[74.93709197333179,13.278818703200777],[74.93822186710962,13.276563236980316],[74.93817464986165,13.272305924384117],[74.94043559804068,13.27260367167758],[74.94143617304516,13.270090613328179],[74.94400247565724,13.268247154879404],[74.94481352500144,13.269800517716021],[74.9470744471293,13.270057533080058],[74.95422999638956,13.267755119259178],[74.9611791029161,13.269257948844894],[74.95369878662946,13.280427814979628],[74.94939927360988,13.283434473426446],[74.94575553883253,13.288741286352485],[74.95053125507243,13.288355836149337],[74.95348618055453,13.29392294281742],[74.96536061323995,13.298045438225111],[74.96666711670098,13.29966295138969],[74.96896518865745,13.299748016737576],[74.97029468000659,13.3010536608253],[74.96795574458615,13.302785436101596],[74.96743487712993,13.304340305271557],[74.96751637408912,13.312493341794438],[74.96379726886282,13.31363350812174],[74.96335541362569,13.316901206653954],[74.95919341291317,13.318687733151895],[74.95467444685957,13.315638501307962],[74.95202080284902,13.315282242960505],[74.94954376133514,13.320899730416409]]]}},{"type":"Feature","properties":{"type":"village","name":"Udyavara (CT)","taluk":"Udupi","district":"UDUPI","village_code":"608852"},"geometry":{"type":"Polygon","coordinates":[[[74.75860614072138,13.301050615925206],[74.75790099556271,13.307323633956376],[74.75397982688963,13.306069476421623],[74.7525306116727,13.306489067368979],[74.75215265988996,13.305603070401354],[74.75078192958107,13.30595037894121],[74.74843415024667,13.304506087854],[74.7476454411053,13.30632604424013],[74.74316227022081,13.304406158311197],[74.74287303605553,13.30663528306727],[74.73613704584702,13.302647222364367],[74.72599386344517,13.298785946229525],[74.7244200932208,13.29854189809701],[74.72394671610037,13.301600105690497],[74.72059883966523,13.299888837309354],[74.71902174657265,13.30012289611086],[74.71979922587462,13.28604987669373],[74.7223311787069,13.278789248106326],[74.72949876269702,13.289648717953053],[74.74108821833327,13.288934414258872],[74.74056593513215,13.293754099262385],[74.74176589390892,13.295857494050042],[74.74601290129844,13.297164411866865],[74.75639397914713,13.29530083475177],[74.75708879637497,13.299318948021345],[74.75860614072138,13.301050615925206]]]}},{"type":"Feature","properties":{"type":"village","name":"Hirebettu","taluk":"Udupi","district":"UDUPI","village_code":"608817"},"geometry":{"type":"Polygon","coordinates":[[[74.83132541694441,13.334920710937645],[74.82882398617055,13.334861476111499],[74.82810887869536,13.33360493164202],[74.81750340797691,13.332712257017693],[74.8135174617887,13.326691374962962],[74.81325032977267,13.324603327616348],[74.80699335361302,13.321171380753766],[74.80568212231864,13.307291812380864],[74.80889857612605,13.307220408110659],[74.80931019586733,13.303898732155792],[74.8109210189022,13.30270603496324],[74.81182146858343,13.30042395665924],[74.81961088078629,13.300222518820094],[74.81959758122849,13.29788596315723],[74.82232480714228,13.297647054590756],[74.82249121465877,13.296350011233242],[74.82546772126727,13.295541674198297],[74.82670485682203,13.293277688280817],[74.82643790626568,13.28992872276971],[74.83251993013388,13.28823059438268],[74.83305394533262,13.295253910875259],[74.82854813600467,13.30596414059705],[74.8288792074077,13.312038335187212],[74.83965481904094,13.311258367828374],[74.84151501709363,13.308104079056994],[74.84969715567071,13.305556186109976],[74.84830320570836,13.30838971332762],[74.84988581266018,13.310550192027131],[74.8494794669279,13.312805347379491],[74.84707064886658,13.311968958661579],[74.84679341888842,13.314802612785325],[74.8454412055525,13.315344772068107],[74.84539471234666,13.318060948183755],[74.84220117007058,13.318349750011302],[74.84254653995797,13.323718890837863],[74.83220886870382,13.324187220019388],[74.83132541694441,13.334920710937645]]]}},{"type":"Feature","properties":{"type":"village","name":" ","taluk":"Karkal","district":"UDUPI","village_code":" "},"geometry":{"type":"Polygon","coordinates":[[[75.052706159206,13.280587924894787],[75.04935018356026,13.288140488358382],[75.04930476384118,13.293675160263764],[75.04757989878266,13.297521035186177],[75.04303990765983,13.302445141204222],[75.04232655908596,13.31465747462287],[75.0364354119443,13.31395020828485],[75.03332386159916,13.31528358218328],[75.02953245187392,13.312863978306213],[75.02847347290125,13.307718835353638],[75.02754950802081,13.28826508933618],[75.02843309722248,13.277928558002175],[75.03607127086073,13.276429133279098],[75.04879117184042,13.27839215129282],[75.052706159206,13.280587924894787]]]}},{"type":"Feature","properties":{"type":"village","name":" ","taluk":"Udupi","district":"UDUPI","village_code":" "},"geometry":{"type":"Polygon","coordinates":[[[74.8678832826964,13.311509735773463],[74.86480524669784,13.311283610672755],[74.85986783909671,13.305638504397681],[74.85510103773765,13.304101489613895],[74.85617634898051,13.302845184072899],[74.86539186993457,13.299108261715425],[74.86806852788439,13.292315661163396],[74.86793956394558,13.285409936908767],[74.87429335064509,13.292591539072662],[74.86900043566857,13.298945728432631],[74.86751881911762,13.308694108255661],[74.8678832826964,13.311509735773463]]]}},{"type":"Feature","properties":{"type":"village","name":" ","taluk":"Udupi","district":"UDUPI","village_code":" "},"geometry":{"type":"Polygon","coordinates":[[[74.87845116880166,13.32102339756988],[74.87526685581679,13.321732923004731],[74.87225792721308,13.320367991181813],[74.8718517746186,13.322406247326466],[74.87002424739448,13.322406188759032],[74.86397837263165,13.327630374045079],[74.86316594167856,13.330911434004319],[74.85869398626039,13.32946941682768],[74.8569817443283,13.329952852664789],[74.85491466157072,13.324425396979013],[74.85712087539949,13.321393053343128],[74.85461995397041,13.31712647595069],[74.85195246692132,13.318048170641239],[74.85165772338841,13.312050843800128],[74.84837233466273,13.309176103845108],[74.85019103234593,13.304543886735502],[74.85209235257737,13.303613089967547],[74.8586496166719,13.304992129722057],[74.86480524669784,13.311283610672755],[74.8678832826964,13.311509735773463],[74.87042133868269,13.314067837595486],[74.87240112944914,13.311871448427237],[74.87483772791062,13.311726877598346],[74.87813271064353,13.317172836128806],[74.87845116880166,13.32102339756988]]]}},{"type":"Feature","properties":{"type":"village","name":"Udyavara (CT)","taluk":"Udupi","district":"UDUPI","village_code":"608852"},"geometry":{"type":"Polygon","coordinates":[[[74.73390532974565,13.325722053087176],[74.7308388999806,13.325890396209322],[74.72964037042347,13.327285331742171],[74.72706679415252,13.326209916000163],[74.72576833330824,13.32765380137952],[74.72278143768351,13.323716188009874],[74.72030795978633,13.32290977187771],[74.71955733921303,13.319827551239324],[74.71527057059237,13.318059805661505],[74.71777545988006,13.30876512220279],[74.72167564300976,13.306811824568952],[74.72292553104832,13.309086538861417],[74.72190220531095,13.311264230959118],[74.72395136488196,13.313220609987612],[74.73536887578632,13.31649428898978],[74.73789171790497,13.316028399571678],[74.73946465089949,13.314192906037764],[74.73908761270337,13.30915344400791],[74.74105960609316,13.306119019928143],[74.74287303605553,13.30663528306727],[74.74081892766563,13.309251851379402],[74.7400545601735,13.313619194424772],[74.73845349194431,13.3167586747494],[74.73794549914273,13.323218422207477],[74.73288255287892,13.323811910236104],[74.73390532974565,13.325722053087176]]]}},{"type":"Feature","properties":{"type":"village","name":"Shirlal","taluk":"Karkal","district":"UDUPI","village_code":"608884"},"geometry":{"type":"Polygon","coordinates":[[[75.08300920834826,13.282789677968255],[75.0798946172059,13.288121795714517],[75.08292906155692,13.2981645946668],[75.0804598407759,13.300432836985092],[75.07680990492817,13.299492130842193],[75.07556528820369,13.293494499368013],[75.07280605621465,13.292703025796373],[75.07021148092561,13.29827948569322],[75.06795919520087,13.299856195611468],[75.06875055616895,13.30977200408943],[75.06236845187674,13.309499242981277],[75.06032828713663,13.311053446642052],[75.05545289023954,13.318726064801968],[75.0542428622468,13.321907373913115],[75.05506286060779,13.326915135148003],[75.05396368112785,13.329676235856107],[75.05729092056598,13.33046808159287],[75.05721150410498,13.33397064523102],[75.04725189512635,13.333841113372978],[75.04422944687762,13.33233511785116],[75.04515925619727,13.339810585932097],[75.0427390286335,13.344993525874928],[75.0380778520839,13.343952384000529],[75.03189908774445,13.340935703061172],[75.02309023861109,13.341707751794367],[75.0253479286006,13.333072514938248],[75.03063995873659,13.323752980384569],[75.02950936606945,13.322891190309498],[75.03332386159916,13.31528358218328],[75.0364354119443,13.31395020828485],[75.04232655908596,13.31465747462287],[75.04303990765983,13.302445141204222],[75.04757989878266,13.297521035186177],[75.04930476384118,13.293675160263764],[75.04935018356026,13.288140488358382],[75.052706159206,13.280587924894787],[75.05679349374876,13.276069075276952],[75.0567513726434,13.27072675607129],[75.0582529174206,13.269873220889187],[75.05942496194818,13.271555282591017],[75.06147697367025,13.271678946938144],[75.0632779143552,13.2709411015942],[75.067864658297,13.26579425360379],[75.07060745470962,13.266389713948547],[75.07217755172273,13.267456537150323],[75.07362627735786,13.273373943028757],[75.0717619847841,13.276890869786474],[75.07202314659678,13.279495705136036],[75.07738270758422,13.284203825646657],[75.08300920834826,13.282789677968255]]]}},{"type":"Feature","properties":{"type":"village","name":"Udupi (CMC + OG)","taluk":"Udupi","district":"UDUPI","village_code":"803141"},"geometry":{"type":"Polygon","coordinates":[[[74.73390532974565,13.325722053087176],[74.73534771866474,13.327794784916549],[74.73683421216937,13.327839647429629],[74.73711671435991,13.336164123219543],[74.73539772608,13.335732698691254],[74.73318856757372,13.332611644207665],[74.72959115532231,13.332735417258302],[74.72834167601721,13.331879663426008],[74.72227204171341,13.334597491243267],[74.71732579828313,13.335431043970122],[74.71522537724873,13.330294288071924],[74.7108184050599,13.330521173367591],[74.71527057059237,13.318059805661505],[74.71955733921303,13.319827551239324],[74.72030795978633,13.32290977187771],[74.72278143768351,13.323716188009874],[74.72576833330824,13.32765380137952],[74.72706679415252,13.326209916000163],[74.72964037042347,13.327285331742171],[74.7308388999806,13.325890396209322],[74.73390532974565,13.325722053087176]]]}},{"type":"Feature","properties":{"type":"village","name":"Udupi (CMC + OG)","taluk":"Udupi","district":"UDUPI","village_code":"803141"},"geometry":{"type":"Polygon","coordinates":[[[74.73539772608,13.335732698691254],[74.73474763597011,13.336324336151149],[74.73288896235847,13.335142375295426],[74.72187929377962,13.334782727956158],[74.72164755897904,13.336147500633444],[74.71951116940066,13.337421981247978],[74.71955818003615,13.338877631228668],[74.72216032632637,13.340650782875263],[74.72508686414717,13.340376753335669],[74.72499345642562,13.339148569973235],[74.72671206471819,13.338647528414267],[74.73017283692664,13.338464213274605],[74.72991802620307,13.340079194216225],[74.73437796395936,13.340736977979834],[74.73535451172494,13.3429655591133],[74.73451868415027,13.343784721241216],[74.73489077173086,13.344785336317717],[74.73214977733872,13.344513528959911],[74.7306177024183,13.346743136351161],[74.73177941632012,13.347470500826658],[74.73117630989626,13.349381305401915],[74.72272048609314,13.3474740127593],[74.7196997769828,13.344700248343441],[74.71802762686177,13.341571304935133],[74.71977391314655,13.334940894672298],[74.72227204171341,13.334597491243267],[74.72606843529185,13.332247506322375],[74.73318856757372,13.332611644207665],[74.73539772608,13.335732698691254]]]}},{"type":"Feature","properties":{"type":"village","name":"Kukkuje","taluk":"Karkal","district":"UDUPI","village_code":"608877"},"geometry":{"type":"Polygon","coordinates":[[[74.96471439936055,13.361118824296929],[74.95431475423327,13.359671399068883],[74.95131057322581,13.361696975816717],[74.94931120188112,13.359144067119788],[74.94978995092693,13.354909234699331],[74.94122987314354,13.355651354255436],[74.93875732320606,13.349543003306476],[74.9437677809078,13.342482427256927],[74.94818188033011,13.333031134070874],[74.95064807558525,13.32345829157554],[74.94954376133514,13.320899730416409],[74.95202080284902,13.315282242960505],[74.95467444685957,13.315638501307962],[74.96006577766538,13.319121321017501],[74.96354561571742,13.319676076750959],[74.96476532934558,13.323462953346889],[74.96863326834648,13.32498918431376],[74.96753018209337,13.337051926917248],[74.9612309491827,13.33871267897104],[74.95905768196529,13.340268057639285],[74.96047042917498,13.34160535787588],[74.95958020860989,13.343182921807959],[74.96788294242059,13.3546278437029],[74.96471439936055,13.361118824296929]]]}},{"type":"Feature","properties":{"type":"village","name":"Athradi","taluk":"Udupi","district":"UDUPI","village_code":"608813"},"geometry":{"type":"Polygon","coordinates":[[[74.83265852131761,13.364405700201322],[74.83190164308003,13.363818035667457],[74.82913202027808,13.36468523480573],[74.82251949631885,13.356228006825207],[74.82437583431077,13.3522016072439],[74.82849893707318,13.344939742402577],[74.8306731807593,13.342852189199151],[74.83346549231038,13.342739718646815],[74.83531654910672,13.340968428373918],[74.84087808191278,13.340476707356794],[74.84650442008176,13.338258448916342],[74.84652736215578,13.339352153619753],[74.84851637682358,13.340875447917067],[74.84833604811514,13.343745265147662],[74.8500064501146,13.347103396952095],[74.8502138172148,13.350144994912661],[74.84598084240828,13.35466390680545],[74.84639139584935,13.356548559789873],[74.83707634964664,13.361062097287032],[74.83265852131761,13.364405700201322]]]}},{"type":"Feature","properties":{"type":"village","name":"Badagabettu (No.80) (CT)","taluk":"Udupi","district":"UDUPI","village_code":"608850"},"geometry":{"type":"Polygon","coordinates":[[[74.82913202027808,13.36468523480573],[74.82554972307965,13.366871904257001],[74.82172930405899,13.360326947069403],[74.8207798629571,13.354252624897766],[74.81609967805608,13.35422890996589],[74.81586014138723,13.352330693115036],[74.81291557437866,13.35176953310803],[74.8080258852854,13.341929421289585],[74.80223011227744,13.33834382673267],[74.79747793908452,13.333547231413638],[74.79157512013232,13.333554303759096],[74.7907446761612,13.332736001159251],[74.78766608141055,13.333503215214618],[74.78683614588586,13.331338107617231],[74.78581614032176,13.3315004347174],[74.781105383955,13.31637664337491],[74.78673030907403,13.317960549567125],[74.78592150372145,13.321191650427988],[74.78796600912099,13.320961899673026],[74.79008140776612,13.316004830371265],[74.8067968651109,13.314333416624237],[74.80699335361302,13.321171380753766],[74.81325032977267,13.324603327616348],[74.8135174617887,13.326691374962962],[74.81750340797691,13.332712257017693],[74.82810887869536,13.33360493164202],[74.82882398617055,13.334861476111499],[74.83132541694441,13.334920710937645],[74.83224789511303,13.338021212985955],[74.83183627088016,13.34274394213881],[74.82849893707318,13.344939742402577],[74.82251949631885,13.356228006825207],[74.82913202027808,13.36468523480573]]]}},{"type":"Feature","properties":{"type":"village","name":"Marne","taluk":"Karkal","district":"UDUPI","village_code":"608879"},"geometry":{"type":"Polygon","coordinates":[[[75.02711193056106,13.35482652239212],[75.02443957374484,13.353569323122676],[75.01516359617217,13.35540308428653],[75.01067901313607,13.354962987108133],[75.00976317980559,13.353466678143327],[74.99921218292599,13.347033520039513],[74.9970159359053,13.344221276994032],[74.99659617742753,13.344709570192773],[74.99375015111407,13.338609655318324],[74.99182495815393,13.337299886221377],[74.98899594593195,13.337594892062652],[74.98504824192372,13.333881606891117],[74.98091235613481,13.332301503278911],[74.97758360213707,13.329356151595562],[74.97338804126386,13.328264045884962],[74.9712364998016,13.325919252920615],[74.96476532934558,13.323462953346889],[74.96354561571742,13.319676076750959],[74.95919341291317,13.318687733151895],[74.96335541362569,13.316901206653954],[74.96379726886282,13.31363350812174],[74.96751637408912,13.312493341794438],[74.96795574458615,13.302785436101596],[74.97286873867284,13.29886079568548],[74.97685084186827,13.298298883930025],[74.98218297459515,13.293126536398367],[74.98668717324382,13.294295204100937],[74.98926593369225,13.292762008663328],[74.99921268598253,13.296825641607981],[75.00466315378182,13.296156270273515],[75.00586532510908,13.300033117093179],[75.00773031567385,13.2976344079801],[75.00969838881574,13.29831217918285],[75.01184381993743,13.300528190752864],[75.01307751404634,13.304589686334467],[75.01981973586797,13.306746179367936],[75.02400672681343,13.309865415237482],[75.0247181026869,13.311588439927586],[75.02825710558022,13.312123175897126],[75.03332386159916,13.31528358218328],[75.02950936606945,13.322891190309498],[75.03063995873659,13.323752980384569],[75.0253479286006,13.333072514938248],[75.02333497832204,13.338527175178756],[75.02309023861109,13.341707751794367],[75.02711193056106,13.35482652239212]]]}},{"type":"Feature","properties":{"type":"village","name":"Bellarpadi","taluk":"Udupi","district":"UDUPI","village_code":"608810"},"geometry":{"type":"Polygon","coordinates":[[[74.94122987314354,13.355651354255436],[74.92803685285989,13.355651050096357],[74.9205454594475,13.354133864047565],[74.91970568557383,13.355602813784198],[74.91472097268979,13.356448698949126],[74.90066176716482,13.356025468748028],[74.90054592401901,13.35146989733206],[74.89911048895854,13.351379626058963],[74.89832088060358,13.347456824566907],[74.90099775504737,13.346629549696857],[74.90222063703355,13.344690606587823],[74.90055390105873,13.338860688915503],[74.90505779607683,13.33360868502782],[74.91999177563561,13.32943979131864],[74.92454603829336,13.32517718714306],[74.93042531689352,13.324010048699154],[74.93575940435449,13.320515388213618],[74.94184623331113,13.319519678075268],[74.94676155762764,13.321045981993722],[74.94954376133514,13.320899730416409],[74.95064807558525,13.32345829157554],[74.94818188033011,13.333031134070874],[74.9416549325798,13.346143694622253],[74.93880792081444,13.348874116059557],[74.94122987314354,13.355651354255436]]]}},{"type":"Feature","properties":{"type":"village","name":"Anjaru","taluk":"Udupi","district":"UDUPI","village_code":"608814"},"geometry":{"type":"Polygon","coordinates":[[[74.86247153767576,13.36819667112556],[74.85333678784215,13.368259183917361],[74.84495389376539,13.372339232676385],[74.8379935996203,13.369124895315537],[74.83265852131761,13.364405700201322],[74.83707634964664,13.361062097287032],[74.84639139584935,13.356548559789873],[74.84598084240828,13.35466390680545],[74.8502138172148,13.350144994912661],[74.85018633775023,13.348156443754139],[74.84833604811514,13.343745265147662],[74.84829030679921,13.34017942893896],[74.84652736215578,13.339352153619753],[74.84650442008176,13.338258448916342],[74.84087808191278,13.340476707356794],[74.83531654910672,13.340968428373918],[74.83399168138637,13.342518361937369],[74.83183627088016,13.34274394213881],[74.83170105376864,13.325086492583846],[74.83266581114613,13.323870943221221],[74.84254653995797,13.323718890837863],[74.84220117007058,13.318349750011302],[74.84539471234666,13.318060948183755],[74.8454412055525,13.315344772068107],[74.84679341888842,13.314802612785325],[74.84707064886658,13.311968958661579],[74.8494794669279,13.312805347379491],[74.84988581266018,13.310550192027131],[74.85165772338841,13.312050843800128],[74.85195246692132,13.318048170641239],[74.85461995397041,13.31712647595069],[74.85712087539949,13.321393053343128],[74.85491466157072,13.324425396979013],[74.85688929331252,13.33181033279798],[74.85236641060423,13.33219405129896],[74.85316928887259,13.333857285956617],[74.8507370283756,13.334412917828212],[74.85112436665477,13.337648873839317],[74.84991049926246,13.338163952629825],[74.85015930385009,13.342050692351538],[74.85163123386731,13.345625723984268],[74.85566046627578,13.345874695386035],[74.8557987403542,13.34808922774747],[74.86319260277789,13.34988852776642],[74.86374630006449,13.353011486434688],[74.86195526240724,13.356455175418187],[74.8627029418963,13.357341032385989],[74.86026558256178,13.361928080115486],[74.86247153767576,13.36819667112556]]]}},{"type":"Feature","properties":{"type":"village","name":"Tenkanidyoor (CT)","taluk":"Udupi","district":"UDUPI","village_code":"608848"},"geometry":{"type":"Polygon","coordinates":[[[74.70397828214367,13.375685930283561],[74.69854757278905,13.375727060006959],[74.69575818974585,13.371240597977778],[74.69807995656454,13.37083759893736],[74.69904128956418,13.368696724937612],[74.70153998406965,13.368965125407323],[74.70356155098843,13.361698693223602],[74.70535074170947,13.362309437295968],[74.70397828214367,13.375685930283561]]]}},{"type":"Feature","properties":{"type":"village","name":"Bairampalli","taluk":"Udupi","district":"UDUPI","village_code":"608809"},"geometry":{"type":"Polygon","coordinates":[[[74.94338183411904,13.382239868623127],[74.94138314010405,13.382538650793972],[74.93895008639466,13.381133702987935],[74.93617179664689,13.383538675132566],[74.93254782031423,13.382179125658878],[74.9300922880615,13.383246216141787],[74.92679151927986,13.38208989186931],[74.92280793835576,13.382700737209328],[74.9217647526641,13.382999197205404],[74.91911120028173,13.38705806716235],[74.91788239480456,13.381824776247505],[74.9153803918039,13.381346090980324],[74.91295619817816,13.37638410861482],[74.90869531541074,13.373984835759847],[74.90555640687361,13.373460933052737],[74.90277275418356,13.371237655341563],[74.89732601798597,13.371486678098691],[74.90066176716482,13.356025468748028],[74.91472097268979,13.356448698949126],[74.91970568557383,13.355602813784198],[74.9205454594475,13.354133864047565],[74.93126781086586,13.355822142135098],[74.94978995092693,13.354909234699331],[74.94931120188112,13.359144067119788],[74.95131057322581,13.361696975816717],[74.95013409281734,13.36343276626149],[74.95008922915544,13.367690071938913],[74.94877033433339,13.369010108745874],[74.94406572423979,13.369477449041627],[74.94091490943188,13.375009422146313],[74.94147943411261,13.380138818742044],[74.94338183411904,13.382239868623127]]]}},{"type":"Feature","properties":{"type":"village","name":"Badanidiyur","taluk":"Udupi","district":"UDUPI","village_code":"608812"},"geometry":{"type":"Polygon","coordinates":[[[74.71156438942805,13.393094159399098],[74.70807841408595,13.392911793611727],[74.70805398619841,13.394575357650643],[74.69715179295846,13.394245976645315],[74.69592197597834,13.372895355405337],[74.69864710522423,13.376057774644424],[74.70397828214367,13.375685930283561],[74.70328981780148,13.382803067366307],[74.70519492622849,13.383211905155362],[74.706541536772,13.38075506379614],[74.70807464385669,13.380299693756257],[74.71058381541334,13.380890259749478],[74.71060577473045,13.37905396224097],[74.71197719135225,13.379004241424113],[74.71186933602597,13.384264247215633],[74.71349415301631,13.385976194774381],[74.7125098509932,13.385939062319984],[74.71156438942805,13.393094159399098]]]}},{"type":"Feature","properties":{"type":"village","name":" ","taluk":"Udupi","district":"UDUPI","village_code":" "},"geometry":{"type":"Polygon","coordinates":[[[74.71499889040602,13.374215722901576],[74.71784625790423,13.377477829289436],[74.72192015275199,13.380045093060568],[74.7324917309331,13.384517912730843],[74.73213157477613,13.389484264784741],[74.73085849313526,13.392542789191141],[74.73375161183087,13.396745026371057],[74.72551721106717,13.39546394603709],[74.71954383663598,13.39277511093851],[74.71607080422051,13.393803824245662],[74.71357124733231,13.39189647495574],[74.71419403584409,13.386587561591911],[74.71186933602597,13.384264247215633],[74.71197719135225,13.379004241424113],[74.71060577473045,13.37905396224097],[74.71021019800185,13.375340664759976],[74.70946681515478,13.375340903348027],[74.71499889040602,13.374215722901576]]]}},{"type":"Feature","properties":{"type":"village","name":"Andaru","taluk":"Karkal","district":"UDUPI","village_code":"608883"},"geometry":{"type":"Polygon","coordinates":[[[75.12775906629767,13.366378523878689],[75.11907757222049,13.368393119618972],[75.05900302325924,13.37257839778626],[75.02459656062898,13.369510762162111],[75.02711193056106,13.35482652239212],[75.02309023861109,13.341707751794367],[75.03189908774445,13.340935703061172],[75.0380778520839,13.343952384000529],[75.0427390286335,13.344993525874928],[75.04515925619727,13.339810585932097],[75.04422944687762,13.33233511785116],[75.04725189512635,13.333841113372978],[75.05721150410498,13.33397064523102],[75.05729092056598,13.33046808159287],[75.05396368112785,13.329676235856107],[75.05506286060779,13.326915135148003],[75.0542428622468,13.321907373913115],[75.05545289023954,13.318726064801968],[75.06032828713663,13.311053446642052],[75.06236845187674,13.309499242981277],[75.06875055616895,13.30977200408943],[75.06795919520087,13.299856195611468],[75.07021148092561,13.29827948569322],[75.07280605621465,13.292703025796373],[75.07556528820369,13.293494499368013],[75.07680990492817,13.299492130842193],[75.0804598407759,13.300432836985092],[75.08292906155692,13.2981645946668],[75.0798946172059,13.288121795714517],[75.08300920834826,13.282789677968255],[75.08691028081012,13.284144036362582],[75.0901979566465,13.283549764856737],[75.11272902359738,13.284823819379739],[75.11261636857255,13.284019603752917],[75.11272907839461,13.284823826373957],[75.112227291155,13.285888827042026],[75.10518531409947,13.292803021361154],[75.1041374975925,13.296459169017403],[75.10071768227276,13.301122869130301],[75.09605041873877,13.317075917174096],[75.08508738080802,13.333172513937138],[75.08223467641872,13.335815872065476],[75.07855031443434,13.343010099776636],[75.08337318504016,13.344226704043058],[75.0888645711006,13.349958300715958],[75.0897536876362,13.361243421777733],[75.0985747691288,13.356960244202032],[75.1021238618994,13.360160394305646],[75.10821201587109,13.359324866899916],[75.11207088458256,13.356455326623182],[75.11458635692262,13.357169547243462],[75.11704169963082,13.36163486511121],[75.1202357467601,13.36271965667664],[75.12282972826273,13.365250578258712],[75.12775906629767,13.366378523878689]]]}},{"type":"Feature","properties":{"type":"village","name":"Kadthala","taluk":"Karkal","district":"UDUPI","village_code":"608878"},"geometry":{"type":"Polygon","coordinates":[[[74.99640182781414,13.36237154258382],[74.98180294590746,13.3639054583225],[74.9765649772836,13.366122046019438],[74.97351515018163,13.369160250955872],[74.96836868215598,13.369722530267538],[74.9666821401258,13.365018407384262],[74.96467797537073,13.362497259005808],[74.96764725772772,13.353859625182627],[74.95958020860989,13.343182921807959],[74.96047042917498,13.34160535787588],[74.95905768196529,13.340268057639285],[74.9612309491827,13.33871267897104],[74.96753018209337,13.337051926917248],[74.96863326834648,13.32498918431376],[74.97197969400247,13.32636188639812],[74.97338804126386,13.328264045884962],[74.97758360213707,13.329356151595562],[74.98091235613481,13.332301503278911],[74.98504824192372,13.333881606891117],[74.98899594593195,13.337594892062652],[74.99182495815393,13.337299886221377],[74.99375015111407,13.338609655318324],[74.99659617742753,13.344709570192773],[74.9970159359053,13.344221276994032],[74.99921218292599,13.347033520039513],[75.00494153270522,13.35060088164289],[74.99921207063659,13.360265543954073],[74.9976887390188,13.360617409682114],[74.99640182781414,13.36237154258382]]]}},{"type":"Feature","properties":{"type":"village","name":"Bommarabettu","taluk":"Udupi","district":"UDUPI","village_code":"608815"},"geometry":{"type":"Polygon","coordinates":[[[74.87060462374674,13.369082877384269],[74.86247153767576,13.36819667112556],[74.86026558256178,13.361928080115486],[74.8627029418963,13.357341032385989],[74.86195526240724,13.356455175418187],[74.86374630006449,13.353011486434688],[74.86319260277789,13.34988852776642],[74.8557987403542,13.34808922774747],[74.85566046627578,13.345874695386035],[74.85163123386731,13.345625723984268],[74.84986408421008,13.340572804918196],[74.84991049926246,13.338163952629825],[74.85112436665477,13.337648873839317],[74.8507370283756,13.334412917828212],[74.85316928887259,13.333857285956617],[74.85236641060423,13.33219405129896],[74.85688929331252,13.33181033279798],[74.8569817443283,13.329952852664789],[74.85869398626039,13.32946941682768],[74.86316594167856,13.330911434004319],[74.86397837263165,13.327630374045079],[74.87002424739448,13.322406188759032],[74.8718517746186,13.322406247326466],[74.87225792721308,13.320367991181813],[74.87526685581679,13.321732923004731],[74.87816042995826,13.321344277838303],[74.88524423167512,13.317367095266386],[74.88893593469199,13.31356612691481],[74.89320452590287,13.31211066379126],[74.89446422534097,13.310311852802617],[74.89850208516943,13.309886747119895],[74.90787490741792,13.312226923285479],[74.91752135829864,13.32152212769787],[74.91815392497226,13.32337500031304],[74.91619753082736,13.325580779005245],[74.9151322241218,13.330389611722211],[74.90505779607683,13.33360868502782],[74.90146753711005,13.337025720020446],[74.90055390105873,13.338860688915503],[74.90222063703355,13.344690606587823],[74.90099775504737,13.346629549696857],[74.89644240273317,13.347547349907023],[74.89095455244167,13.346119529629688],[74.88860995494,13.346833698668991],[74.88608555514266,13.352894335811667],[74.88223625528559,13.355651265105378],[74.87986389804503,13.35993118140785],[74.87887619410193,13.3649206257681],[74.87619442743309,13.367026662408275],[74.87060462374674,13.369082877384269]]]}},{"type":"Feature","properties":{"type":"village","name":"Bellarpadi","taluk":"Udupi","district":"UDUPI","village_code":"608810"},"geometry":{"type":"Polygon","coordinates":[[[74.90066176716482,13.356025468748028],[74.89732601798597,13.371486678098691],[74.89505475984245,13.368449781978331],[74.89327305927421,13.368653263127975],[74.88988953409535,13.366678445285011],[74.88636767644753,13.366791559293153],[74.88233339011724,13.364070951846694],[74.87892234774459,13.36450031993677],[74.8792915696994,13.361305087718112],[74.88223625528559,13.355651265105378],[74.88608555514266,13.352894335811667],[74.88860995494,13.346833698668991],[74.8896530058844,13.346169301802567],[74.89832088060358,13.347456824566907],[74.89911048895854,13.351379626058963],[74.90054592401901,13.35146989733206],[74.90066176716482,13.356025468748028]]]}},{"type":"Feature","properties":{"type":"village","name":"Yenagudde (CT)","taluk":"Udupi","district":"UDUPI","village_code":"608854"},"geometry":{"type":"Polygon","coordinates":[[[74.78343586173702,13.376779633152848],[74.77910864287746,13.381826144814752],[74.77478255320015,13.383749668851893],[74.77244725685496,13.382654998735878],[74.7705678698895,13.384095892370787],[74.76707370370863,13.383533963834001],[74.76335739314118,13.384232800199287],[74.75673033444063,13.380740700767396],[74.75475820810017,13.382854821888682],[74.75179984296885,13.399701691327573],[74.74990220583007,13.400238537328434],[74.7490176060237,13.399343620594566],[74.74887546918956,13.393930454949862],[74.74550775615631,13.39595630819867],[74.74555359538863,13.394682584345688],[74.7410004466418,13.395594433153828],[74.74371570070782,13.389474893106332],[74.73958008800673,13.388817140019821],[74.73992610378284,13.380052294259254],[74.73397556722108,13.37617347200508],[74.73360418661464,13.376878712134085],[74.72805084374902,13.37408334694654],[74.72870080090824,13.372900365805503],[74.7275393636875,13.373105522943705],[74.72568019869742,13.371332151788875],[74.72298537501592,13.371060230129887],[74.72284652691403,13.372402220701884],[74.72189408004921,13.372402572907617],[74.72207930367765,13.370833118117297],[74.72049956684316,13.370628991198757],[74.71991924079659,13.371743692981166],[74.71443694478846,13.371927562280714],[74.71420528364975,13.373701729597245],[74.71239330177161,13.373702334374045],[74.71192814603269,13.372155845243123],[74.7103484792668,13.372156357383952],[74.70946681515478,13.375340903348027],[74.71021019800185,13.375340664759976],[74.71062896743449,13.37711461992458],[74.71058381541334,13.380890259749478],[74.70807464385669,13.380299693756257],[74.706541536772,13.38075506379614],[74.70519492622849,13.383211905155362],[74.70328981780148,13.382803067366307],[74.70535074170947,13.362309437295968],[74.70363079402883,13.359262150770649],[74.69789233712926,13.356352446012476],[74.70617934772753,13.338995780732429],[74.71282263898524,13.33985797404747],[74.7151924036879,13.34144931601961],[74.71693447956895,13.341494206591111],[74.71644701506823,13.34233593341777],[74.71935065573076,13.342858044571555],[74.71915365069738,13.343983982238],[74.72272048609314,13.3474740127593],[74.73117630989626,13.349381305401915],[74.73177941632012,13.347470500826658],[74.7306177024183,13.346743136351161],[74.73214977733872,13.344513528959911],[74.73489077173086,13.344785336317717],[74.73451868415027,13.343784721241216],[74.73535451172494,13.3429655591133],[74.73437796395936,13.340736977979834],[74.72991802620307,13.340079194216225],[74.73017283692664,13.338464213274605],[74.72671206471819,13.338647528414267],[74.72499345642562,13.339148569973235],[74.72508686414717,13.340376753335669],[74.72216032632637,13.340650782875263],[74.71955818003615,13.338877631228668],[74.71951116940066,13.337421981247978],[74.72164755897904,13.336147500633444],[74.72187929377962,13.334782727956158],[74.73288896235847,13.335142375295426],[74.73474763597011,13.336324336151149],[74.73711671435991,13.336164123219543],[74.73683421216937,13.327839647429629],[74.73534771866474,13.327794784916549],[74.73288255287892,13.323811910236104],[74.73794549914273,13.323218422207477],[74.73845349194431,13.3167586747494],[74.74316227022081,13.304406158311197],[74.7476454411053,13.30632604424013],[74.74843415024667,13.304506087854],[74.75078192958107,13.30595037894121],[74.75215265988996,13.305603070401354],[74.7525306116727,13.306489067368979],[74.75397982688963,13.306069476421623],[74.75849224332653,13.307563068864066],[74.76145068571297,13.306656047005808],[74.76465749790243,13.307493605385439],[74.7785890869615,13.307870083913324],[74.78581614032176,13.3315004347174],[74.78683614588586,13.331338107617231],[74.78766608141055,13.333503215214618],[74.7907446761612,13.332736001159251],[74.79157512013232,13.333554303759096],[74.79747793908452,13.333547231413638],[74.80223011227744,13.33834382673267],[74.8080258852854,13.341929421289585],[74.81291557437866,13.35176953310803],[74.81586014138723,13.352330693115036],[74.81609967805608,13.35422890996589],[74.8207798629571,13.354252624897766],[74.82172930405899,13.360326947069403],[74.82455329829178,13.3641103259586],[74.82614481203963,13.368571331621864],[74.82231761702674,13.37152620394308],[74.81645810495613,13.379347935607061],[74.80930739941184,13.38095046032912],[74.80286654709667,13.38562619691309],[74.8007755601694,13.385182656634917],[74.79777703226002,13.379085022780128],[74.79430596176513,13.378505401049981],[74.78964939087797,13.37568820516942],[74.78343586173702,13.376779633152848]]]}},{"type":"Feature","properties":{"type":"village","name":" ","taluk":"Udupi","district":"UDUPI","village_code":" "},"geometry":{"type":"Polygon","coordinates":[[[74.70535074170947,13.362309437295968],[74.70356155098843,13.361698693223602],[74.70153998406965,13.368965125407323],[74.69904128956418,13.368696724937612],[74.69807995656454,13.37083759893736],[74.69576968009665,13.371097813221466],[74.69789048480314,13.354313207959553],[74.69775292129209,13.347286355915788],[74.70146642821757,13.345210328221564],[74.69967513543875,13.342912572337974],[74.70716386624466,13.336469449950874],[74.7108184050599,13.330521173367591],[74.71522537724873,13.330294288071924],[74.71732579828313,13.335431043970122],[74.71977391314655,13.334940894672298],[74.71805209337685,13.34020130182379],[74.7188463388353,13.342910429127068],[74.7175157497449,13.343052022604295],[74.71644701506823,13.34233593341777],[74.71693447956895,13.341494206591111],[74.7151924036879,13.34144931601961],[74.71282263898524,13.33985797404747],[74.70617934772753,13.338995780732429],[74.69789233712926,13.356352446012476],[74.70363079402883,13.359262150770649],[74.70535074170947,13.362309437295968]]]}},{"type":"Feature","properties":{"type":"village","name":"Padoor","taluk":"Udupi","district":"UDUPI","village_code":"608827"},"geometry":{"type":"Polygon","coordinates":[[[74.73992610378284,13.380052294259254],[74.73894166880906,13.380266277255519],[74.73751912008134,13.384034358105538],[74.73733738191618,13.396413248682363],[74.73375161183087,13.396745026371057],[74.73085849313526,13.392542789191141],[74.73213157477613,13.389484264784741],[74.7324917309331,13.384517912730843],[74.72192015275199,13.380045093060568],[74.71784625790423,13.377477829289436],[74.71499889040602,13.374215722901576],[74.73089261743796,13.379322812612953],[74.7297600538671,13.374883034936984],[74.73360418661464,13.376878712134085],[74.73397556722108,13.37617347200508],[74.73992610378284,13.380052294259254]]]}},{"type":"Feature","properties":{"type":"village","name":"Tenkanidyoor (CT)","taluk":"Udupi","district":"UDUPI","village_code":"608848"},"geometry":{"type":"Polygon","coordinates":[[[74.7297600538671,13.374883034936984],[74.73089261743796,13.379322812612953],[74.71577345018335,13.374142066128323],[74.70951598534018,13.375024108004334],[74.7103484792668,13.372156357383952],[74.71192814603269,13.372155845243123],[74.71239330177161,13.373702334374045],[74.71420528364975,13.373701729597245],[74.71443694478846,13.371927562280714],[74.71991924079659,13.371743692981166],[74.72049956684316,13.370628991198757],[74.72207930367765,13.370833118117297],[74.72189408004921,13.372402572907617],[74.72284652691403,13.372402220701884],[74.72298537501592,13.371060230129887],[74.72568019869742,13.371332151788875],[74.7275393636875,13.373105522943705],[74.72870080090824,13.372900365805503],[74.72805084374902,13.37408334694654],[74.7297600538671,13.374883034936984]]]}},{"type":"Feature","properties":{"type":"village","name":"Bellampalli","taluk":"Udupi","district":"UDUPI","village_code":"608798"},"geometry":{"type":"Polygon","coordinates":[[[74.84383226358983,13.37206339593501],[74.8412049330306,13.378109999074754],[74.83591443272553,13.381304381928535],[74.83453359187813,13.384955830596557],[74.83205023880107,13.384187082116933],[74.8286012111666,13.388091191896988],[74.82873942326128,13.38948771930206],[74.82975034595952,13.389664174897202],[74.83204945996171,13.388448889615523],[74.83306034043913,13.388855822328782],[74.83816528833236,13.392684640158278],[74.82915602685576,13.407298794985847],[74.82413412821055,13.40292296781865],[74.81806337280928,13.403165625900568],[74.819694957707,13.39480058766075],[74.82175898259932,13.39249616384484],[74.82370806715277,13.387877757674252],[74.81788013086434,13.37817775467517],[74.82231761702674,13.37152620394308],[74.82614481203963,13.368571331621864],[74.82554972307965,13.366871904257001],[74.83190164308003,13.363818035667457],[74.8379935996203,13.369124895315537],[74.84383226358983,13.37206339593501]]]}},{"type":"Feature","properties":{"type":"village","name":"Varanga","taluk":"Karkal","district":"UDUPI","village_code":"608874"},"geometry":{"type":"Polygon","coordinates":[[[75.03238761944372,13.399019179948514],[75.02380940557306,13.39863115300309],[75.01503268827908,13.40296521141451],[75.01200812359953,13.405848711207089],[75.00583976444601,13.409489138078943],[75.0040281957929,13.408975420211549],[75.0021610959839,13.410448990051021],[75.0010700246977,13.409839345891484],[74.99597348862878,13.41100054814429],[74.99505112095294,13.412962393259086],[74.99237899769868,13.414925027129229],[74.98577680167027,13.414322309638317],[74.98183794786421,13.412502630351117],[74.99392218298256,13.407892146025311],[74.99484870895985,13.40501286518067],[74.99337063626272,13.403400114141357],[74.99823027401477,13.400329191399683],[74.99799424975873,13.399163297391828],[74.99648899404109,13.398558402031988],[74.99765543667459,13.395543416299981],[74.99641762828165,13.394283081601783],[74.99875217004204,13.391665249965644],[74.99899018496475,13.387651905956618],[74.99407788976738,13.386316448040228],[74.99414632701898,13.384657794252695],[74.99238260982443,13.38393548656443],[74.99135671939692,13.381599410872775],[74.995242583381,13.379789890829983],[74.9938802810661,13.37862450558971],[74.99285386781912,13.375185699576807],[74.996525945342,13.37066912808597],[74.997354870262,13.366791087344001],[74.99711898973638,13.365837601293846],[74.99270501517991,13.363177687154247],[74.99640182781414,13.36237154258382],[74.9976887390188,13.360617409682114],[74.99921207063659,13.360265543954073],[75.00494153270522,13.35060088164289],[75.00976317980559,13.353466678143327],[75.01067901313607,13.354962987108133],[75.01273026937496,13.35547679398055],[75.02443957374484,13.353569323122676],[75.02711193056106,13.35482652239212],[75.02459656062898,13.369510762162111],[75.03049375702578,13.3700739067586],[75.02851027238685,13.379176508065692],[75.0320214535575,13.38637924189892],[75.03238761944372,13.399019179948514]]]}},{"type":"Feature","properties":{"type":"village","name":"Kukkehalli","taluk":"Udupi","district":"UDUPI","village_code":"608799"},"geometry":{"type":"Polygon","coordinates":[[[74.85102929255837,13.408323546269887],[74.84450196302403,13.404169405064568],[74.84485210206725,13.409674090048794],[74.84374865379307,13.41021626681688],[74.8406329172987,13.406871452737049],[74.83953943223932,13.402641119077337],[74.83813155659344,13.401655665231125],[74.83361156735872,13.404262591801357],[74.8325074758908,13.408347934841222],[74.83034679407051,13.408935051156861],[74.82915602685576,13.407298794985847],[74.83816528833236,13.392684640158278],[74.83306034043913,13.388855822328782],[74.83204945996171,13.388448889615523],[74.82975034595952,13.389664174897202],[74.82873942326128,13.38948771930206],[74.8286012111666,13.388091191896988],[74.83205023880107,13.384187082116933],[74.83453359187813,13.384955830596557],[74.83591443272553,13.381304381928535],[74.8412049330306,13.378109999074754],[74.84383226358983,13.37206339593501],[74.84667106026188,13.371982424323317],[74.85333678784215,13.368259183917361],[74.86358857566356,13.368097314146963],[74.87060462374674,13.369082877384269],[74.8691826921616,13.377475388371664],[74.87148125729315,13.387870125001264],[74.87263064990253,13.390708346691179],[74.87409861565443,13.391472161334159],[74.87467554157766,13.407109332206824],[74.87116234638415,13.406124017264595],[74.86824926083472,13.407158854973366],[74.86553486106655,13.403814362742208],[74.86186924063394,13.405581230937926],[74.85952407809195,13.404943825597337],[74.85736342142452,13.406421495725045],[74.85379955136752,13.405142174422236],[74.85284369180293,13.40755092099],[74.85102929255837,13.408323546269887]]]}},{"type":"Feature","properties":{"type":"village","name":"Uppoor","taluk":"Udupi","district":"UDUPI","village_code":"608793"},"geometry":{"type":"Polygon","coordinates":[[[74.76530451577402,13.414598299790745],[74.75997459020778,13.41130697458562],[74.7582675306565,13.409041946385576],[74.75224448657661,13.40584377926435],[74.74777127441536,13.405560210736116],[74.74822100877586,13.410213502916896],[74.74318130372508,13.411013404649546],[74.73908274203791,13.410746122368511],[74.73424627992183,13.40717796833103],[74.73846825395938,13.404264952927688],[74.74021638807868,13.401817785085091],[74.73590451064753,13.399201996388614],[74.73375161183087,13.396745026371057],[74.73733738191618,13.396413248682363],[74.73695897378929,13.388584914076587],[74.73894166880906,13.380266277255519],[74.73992610378284,13.380052294259254],[74.73958008800673,13.388817140019821],[74.74371570070782,13.389474893106332],[74.7410004466418,13.395594433153828],[74.74555359538863,13.394682584345688],[74.74550775615631,13.39595630819867],[74.74887546918956,13.393930454949862],[74.7490176060237,13.399343620594566],[74.7514902287247,13.400307135216611],[74.75475820810017,13.382854821888682],[74.75673033444063,13.380740700767396],[74.76335739314118,13.384232800199287],[74.76707370370863,13.383533963834001],[74.7705678698895,13.384095892370787],[74.77244725685496,13.382654998735878],[74.77478255320015,13.383749668851893],[74.77910864287746,13.381826144814752],[74.78343586173702,13.376779633152848],[74.78305514673647,13.382501065117365],[74.78488119263866,13.387622243895562],[74.78251697323627,13.389483348940038],[74.780045210223,13.394693271008755],[74.77704794803988,13.397751716970808],[74.77814027966241,13.402077225734628],[74.7727243278313,13.403982194339195],[74.76835102899089,13.40723880460128],[74.76654499485826,13.409330489864162],[74.76530451577402,13.414598299790745]]]}},{"type":"Feature","properties":{"type":"village","name":"Havanje","taluk":"Udupi","district":"UDUPI","village_code":"608794"},"geometry":{"type":"Polygon","coordinates":[[[74.81484115181773,13.402771639875894],[74.80976828455994,13.40036145686543],[74.80385787214868,13.404883694810376],[74.79908394804777,13.40621093521196],[74.79101109132162,13.401928376378937],[74.78694395270313,13.401976640991645],[74.78362530475233,13.400402656650964],[74.78297387255944,13.401731114597707],[74.78438111309646,13.403797014285315],[74.7804103637079,13.405169395433962],[74.78116034288408,13.411564639882508],[74.77885028470678,13.415843605204257],[74.77905701040986,13.418397148181434],[74.77619539383464,13.41647525387789],[74.7740870532527,13.412885983602578],[74.77137773884736,13.411312091665764],[74.76806253773238,13.412291367375916],[74.76530451577402,13.414598299790745],[74.76654499485826,13.409330489864162],[74.76835102899089,13.40723880460128],[74.7727243278313,13.403982194339195],[74.77814027966241,13.402077225734628],[74.77704794803988,13.397751716970808],[74.780045210223,13.394693271008755],[74.78251697323627,13.389483348940038],[74.78488119263866,13.387622243895562],[74.78334057743486,13.384503272895245],[74.78282103229868,13.379115937368107],[74.78343586173702,13.376779633152848],[74.78591035203553,13.37593994479811],[74.78964939087797,13.37568820516942],[74.79430596176513,13.378505401049981],[74.79777703226002,13.379085022780128],[74.7993682298009,13.383297621874803],[74.80158323005145,13.385698118082399],[74.80286654709667,13.38562619691309],[74.80930739941184,13.38095046032912],[74.81524847671365,13.380233439292589],[74.81788013086434,13.37817775467517],[74.82370806715277,13.387877757674252],[74.82175898259932,13.39249616384484],[74.819694957707,13.39480058766075],[74.81806337280928,13.403165625900568],[74.81484115181773,13.402771639875894]]]}},{"type":"Feature","properties":{"type":"village","name":"Kabbinale","taluk":"Karkal","district":"UDUPI","village_code":"608873"},"geometry":{"type":"Polygon","coordinates":[[[75.05900302325924,13.37257839778626],[75.07320411229345,13.405693282432948],[75.07418481027564,13.413023122333751],[75.07032024265203,13.416633656206455],[75.05747969882798,13.433789669971592],[75.04374862990998,13.43184612085001],[75.03988432728933,13.432699557123364],[75.03446581885295,13.430073505241136],[75.0320214535575,13.38637924189892],[75.02851027238685,13.379176508065692],[75.03049375702578,13.3700739067586],[75.05900302325924,13.37257839778626]]]}},{"type":"Feature","properties":{"type":"village","name":"Baikady","taluk":"Udupi","district":"UDUPI","village_code":"608792"},"geometry":{"type":"Polygon","coordinates":[[[74.74133340720188,13.42544952301429],[74.72646373623766,13.426776768618714],[74.72232942519545,13.425033508260483],[74.7229149030802,13.420598774630507],[74.72414443259946,13.418435803013088],[74.71965453243519,13.413556512374708],[74.73424627992183,13.40717796833103],[74.73908274203791,13.410746122368511],[74.74318130372508,13.411013404649546],[74.74310745502218,13.413337518846971],[74.7410592961744,13.415613589867133],[74.73776049021164,13.415615034262952],[74.73621200666422,13.417719602366796],[74.73918680108378,13.419528655312794],[74.73863850267203,13.422782605656781],[74.74133340720188,13.42544952301429]]]}},{"type":"Feature","properties":{"type":"village","name":"Aroor","taluk":"Udupi","district":"UDUPI","village_code":"608795"},"geometry":{"type":"Polygon","coordinates":[[[74.78259348993554,13.430252900038893],[74.7792553943572,13.430224484833145],[74.77702141270468,13.428628245788417],[74.77662029337077,13.427276785421817],[74.77737688414744,13.41745192297926],[74.77931101444635,13.418198395246046],[74.77885028470678,13.415843605204257],[74.78101220171057,13.412599524943555],[74.7804103637079,13.405169395433962],[74.78438111309646,13.403797014285315],[74.78292347168214,13.400745865874002],[74.7880472186193,13.402175894079143],[74.79101109132162,13.401928376378937],[74.79908394804777,13.40621093521196],[74.80385787214868,13.404883694810376],[74.80976828455994,13.40036145686543],[74.81484115181773,13.402771639875894],[74.81775186940807,13.412235998097334],[74.81755651817313,13.418197041740251],[74.80846152867232,13.417873786942678],[74.8063787307872,13.420037991292254],[74.8059764687962,13.42209420065691],[74.79888816112991,13.426516542042235],[74.79522710863051,13.425950427706459],[74.79101079397928,13.428918236263154],[74.7843530757781,13.428938422606855],[74.78259348993554,13.430252900038893]]]}},{"type":"Feature","properties":{"type":"village","name":"Shivapura","taluk":"Karkal","district":"UDUPI","village_code":"608871"},"geometry":{"type":"Polygon","coordinates":[[[74.96556400260009,13.437139452767278],[74.96405360133251,13.435508466924361],[74.96302421286526,13.436150566932533],[74.95296763344669,13.434698479168418],[74.94746477590004,13.437194742035292],[74.94680350176489,13.433696908842954],[74.94400981399481,13.432450293687316],[74.93637836783975,13.434702809390133],[74.93514082714476,13.434065852682126],[74.93464131084617,13.430459485761778],[74.93748490182692,13.42849742186515],[74.9359425609594,13.427413119939434],[74.93550764430957,13.423648558637346],[74.9385073570968,13.418712683201466],[74.9389130362791,13.416394133810014],[74.94130460129709,13.416709911756195],[74.9474017321334,13.411221777282488],[74.95085217012286,13.402050944637558],[74.95293371934977,13.4005182654119],[74.95554194633615,13.400305074658664],[74.95564785231826,13.399473472931149],[74.95340897125419,13.385242523180658],[74.95575361906153,13.384134565825212],[74.95577590356876,13.381707635253765],[74.95482000807154,13.380582590288157],[74.95364294914805,13.380709483134435],[74.94891240109891,13.383815673281598],[74.94406519692872,13.382881451155232],[74.94147943411261,13.380138818742044],[74.94091490943188,13.375009422146313],[74.94406572423979,13.369477449041627],[74.94877033433339,13.369010108745874],[74.95008922915544,13.367690071938913],[74.95013409281734,13.36343276626149],[74.95330393933286,13.359730450386552],[74.96471439936055,13.361118824296929],[74.96836868215598,13.369722530267538],[74.97351515018163,13.369160250955872],[74.9765649772836,13.366122046019438],[74.98180294590746,13.3639054583225],[74.99270501517991,13.363177687154247],[74.99711898973638,13.365837601293846],[74.997354870262,13.366791087344001],[74.996525945342,13.37066912808597],[74.99285386781912,13.375185699576807],[74.9938802810661,13.37862450558971],[74.995242583381,13.379789890829983],[74.99135671939692,13.381599410872775],[74.99238260982443,13.38393548656443],[74.99414632701898,13.384657794252695],[74.99407788976738,13.386316448040228],[74.99899018496475,13.387651905956618],[74.99875217004204,13.391665249965644],[74.99641762828165,13.394283081601783],[74.99765543667459,13.395543416299981],[74.99648899404109,13.398558402031988],[74.99799424975873,13.399163297391828],[74.99823027401477,13.400329191399683],[74.99337063626272,13.403400114141357],[74.99484870895985,13.40501286518067],[74.99392218298256,13.407892146025311],[74.98331937307395,13.411304381092798],[74.97805335994525,13.415098280788843],[74.97380585309241,13.414819710863018],[74.97147039505045,13.416361693988932],[74.971379603223,13.420284564126481],[74.96932547057857,13.421216305330429],[74.96942316236571,13.423132494383253],[74.96803905165065,13.425650290968342],[74.97061699642884,13.429992505103048],[74.96904325764552,13.43172400029825],[74.96971301816517,13.432469460077701],[74.97219182486859,13.431067543272643],[74.97343416616047,13.43195739993439],[74.97209608961215,13.434149803796213],[74.96818574294332,13.435027982081404],[74.96556400260009,13.437139452767278]]]}},{"type":"Feature","properties":{"type":"village","name":"Perdoor","taluk":"Udupi","district":"UDUPI","village_code":"608808"},"geometry":{"type":"Polygon","coordinates":[[[74.9262808728549,13.435278872347343],[74.92202408101527,13.436287461709194],[74.91860195882188,13.431583331835773],[74.91307500217113,13.429270210431355],[74.90744535281203,13.417434598225604],[74.89615249393309,13.414733017976017],[74.8927404741934,13.410896253400834],[74.88419948291484,13.405143369836411],[74.88020159721822,13.407696887589905],[74.87467554157766,13.407109332206824],[74.87409861565443,13.391472161334159],[74.87263064990253,13.390708346691179],[74.87148125729315,13.387870125001264],[74.8691826921616,13.377475388371664],[74.87060462374674,13.369082877384269],[74.87619442743309,13.367026662408275],[74.87892234774459,13.36450031993677],[74.88233339011724,13.364070951846694],[74.88636767644753,13.366791559293153],[74.88988953409535,13.366678445285011],[74.89327305927421,13.368653263127975],[74.89505475984245,13.368449781978331],[74.89759375816146,13.37169455184073],[74.90277275418356,13.371237655341563],[74.90555640687361,13.373460933052737],[74.90869531541074,13.373984835759847],[74.91295619817816,13.37638410861482],[74.9153803918039,13.381346090980324],[74.91788239480456,13.381824776247505],[74.91911120028173,13.38705806716235],[74.9217647526641,13.382999197205404],[74.926191430297,13.38211260341743],[74.9300922880615,13.383246216141787],[74.93321717569368,13.382269371419218],[74.93436224740655,13.383426093337249],[74.93617179664689,13.383538675132566],[74.93895008639466,13.381133702987935],[74.94138314010405,13.382538650793972],[74.94338183411904,13.382239868623127],[74.94599957067103,13.383649245114098],[74.94891240109891,13.383815673281598],[74.95147367134881,13.38160495943049],[74.95520786108538,13.380898831243242],[74.95575361906153,13.384134565825212],[74.95340897125419,13.385242523180658],[74.95554194633615,13.400305074658664],[74.95293371934977,13.4005182654119],[74.95085217012286,13.402050944637558],[74.9474017321334,13.411221777282488],[74.94130460129709,13.416709911756195],[74.9389130362791,13.416394133810014],[74.9385073570968,13.418712683201466],[74.93550764430957,13.423648558637346],[74.9359425609594,13.427413119939434],[74.93748490182692,13.42849742186515],[74.93676957426449,13.429713305882329],[74.9262808728549,13.435278872347343]]]}},{"type":"Feature","properties":{"type":"village","name":" ","taluk":"Udupi","district":"UDUPI","village_code":" "},"geometry":{"type":"Polygon","coordinates":[[[74.77702141270468,13.428628245788417],[74.77403079356307,13.425815956099884],[74.76590131243135,13.423747079193635],[74.75576230000901,13.42435696678611],[74.7492436095728,13.428778497578321],[74.74335960403761,13.429264993252286],[74.74133340720188,13.42544952301429],[74.73863850267203,13.422782605656781],[74.73918680108378,13.419528655312794],[74.73621200666422,13.417719602366796],[74.73776049021164,13.415615034262952],[74.7410592961744,13.415613589867133],[74.74310745502218,13.413337518846971],[74.74318130372508,13.411013404649546],[74.74822100877586,13.410213502916896],[74.74777127441536,13.405560210736116],[74.75224448657661,13.40584377926435],[74.7582675306565,13.409041946385576],[74.76404040470955,13.414454359372142],[74.76509751967805,13.414703405566778],[74.76996957214732,13.411505822352172],[74.77137773884736,13.411312091665764],[74.7740870532527,13.412885983602578],[74.77737688414744,13.41745192297926],[74.77702141270468,13.428628245788417]]]}},{"type":"Feature","properties":{"type":"village","name":"Tonse East (CT)","taluk":"Udupi","district":"UDUPI","village_code":"608847"},"geometry":{"type":"Polygon","coordinates":[[[74.71965453243519,13.413556512374708],[74.7115577284202,13.414109734055742],[74.70662092718187,13.410735265150082],[74.70676936569771,13.406209371917795],[74.7079428313601,13.403053145041795],[74.70924214201067,13.402612381649734],[74.71044030056355,13.398746677850738],[74.71066478595979,13.393057755114782],[74.71156438942805,13.393094159399098],[74.7125098509932,13.385939062319984],[74.71419403584409,13.386587561591911],[74.71357124733231,13.39189647495574],[74.71607080422051,13.393803824245662],[74.71954383663598,13.39277511093851],[74.72551721106717,13.39546394603709],[74.73375161183087,13.396745026371057],[74.73590451064753,13.399201996388614],[74.74021638807868,13.401817785085091],[74.73846825395938,13.404264952927688],[74.73424627992183,13.40717796833103],[74.71965453243519,13.413556512374708]]]}},{"type":"Feature","properties":{"type":"village","name":"Chanthar","taluk":"Udupi","district":"UDUPI","village_code":"608791"},"geometry":{"type":"Polygon","coordinates":[[[74.77665310074327,13.437269176328062],[74.76246425664465,13.437949962628077],[74.75812216707388,13.441929498851106],[74.75283670002936,13.439432205360651],[74.74721539062934,13.446343170127903],[74.74500645131201,13.447220148735855],[74.74173129619403,13.44087098930036],[74.74726740577924,13.440704635596502],[74.74698557013865,13.436352382268481],[74.74335960403761,13.429264993252286],[74.7492436095728,13.428778497578321],[74.75576230000901,13.42435696678611],[74.76590131243135,13.423747079193635],[74.77403079356307,13.425815956099884],[74.7792553943572,13.430224484833145],[74.78259348993554,13.430252900038893],[74.77665310074327,13.437269176328062]]]}},{"type":"Feature","properties":{"type":"village","name":"Cherkady","taluk":"Udupi","district":"UDUPI","village_code":"608797"},"geometry":{"type":"Polygon","coordinates":[[[74.81433657890246,13.444087863970715],[74.80676407211145,13.44462813435282],[74.80628290210592,13.447972346247166],[74.80326686243842,13.45094973467947],[74.80163912412674,13.44381764182668],[74.80091018618944,13.441923791797853],[74.79945134103265,13.441281583182542],[74.79930439821175,13.438750677113296],[74.79645279964858,13.43324513666234],[74.79101079397928,13.428918236263154],[74.79522710863051,13.425950427706459],[74.79888816112991,13.426516542042235],[74.80091992572379,13.425531949799074],[74.80670614604698,13.421357748797062],[74.8063787307872,13.420037991292254],[74.80846152867232,13.417873786942678],[74.81755651817313,13.418197041740251],[74.81775186940807,13.412235998097334],[74.81484115181773,13.402771639875894],[74.82413412821055,13.40292296781865],[74.83104844568106,13.409328374332553],[74.8325074758908,13.408347934841222],[74.83361156735872,13.404262591801357],[74.83813155659344,13.401655665231125],[74.83953943223932,13.402641119077337],[74.8406329172987,13.406871452737049],[74.84374865379307,13.41021626681688],[74.84485210206725,13.409674090048794],[74.84399861810572,13.405249474178069],[74.84505595226314,13.404119766334684],[74.85102929255837,13.408323546269887],[74.85100583125806,13.411930029846532],[74.85175829607269,13.412445323875136],[74.86052987320657,13.414258397610997],[74.86037728088084,13.417896507344977],[74.85517433307832,13.415952727300674],[74.85416748064664,13.420322893606105],[74.84801240398289,13.427467388276671],[74.84909267482445,13.428353320270043],[74.84778589019076,13.42985360322336],[74.85037130176558,13.430934046140022],[74.85013091259553,13.433727007328134],[74.84651110444578,13.433825993816905],[74.84585980071195,13.436139841048428],[74.83686497965355,13.440065854788886],[74.83349362125685,13.44454398770444],[74.8288856393451,13.444145409274013],[74.82602267439864,13.445324385117196],[74.8175786571533,13.441042602623552],[74.81433657890246,13.444087863970715]]]}},{"type":"Feature","properties":{"type":"village","name":"Kerebettu","taluk":"Karkal","district":"UDUPI","village_code":"608870"},"geometry":{"type":"Polygon","coordinates":[[[74.96556400260009,13.437139452767278],[74.96365787728017,13.439237100139588],[74.96066620890632,13.440019942879738],[74.95933263920578,13.4423568983898],[74.95933331384057,13.444318313326267],[74.96238753190765,13.450454649339617],[74.96043523228383,13.452931912738244],[74.96573289216168,13.45680777281723],[74.96463458674253,13.458629461733414],[74.96277390898945,13.459190492918884],[74.96052932721659,13.457930322917504],[74.95833636713151,13.459038275271794],[74.95690454329848,13.457913395103509],[74.95456859297973,13.4595501264154],[74.95165922286233,13.458615472040378],[74.95008483459708,13.459271233327776],[74.95092887367169,13.456111941582444],[74.9490093293181,13.455407817314194],[74.9494045000082,13.454155479882072],[74.94714615424854,13.452795765716822],[74.94629953161913,13.450637003751645],[74.94643084734737,13.444161907327477],[74.94492740892156,13.444471642060137],[74.94027685944175,13.440943172647472],[74.93341523804415,13.439159590974068],[74.93745457470294,13.436370216786978],[74.93637836783975,13.434702809390133],[74.94400981399481,13.432450293687316],[74.94680350176489,13.433696908842954],[74.94746477590004,13.437194742035292],[74.95296763344669,13.434698479168418],[74.96302421286526,13.436150566932533],[74.96405360133251,13.435508466924361],[74.96556400260009,13.437139452767278]]]}},{"type":"Feature","properties":{"type":"village","name":"Varamballi (CT)","taluk":"Udupi","district":"UDUPI","village_code":"608845"},"geometry":{"type":"Polygon","coordinates":[[[74.73415308060945,13.44465223877868],[74.72824328893405,13.444898862326763],[74.72592253990655,13.44604945433327],[74.72212074386,13.450266407956873],[74.71788427820032,13.45174610902071],[74.71722004321799,13.444178426348595],[74.71570357293236,13.440798565660954],[74.7189021852999,13.43932960574764],[74.71895078415676,13.435708918908853],[74.7231248052261,13.436172209171959],[74.72554735493487,13.431841166723817],[74.72646373623766,13.426776768618714],[74.74133340720188,13.42544952301429],[74.74698557013865,13.436352382268481],[74.74726740577924,13.440704635596502],[74.74270877910585,13.440378254394869],[74.73415308060945,13.44465223877868]]]}},{"type":"Feature","properties":{"type":"village","name":"Kenjoor","taluk":"Udupi","district":"UDUPI","village_code":"608805"},"geometry":{"type":"Polygon","coordinates":[[[74.90989319368927,13.457507794676554],[74.90559000206858,13.46046396880244],[74.90426427825376,13.456383097774463],[74.89801226618435,13.457640039921186],[74.89540377509324,13.462995700830415],[74.88530967394357,13.46512027224097],[74.87996695726599,13.461780523819218],[74.87712249941099,13.461590705691668],[74.87597270884791,13.462675348351034],[74.87420416410706,13.461450565836808],[74.86827973438409,13.462159929857185],[74.86924032537529,13.45797501440258],[74.87057021198315,13.456655399892343],[74.86872318323253,13.457251891083814],[74.86647446920935,13.456560323695088],[74.86812762265704,13.454219355943602],[74.87103659931235,13.455923273933491],[74.87220949274791,13.453243309203579],[74.87159999840405,13.452773275773747],[74.86829849030892,13.453627323369977],[74.86695483522271,13.452904159839001],[74.87060269236888,13.450097764751172],[74.87042729630963,13.44741775843515],[74.87286065903949,13.446143359587284],[74.87471684162284,13.443472434855224],[74.87740870715209,13.441990104393193],[74.88075160961553,13.442925616957348],[74.88452851514218,13.442414869603006],[74.8871325712507,13.440715504565059],[74.88782956779144,13.436417536095325],[74.89380855669319,13.433570032607465],[74.90053571107254,13.434166105947064],[74.90574883319398,13.437609385801043],[74.91273952992151,13.439691984564178],[74.91100407372582,13.443944961721545],[74.91312821208034,13.44517847809446],[74.90880671908238,13.44745680087622],[74.90689560901097,13.451199077605876],[74.91002203815218,13.454303532393043],[74.90989319368927,13.457507794676554]]]}},{"type":"Feature","properties":{"type":"village","name":"Neelavar","taluk":"Udupi","district":"UDUPI","village_code":"608796"},"geometry":{"type":"Polygon","coordinates":[[[74.80673104824498,13.46304463284273],[74.8006498238774,13.46234230942712],[74.79503150317234,13.458363439013775],[74.7875246192112,13.454921570391944],[74.78265627319074,13.458797386910511],[74.77999623856529,13.459582728133851],[74.775540332448,13.45943631522041],[74.77262796914404,13.456343843616615],[74.76961756370999,13.455849940125757],[74.76390087927795,13.45629029209708],[74.75682079029819,13.459170319606576],[74.75276173292394,13.459575061047376],[74.75090569496932,13.459131224035321],[74.75049525741096,13.458123193851943],[74.75195202027295,13.453798884748135],[74.75458412088634,13.453519998066888],[74.75772346600469,13.454601662285759],[74.75822734003069,13.453444942403461],[74.76013447056542,13.45320180309446],[74.75895401870505,13.449879495655079],[74.75902494878157,13.446449317416757],[74.7684223857672,13.443845929609065],[74.77010919369869,13.44043904642986],[74.770456922562,13.437162637914467],[74.77574795377139,13.437711708306447],[74.78334641917914,13.42933123070996],[74.79013363402011,13.428723595191478],[74.79564988904089,13.43186645810504],[74.79930439821175,13.438750677113296],[74.79945134103265,13.441281583182542],[74.80091018618944,13.441923791797853],[74.80326686243842,13.45094973467947],[74.80628290210592,13.447972346247166],[74.80676407211145,13.44462813435282],[74.81433657890246,13.444087863970715],[74.8154165380286,13.446008880954585],[74.81732357783346,13.445665880593571],[74.81868071034386,13.447166646724186],[74.81824983970606,13.453208968027226],[74.81562605030567,13.457461066625612],[74.8103331622786,13.461780212805321],[74.80673104824498,13.46304463284273]]]}},{"type":"Feature","properties":{"type":"village","name":"Kumragod","taluk":"Udupi","district":"UDUPI","village_code":"608788"},"geometry":{"type":"Polygon","coordinates":[[[74.73065238457477,13.463676960043417],[74.72554866557688,13.465075018603464],[74.72360399444644,13.46300906300117],[74.72302963680661,13.460518291685402],[74.71891775579871,13.45913743739222],[74.7180363198588,13.457988064961173],[74.71788427820032,13.45174610902071],[74.724133803733,13.448842233334426],[74.72592253990655,13.44604945433327],[74.7317668003803,13.444267857252898],[74.73415308060945,13.44465223877868],[74.7284238817472,13.453961553861681],[74.72999034956658,13.454617893152745],[74.73065238457477,13.463676960043417]]]}},{"type":"Feature","properties":{"type":"village","name":"Handady","taluk":"Udupi","district":"UDUPI","village_code":"608789"},"geometry":{"type":"Polygon","coordinates":[[[74.73364423530664,13.461869084127377],[74.73065238457477,13.463676960043417],[74.72999034956658,13.454617893152745],[74.7284238817472,13.453961553861681],[74.73415308060945,13.44465223877868],[74.74173129619403,13.44087098930036],[74.74500645131201,13.447220148735855],[74.74721539062934,13.446343170127903],[74.75283670002936,13.439432205360651],[74.75812216707388,13.441929498851106],[74.76246425664465,13.437949962628077],[74.770456922562,13.437162637914467],[74.77010919369869,13.44043904642986],[74.7684223857672,13.443845929609065],[74.75902494878157,13.446449317416757],[74.75895401870505,13.449879495655079],[74.76013447056542,13.45320180309446],[74.75822734003069,13.453444942403461],[74.75772346600469,13.454601662285759],[74.75458412088634,13.453519998066888],[74.75195202027295,13.453798884748135],[74.75064355668796,13.457092849859304],[74.75090569496932,13.459131224035321],[74.74527648039482,13.456471402351355],[74.7386199928856,13.456200656877122],[74.73657865135249,13.456885875599644],[74.73364423530664,13.461869084127377]]]}},{"type":"Feature","properties":{"type":"village","name":"Mudrady","taluk":"Karkal","district":"UDUPI","village_code":"608872"},"geometry":{"type":"Polygon","coordinates":[[[75.03765032497559,13.431645737284605],[75.0358230995854,13.434407621946056],[75.03809288808512,13.436139351760751],[75.03612706162977,13.439044747843214],[75.03313664191414,13.437761502604639],[75.03191281759524,13.44083819369276],[75.02981711630937,13.440602303883773],[75.0260602566883,13.445024216705932],[75.01582234783801,13.442177745925196],[75.01226544421603,13.438628887721588],[75.00756768467478,13.446853660109763],[75.0053841443238,13.447579187752517],[75.00433787022418,13.444159607752434],[75.00320310667918,13.443261613276333],[75.0005505702914,13.443281577366205],[74.9877962566498,13.438563470632397],[74.9782828714155,13.43384464022431],[74.97309736440424,13.432563124255427],[74.97343416616047,13.43195739993439],[74.97219182486859,13.431067543272643],[74.96971301816517,13.432469460077701],[74.96904325764552,13.43172400029825],[74.97061699642884,13.429992505103048],[74.96803905165065,13.425650290968342],[74.96942316236571,13.423132494383253],[74.96932547057857,13.421216305330429],[74.971379603223,13.420284564126481],[74.97113830136463,13.417157228985024],[74.97256871933428,13.415195282686135],[74.97643261501807,13.414443600187631],[74.97805335994525,13.415098280788843],[74.98183794786421,13.412502630351117],[74.98577680167027,13.414322309638317],[74.99237899769868,13.414925027129229],[74.99505112095294,13.412962393259086],[74.99597348862878,13.41100054814429],[75.0010700246977,13.409839345891484],[75.0021610959839,13.410448990051021],[75.0040281957929,13.408975420211549],[75.00583976444601,13.409489138078943],[75.01200812359953,13.405848711207089],[75.01503268827908,13.40296521141451],[75.02380940557306,13.39863115300309],[75.03238761944372,13.399019179948514],[75.03446581885295,13.430073505241136],[75.03765032497559,13.431645737284605]]]}},{"type":"Feature","properties":{"type":"village","name":"Haluvalli","taluk":"Udupi","district":"UDUPI","village_code":"608800"},"geometry":{"type":"Polygon","coordinates":[[[74.86237045744336,13.43989708470643],[74.86067581171099,13.441880981904513],[74.85796543729366,13.442567719890679],[74.85490949535951,13.434907069773983],[74.85335365460992,13.43358273325273],[74.85013091259553,13.433727007328134],[74.85037130176558,13.430934046140022],[74.84778589019076,13.42985360322336],[74.84909267482445,13.428353320270043],[74.84801240398289,13.427467388276671],[74.85416748064664,13.420322893606105],[74.85517433307832,13.415952727300674],[74.86037728088084,13.417896507344977],[74.86075601958777,13.415365669201298],[74.85967583408619,13.413480995941374],[74.85100583125806,13.411930029846532],[74.85102929255837,13.408323546269887],[74.85284369180293,13.40755092099],[74.85379955136752,13.405142174422236],[74.85736342142452,13.406421495725045],[74.85952407809195,13.404943825597337],[74.86186924063394,13.405581230937926],[74.86553486106655,13.403814362742208],[74.86824926083472,13.407158854973366],[74.87191484443638,13.406173752576551],[74.87839189616257,13.407995170649269],[74.88419948291484,13.405143369836411],[74.8927404741934,13.410896253400834],[74.88954134170133,13.41470626728136],[74.88808704830807,13.414163994914032],[74.88633273737288,13.415144762817366],[74.88246853356691,13.41529398671416],[74.88061258005395,13.413721254368676],[74.87940765089873,13.416274722916153],[74.87484167420966,13.417309633998476],[74.87193298142198,13.424138387663325],[74.87441220674032,13.430488202382957],[74.87215445476707,13.431961475946355],[74.86919479785836,13.436187016237103],[74.86538094731903,13.438297399421664],[74.86207046774915,13.43770967777599],[74.86237045744336,13.43989708470643]]]}},{"type":"Feature","properties":{"type":"village","name":"Padu","taluk":"Udupi","district":"UDUPI","village_code":"608832"},"geometry":{"type":"Polygon","coordinates":[[[74.7115577284202,13.414109734055742],[74.70437448140477,13.419090413315264],[74.69960392059629,13.428265801326885],[74.69885460168182,13.429758312810634],[74.69908226980911,13.438846625358316],[74.69389176457157,13.435483639004241],[74.69668982174721,13.414634677220924],[74.69715179295846,13.394245976645315],[74.70805398619841,13.394575357650643],[74.70807841408595,13.392911793611727],[74.71066478595979,13.393057755114782],[74.70991627103751,13.400899682960162],[74.70924214201067,13.402612381649734],[74.7079428313601,13.403053145041795],[74.70644545117258,13.409096229360083],[74.70733341966127,13.411530125840299],[74.7115577284202,13.414109734055742]]]}},{"type":"Feature","properties":{"type":"village","name":"Haradi","taluk":"Udupi","district":"UDUPI","village_code":"608787"},"geometry":{"type":"Polygon","coordinates":[[[74.72646373623766,13.426776768618714],[74.72554735493487,13.431841166723817],[74.7231248052261,13.436172209171959],[74.71895078415676,13.435708918908853],[74.7189021852999,13.43932960574764],[74.71570357293236,13.440798565660954],[74.71412807973927,13.438328241738894],[74.70970372694633,13.436764005273583],[74.70575481021248,13.436765239847967],[74.69908226980911,13.438846625358316],[74.69885460168182,13.429758312810634],[74.69960392059629,13.428265801326885],[74.70437448140477,13.419090413315264],[74.7115577284202,13.414109734055742],[74.71965453243519,13.413556512374708],[74.72414443259946,13.418435803013088],[74.7229149030802,13.420598774630507],[74.72232942519545,13.425033508260483],[74.72646373623766,13.426776768618714]]]}},{"type":"Feature","properties":{"type":"village","name":"Balkudru","taluk":"Udupi","district":"UDUPI","village_code":"608765"},"geometry":{"type":"Polygon","coordinates":[[[74.71582723860763,13.459056403393678],[74.71361879066873,13.461931371611865],[74.71319869172949,13.460343852110645],[74.70959012779215,13.458469951402138],[74.70908517938106,13.45403560814576],[74.70623220190392,13.453187922292548],[74.70564544122493,13.454885257606461],[74.6980099787022,13.453956771430455],[74.69932163400138,13.444622041189731],[74.69908226980911,13.438846625358316],[74.70777921311256,13.436642294381945],[74.71412807973927,13.438328241738894],[74.71643615443645,13.44196144506645],[74.71772465206593,13.447380948258001],[74.7180363198588,13.457988064961173],[74.71582723860763,13.459056403393678]]]}},{"type":"Feature","properties":{"type":"village","name":"Pejamangoor","taluk":"Udupi","district":"UDUPI","village_code":"608801"},"geometry":{"type":"Polygon","coordinates":[[[74.86085082778287,13.44871431931654],[74.85763258183647,13.447877980404103],[74.85401244131005,13.449305776045918],[74.84958434613564,13.449499633320134],[74.84958403981013,13.452242903209543],[74.84848038582174,13.45297943321487],[74.84983760996032,13.455786135265345],[74.84375145833339,13.457801006304594],[74.84239341942285,13.461199392832494],[74.84018176629502,13.459969788130236],[74.83937784508264,13.46297053591642],[74.84123852103907,13.464593281745145],[74.84837758441724,13.463464402876152],[74.85179921433388,13.46400260273688],[74.85144355693984,13.464938078248807],[74.84958258004781,13.465380767038067],[74.85033963166023,13.467694780390278],[74.84420272342311,13.467201393913328],[74.83899369492443,13.468673941154941],[74.83434026634417,13.461392427997623],[74.83095563623748,13.460948905370014],[74.82717930203935,13.456677334701148],[74.81824983970606,13.453208968027226],[74.81868071034386,13.447166646724186],[74.81732357783346,13.445665880593571],[74.8154165380286,13.446008880954585],[74.81433657890246,13.444087863970715],[74.8175786571533,13.441042602623552],[74.82602267439864,13.445324385117196],[74.8288856393451,13.444145409274013],[74.83349362125685,13.44454398770444],[74.83686497965355,13.440065854788886],[74.84585980071195,13.436139841048428],[74.84651110444578,13.433825993816905],[74.85109592509454,13.433333926825684],[74.85335365460992,13.43358273325273],[74.85490949535951,13.434907069773983],[74.85796543729366,13.442567719890679],[74.86067581171099,13.441880981904513],[74.86237045744336,13.43989708470643],[74.86085082778287,13.44871431931654]]]}},{"type":"Feature","properties":{"type":"village","name":"Hosoor","taluk":"Udupi","district":"UDUPI","village_code":"608807"},"geometry":{"type":"Polygon","coordinates":[[[74.87060269236888,13.450097764751172],[74.86332081662346,13.454386320564891],[74.86377319203085,13.457034711835496],[74.859058774131,13.455859342412475],[74.86216717498274,13.44200763007395],[74.86207046774915,13.43770967777599],[74.86538094731903,13.438297399421664],[74.86919479785836,13.436187016237103],[74.87215445476707,13.431961475946355],[74.87441220674032,13.430488202382957],[74.87198378474456,13.423103446594848],[74.87484167420966,13.417309633998476],[74.87940765089873,13.416274722916153],[74.88061258005395,13.413721254368676],[74.88246853356691,13.41529398671416],[74.88633273737288,13.415144762817366],[74.88808704830807,13.414163994914032],[74.88954134170133,13.41470626728136],[74.8927404741934,13.410896253400834],[74.89615249393309,13.414733017976017],[74.90744535281203,13.417434598225604],[74.91307500217113,13.429270210431355],[74.91860195882188,13.431583331835773],[74.92202408101527,13.436287461709194],[74.9262808728549,13.435278872347343],[74.92644330173297,13.439278507316333],[74.9180911515985,13.441327230989968],[74.91827603656206,13.44246157000905],[74.91576894909689,13.442959082409647],[74.91312821208034,13.44517847809446],[74.91100407372582,13.443944961721545],[74.91273952992151,13.439691984564178],[74.90574883319398,13.437609385801043],[74.90053571107254,13.434166105947064],[74.89380855669319,13.433570032607465],[74.88782956779144,13.436417536095325],[74.8871325712507,13.440715504565059],[74.88452851514218,13.442414869603006],[74.88075160961553,13.442925616957348],[74.87632365367998,13.442161832244471],[74.87286065903949,13.446143359587284],[74.87042729630963,13.44741775843515],[74.87060269236888,13.450097764751172]]]}},{"type":"Feature","properties":{"type":"village","name":" ","taluk":"Udupi","district":"UDUPI","village_code":" "},"geometry":{"type":"Polygon","coordinates":[[[74.94962294513249,13.458837502953907],[74.94499736163105,13.46312313808084],[74.94112948641055,13.469505495192687],[74.94000225434087,13.46763022737996],[74.93365733131826,13.466994457223944],[74.93146449340408,13.46953481865829],[74.9228192068227,13.465328930711951],[74.91380056064632,13.46345931661211],[74.91432213507667,13.462053715272388],[74.90989319368927,13.457507794676554],[74.91002203815218,13.454303532393043],[74.90689560901097,13.451199077605876],[74.90715860069186,13.449626300179123],[74.90880671908238,13.44745680087622],[74.91149850286492,13.446561627667702],[74.91576894909689,13.442959082409647],[74.91827603656206,13.44246157000905],[74.9180911515985,13.441327230989968],[74.92644330173297,13.439278507316333],[74.9262808728549,13.435278872347343],[74.93467832233422,13.430766796942418],[74.93514082714476,13.434065852682126],[74.93698788913305,13.434955755014514],[74.93745457470294,13.436370216786978],[74.93341523804415,13.439159590974068],[74.94027685944175,13.440943172647472],[74.94492740892156,13.444471642060137],[74.94643084734737,13.444161907327477],[74.9469290080882,13.452371003182185],[74.9494045000082,13.454155479882072],[74.9490093293181,13.455407817314194],[74.95092887367169,13.456111941582444],[74.94962294513249,13.458837502953907]]]}},{"type":"Feature","properties":{"type":"village","name":"Hebri","taluk":"Karkal","district":"UDUPI","village_code":"608868"},"geometry":{"type":"Polygon","coordinates":[[[75.05747969882798,13.433789669971592],[75.05582005774731,13.435135435366515],[75.05560034420186,13.44025323833419],[75.04760706204023,13.449182977674406],[75.03168240421644,13.47180711859582],[75.03534980331334,13.473795751861608],[75.03491211715745,13.476530824274938],[75.03630923907107,13.477172466608097],[75.03578245171711,13.484523135361822],[75.03390446612346,13.48482164602515],[75.02869136196836,13.483032313955814],[75.02087871124742,13.484566671411317],[75.01618837358704,13.481681676849778],[75.00648997043852,13.479648424369474],[75.0031201769071,13.476464868057926],[75.00172526125581,13.47338901123613],[74.99921119388085,13.472338814113373],[74.99573126869221,13.471971702625796],[74.98870809157894,13.473104715380446],[74.98429009616325,13.475958333034644],[74.98250251342655,13.474924139069925],[74.98631402205794,13.468667720183134],[74.98726328798834,13.464342268417832],[74.98480630944802,13.463507229879209],[74.98289817280019,13.461148908864084],[74.97843256757275,13.460269436343323],[74.97772992691709,13.458448402909344],[74.9753331992812,13.457929603031152],[74.9744781315898,13.455918804310238],[74.9706632012755,13.453705725982735],[74.96971063673136,13.450180950152204],[74.9714143231087,13.449836855802715],[74.97156625068115,13.448706953302464],[74.96775013998055,13.443009379744597],[74.96556400260009,13.437139452767278],[74.96818574294332,13.435027982081404],[74.97209608961215,13.434149803796213],[74.97309736440424,13.432563124255427],[74.97737780798695,13.433573831617263],[74.99703704990773,13.442188373684163],[75.00320310667918,13.443261613276333],[75.00433787022418,13.444159607752434],[75.0053841443238,13.447579187752517],[75.00756768467478,13.446853660109763],[75.01226544421603,13.438628887721588],[75.01582234783801,13.442177745925196],[75.0260602566883,13.445024216705932],[75.02981711630937,13.440602303883773],[75.03191281759524,13.44083819369276],[75.03313664191414,13.437761502604639],[75.03612706162977,13.439044747843214],[75.03809288808512,13.436139351760751],[75.0358230995854,13.434407621946056],[75.03765032497559,13.431645737284605],[75.03988432728933,13.432699557123364],[75.04374862990998,13.43184612085001],[75.05747969882798,13.433789669971592]]]}},{"type":"Feature","properties":{"type":"village","name":"Chara","taluk":"Karkal","district":"UDUPI","village_code":"608869"},"geometry":{"type":"Polygon","coordinates":[[[74.98379796581295,13.480405603246812],[74.98067623306405,13.480456601175849],[74.97822015014407,13.48207552097268],[74.97338070921452,13.482669425944877],[74.9697161523872,13.488220570189766],[74.96474235762713,13.488046065215464],[74.9621789080644,13.486957758687964],[74.96126940875499,13.487685278694533],[74.95919530296852,13.48606841392189],[74.9519262407923,13.485478595992967],[74.94807821025474,13.481556865806699],[74.94475289500794,13.480319450363085],[74.94056926466,13.481296697870615],[74.93510073084205,13.47793556306618],[74.93361386992652,13.478410425981432],[74.93125504490737,13.482550679661427],[74.93076163176285,13.48571886696444],[74.92886856704887,13.487319109741716],[74.92425524105948,13.488183187134261],[74.92027841097479,13.48479434058877],[74.92536168880841,13.478841429394397],[74.92553659079422,13.476003224697127],[74.93365733131826,13.466994457223944],[74.94000225434087,13.46763022737996],[74.94112948641055,13.469505495192687],[74.94499736163105,13.46312313808084],[74.94962294513249,13.458837502953907],[74.95456859297973,13.4595501264154],[74.95690454329848,13.457913395103509],[74.95833636713151,13.459038275271794],[74.96052932721659,13.457930322917504],[74.96277390898945,13.459190492918884],[74.96577934404503,13.45755345599187],[74.96367744797696,13.455032355630568],[74.96081414167067,13.453727202388192],[74.96043523228383,13.452931912738244],[74.96238753190765,13.450454649339617],[74.95923623919603,13.443992947914909],[74.96066620890632,13.440019942879738],[74.96365787728017,13.439237100139588],[74.96556400260009,13.437139452767278],[74.96775013998055,13.443009379744597],[74.97156625068115,13.448706953302464],[74.9714143231087,13.449836855802715],[74.96971063673136,13.450180950152204],[74.9706632012755,13.453705725982735],[74.9744781315898,13.455918804310238],[74.9753331992812,13.457929603031152],[74.97772992691709,13.458448402909344],[74.97843256757275,13.460269436343323],[74.98289817280019,13.461148908864084],[74.98480630944802,13.463507229879209],[74.98726328798834,13.464342268417832],[74.98631402205794,13.468667720183134],[74.98250251342655,13.474924139069925],[74.98379796581295,13.480405603246812]]]}},{"type":"Feature","properties":{"type":"village","name":"Kadur","taluk":"Udupi","district":"UDUPI","village_code":"608785"},"geometry":{"type":"Polygon","coordinates":[[[74.84147668508214,13.478083680359287],[74.83981422688474,13.47808342614899],[74.83981386396538,13.480474179075118],[74.83252636925785,13.482203861800308],[74.83150103219253,13.482944848189025],[74.83108496758723,13.485285808265184],[74.82520603663511,13.485845021968863],[74.82171879107521,13.488442894206166],[74.81828735514897,13.489101919342977],[74.81438526759084,13.48813379903809],[74.81209438934316,13.48920429233886],[74.80962391900556,13.488335901618038],[74.80853984290049,13.48412806094271],[74.80936830788308,13.477548075255767],[74.80673104824498,13.46304463284273],[74.8103331622786,13.461780212805321],[74.81562605030567,13.457461066625612],[74.81788507788663,13.45313656995831],[74.82595119365486,13.455940419428503],[74.83095563623748,13.460948905370014],[74.8348434837017,13.461984555817054],[74.8402724296634,13.471241150574174],[74.84147668508214,13.478083680359287]]]}},{"type":"Feature","properties":{"type":"village","name":"Nadur","taluk":"Udupi","district":"UDUPI","village_code":"608779"},"geometry":{"type":"Polygon","coordinates":[[[74.80962391900556,13.488335901618038],[74.80733355908582,13.487512731806904],[74.79413820767402,13.491557982987368],[74.79410762542851,13.486460117619275],[74.79292122492433,13.48515813386371],[74.78877876167093,13.485296782655858],[74.78503752644757,13.486859114757184],[74.77971845791986,13.484394011330265],[74.77881373674947,13.483358714746789],[74.77997425319703,13.479897332931229],[74.7855952553732,13.477436423369909],[74.78613285125667,13.472325205236038],[74.78469752040074,13.470187004067284],[74.7854977782834,13.466531122606934],[74.78905331916111,13.46680810187813],[74.78900178999977,13.46883276676502],[74.79003106977083,13.47017087035249],[74.79139311516755,13.47074530872827],[74.79325438041883,13.469896306123882],[74.79412279977028,13.46908763061255],[74.79478533873333,13.46259801974764],[74.79647649361249,13.459285871226049],[74.8006498238774,13.46234230942712],[74.80673104824498,13.46304463284273],[74.80936830788308,13.477548075255767],[74.80853984290049,13.48412806094271],[74.80962391900556,13.488335901618038]]]}},{"type":"Feature","properties":{"type":"village","name":"Hosala","taluk":"Udupi","district":"UDUPI","village_code":"608769"},"geometry":{"type":"Polygon","coordinates":[[[74.75203029767015,13.481050767872517],[74.73986406523102,13.489904498903858],[74.7395809441012,13.491957199599351],[74.73524462261285,13.490508284997507],[74.72958021114722,13.490250572694222],[74.72729544683335,13.488633880774879],[74.73243036432109,13.481526279770755],[74.73680718006582,13.480183139843302],[74.73894597443422,13.478129206711559],[74.73894505186439,13.47615832136014],[74.74039514383708,13.474103682733215],[74.73859162139397,13.46800119379024],[74.74148497185493,13.464934089286448],[74.74229459467442,13.461867900353129],[74.74016849529764,13.460828657875872],[74.73863102329896,13.462526486792193],[74.73364423530664,13.461869084127377],[74.73657865135249,13.456885875599644],[74.7386199928856,13.456200656877122],[74.74527648039482,13.456471402351355],[74.75090569496932,13.459131224035321],[74.75682079029819,13.459170319606576],[74.75712044671741,13.460151170797925],[74.75678033287271,13.466252167764543],[74.75502063923233,13.4669382522957],[74.75426657900981,13.46964046819386],[74.75446651973753,13.476040003391761],[74.75637289209412,13.477685992037937],[74.75614506676169,13.48078165058527],[74.75203029767015,13.481050767872517]]]}},{"type":"Feature","properties":{"type":"village","name":"Herady","taluk":"Udupi","district":"UDUPI","village_code":"608776"},"geometry":{"type":"Polygon","coordinates":[[[74.75938579214974,13.492542619070493],[74.75087900871718,13.49259717488378],[74.75070882378493,13.491277431715922],[74.74764023536827,13.48992831487089],[74.74512098920566,13.486316206394768],[74.75203029767015,13.481050767872517],[74.75614506676169,13.48078165058527],[74.75637289209412,13.477685992037937],[74.75446651973753,13.476040003391761],[74.75426657900981,13.46964046819386],[74.75874023943037,13.471617614182026],[74.76408048304596,13.477120191680351],[74.7673776352103,13.477216584052442],[74.7678813331665,13.476453032784569],[74.77175477434852,13.47871440410874],[74.78089746888249,13.469209365204371],[74.78512744421428,13.468948855356242],[74.78469752040074,13.470187004067284],[74.78613285125667,13.472325205236038],[74.7855952553732,13.477436423369909],[74.77997425319703,13.479897332931229],[74.77654039631106,13.486408375838051],[74.77291897478707,13.488341164681048],[74.76167711506348,13.49110202138014],[74.75938579214974,13.492542619070493]]]}},{"type":"Feature","properties":{"type":"village","name":"Kodi","taluk":"Udupi","district":"UDUPI","village_code":"608764"},"geometry":{"type":"Polygon","coordinates":[[[74.69451116194314,13.486297317734348],[74.69561914221795,13.497095838159643],[74.69318495303806,13.495043469025756],[74.69083512644312,13.49449658992551],[74.68727333329106,13.49559033289711],[74.68946337924133,13.464558139336027],[74.69531703429632,13.456059421797978],[74.69171422676332,13.455641406187983],[74.69385089661607,13.447035741176968],[74.69398848797485,13.443151017430516],[74.69297801084102,13.440406477054685],[74.69389176457157,13.435483639004241],[74.69908226980911,13.438846625358316],[74.69932163400138,13.444622041189731],[74.69618193764177,13.460415271271572],[74.69612727695335,13.4648224166606],[74.69856432816576,13.477358799027522],[74.69451116194314,13.486297317734348]]]}},{"type":"Feature","properties":{"type":"village","name":"Nalkur","taluk":"Udupi","district":"UDUPI","village_code":"608804"},"geometry":{"type":"Polygon","coordinates":[[[74.8967934400917,13.506655316759943],[74.89187807355434,13.503764750742004],[74.8884875918219,13.506136758658727],[74.88688048511735,13.505592416217562],[74.88341921614052,13.50687997411357],[74.88200637640439,13.504840848057773],[74.88252666804055,13.501201722789833],[74.88002285673117,13.49385910139432],[74.8778107122249,13.49253944381782],[74.87846186414343,13.490754290866297],[74.87737657082113,13.485819124806653],[74.87216281538743,13.482126706360813],[74.87385765335924,13.479541659339334],[74.87147025293093,13.475202992072482],[74.87446727706052,13.47300212320506],[74.87419492583268,13.461635861267215],[74.87597270884791,13.462675348351034],[74.87712249941099,13.461590705691668],[74.87996695726599,13.461780523819218],[74.88530967394357,13.46512027224097],[74.89540377509324,13.462995700830415],[74.89801226618435,13.457640039921186],[74.90426427825376,13.456383097774463],[74.90559000206858,13.46046396880244],[74.90989319368927,13.457507794676554],[74.91432213507667,13.462053715272388],[74.91380056064632,13.46345931661211],[74.9228192068227,13.465328930711951],[74.93146449340408,13.46953481865829],[74.92553659079422,13.476003224697127],[74.92536168880841,13.478841429394397],[74.92027841097479,13.48479434058877],[74.92425524105948,13.488183187134261],[74.9157124845914,13.492997721877055],[74.90855904188047,13.494395157353757],[74.90671713262861,13.500510083383425],[74.90421882529702,13.502580443856747],[74.90106452322917,13.5032631852073],[74.8967934400917,13.506655316759943]]]}},{"type":"Feature","properties":{"type":"village","name":"Kudi (82)","taluk":"Udupi","district":"UDUPI","village_code":"608816"},"geometry":{"type":"Polygon","coordinates":[[[74.88341921614052,13.50687997411357],[74.87985192889215,13.506361565864353],[74.87886291700202,13.505359243015796],[74.87829784434896,13.50370028259606],[74.87913426840495,13.501201794416014],[74.87763524519875,13.497515276735657],[74.8736819860088,13.496154892805372],[74.8692299228843,13.49736143518714],[74.86616813291768,13.493858779939972],[74.8640349413417,13.485366751263628],[74.85738074273984,13.479631174871507],[74.84841780289081,13.475015958230502],[74.8461272839693,13.475422413047202],[74.8429590391499,13.478115531772067],[74.84147668508214,13.478083680359287],[74.84060012968915,13.472343930764524],[74.83899369492443,13.468673941154941],[74.84591591307787,13.467102199315736],[74.84953609582512,13.468137588132041],[74.85063985401808,13.467053061086334],[74.84958258004781,13.465380767038067],[74.85144355693984,13.464938078248807],[74.85179921433388,13.46400260273688],[74.84837758441724,13.463464402876152],[74.84123852103907,13.464593281745145],[74.83937784508264,13.46297053591642],[74.83988157088665,13.460313215311789],[74.84239341942285,13.461199392832494],[74.84375145833339,13.457801006304594],[74.84953742802666,13.456179287279348],[74.84848038582174,13.45297943321487],[74.84958403981013,13.452242903209543],[74.84958434613564,13.449499633320134],[74.85401244131005,13.449305776045918],[74.85763258183647,13.447877980404103],[74.86085082778287,13.44871431931654],[74.85885566414694,13.455023238997926],[74.86171839193817,13.456989385903613],[74.86377319203085,13.457034711835496],[74.86332081662346,13.454386320564891],[74.8652278968525,13.453107445426987],[74.86829849030892,13.453627323369977],[74.87051490091447,13.452560830366073],[74.87220949274791,13.453243309203579],[74.87103659931235,13.455923273933491],[74.86812762265704,13.454219355943602],[74.86647446920935,13.456560323695088],[74.86872318323253,13.457251891083814],[74.87057021198315,13.456655399892343],[74.86924032537529,13.45797501440258],[74.86827973438409,13.462159929857185],[74.87420416410706,13.461450565836808],[74.87446727706052,13.47300212320506],[74.87147025293093,13.475202992072482],[74.87385765335924,13.479541659339334],[74.87216281538743,13.482126706360813],[74.87737657082113,13.485819124806653],[74.87846186414343,13.490754290866297],[74.8778107122249,13.49253944381782],[74.88002285673117,13.49385910139432],[74.88252666804055,13.501201722789833],[74.88165313997004,13.503976781167864],[74.88341921614052,13.50687997411357]]]}},{"type":"Feature","properties":{"type":"village","name":"Kuchchur","taluk":"Karkal","district":"UDUPI","village_code":"608866"},"geometry":{"type":"Polygon","coordinates":[[[75.0214106198968,13.505907649386087],[75.01815407607494,13.507203314861194],[75.01107548638336,13.513477541818299],[75.01003663057135,13.512866894388727],[75.00792234224392,13.510764408418378],[75.00677020258638,13.505792389337348],[75.00361146823093,13.50263691380223],[75.00050018288877,13.49676668013775],[74.99498353081263,13.491405350054643],[74.99174378189329,13.4864174432296],[74.99123911914647,13.483715085869312],[74.98842517077344,13.480371992776142],[74.98566865978141,13.481308690145514],[74.9838582292938,13.480916267795577],[74.98250251342655,13.474924139069925],[74.98429009616325,13.475958333034644],[74.98870809157894,13.473104715380446],[74.99573126869221,13.471971702625796],[74.99921119388085,13.472338814113373],[75.00172526125581,13.47338901123613],[75.0031201769071,13.476464868057926],[75.00648997043852,13.479648424369474],[75.01618837358704,13.481681676849778],[75.02087871124742,13.484566671411317],[75.02869136196836,13.483032313955814],[75.0312222736532,13.483780789375668],[75.02173443021738,13.501203241789531],[75.0214106198968,13.505907649386087]]]}},{"type":"Feature","properties":{"type":"village","name":"Hanehalli","taluk":"Udupi","district":"UDUPI","village_code":"608778"},"geometry":{"type":"Polygon","coordinates":[[[74.78512744421428,13.468948855356242],[74.78089746888249,13.469209365204371],[74.77175477434852,13.47871440410874],[74.7678813331665,13.476453032784569],[74.7673776352103,13.477216584052442],[74.76408048304596,13.477120191680351],[74.75874023943037,13.471617614182026],[74.75426657900981,13.46964046819386],[74.75502063923233,13.4669382522957],[74.75678033287271,13.466252167764543],[74.75682079029819,13.459170319606576],[74.76390087927795,13.45629029209708],[74.77262796914404,13.456343843616615],[74.775540332448,13.45943631522041],[74.77999623856529,13.459582728133851],[74.78265627319074,13.458797386910511],[74.7875246192112,13.454921570391944],[74.79647649361249,13.459285871226049],[74.79478533873333,13.46259801974764],[74.79412279977028,13.46908763061255],[74.79325438041883,13.469896306123882],[74.79139311516755,13.47074530872827],[74.79003106977083,13.47017087035249],[74.78900178999977,13.46883276676502],[74.78905331916111,13.46680810187813],[74.7854977782834,13.466531122606934],[74.78512744421428,13.468948855356242]]]}},{"type":"Feature","properties":{"type":"village","name":" ","taluk":"Udupi","district":"UDUPI","village_code":" "},"geometry":{"type":"Polygon","coordinates":[[[74.71582723860763,13.459056403393678],[74.71852155474097,13.464701664410738],[74.71748733962573,13.466371812358336],[74.71396342842918,13.466893123929124],[74.71169482660393,13.477863790969662],[74.70239595456792,13.476385948752853],[74.70235339867794,13.474483507769886],[74.7012904536433,13.4742100824108],[74.69829836395958,13.476537668778741],[74.69598690261381,13.462988431354916],[74.6980099787022,13.453956771430455],[74.70564544122493,13.454885257606461],[74.70623220190392,13.453187922292548],[74.70908517938106,13.45403560814576],[74.70959012779215,13.458469951402138],[74.71319869172949,13.460343852110645],[74.71361879066873,13.461931371611865],[74.71582723860763,13.459056403393678]]]}},{"type":"Feature","properties":{"type":"village","name":" ","taluk":"Udupi","district":"UDUPI","village_code":" "},"geometry":{"type":"Polygon","coordinates":[[[74.72729544683335,13.488633880774879],[74.72317608735075,13.491617026325814],[74.71987555302937,13.492028844295623],[74.71945674676581,13.494027254275903],[74.70919209596786,13.497425049011403],[74.70986382110303,13.49851976911491],[74.70427677434625,13.497421868582657],[74.70178627067953,13.494438902994515],[74.69532470321391,13.494563875895285],[74.69438660334247,13.490937145662524],[74.69451116194314,13.486297317734348],[74.69658009972176,13.483066703264939],[74.69829836395958,13.476537668778741],[74.7012904536433,13.4742100824108],[74.70235339867794,13.474483507769886],[74.70239595456792,13.476385948752853],[74.71316517199298,13.478285023567619],[74.71202196158936,13.488331451818317],[74.7135883719166,13.488330928569377],[74.71423078771898,13.485784983980945],[74.71716848800551,13.4876727329154],[74.71688936976864,13.489260490285252],[74.7177847556466,13.49002662908639],[74.71926719774929,13.489861860070798],[74.72108436110999,13.487315473189854],[74.72116746605354,13.485262435598026],[74.72175464534745,13.484714752273536],[74.72421650892628,13.48569927243076],[74.7248024431552,13.484254407221506],[74.72729544683335,13.488633880774879]]]}},{"type":"Feature","properties":{"type":"village","name":"Pandeshwara","taluk":"Udupi","district":"UDUPI","village_code":"608767"},"geometry":{"type":"Polygon","coordinates":[[[74.7260317229428,13.478649921337993],[74.72421650892628,13.48569927243076],[74.72175464534745,13.484714752273536],[74.72116746605354,13.485262435598026],[74.72108436110999,13.487315473189854],[74.71926719774929,13.489861860070798],[74.7177847556466,13.49002662908639],[74.71688936976864,13.489260490285252],[74.71716848800551,13.4876727329154],[74.71423078771898,13.485784983980945],[74.7135883719166,13.488330928569377],[74.71202196158936,13.488331451818317],[74.71316517199298,13.478285023567619],[74.71169482660393,13.477863790969662],[74.71396342842918,13.466893123929124],[74.71748733962573,13.466371812358336],[74.71852155474097,13.464701664410738],[74.71582723860763,13.459056403393678],[74.7180363198588,13.457988064961173],[74.71995281263537,13.459739281319541],[74.72266593320258,13.460231006665284],[74.72360399444644,13.46300906300117],[74.72554866557688,13.465075018603464],[74.73364423530664,13.461869084127377],[74.73863102329896,13.462526486792193],[74.74016849529764,13.460828657875872],[74.7417627731616,13.46099218798823],[74.74265863424837,13.462798431596497],[74.73859162139397,13.46800119379024],[74.72773393877804,13.469191734934151],[74.72734301083104,13.470724801800548],[74.73103665780219,13.47455560935014],[74.72645019323645,13.476035597042195],[74.72659043193039,13.476966239156251],[74.72859024794118,13.476828585779845],[74.72910817790643,13.477950689898275],[74.72831143333485,13.47892276331502],[74.7260317229428,13.478649921337993]]]}},{"type":"Feature","properties":{"type":"village","name":"Moodahadu","taluk":"Udupi","district":"UDUPI","village_code":"608768"},"geometry":{"type":"Polygon","coordinates":[[[74.73859162139397,13.46800119379024],[74.74039514383708,13.474103682733215],[74.73894505186439,13.47615832136014],[74.73894597443422,13.478129206711559],[74.73680718006582,13.480183139843302],[74.73243036432109,13.481526279770755],[74.72729544683335,13.488633880774879],[74.72494276539247,13.483262760756135],[74.7260317229428,13.478649921337993],[74.72831143333485,13.47892276331502],[74.72910796141247,13.477444282070973],[74.72659043193039,13.476966239156251],[74.72645019323645,13.476035597042195],[74.73103665780219,13.47455560935014],[74.72734301083104,13.470724801800548],[74.72773393877804,13.469191734934151],[74.73859162139397,13.46800119379024]]]}},{"type":"Feature","properties":{"type":"village","name":" ","taluk":"Udupi","district":"UDUPI","village_code":" "},"geometry":{"type":"Polygon","coordinates":[[[74.73600391013203,13.499376937668664],[74.73309437562293,13.498584335618885],[74.73203218157981,13.5003366713966],[74.72772602282379,13.501197648830738],[74.72660264273003,13.502728572071051],[74.72182796763757,13.504414815365342],[74.71924591216865,13.504361422232964],[74.71755171559393,13.502772685668475],[74.71856423909,13.500816176061113],[74.71607418817416,13.499612623650584],[74.71612960165079,13.498189188375807],[74.70986382110303,13.49851976911491],[74.70919209596786,13.497425049011403],[74.71945674676581,13.494027254275903],[74.71987555302937,13.492028844295623],[74.72317608735075,13.491617026325814],[74.72729544683335,13.488633880774879],[74.72958021114722,13.490250572694222],[74.73524462261285,13.490508284997507],[74.7395809441012,13.491957199599351],[74.73555353257781,13.493190746218794],[74.73519100936005,13.495654505366632],[74.73684273089319,13.498582751963484],[74.73600391013203,13.499376937668664]]]}},{"type":"Feature","properties":{"type":"village","name":"Saligram (TP)","taluk":"Udupi","district":"UDUPI","village_code":"803140"},"geometry":{"type":"Polygon","coordinates":[[[74.70564939920207,13.506838260696954],[74.69551533020878,13.506243455896144],[74.69068478799043,13.507738945166107],[74.68636814589502,13.507001335692214],[74.68727333329106,13.49559033289711],[74.69083512644312,13.49449658992551],[74.69318495303806,13.495043469025756],[74.69561914221795,13.497095838159643],[74.69532470321391,13.494563875895285],[74.7012547536956,13.494302189978832],[74.70427677434625,13.497421868582657],[74.70986382110303,13.49851976911491],[74.70564939920207,13.506838260696954]]]}},{"type":"Feature","properties":{"type":"village","name":"Albadi","taluk":"Kundapura","district":"UDUPI","village_code":"608753"},"geometry":{"type":"Polygon","coordinates":[[[74.98919679126317,13.532958518188527],[74.97930916428825,13.53997867510404],[74.97757976273758,13.543573752713904],[74.96079914339869,13.540400196250594],[74.95977505139837,13.541333617739939],[74.95224997834934,13.53870932120995],[74.94765799812775,13.539194439420998],[74.9484074329249,13.535236893722114],[74.94741751822791,13.53257593378653],[74.94176549632662,13.531436850424067],[74.93876174740885,13.526668153722865],[74.930653871658,13.52085492489673],[74.93330221201508,13.517570958364503],[74.9354750031254,13.508372673042189],[74.94185754220221,13.511811739348037],[74.9436903092994,13.51182452580436],[74.94680862934852,13.514395229837389],[74.95026701473329,13.51123522309554],[74.95375042897854,13.5142124393097],[74.9617036121425,13.513911639423732],[74.96094574575811,13.512822779164448],[74.96161987209004,13.512402259093829],[74.96467819186472,13.514403276858804],[74.97587802211112,13.513649006951267],[74.97968574075033,13.518198464881447],[74.98468850078841,13.519809800661037],[74.98797565111033,13.516744261162634],[74.98851873120861,13.518270090342794],[74.99148542102766,13.517577511712748],[74.9923346999754,13.520825916050564],[74.98866198914023,13.522486482298861],[74.9876740076177,13.524733484913574],[74.98965464459717,13.53012423417207],[74.98919679126317,13.532958518188527]]]}},{"type":"Feature","properties":{"type":"village","name":"Billadi","taluk":"Udupi","district":"UDUPI","village_code":"608774"},"geometry":{"type":"Polygon","coordinates":[[[74.81925558810826,13.54322748997115],[74.81806207384537,13.542136854623944],[74.81219034199192,13.544675257936964],[74.80647484423437,13.540865571671914],[74.80809035916998,13.539371045795207],[74.8087630517907,13.534204214358653],[74.80733290780725,13.532372008406142],[74.80507216713903,13.532630564284256],[74.80547868714446,13.531490156266669],[74.80037011904062,13.526140781147081],[74.80093564174966,13.525000343795657],[74.79609772526116,13.5211451782401],[74.7951011190136,13.515659458730546],[74.79594697178682,13.514729059153593],[74.79944406288224,13.513727892976975],[74.81357240724307,13.513662887735304],[74.82420438634723,13.511764509199836],[74.83264579757993,13.513356090076806],[74.83401422281177,13.514747471285423],[74.83500186926273,13.522212986152661],[74.8365556941928,13.52466706601206],[74.83616588374997,13.53182133014053],[74.82818184255768,13.536416566710404],[74.82320004111348,13.541288667631978],[74.81925558810826,13.54322748997115]]]}},{"type":"Feature","properties":{"type":"village","name":"Vaddarse","taluk":"Udupi","district":"UDUPI","village_code":"608763"},"geometry":{"type":"Polygon","coordinates":[[[74.7465982857584,13.514368347910018],[74.74542073455808,13.519327090290028],[74.74303373118514,13.521039782950146],[74.73781476821773,13.523188392146027],[74.73357413796839,13.522645562958509],[74.73045576671528,13.520855020099319],[74.73199248682404,13.511141766159982],[74.72779882229439,13.508277210383863],[74.72667359167119,13.506416628626125],[74.7241334138642,13.506988139320251],[74.72545098906107,13.504033091809514],[74.72470130093903,13.503870370291787],[74.72436879043494,13.505473421912091],[74.72295261615244,13.504944176875386],[74.72030165900291,13.506208478584645],[74.71924591216865,13.504361422232964],[74.72182796763757,13.504414815365342],[74.72660264273003,13.502728572071051],[74.72772602282379,13.501197648830738],[74.73203218157981,13.5003366713966],[74.73309437562293,13.498584335618885],[74.73429720721192,13.49858383422992],[74.73600391013203,13.499376937668664],[74.7332576138831,13.501196874044755],[74.73600167692025,13.505020447971816],[74.7377021652952,13.504911043282837],[74.7381681645522,13.50696204005977],[74.74029268109744,13.508142922173516],[74.74155579772689,13.50781633864642],[74.74169574087507,13.510152740829506],[74.74405605170772,13.510824081133304],[74.7465982857584,13.514368347910018]]]}},{"type":"Feature","properties":{"type":"village","name":"Nanchar","taluk":"Udupi","district":"UDUPI","village_code":"608803"},"geometry":{"type":"Polygon","coordinates":[[[74.91803147471754,13.523232152594163],[74.91429147467771,13.523933758045455],[74.91058302886059,13.526630078848424],[74.9042958360697,13.528842690236418],[74.90302416658047,13.528531824656868],[74.90182292321286,13.526458166269018],[74.89952695241584,13.526043631210452],[74.89376906944824,13.522345991254022],[74.89182642132383,13.52441974221385],[74.8903428832765,13.524488947346427],[74.89147362686062,13.529915158086308],[74.8909438220656,13.531263045206412],[74.88084130909158,13.529500690182408],[74.87734433657378,13.531643510281176],[74.87236372539732,13.528498360708069],[74.86770139091934,13.521326549389117],[74.86837268306653,13.51500183806026],[74.86604164383745,13.512133035649423],[74.86579476344119,13.504322109569577],[74.86964548173809,13.500534051153764],[74.8692299228843,13.49736143518714],[74.87116501707548,13.496322044776585],[74.87511827177384,13.496195593072464],[74.87763524519875,13.497515276735657],[74.87913426840495,13.501201794416014],[74.87840379884008,13.50428784560876],[74.87985192889215,13.506361565864353],[74.88218305885108,13.507052806602022],[74.88603288062936,13.50649111213013],[74.88688048511735,13.505592416217562],[74.8884875918219,13.506136758658727],[74.89187807355434,13.503764750742004],[74.8967934400917,13.506655316759943],[74.8945991496017,13.50891736289057],[74.90336623066759,13.518276303034956],[74.91239111474532,13.51813060998882],[74.91803147471754,13.523232152594163]]]}},{"type":"Feature","properties":{"type":"village","name":"Kotathattu","taluk":"Udupi","district":"UDUPI","village_code":"608760"},"geometry":{"type":"Polygon","coordinates":[[[74.6986654757718,13.525722206058726],[74.68456156828162,13.525657288808844],[74.68636814589502,13.507001335692214],[74.69068478799043,13.507738945166107],[74.69551533020878,13.506243455896144],[74.70564939920207,13.506838260696954],[74.70474987837886,13.515450858202069],[74.70236223091385,13.515927013422692],[74.70394553765323,13.518072832695953],[74.7056808447286,13.51797721757779],[74.70480077692287,13.522514574733371],[74.70377383277152,13.523737452734863],[74.6986654757718,13.525722206058726]]]}},{"type":"Feature","properties":{"type":"village","name":"Achalady","taluk":"Udupi","district":"UDUPI","village_code":"608771"},"geometry":{"type":"Polygon","coordinates":[[[74.76271968091761,13.518518235431989],[74.76354732214506,13.523694175374157],[74.76132052162491,13.526769127135456],[74.76216807221401,13.527287992328235],[74.7616018506157,13.529465099672942],[74.7588822460088,13.528807165132758],[74.75725673821397,13.530257993826174],[74.75269721771686,13.531062634933138],[74.75144678440095,13.5286576452193],[74.74841080932065,13.527991048764601],[74.74542478596003,13.52573750104826],[74.74513412796502,13.527530733943948],[74.74191301190129,13.52711110186977],[74.74023403188917,13.528986457023338],[74.7391788545868,13.528891834961698],[74.73820607705044,13.526868234057291],[74.73781476821773,13.523188392146027],[74.74542073455808,13.519327090290028],[74.7465982857584,13.514368347910018],[74.75754561305315,13.51742704406599],[74.75948767457768,13.518844978984701],[74.76271968091761,13.518518235431989]]]}},{"type":"Feature","properties":{"type":"village","name":"Nadpalu","taluk":"Karkal","district":"UDUPI","village_code":"608867"},"geometry":{"type":"Polygon","coordinates":[[[75.07686293068274,13.514322319251448],[75.04387629488488,13.515271370956096],[75.03806218277039,13.513244663689834],[75.03697562012862,13.516525326236374],[75.03200648762487,13.514959740003935],[75.02993223900629,13.516170205951648],[75.02486579470276,13.515612231964889],[75.02458464268008,13.51430597539831],[75.02095490814646,13.51308425435652],[75.01987526971884,13.510480619986824],[75.02170915881183,13.5097628438924],[75.02173443021738,13.501203241789531],[75.0312222736532,13.483780789375668],[75.03578245171711,13.484523135361822],[75.03630923907107,13.477172466608097],[75.03491211715745,13.476530824274938],[75.03534980331334,13.473795751861608],[75.03168240421644,13.47180711859582],[75.04760706204023,13.449182977674406],[75.05560034420186,13.44025323833419],[75.05582005774731,13.435135435366515],[75.07032024265203,13.416633656206455],[75.07418481027564,13.413023122333751],[75.07320411229345,13.405693282432948],[75.05900302325924,13.37257839778626],[75.11907757222049,13.368393119618972],[75.12775906629767,13.366378523878689],[75.12732555101967,13.37061071482019],[75.12934741887405,13.377520962653813],[75.12711790903502,13.385258180206026],[75.1319280603947,13.391232797386998],[75.13958622244634,13.386826173354747],[75.14224993926616,13.389076677709568],[75.14310410594733,13.39184253678056],[75.14637250932759,13.392868226061752],[75.14656087795785,13.395665904794186],[75.14241690283978,13.40122487433237],[75.13991048461948,13.406820027573197],[75.14312372784808,13.408234402568844],[75.14534048969492,13.418330637704805],[75.1495048862143,13.41903537414897],[75.15091385690651,13.427106929867868],[75.15498175010987,13.430319798651968],[75.1487632416073,13.436882540985918],[75.15194462788095,13.438441475821472],[75.15303905078149,13.439982483270674],[75.15267924137424,13.442942715328842],[75.15429582261007,13.447593013837183],[75.15454581387215,13.453183476207208],[75.14794299261634,13.454829119727707],[75.14415201408244,13.454757059381333],[75.14558364118444,13.457247198704358],[75.14234218277112,13.457830354792856],[75.14075856701123,13.461378142303467],[75.13264077835123,13.460750214787122],[75.12669330414629,13.462187398626524],[75.11580053962358,13.456854189101728],[75.11479382732905,13.458765836954255],[75.11124741423298,13.460704430898495],[75.11199054465345,13.465797831741382],[75.11313107268762,13.46661139577536],[75.10398189680886,13.482505327989532],[75.1018384249128,13.489464951325399],[75.0968142346653,13.486495126651388],[75.09205251956742,13.489680637083582],[75.09072656308892,13.493359211417372],[75.086551508957,13.494397998025397],[75.08034036574143,13.492286324943334],[75.07848347977722,13.494120825357598],[75.07752698240876,13.49668311786179],[75.079595027262,13.501573726322508],[75.07958518801469,13.504669493637863],[75.07686293068274,13.514322319251448]]]}},{"type":"Feature","properties":{"type":"village","name":"Bannady","taluk":"Udupi","district":"UDUPI","village_code":"608762"},"geometry":{"type":"Polygon","coordinates":[[[74.72854004738815,13.522876401220582],[74.72476001302935,13.524726240026],[74.72206015159578,13.518558330965616],[74.71915345037306,13.516549793748517],[74.71956232126959,13.514834652885046],[74.7153425705624,13.516276059328355],[74.71077692175841,13.521181452131584],[74.70942991056627,13.520108744944295],[74.70539005557958,13.520245851930056],[74.7056808447286,13.51797721757779],[74.70394553765323,13.518072832695953],[74.70236223091385,13.515927013422692],[74.70474987837886,13.515450858202069],[74.70564939920207,13.506838260696954],[74.70986382110303,13.49851976911491],[74.71612960165079,13.498189188375807],[74.71607418817416,13.499612623650584],[74.71856423909,13.500816176061113],[74.71755171559393,13.502772685668475],[74.72030165900291,13.506208478584645],[74.72295261615244,13.504944176875386],[74.72436879043494,13.505473421912091],[74.72492336627388,13.503761612324826],[74.725507050223,13.505323559806623],[74.7241334138642,13.506988139320251],[74.72667359167119,13.506416628626125],[74.72779882229439,13.508277210383863],[74.73199248682404,13.511141766159982],[74.73128778722976,13.5186812273239],[74.72854004738815,13.522876401220582]]]}},{"type":"Feature","properties":{"type":"village","name":"Belenje","taluk":"Karkal","district":"UDUPI","village_code":"608865"},"geometry":{"type":"Polygon","coordinates":[[[74.98797565111033,13.516744261162634],[74.98468850078841,13.519809800661037],[74.97968574075033,13.518198464881447],[74.97587802211112,13.513649006951267],[74.96467819186472,13.514403276858804],[74.96161987209004,13.512402259093829],[74.96094574575811,13.512822779164448],[74.9617036121425,13.513911639423732],[74.95375042897854,13.5142124393097],[74.95026701473329,13.51123522309554],[74.94680862934852,13.514395229837389],[74.9436903092994,13.51182452580436],[74.94185754220221,13.511811739348037],[74.9354750031254,13.508372673042189],[74.93975515206071,13.509905390614243],[74.94261600506798,13.509420832908402],[74.94620939466354,13.508149750048922],[74.95802709424719,13.50015115003385],[74.96353651219034,13.499358462332012],[74.96404777306294,13.495589133566618],[74.96234717868677,13.492602401164975],[74.96126940875499,13.487685278694533],[74.9621789080644,13.486957758687964],[74.96474235762713,13.488046065215464],[74.9697161523872,13.488220570189766],[74.97338070921452,13.482669425944877],[74.97822015014407,13.48207552097268],[74.98067623306405,13.480456601175849],[74.98379796581295,13.480405603246812],[74.98446340723271,13.481408625746331],[74.98842517077344,13.480371992776142],[74.99123911914647,13.483715085869312],[74.99174378189329,13.4864174432296],[74.99498353081263,13.491405350054643],[75.00050018288877,13.49676668013775],[75.00361146823093,13.50263691380223],[75.00677020258638,13.505792389337348],[75.00835857492568,13.510483165238721],[75.00641195534936,13.510985148824986],[75.00608941075504,13.509498112293134],[75.00515180136375,13.509587984321021],[75.00114090985845,13.513305406628918],[74.98797565111033,13.516744261162634]]]}},{"type":"Feature","properties":{"type":"village","name":"Heggunje","taluk":"Udupi","district":"UDUPI","village_code":"608780"},"geometry":{"type":"Polygon","coordinates":[[[74.83858858617234,13.512907824141873],[74.83401422281177,13.514747471285423],[74.83264579757993,13.513356090076806],[74.82420438634723,13.511764509199836],[74.81155906619738,13.513869723724676],[74.79944406288224,13.513727892976975],[74.79464288299727,13.506606579727247],[74.795491481022,13.503772797248654],[74.7939153275672,13.495073979955864],[74.79413820767402,13.491557982987368],[74.80733355908582,13.487512731806904],[74.81209438934316,13.48920429233886],[74.81438526759084,13.48813379903809],[74.82020855330101,13.488899003276186],[74.82520603663511,13.485845021968863],[74.83108496758723,13.485285808265184],[74.83150103219253,13.482944848189025],[74.83252636925785,13.482203861800308],[74.83981386396538,13.480474179075118],[74.83981422688474,13.47808342614899],[74.84147668508214,13.478083680359287],[74.84090323923233,13.483660509682762],[74.83934230773002,13.4838636398519],[74.84085167324005,13.488853267580149],[74.8390260890719,13.497973086654937],[74.83989356070074,13.501197026905558],[74.83902275542385,13.503351488189297],[74.83858858617234,13.512907824141873]]]}},{"type":"Feature","properties":{"type":"village","name":"Yedthady","taluk":"Udupi","district":"UDUPI","village_code":"608775"},"geometry":{"type":"Polygon","coordinates":[[[74.77577368780933,13.512151639267376],[74.7608652078282,13.518811109278966],[74.75899666622318,13.511712065408057],[74.76058755923515,13.50856776291766],[74.75917515787685,13.5077116999997],[74.75862971790434,13.503615858001169],[74.75541960889778,13.499997654341291],[74.75576270425087,13.497335916627714],[74.75862349168112,13.493143330692485],[74.76167711506348,13.49110202138014],[74.77498827818,13.487442674726497],[74.77881373674947,13.483358714746789],[74.78503752644757,13.486859114757184],[74.7907323395974,13.484926886972518],[74.79344753886615,13.485583136065888],[74.79438841812507,13.489131162660104],[74.7939153275672,13.495073979955864],[74.79539923931368,13.501200255325998],[74.79464288299727,13.506606579727247],[74.79944406288224,13.513727892976975],[74.79594697178682,13.514729059153593],[74.79223111936015,13.517860501242629],[74.7902883517598,13.51806724100619],[74.78820444086203,13.517824504596204],[74.78456810371102,13.513295577740429],[74.77577368780933,13.512151639267376]]]}},{"type":"Feature","properties":{"type":"village","name":"Kavadi","taluk":"Udupi","district":"UDUPI","village_code":"608770"},"geometry":{"type":"Polygon","coordinates":[[[74.7608652078282,13.518811109278966],[74.7465982857584,13.514368347910018],[74.74405605170772,13.510824081133304],[74.74169574087507,13.510152740829506],[74.74155579772689,13.50781633864642],[74.74029268109744,13.508142922173516],[74.7381681645522,13.50696204005977],[74.73798681715422,13.505067137026842],[74.73600167692025,13.505020447971816],[74.7332576138831,13.501196874044755],[74.73684273089319,13.498582751963484],[74.73519100936005,13.495654505366632],[74.73555353257781,13.493190746218794],[74.73902175990486,13.492504914361817],[74.73986406523102,13.489904498903858],[74.74512098920566,13.486316206394768],[74.74764023536827,13.48992831487089],[74.75070882378493,13.491277431715922],[74.75087900871718,13.49259717488378],[74.75938579214974,13.492542619070493],[74.75576270425087,13.497335916627714],[74.75541960889778,13.499997654341291],[74.75862971790434,13.503615858001169],[74.75917515787685,13.5077116999997],[74.76058755923515,13.50856776291766],[74.75899666622318,13.511712065408057],[74.7608652078282,13.518811109278966]]]}},{"type":"Feature","properties":{"type":"village","name":"Belve","taluk":"Kundapura","district":"UDUPI","village_code":"608752"},"geometry":{"type":"Polygon","coordinates":[[[74.930653871658,13.52085492489673],[74.92848306043457,13.52805278710495],[74.92873109606428,13.531336156725612],[74.92929664212951,13.533271492423978],[74.93095718511873,13.53444621267342],[74.93155855330252,13.538351613067466],[74.93406703764798,13.540010058870399],[74.93615231667994,13.544502577632837],[74.9270735220071,13.543709572864875],[74.92495447799854,13.546060121040604],[74.91997360361572,13.546372105158733],[74.92043325268197,13.548584002890243],[74.91774783076828,13.54512824293183],[74.91287563277191,13.545255763824532],[74.9177883286179,13.53300304890379],[74.91803147471754,13.523232152594163],[74.91239111474532,13.51813060998882],[74.90336623066759,13.518276303034956],[74.8945991496017,13.50891736289057],[74.90106452322917,13.5032631852073],[74.90421882529702,13.502580443856747],[74.90671713262861,13.500510083383425],[74.90855904188047,13.494395157353757],[74.91445178802334,13.493495034857572],[74.92425524105948,13.488183187134261],[74.92886856704887,13.487319109741716],[74.93076163176285,13.48571886696444],[74.93125504490737,13.482550679661427],[74.93421410263977,13.477999030935223],[74.93703579089727,13.478509083009051],[74.94056926466,13.481296697870615],[74.94475289500794,13.480319450363085],[74.94807821025474,13.481556865806699],[74.9519262407923,13.485478595992967],[74.9604885679572,13.486637439183266],[74.96404777306294,13.495589133566618],[74.96403975380238,13.498924432579171],[74.95802709424719,13.50015115003385],[74.94620939466354,13.508149750048922],[74.94261600506798,13.509420832908402],[74.93975515206071,13.509905390614243],[74.9354750031254,13.508372673042189],[74.93330221201508,13.517570958364503],[74.930653871658,13.52085492489673]]]}},{"type":"Feature","properties":{"type":"village","name":"Shiriyara","taluk":"Udupi","district":"UDUPI","village_code":"608772"},"geometry":{"type":"Polygon","coordinates":[[[74.79737185793091,13.544801884782107],[74.79293614414458,13.5485650265925],[74.78847436214701,13.547230289274983],[74.78402224871684,13.545090972726973],[74.78333033574228,13.542600509664332],[74.7696763153262,13.541889908792381],[74.77133588993155,13.538962073766646],[74.76449337659834,13.532568674290188],[74.7630474186726,13.532893430856728],[74.76085873097504,13.531532132622386],[74.76000331204234,13.533312277185228],[74.75538453417751,13.532998232247113],[74.75269721771686,13.531062634933138],[74.75725673821397,13.530257993826174],[74.7588822460088,13.528807165132758],[74.7616018506157,13.529465099672942],[74.76216807221401,13.527287992328235],[74.76132052162491,13.526769127135456],[74.76354732214506,13.523694175374157],[74.76271968091761,13.518518235431989],[74.77298304802301,13.513014450221034],[74.77909387098093,13.5121529136313],[74.78456810371102,13.513295577740429],[74.78820444086203,13.517824504596204],[74.79223111936015,13.517860501242629],[74.7951011190136,13.515659458730546],[74.79609772526116,13.5211451782401],[74.80031764574993,13.524291707949164],[74.8012886733681,13.525501645247926],[74.80037011904062,13.526140781147081],[74.80547868714446,13.531490156266669],[74.80507216713903,13.532630564284256],[74.8077214516255,13.53254494817244],[74.80888629974939,13.535396610407409],[74.80809035916998,13.539371045795207],[74.80647484423437,13.540865571671914],[74.80230608280104,13.542087353690587],[74.80044387970862,13.544174758412094],[74.79737185793091,13.544801884782107]]]}},{"type":"Feature","properties":{"type":"village","name":"Manoor","taluk":"Udupi","district":"UDUPI","village_code":"608759"},"geometry":{"type":"Polygon","coordinates":[[[74.70952301286064,13.539586741425744],[74.70694367569378,13.54776759104765],[74.70035290623578,13.547421027875325],[74.7013515786085,13.544214900278375],[74.69090381612133,13.544625230039829],[74.69015345156788,13.54231612162653],[74.68790393355253,13.541175600199967],[74.68279052083437,13.541028731669535],[74.68456156828162,13.525657288808844],[74.6986654757718,13.525722206058726],[74.69938805363688,13.52786828996466],[74.70347046900511,13.530149234798738],[74.70286075187907,13.533762781605551],[74.70597063584935,13.533626003801828],[74.7077620166631,13.534793675974818],[74.70941396187673,13.534181866580992],[74.711724817758,13.536587202232733],[74.7114995472342,13.538320676239774],[74.70952301286064,13.539586741425744]]]}},{"type":"Feature","properties":{"type":"village","name":"Giliyar","taluk":"Udupi","district":"UDUPI","village_code":"608761"},"geometry":{"type":"Polygon","coordinates":[[[74.72854004738815,13.522876401220582],[74.72925034169005,13.524392887619454],[74.73124937436988,13.52409322902477],[74.73163898179345,13.526103514082514],[74.7301308927894,13.538058116095643],[74.72767358277076,13.538371531655777],[74.72392460856123,13.537571523087927],[74.72175092542383,13.535398888143426],[74.72001591838578,13.536567755983254],[74.71546180844163,13.53594450485418],[74.711724817758,13.536587202232733],[74.70941396187673,13.534181866580992],[74.7077620166631,13.534793675974818],[74.70597063584935,13.533626003801828],[74.70286075187907,13.533762781605551],[74.70347046900511,13.530149234798738],[74.69938805363688,13.52786828996466],[74.6986654757718,13.525722206058726],[74.70441228430855,13.523221066405096],[74.70539005557958,13.520245851930056],[74.70942991056627,13.520108744944295],[74.71077692175841,13.521181452131584],[74.7153425705624,13.516276059328355],[74.71956232126959,13.514834652885046],[74.71915345037306,13.516549793748517],[74.72206015159578,13.518558330965616],[74.72476001302935,13.524726240026],[74.72854004738815,13.522876401220582]]]}},{"type":"Feature","properties":{"type":"village","name":"Avarse","taluk":"Udupi","district":"UDUPI","village_code":"608782"},"geometry":{"type":"Polygon","coordinates":[[[74.8719075034039,13.551359153754236],[74.86879876119232,13.551309323757357],[74.86532019335806,13.554237686191856],[74.8638237572999,13.550522725581912],[74.86599027367794,13.547747938735315],[74.86431361042092,13.546477893582065],[74.86145418573503,13.547499073057791],[74.85599920659637,13.54357134318257],[74.85301548471955,13.528834071632788],[74.85100222092895,13.527416754266516],[74.85010246923869,13.518957657865913],[74.85472963557164,13.517834958673399],[74.85637245839355,13.513679037727808],[74.85877438907161,13.512296791808662],[74.86587389872952,13.509981592867975],[74.86604164383745,13.512133035649423],[74.86837268306653,13.51500183806026],[74.86791329541002,13.521810477617006],[74.87236372539732,13.528498360708069],[74.87734433657378,13.531643510281176],[74.87463316894403,13.532408152201466],[74.8749864206497,13.538871181391293],[74.87223111429847,13.538629253950926],[74.8707475439118,13.537212180928249],[74.86922853858043,13.538456328212455],[74.86922845683372,13.539596894115347],[74.8716395638024,13.540386415712996],[74.87456250027724,13.54357158509636],[74.87131254559797,13.545368742857553],[74.87011144416418,13.547096765351798],[74.87173632762989,13.548824876593303],[74.8719075034039,13.551359153754236]]]}},{"type":"Feature","properties":{"type":"village","name":"Vandar","taluk":"Udupi","district":"UDUPI","village_code":"608781"},"geometry":{"type":"Polygon","coordinates":[[[74.85599920659637,13.54357134318257],[74.8484176061598,13.555912908880702],[74.84310389877768,13.554162252630482],[74.84275086715922,13.552036624619573],[74.83799996957399,13.548821722176852],[74.83757642020576,13.546540558963292],[74.8389544610044,13.544778117964263],[74.83771838905494,13.542565949033472],[74.83930808910422,13.54246250902569],[74.84111000266464,13.540043467053211],[74.8407569548765,13.538695549307928],[74.8420639461227,13.538488370688265],[74.84217004344599,13.5376589120525],[74.8404391974043,13.537589503762362],[74.84068674075725,13.53586143316841],[74.83916822500774,13.533269093268771],[74.83422231575074,13.536447956186713],[74.83157334926788,13.53465454591074],[74.83616588374997,13.53182133014053],[74.83659018590645,13.529298432084774],[74.8365556941928,13.52466706601206],[74.83500186926273,13.522212986152661],[74.83401422281177,13.514747471285423],[74.83858858617234,13.512907824141873],[74.84685323500825,13.515950447721062],[74.84913123590634,13.517661500763767],[74.85010246923869,13.518957657865913],[74.85100222092895,13.527416754266516],[74.85301548471955,13.528834071632788],[74.85407481134023,13.532791494962273],[74.85599920659637,13.54357134318257]]]}},{"type":"Feature","properties":{"type":"village","name":"Beloor","taluk":"Kundapura","district":"UDUPI","village_code":"608732"},"geometry":{"type":"Polygon","coordinates":[[[74.77173815910903,13.542207357629275],[74.76149101737428,13.547746063717938],[74.7622852439681,13.548843723619575],[74.76126792257008,13.552498185391048],[74.75745241643568,13.55301473175578],[74.757100142097,13.550945247190795],[74.75440315976392,13.553512733377913],[74.75344843656818,13.552398814054218],[74.75296202040137,13.546116684605472],[74.7517570301607,13.544855234790655],[74.75267230384077,13.543490861852248],[74.75069188605023,13.541306937975508],[74.7468417417768,13.543006856300254],[74.74552232233864,13.542151678701748],[74.74360660301149,13.542736679706254],[74.74420462407257,13.544774014183716],[74.74273348097951,13.54598366920615],[74.7425660260274,13.544244985713624],[74.74112197522504,13.544055461119198],[74.74062272842106,13.545278250294668],[74.73917882673902,13.5454147305818],[74.74187277815636,13.546242156147153],[74.74187314466897,13.547002863122366],[74.74012375200998,13.54708515191437],[74.73959772732567,13.550427063239585],[74.73584218463482,13.550941496333117],[74.73348506102481,13.542713949334493],[74.71954477178218,13.541116469575307],[74.71751811590735,13.542203921036188],[74.717491340722,13.544812072182337],[74.71618653687348,13.545654742901126],[74.70868391631667,13.544192232927816],[74.70952301286064,13.539586741425744],[74.7114995472342,13.538320676239774],[74.711724817758,13.536587202232733],[74.71546180844163,13.53594450485418],[74.72001591838578,13.536567755983254],[74.72175092542383,13.535398888143426],[74.7258269932963,13.538290749879152],[74.7301308927894,13.538058116095643],[74.73163898179345,13.526103514082514],[74.73124937436988,13.52409322902477],[74.72925034169005,13.524392887619454],[74.728250391913,13.523523905304163],[74.72940167278112,13.521173398351655],[74.73045576671528,13.520855020099319],[74.73357413796839,13.522645562958509],[74.73831563917577,13.523648759029141],[74.73820607705044,13.526868234057291],[74.7391788545868,13.528891834961698],[74.74023403188917,13.528986457023338],[74.74191301190129,13.52711110186977],[74.74513412796502,13.527530733943948],[74.74542478596003,13.52573750104826],[74.74841080932065,13.527991048764601],[74.75144678440095,13.5286576452193],[74.7531909533566,13.53205712465879],[74.75464555217704,13.532789954329498],[74.76000331204234,13.533312277185228],[74.76085873097504,13.531532132622386],[74.7630474186726,13.532893430856728],[74.76449337659834,13.532568674290188],[74.77080046797107,13.538125763565343],[74.77133588993155,13.538962073766646],[74.7696763153262,13.541889908792381],[74.77173815910903,13.542207357629275]]]}},{"type":"Feature","properties":{"type":"village","name":" ","taluk":"Udupi","district":"UDUPI","village_code":" "},"geometry":{"type":"Polygon","coordinates":[[[74.86587389872952,13.509981592867975],[74.85637245839355,13.513679037727808],[74.85472963557164,13.517834958673399],[74.85121508302373,13.518957820323012],[74.85010246923869,13.518957657865913],[74.84685323500825,13.515950447721062],[74.83858858617234,13.512907824141873],[74.83902275542385,13.503351488189297],[74.83989356070074,13.501197026905558],[74.8390260890719,13.497973086654937],[74.84085167324005,13.488853267580149],[74.83934230773002,13.4838636398519],[74.84090323923233,13.483660509682762],[74.84194304636021,13.478436261049216],[74.8461272839693,13.475422413047202],[74.84841780289081,13.475015958230502],[74.85738074273984,13.479631174871507],[74.8640349413417,13.485366751263628],[74.86616813291768,13.493858779939972],[74.86955781335288,13.497727516240404],[74.86999188558639,13.499553358674447],[74.86579476344119,13.504322109569577],[74.86587389872952,13.509981592867975]]]}},{"type":"Feature","properties":{"type":"village","name":"Ulthoor","taluk":"Kundapura","district":"UDUPI","village_code":"608731"},"geometry":{"type":"Polygon","coordinates":[[[74.72874025581383,13.567272460432042],[74.72190912862686,13.568687838299326],[74.71868750411667,13.568281497151375],[74.71613021699676,13.562067701605836],[74.7149751380516,13.555045146394109],[74.71060025009149,13.551745687599588],[74.71107165990144,13.549857348392926],[74.70859979088696,13.548635582711173],[74.70934934516,13.548037644028389],[74.70937575293442,13.544111839140875],[74.71618653687348,13.545654742901126],[74.717491340722,13.544812072182337],[74.71751811590735,13.542203921036188],[74.71954477178218,13.541116469575307],[74.73348506102481,13.542713949334493],[74.73584218463482,13.550941496333117],[74.7285389631216,13.55113469118943],[74.72823524811392,13.555237195648722],[74.72687408665944,13.554178177184927],[74.72523576080384,13.554368991427191],[74.72612493123837,13.555672715667265],[74.72604316298793,13.559367609957006],[74.72737616585154,13.55944859241266],[74.72783735642682,13.566471360635358],[74.72874025581383,13.567272460432042]]]}},{"type":"Feature","properties":{"type":"village","name":"Gopadi","taluk":"Kundapura","district":"UDUPI","village_code":"608728"},"geometry":{"type":"Polygon","coordinates":[[[74.70527897530143,13.583337073845785],[74.70030819259252,13.585213142284884],[74.69528114570242,13.584874930748914],[74.69722426723895,13.581505564582136],[74.69741754516227,13.577701983291165],[74.69058528340305,13.576698546372125],[74.68980001121598,13.574036266638137],[74.68739101798317,13.574892636687368],[74.68655760777494,13.573901195584623],[74.67832496770923,13.573139332137796],[74.67965358140435,13.564567929804081],[74.68140380320837,13.564692346315052],[74.68459808120467,13.567299793090866],[74.68781943622025,13.566932283835055],[74.6885141285823,13.56853503736399],[74.69031932728173,13.56877911310493],[74.69240293095568,13.571522569868222],[74.69434685828105,13.571223217787256],[74.69681934533644,13.573993703123056],[74.6999576861383,13.57437318204949],[74.70127808923172,13.578312174362765],[74.70615249438876,13.579356682570971],[74.70860994005304,13.578133346676253],[74.70527897530143,13.583337073845785]]]}},{"type":"Feature","properties":{"type":"village","name":"Korgi","taluk":"Kundapura","district":"UDUPI","village_code":"608743"},"geometry":{"type":"Polygon","coordinates":[[[74.77769014914489,13.572510164730401],[74.77364851908717,13.576100658249244],[74.77057448418492,13.576997910756823],[74.76760261108667,13.585982621241191],[74.7630876847569,13.588723914421248],[74.75835791734379,13.579320926632537],[74.75639694358755,13.579484137061796],[74.75417319194948,13.575404756903328],[74.74968821814625,13.571842629375451],[74.74948244465736,13.560134781691112],[74.75054435573115,13.55609163802994],[74.75347712875833,13.555038966973576],[74.757100142097,13.550945247190795],[74.75745241643568,13.55301473175578],[74.76126792257008,13.552498185391048],[74.7622852439681,13.548843723619575],[74.76149101737428,13.547746063717938],[74.77173815910903,13.542207357629275],[74.77032402579889,13.54410373199003],[74.7724407467641,13.55066271880081],[74.77202303464858,13.556568256879128],[74.77339175991771,13.557035504418266],[74.77363857922856,13.5582452166865],[74.77240053008715,13.56194275539305],[74.78017130224784,13.56522935099506],[74.77769014914489,13.572510164730401]]]}},{"type":"Feature","properties":{"type":"village","name":"Hengavalli","taluk":"Kundapura","district":"UDUPI","village_code":"608751"},"geometry":{"type":"Polygon","coordinates":[[[74.9525127786891,13.57364840596453],[74.95007641378957,13.57276391611349],[74.94557775864455,13.580777149839648],[74.94337407986148,13.582661525989696],[74.94195874280885,13.582684586970931],[74.94233092022098,13.586134481004356],[74.93960560771875,13.589584999794925],[74.93761138372062,13.594556064823514],[74.93547684107847,13.595146695101331],[74.92834070710643,13.589831496119777],[74.91929170955156,13.58994658097159],[74.91950006479854,13.587449916421436],[74.92107764837128,13.586360250806802],[74.92481186865056,13.580004485145563],[74.91952174204467,13.579233731124349],[74.91720220125124,13.582910950334943],[74.9167849957855,13.585680047908566],[74.91530031687779,13.587178239629713],[74.9111699179986,13.584909121106023],[74.90741063112965,13.58050641195062],[74.90402333212825,13.581959365626954],[74.90283996882805,13.581074297268856],[74.90382539374528,13.575558856256375],[74.90283908668246,13.573655285226872],[74.90390605527129,13.571181266777632],[74.90511233100109,13.569751196689015],[74.90959002665394,13.56909248466378],[74.91047132155835,13.566936195991369],[74.90847471612642,13.556836376885046],[74.90598436068171,13.550449343119553],[74.90910700072905,13.550069379706311],[74.91287563277191,13.545255763824532],[74.91774783076828,13.54512824293183],[74.92043325268197,13.548584002890243],[74.91997360361572,13.546372105158733],[74.92495447799854,13.546060121040604],[74.9270735220071,13.543709572864875],[74.93615231667994,13.544502577632837],[74.93406703764798,13.540010058870399],[74.93155855330252,13.538351613067466],[74.93095718511873,13.53444621267342],[74.92929664212951,13.533271492423978],[74.92873109606428,13.531336156725612],[74.92848306043457,13.52805278710495],[74.93098953255378,13.52162381131789],[74.93876174740885,13.526668153722865],[74.94176549632662,13.531436850424067],[74.94621637726824,13.532023250718082],[74.94812456512003,13.534269303952133],[74.9476587697806,13.541890240662067],[74.9512624711373,13.54361734260767],[74.94935570082704,13.546348250292004],[74.94879143306444,13.54942443591289],[74.95190059389097,13.55084058208303],[74.95388161984094,13.559342080575767],[74.95525997864323,13.561173444745908],[74.95413155091592,13.567498615821364],[74.95614659606571,13.571265220310227],[74.9525127786891,13.57364840596453]]]}},{"type":"Feature","properties":{"type":"village","name":"Asodu","taluk":"Kundapura","district":"UDUPI","village_code":"608735"},"geometry":{"type":"Polygon","coordinates":[[[74.75639694358755,13.579484137061796],[74.7448322311475,13.578475725163473],[74.74214046083965,13.582918935660887],[74.74085200543101,13.589140996313642],[74.73635342484614,13.59077305677216],[74.72693015680454,13.588423510922414],[74.72401176490672,13.583126871882008],[74.72712017923322,13.578018073590346],[74.73023033539306,13.57721537279223],[74.7291177090316,13.573181364011383],[74.73042233770862,13.571700178266147],[74.73067133273906,13.569526630121969],[74.74122498144538,13.570619016347695],[74.74764124507463,13.572680818001269],[74.75021784597313,13.572361281815432],[74.75417319194948,13.575404756903328],[74.75639694358755,13.579484137061796]]]}},{"type":"Feature","properties":{"type":"village","name":"Hombady-Mandadi","taluk":"Kundapura","district":"UDUPI","village_code":"608742"},"geometry":{"type":"Polygon","coordinates":[[[74.78761451182504,13.59520999463542],[74.78441778681793,13.592694520162528],[74.78162687933363,13.59196763464265],[74.7799660066627,13.592450785986077],[74.77505258138467,13.597598527711437],[74.7708476259302,13.598287949872136],[74.76127442367779,13.593859740029108],[74.75965942078192,13.590934231839013],[74.76760261108667,13.585982621241191],[74.77057448418492,13.576997910756823],[74.77364851908717,13.576100658249244],[74.77769014914489,13.572510164730401],[74.78466912016303,13.582326133845877],[74.78532142282344,13.585903456193575],[74.78966686760184,13.58682098605634],[74.79090164507899,13.591971031223457],[74.78761451182504,13.59520999463542]]]}},{"type":"Feature","properties":{"type":"village","name":"Hallady-Harkadi","taluk":"Kundapura","district":"UDUPI","village_code":"608745"},"geometry":{"type":"Polygon","coordinates":[[[74.82304961911747,13.560075625217383],[74.81821142774449,13.564266992721528],[74.81421975659299,13.562883505433595],[74.81162257169805,13.564982458846309],[74.80957351094173,13.565085561582361],[74.80507933030512,13.56043387179714],[74.80606950461524,13.556874286240522],[74.80504574409328,13.55459298110523],[74.80098382558488,13.552379750730736],[74.7991476628559,13.54978707035011],[74.79667464040463,13.550546579156482],[74.79467481900394,13.547529697789686],[74.79737185793091,13.544801884782107],[74.80044387970862,13.544174758412094],[74.80230608280104,13.542087353690587],[74.80620959418886,13.540804990343862],[74.81219034199192,13.544675257936964],[74.81806207384537,13.542136854623944],[74.82195496534992,13.546607419776034],[74.81958355044209,13.554023106823765],[74.82067737865789,13.557973268054981],[74.82304961911747,13.560075625217383]]]}},{"type":"Feature","properties":{"type":"village","name":"Heskathoor","taluk":"Kundapura","district":"UDUPI","village_code":"608744"},"geometry":{"type":"Polygon","coordinates":[[[74.79293614414458,13.5485650265925],[74.79040759233398,13.549266594918155],[74.78489282402498,13.547621689859847],[74.78425424402884,13.551955308655636],[74.78756837435205,13.554321646587145],[74.78765440331185,13.556616138343148],[74.78559820094901,13.558059976221559],[74.78446808798226,13.560552134774875],[74.78017130224784,13.56522935099506],[74.77240053008715,13.56194275539305],[74.77363857922856,13.5582452166865],[74.77339175991771,13.557035504418266],[74.77202303464858,13.556568256879128],[74.7724407467641,13.55066271880081],[74.77032402579889,13.54410373199003],[74.77173815910903,13.542207357629275],[74.78333033574228,13.542600509664332],[74.78402224871684,13.545090972726973],[74.79293614414458,13.5485650265925]]]}},{"type":"Feature","properties":{"type":"village","name":"Kakkunje","taluk":"Udupi","district":"UDUPI","village_code":"608773"},"geometry":{"type":"Polygon","coordinates":[[[74.8484176061598,13.555912908880702],[74.849327364184,13.55821785416738],[74.84052125401394,13.567485840215882],[74.83471930598671,13.565550581288155],[74.82232621480233,13.559745260042844],[74.82067737865789,13.557973268054981],[74.81976869412044,13.552242537373779],[74.82195496534992,13.546607419776034],[74.81925558810826,13.54322748997115],[74.82320004111348,13.541288667631978],[74.82818184255768,13.536416566710404],[74.83157334926788,13.53465454591074],[74.83422231575074,13.536447956186713],[74.83867364225668,13.533303538217972],[74.83983927730476,13.533545650113375],[74.84072194663158,13.536241614037715],[74.84015667724745,13.537105610221756],[74.84209948257705,13.5372095739535],[74.8420639461227,13.538488370688265],[74.8407569548765,13.538695549307928],[74.84111000266464,13.540043467053211],[74.83930808910422,13.54246250902569],[74.83771838905494,13.542565949033472],[74.8389544610044,13.544778117964263],[74.8373643010177,13.547784737804516],[74.84275086715922,13.552036624619573],[74.84310389877768,13.554162252630482],[74.8484176061598,13.555912908880702]]]}},{"type":"Feature","properties":{"type":"village","name":"Thekkatte","taluk":"Kundapura","district":"UDUPI","village_code":"608730"},"geometry":{"type":"Polygon","coordinates":[[[74.71613021699676,13.562067701605836],[74.71222190321542,13.563138779597677],[74.71077954843227,13.56800234700589],[74.70877885476749,13.564620567163669],[74.70166992896878,13.565886055650637],[74.7001416125995,13.56292517322532],[74.6950870889398,13.56197568019665],[74.69288503700572,13.55752068217534],[74.69121861094972,13.556678891000375],[74.69075265481183,13.553670136650883],[74.68917637289795,13.552291739270176],[74.68968947711352,13.549914401855654],[74.68639925096005,13.551558854398625],[74.68523959509851,13.550384096390781],[74.68172008924012,13.550153642866183],[74.68279052083437,13.541028731669535],[74.68790393355253,13.541175600199967],[74.69015345156788,13.54231612162653],[74.69090381612133,13.544625230039829],[74.7013515786085,13.544214900278375],[74.70035290623578,13.547421027875325],[74.70694367569378,13.54776759104765],[74.70937575293442,13.544111839140875],[74.70934934516,13.548037644028389],[74.70859979088696,13.548635582711173],[74.71107165990144,13.549857348392926],[74.71060025009149,13.551745687599588],[74.71451661277779,13.554162339960117],[74.71613021699676,13.562067701605836]]]}},{"type":"Feature","properties":{"type":"village","name":"Kedoor","taluk":"Kundapura","district":"UDUPI","village_code":"608733"},"geometry":{"type":"Polygon","coordinates":[[[74.75021784597313,13.572361281815432],[74.74764124507463,13.572680818001269],[74.74122498144538,13.570619016347695],[74.73067133273906,13.569526630121969],[74.72783735642682,13.566471360635358],[74.72737616585154,13.55944859241266],[74.72604316298793,13.559367609957006],[74.72612493123837,13.555672715667265],[74.72518042278571,13.554858038079402],[74.72620753761697,13.553988261411828],[74.72823524811392,13.555237195648722],[74.7285389631216,13.55113469118943],[74.73959772732567,13.550427063239585],[74.74012375200998,13.54708515191437],[74.74187314466897,13.547002863122366],[74.74187277815636,13.546242156147153],[74.73917882673902,13.5454147305818],[74.74062272842106,13.545278250294668],[74.74153846293683,13.543973768639047],[74.7425660260274,13.544244985713624],[74.74273348097951,13.54598366920615],[74.74420462407257,13.544774014183716],[74.74360660301149,13.542736679706254],[74.74552232233864,13.542151678701748],[74.7468417417768,13.543006856300254],[74.75069188605023,13.541306937975508],[74.75267230384077,13.543490861852248],[74.7517570301607,13.544855234790655],[74.75296202040137,13.546116684605472],[74.75344843656818,13.552398814054218],[74.75440315976392,13.553512733377913],[74.75347712875833,13.555038966973576],[74.75119836788554,13.55529705370724],[74.75020844779864,13.556748061424539],[74.74937147397368,13.569431736024052],[74.75021784597313,13.572361281815432]]]}},{"type":"Feature","properties":{"type":"village","name":"Hiliyana","taluk":"Udupi","district":"UDUPI","village_code":"608783"},"geometry":{"type":"Polygon","coordinates":[[[74.90598436068171,13.550449343119553],[74.90379528131864,13.554923727213088],[74.89852468857862,13.556284566713469],[74.89704203088027,13.558860687835615],[74.89378071969917,13.559516220697585],[74.8911615925551,13.561296999371125],[74.887258094642,13.56153213067086],[74.88612182282563,13.564139829586738],[74.88224597595529,13.563118621190556],[74.88120190991464,13.562729953248583],[74.88068906710882,13.5598827502622],[74.8719075034039,13.551359153754236],[74.87173632762989,13.548824876593303],[74.87011144416418,13.547096765351798],[74.87131254559797,13.545368742857553],[74.87456250027724,13.54357158509636],[74.8716395638024,13.540386415712996],[74.86922845683372,13.539596894115347],[74.86922853858043,13.538456328212455],[74.8707475439118,13.537212180928249],[74.87223111429847,13.538629253950926],[74.8749864206497,13.538871181391293],[74.87463316894403,13.532408152201466],[74.87805074925532,13.531574363123992],[74.8801348344263,13.529604335829434],[74.8909438220656,13.531263045206412],[74.89147362686062,13.529915158086308],[74.8903428832765,13.524488947346427],[74.89182642132383,13.52441974221385],[74.89376906944824,13.522345991254022],[74.89952695241584,13.526043631210452],[74.90182292321286,13.526458166269018],[74.90302416658047,13.528531824656868],[74.9042958360697,13.528842690236418],[74.91058302886059,13.526630078848424],[74.91429147467771,13.523933758045455],[74.91803147471754,13.523232152594163],[74.9177883286179,13.53300304890379],[74.91560003797568,13.539768928208915],[74.91180893188103,13.547375506019213],[74.90910700072905,13.550069379706311],[74.90598436068171,13.550449343119553]]]}},{"type":"Feature","properties":{"type":"village","name":"Madammakki","taluk":"Kundapura","district":"UDUPI","village_code":"608757"},"geometry":{"type":"Polygon","coordinates":[[[75.03406815982949,13.571812159719883],[75.02792340929996,13.572567451143813],[75.01006666933613,13.57042972411229],[75.00586542212713,13.557074571718474],[74.99801908817633,13.55072774712593],[74.99579179897266,13.547255382423096],[74.99349485080863,13.54571845037859],[74.99388158721655,13.542054772848289],[74.991744143016,13.541450918189515],[74.99255537381988,13.53886699716046],[74.99142470030436,13.538176287148147],[74.98919679126317,13.532958518188527],[74.98965464459717,13.53012423417207],[74.98771005162017,13.526254121234011],[74.98866198914023,13.522486482298861],[74.9923346999754,13.520825916050564],[74.99148542102766,13.517577511712748],[74.98851873120861,13.518270090342794],[74.98797565111033,13.516744261162634],[75.00114090985845,13.513305406628918],[75.00515180136375,13.509587984321021],[75.01107548638336,13.513477541818299],[75.01815407607494,13.507203314861194],[75.0214106198968,13.505907649386087],[75.02170915881183,13.5097628438924],[75.01987526971884,13.510480619986824],[75.02045632429913,13.512496551426018],[75.02458464268008,13.51430597539831],[75.02501353792262,13.515653005774842],[75.0300799992941,13.516174760917947],[75.03200648762487,13.514959740003935],[75.03697562012862,13.516525326236374],[75.03806218277039,13.513244663689834],[75.04387629488488,13.515271370956096],[75.07686293068274,13.514322319251448],[75.06828850860089,13.52350374703312],[75.06419151627053,13.523945611926138],[75.06170359705685,13.517938726435611],[75.05957855859042,13.519497329295746],[75.05941645669908,13.521097139409854],[75.06170173395097,13.524767506623132],[75.06267989688742,13.528731228295436],[75.05998173326972,13.531211643282212],[75.04904207758749,13.537377304992658],[75.05022173803205,13.546262733435274],[75.04889990392239,13.548512951585604],[75.04958177013881,13.554094571297302],[75.04547415612853,13.55694946394155],[75.0425734313974,13.556107880332279],[75.04219272807497,13.561535486643793],[75.04003971607055,13.562375328945901],[75.03501642144339,13.567168518580694],[75.03406815982949,13.571812159719883]]]}},{"type":"Feature","properties":{"type":"village","name":"Shedimane","taluk":"Kundapura","district":"UDUPI","village_code":"608754"},"geometry":{"type":"Polygon","coordinates":[[[75.01006666933613,13.57042972411229],[74.99921025244643,13.567851114852065],[74.98967820920372,13.56754624358689],[74.9830259311999,13.58162112238121],[74.96989615500719,13.588185619979653],[74.9668083893558,13.583182107229495],[74.96601817912962,13.579845960674563],[74.957201214616,13.578776465224049],[74.95253613758143,13.574102332938677],[74.95614659606571,13.571265220310227],[74.95413155091592,13.567498615821364],[74.95525997864323,13.561173444745908],[74.95388161984094,13.559342080575767],[74.95190059389097,13.55084058208303],[74.94879143306444,13.54942443591289],[74.94935570082704,13.546348250292004],[74.9512624711373,13.54361734260767],[74.9476587697806,13.541890240662067],[74.94765799812775,13.539194439420998],[74.95224997834934,13.53870932120995],[74.95977505139837,13.541333617739939],[74.96079914339869,13.540400196250594],[74.97757976273758,13.543573752713904],[74.97930916428825,13.53997867510404],[74.98919679126317,13.532958518188527],[74.99142470030436,13.538176287148147],[74.99255537381988,13.53886699716046],[74.991744143016,13.541450918189515],[74.99388158721655,13.542054772848289],[74.99349485080863,13.54571845037859],[74.99579179897266,13.547255382423096],[74.99801908817633,13.55072774712593],[75.00586542212713,13.557074571718474],[75.01006666933613,13.57042972411229]]]}},{"type":"Feature","properties":{"type":"village","name":"Kumbashi","taluk":"Kundapura","district":"UDUPI","village_code":"608734"},"geometry":{"type":"Polygon","coordinates":[[[74.70860994005304,13.578133346676253],[74.70615249438876,13.579356682570971],[74.70127808923172,13.578312174362765],[74.6999576861383,13.57437318204949],[74.69681934533644,13.573993703123056],[74.69434685828105,13.571223217787256],[74.69240293095568,13.571522569868222],[74.69031932728173,13.56877911310493],[74.6885141285823,13.56853503736399],[74.68781943622025,13.566932283835055],[74.68459808120467,13.567299793090866],[74.68140380320837,13.564692346315052],[74.67965358140435,13.564567929804081],[74.68172008924012,13.550153642866183],[74.68523959509851,13.550384096390781],[74.68639925096005,13.551558854398625],[74.68968947711352,13.549914401855654],[74.68917637289795,13.552291739270176],[74.69075265481183,13.553670136650883],[74.69121861094972,13.556678891000375],[74.69288503700572,13.55752068217534],[74.69455932601542,13.561541129708218],[74.7001416125995,13.56292517322532],[74.70166992896878,13.565886055650637],[74.70877885476749,13.564620567163669],[74.71077954843227,13.56800234700589],[74.70889199757751,13.570583926244682],[74.70539357158559,13.572948647368877],[74.70860994005304,13.578133346676253]]]}},{"type":"Feature","properties":{"type":"village","name":"Halady (76)","taluk":"Kundapura","district":"UDUPI","village_code":"608750"},"geometry":{"type":"Polygon","coordinates":[[[74.86580958923663,13.584607324410515],[74.86100371655263,13.585369018301932],[74.8561284517079,13.580530019764073],[74.85485646690998,13.580460767202428],[74.85347857163839,13.581048165096337],[74.84987201543572,13.58632114728738],[74.84807019170681,13.585629691601756],[74.84683394997575,13.582795465639213],[74.84213554274918,13.578440067764616],[74.84294913073232,13.571415529901751],[74.8449455079922,13.569324778072547],[74.84430981428308,13.567337430069617],[74.84713648819037,13.564711126588504],[74.85213646704433,13.554723384904808],[74.8543795028166,13.556607181910351],[74.8552805381994,13.554706399334522],[74.85660528913878,13.554516409753472],[74.85858354109116,13.555104186225778],[74.85957264101621,13.556659546821804],[74.86163927820941,13.5569880413426],[74.86735283919921,13.552041400718785],[74.8719075034039,13.551359153754236],[74.88068906710882,13.5598827502622],[74.88120190991464,13.562729953248583],[74.88612182282563,13.564139829586738],[74.887258094642,13.56153213067086],[74.8911615925551,13.561296999371125],[74.8975132448575,13.558562357249084],[74.89852468857862,13.556284566713469],[74.90280224407772,13.555633443786528],[74.90598436068171,13.550449343119553],[74.90989081944198,13.563259369346984],[74.91047132155835,13.566936195991369],[74.90959002665394,13.56909248466378],[74.90511233100109,13.569751196689015],[74.90283908668246,13.573655285226872],[74.90144702497884,13.573678133143613],[74.89933594004373,13.576220349861572],[74.89717825859648,13.576265943032807],[74.88915080991134,13.580590072281705],[74.88745707686729,13.580703644873454],[74.88369828497007,13.577639657077265],[74.88114604997533,13.57791206606705],[74.87061250376841,13.582610155266535],[74.86766575026043,13.58295051022207],[74.86580958923663,13.584607324410515]]]}},{"type":"Feature","properties":{"type":"village","name":"Yedyadi-Mathyadi","taluk":"Kundapura","district":"UDUPI","village_code":"608746"},"geometry":{"type":"Polygon","coordinates":[[[74.81122621343516,13.579169136728462],[74.81099948314902,13.58253767424921],[74.80684719591964,13.585673054608327],[74.80638748037805,13.58701216611509],[74.80405124888662,13.586635637790469],[74.8020149657669,13.58786189511794],[74.80208680404017,13.583921928008305],[74.80077973104727,13.583264811347872],[74.79533867040564,13.58360868867665],[74.78966686760184,13.58682098605634],[74.78532142282344,13.585903456193575],[74.78466912016303,13.582326133845877],[74.77769014914489,13.572510164730401],[74.78017130224784,13.56522935099506],[74.78446808798226,13.560552134774875],[74.78559820094901,13.558059976221559],[74.78765440331185,13.556616138343148],[74.78756837435205,13.554321646587145],[74.78425424402884,13.551955308655636],[74.78489282402498,13.547621689859847],[74.79113140358595,13.549280999360775],[74.79467481900394,13.547529697789686],[74.79667464040463,13.550546579156482],[74.7991476628559,13.54978707035011],[74.80098382558488,13.552379750730736],[74.80504574409328,13.55459298110523],[74.80606950461524,13.556874286240522],[74.80507933030512,13.56043387179714],[74.80770159616279,13.563149586228775],[74.80688870886557,13.564393626593533],[74.80300230858725,13.565291069189241],[74.80554535022337,13.567400117020528],[74.80861752830795,13.572239585940963],[74.80882770533835,13.578702668860295],[74.81122621343516,13.579169136728462]]]}},{"type":"Feature","properties":{"type":"village","name":"Vakwadi","taluk":"Kundapura","district":"UDUPI","village_code":"608729"},"geometry":{"type":"Polygon","coordinates":[[[74.72468149488365,13.590842340375014],[74.71865515757993,13.592365992118623],[74.71318063918555,13.58402731375643],[74.70527897530143,13.583337073845785],[74.70860994005304,13.578133346676253],[74.70539357158559,13.572948647368877],[74.70889199757751,13.570583926244682],[74.71282581722471,13.562870292947759],[74.71613021699676,13.562067701605836],[74.71740925087471,13.566244346734381],[74.71929862890278,13.568688797119837],[74.7272960792473,13.567082857271426],[74.72874025581383,13.567272460432042],[74.73067133273906,13.569526630121969],[74.73042233770862,13.571700178266147],[74.7291177090316,13.573181364011383],[74.73023033539306,13.57721537279223],[74.72712017923322,13.578018073590346],[74.72401176490672,13.583126871882008],[74.7268742780006,13.587635659598028],[74.72468149488365,13.590842340375014]]]}},{"type":"Feature","properties":{"type":"village","name":"Beejadi","taluk":"Kundapura","district":"UDUPI","village_code":"608727"},"geometry":{"type":"Polygon","coordinates":[[[74.69666983602878,13.584983229011174],[74.69675505919977,13.5914356203423],[74.6952839843787,13.594696181379007],[74.69183991813956,13.594506898756485],[74.68892260691503,13.590649754995354],[74.6870342709327,13.591764092920767],[74.68353462143536,13.591221523408326],[74.68197972032353,13.59309645459706],[74.67981328659049,13.592865978800424],[74.67841146109807,13.596370938584604],[74.67638395631528,13.596534343336378],[74.67743884705511,13.594007511025126],[74.67461438030845,13.594519938343439],[74.67832496770923,13.573139332137796],[74.68655760777494,13.573901195584623],[74.68739101798317,13.574892636687368],[74.68980001121598,13.574036266638137],[74.69058528340305,13.576698546372125],[74.69741754516227,13.577701983291165],[74.69722426723895,13.581505564582136],[74.69522534864517,13.584005567924429],[74.69528114570242,13.584874930748914],[74.69666983602878,13.584983229011174]]]}},{"type":"Feature","properties":{"type":"village","name":"Molahalli","taluk":"Kundapura","district":"UDUPI","village_code":"608747"},"geometry":{"type":"Polygon","coordinates":[[[74.81022760035124,13.626821357967707],[74.80722416943708,13.625852766717822],[74.80351567960244,13.619457788755712],[74.79899292714991,13.618661497813958],[74.78998189599218,13.619176889922066],[74.78532703100576,13.617414998241738],[74.78467434296809,13.614684321984027],[74.78720048909035,13.615687555240447],[74.78958679626899,13.612698922366492],[74.79068216419718,13.612733849952653],[74.7914439337615,13.606996877875048],[74.78446515228786,13.607426364903581],[74.78361753971504,13.606371926625886],[74.78646283300323,13.60395363380286],[74.7858990386528,13.600013408643562],[74.78777367263214,13.594613912583874],[74.79084852230636,13.592161098219755],[74.78966686760184,13.58682098605634],[74.79533867040564,13.58360868867665],[74.80077973104727,13.583264811347872],[74.80208680404017,13.583921928008305],[74.8020149657669,13.58786189511794],[74.80405124888662,13.586635637790469],[74.80638748037805,13.58701216611509],[74.80684719591964,13.585673054608327],[74.81099948314902,13.58253767424921],[74.81122621343516,13.579169136728462],[74.81755393731333,13.580502197891054],[74.81785398899127,13.581590916813166],[74.82152777241488,13.583976577262499],[74.82511305291838,13.58790874429195],[74.82507677086234,13.592298087674225],[74.8269843263002,13.59451040357121],[74.8303407690699,13.595375090595645],[74.83171841101657,13.596965212310996],[74.83242425596288,13.6017693861377],[74.83592183843673,13.60405106269893],[74.84414174757825,13.603552454700079],[74.84242264341569,13.609028952929911],[74.83514248435074,13.615871045578343],[74.83252691273859,13.619706817268435],[74.82595435931793,13.619705556577422],[74.82280854363458,13.623195600250263],[74.81694295535935,13.622088205200855],[74.81376179007125,13.62523246792166],[74.81022760035124,13.626821357967707]]]}},{"type":"Feature","properties":{"type":"village","name":"Koni","taluk":"Kundapura","district":"UDUPI","village_code":"608726"},"geometry":{"type":"Polygon","coordinates":[[[74.721891535122,13.615768344717882],[74.7224486927191,13.6197889970217],[74.71649871670607,13.62320753473185],[74.71365172021211,13.623779049024],[74.70821659473958,13.62306810817051],[74.70901863667639,13.612961359767523],[74.71197480273189,13.613009880289098],[74.71420669400476,13.607299769729957],[74.71373005060994,13.604494594694824],[74.71243284740707,13.604241285020313],[74.7114085990999,13.601520869605887],[74.7139133662167,13.594065656663311],[74.71318063918555,13.58402731375643],[74.71865515757993,13.592365992118623],[74.72326497295315,13.59070703964689],[74.72468149488365,13.590842340375014],[74.72543021641843,13.592198754829106],[74.72444617580506,13.596905994296806],[74.72669792703223,13.601686690223564],[74.72558712604744,13.60217614836772],[74.72506092259842,13.60585761634184],[74.72297768094552,13.605681819911592],[74.72342243863929,13.606537444371645],[74.7201462621369,13.609975417372928],[74.71950158707153,13.612835085355941],[74.721891535122,13.615768344717882]]]}},{"type":"Feature","properties":{"type":"village","name":" ","taluk":"Kundapura","district":"UDUPI","village_code":" "},"geometry":{"type":"Polygon","coordinates":[[[74.67711500709011,13.601708441417992],[74.67691565116564,13.611196911670367],[74.67095993671458,13.62340321561895],[74.67348847774542,13.627314965115815],[74.6739057640595,13.630384871701933],[74.67160027471373,13.631037310040492],[74.67154537866674,13.63451481859319],[74.66895132529889,13.634659142039162],[74.66753764204468,13.63334022819488],[74.66749301374136,13.631758345983318],[74.67335388316637,13.601472653194955],[74.67711500709011,13.601708441417992]]]}},{"type":"Feature","properties":{"type":"village","name":"Kundapura (TMC)","taluk":"Kundapura","district":"UDUPI","village_code":"803139"},"geometry":{"type":"Polygon","coordinates":[[[74.70821659473958,13.62306810817051],[74.70554999073444,13.623204783777146],[74.70391171338784,13.625052705723018],[74.69974559839132,13.626874181420872],[74.69932926069815,13.627961018774034],[74.7026078698384,13.630405184147566],[74.70497050371432,13.634832848793852],[74.70479241899747,13.636103230674998],[74.70330442440799,13.636870950083608],[74.70059557173673,13.635662773289011],[74.69748535179653,13.639127565093348],[74.68705390900311,13.638165763752804],[74.68105280807067,13.634879773349997],[74.67835762236811,13.632027687811277],[74.67660649326567,13.626947617926756],[74.67682799805179,13.62355836980774],[74.6799254457453,13.624610513093367],[74.67992518792879,13.62346945760081],[74.67814738874388,13.623333975594644],[74.68078509394631,13.618212272954054],[74.6808690756456,13.621051310727255],[74.68282736074418,13.620969389835492],[74.68172222363725,13.616731420215539],[74.68207561907336,13.613477976127436],[74.69236677196885,13.613346515907157],[74.69314423240623,13.612341101368642],[74.70901863667639,13.612961359767523],[74.70821659473958,13.62306810817051]]]}},{"type":"Feature","properties":{"type":"village","name":"Hardally-Mandally","taluk":"Kundapura","district":"UDUPI","village_code":"608748"},"geometry":{"type":"Polygon","coordinates":[[[74.84414174757825,13.603552454700079],[74.83592183843673,13.60405106269893],[74.83210628738657,13.601492810088438],[74.83171841101657,13.596965212310996],[74.8303407690699,13.595375090595645],[74.8269843263002,13.59451040357121],[74.82507677086234,13.592298087674225],[74.82511305291838,13.58790874429195],[74.82152777241488,13.583976577262499],[74.81785398899127,13.581590916813166],[74.81755393731333,13.580502197891054],[74.80882770533835,13.578702668860295],[74.80861752830795,13.572239585940963],[74.80554535022337,13.567400117020528],[74.80300230858725,13.565291069189241],[74.80688870886557,13.564393626593533],[74.80770159616279,13.563149586228775],[74.81052728102497,13.565224071292569],[74.81421975659299,13.562883505433595],[74.81821142774449,13.564266992721528],[74.82304961911747,13.560075625217383],[74.84052125401394,13.567485840215882],[74.849327364184,13.55821785416738],[74.8484176061598,13.555912908880702],[74.85599920659637,13.54357134318257],[74.85709386305889,13.543702503221795],[74.86145418573503,13.547499073057791],[74.86431361042092,13.546477893582065],[74.86599027367794,13.547747938735315],[74.8638237572999,13.550522725581912],[74.86507160256949,13.553751218857665],[74.86163927820941,13.5569880413426],[74.85957264101621,13.556659546821804],[74.85858354109116,13.555104186225778],[74.85660528913878,13.554516409753472],[74.8552805381994,13.554706399334522],[74.8543795028166,13.556607181910351],[74.85213646704433,13.554723384904808],[74.84713648819037,13.564711126588504],[74.84430981428308,13.567337430069617],[74.8449455079922,13.569324778072547],[74.84294913073232,13.571415529901751],[74.84213554274918,13.578440067764616],[74.84683394997575,13.582795465639213],[74.84807019170681,13.585629691601756],[74.84987201543572,13.58632114728738],[74.85001281018683,13.591021511233592],[74.84414174757825,13.603552454700079]]]}},{"type":"Feature","properties":{"type":"village","name":"Kandavara","taluk":"Kundapura","district":"UDUPI","village_code":"608737"},"geometry":{"type":"Polygon","coordinates":[[[74.7648745218919,13.620987846112964],[74.75560717802743,13.621558050087613],[74.75359264312073,13.622300060176263],[74.75159412697217,13.625997138233194],[74.74998605008712,13.6264110333695],[74.74478282021359,13.624011426754791],[74.73911576590437,13.623171796763412],[74.73908760282191,13.62235676968975],[74.73628228636046,13.622819853222005],[74.7367539746482,13.621678595270234],[74.73203171265926,13.621463253656438],[74.72926704406612,13.619576210865757],[74.7224483863936,13.619028293010258],[74.721891535122,13.615768344717882],[74.71950158707153,13.612835085355941],[74.71996587234298,13.61036942014719],[74.72342243863929,13.606537444371645],[74.72297768094552,13.605681819911592],[74.72506092259842,13.60585761634184],[74.72558712604744,13.60217614836772],[74.73014164831832,13.601300739777765],[74.72971049381286,13.604092154861364],[74.73066398362174,13.604333982407137],[74.73941373169421,13.605362636417604],[74.74357942088932,13.604056689035723],[74.75260251462467,13.606552544692988],[74.7583973093673,13.606762792230004],[74.75979085688441,13.611256434309523],[74.75902988232913,13.613727217855157],[74.76422192907567,13.61861145496407],[74.7648745218919,13.620987846112964]]]}},{"type":"Feature","properties":{"type":"village","name":"Amasebailu","taluk":"Kundapura","district":"UDUPI","village_code":"608756"},"geometry":{"type":"Polygon","coordinates":[[[75.01741795161534,13.63808930408878],[74.97636958742112,13.633189927351536],[74.97436368532429,13.63357890397419],[74.9723156459524,13.635950800609665],[74.97011663661223,13.636318817354349],[74.96822956635611,13.638669611752183],[74.96505411974314,13.638649726906731],[74.96518152510494,13.635187528751548],[74.95601716230799,13.626104796959812],[74.95552009841015,13.615099281989291],[74.95170087774204,13.613327391128552],[74.9515392106353,13.610977312945984],[74.95028395695955,13.610180287128179],[74.94512408157829,13.608524049916957],[74.94305403797355,13.60883940411958],[74.94203448426207,13.607077018113042],[74.9428924472236,13.606478814603637],[74.94262397402285,13.605282855319714],[74.93912723506702,13.605483015230883],[74.93563065690964,13.607192970306087],[74.93702127502057,13.600565201799148],[74.93887702371767,13.598340427823109],[74.94416731471527,13.597953310654653],[74.9489709254414,13.599676921704415],[74.94820440738248,13.59690812126298],[74.95203211174012,13.594251530866213],[74.95140610815797,13.59561348860298],[74.95340235785707,13.59817766519768],[74.95537485340512,13.59874452503163],[74.95662722708204,13.596837612673358],[74.95609188327502,13.59179906637975],[74.9581100851047,13.590663613820345],[74.97114911708066,13.588048955587462],[74.9830259311999,13.58162112238121],[74.98967820920372,13.56754624358689],[74.99921025244643,13.567851114852065],[75.00678008225788,13.569916091191102],[75.0221035569508,13.572073535149697],[75.02792340929996,13.572567451143813],[75.03406815982949,13.571812159719883],[75.03380335894163,13.57417304389161],[75.03723480205439,13.577016993934446],[75.03773731603104,13.57989601870141],[75.04012512698945,13.581822068072825],[75.04238410875635,13.582301908864018],[75.04539060921385,13.585394195611148],[75.05093525818413,13.5833668059231],[75.05591013271918,13.586206470196073],[75.05675473144426,13.589058372830202],[75.05901380394097,13.589610401933163],[75.06103137694996,13.594975383056067],[75.06123242709707,13.603006337649845],[75.0557966871769,13.610515923593024],[75.05198937367787,13.610605218716701],[75.050003364773,13.608046612610519],[75.0439728619813,13.610421799380516],[75.03944940974117,13.610393100070741],[75.03628329482733,13.613243641081167],[75.03649921299072,13.616551868947468],[75.03244123718811,13.619289041882784],[75.02773460858006,13.626025489056081],[75.0282239397799,13.627173594999693],[75.0233812900682,13.627248416033142],[75.02099992991185,13.630948720169956],[75.01789447912748,13.63141284408493],[75.01545309983204,13.634724403979673],[75.01741795161534,13.63808930408878]]]}},{"type":"Feature","properties":{"type":"village","name":"Halnad","taluk":"Kundapura","district":"UDUPI","village_code":"608714"},"geometry":{"type":"Polygon","coordinates":[[[74.78785630057027,13.633804244397316],[74.7849341079005,13.634200362904187],[74.78245929959843,13.63696430688285],[74.77553201943836,13.638931548035398],[74.77086834467393,13.636302847686459],[74.77235406383076,13.632916517768038],[74.768255449143,13.631601362109102],[74.77159691430198,13.626919745633868],[74.77387707834323,13.619829690084444],[74.77785455162169,13.614681705383472],[74.78133525205642,13.614406604202502],[74.78467341500843,13.61710362703876],[74.78998189599218,13.619176889922066],[74.7898044625539,13.62145783639207],[74.78782564825615,13.621146072401594],[74.78786026932721,13.623046970942266],[74.7867293433851,13.623461296415051],[74.78697614832289,13.624947565224247],[74.78577404975913,13.626640641010557],[74.78826346017615,13.63178255630109],[74.78785630057027,13.633804244397316]]]}},{"type":"Feature","properties":{"type":"village","name":"Shankaranarayana","taluk":"Kundapura","district":"UDUPI","village_code":"608716"},"geometry":{"type":"Polygon","coordinates":[[[74.86840749098715,13.63024005500988],[74.85914500521174,13.638191871286327],[74.85483347992019,13.639401168272693],[74.84673993589138,13.646036027734757],[74.83999093987416,13.63977947906518],[74.83695186021623,13.638949477373773],[74.83444245779258,13.64064260122147],[74.82641989504424,13.642645522312742],[74.825112920866,13.639880357184941],[74.8230278556331,13.64008727958735],[74.8227454513589,13.63873928028276],[74.82189690094489,13.640570900087617],[74.820271529694,13.639464552865041],[74.81836312085666,13.639671410158327],[74.81808075790497,13.638427173311623],[74.81557177679115,13.637977223032117],[74.81458267237453,13.636214374152763],[74.81606832415771,13.630650323197882],[74.81345372631931,13.629267171166862],[74.8111920738611,13.629335729371144],[74.81022760035124,13.626821357967707],[74.81376179007125,13.62523246792166],[74.81694295535935,13.622088205200855],[74.82280854363458,13.623195600250263],[74.82595435931793,13.619705556577422],[74.83157276895619,13.619914037587995],[74.83425864002754,13.618151885116],[74.83514248435074,13.615871045578343],[74.84242264341569,13.609028952929911],[74.85001281018683,13.591021511233592],[74.84973065115271,13.587046898405728],[74.85086375910262,13.584296652275848],[74.85347857163839,13.581048165096337],[74.8561284517079,13.580530019764073],[74.85966119603862,13.584746849589838],[74.86224036162727,13.585645637621203],[74.86580958923663,13.584607324410515],[74.86669117070363,13.58608267793696],[74.86585569796353,13.591075868961923],[74.86337271678899,13.595410865068189],[74.86232816925137,13.603014161645206],[74.86817549926842,13.604353576773292],[74.86780401894897,13.610980995626678],[74.87461456842775,13.618448459202417],[74.8796733393221,13.617710807576747],[74.87938335236862,13.621149431022632],[74.88010275199423,13.622238795971478],[74.8794181162718,13.623135329799434],[74.88273660791567,13.624088627819216],[74.88009126074512,13.62912731341607],[74.87559434384013,13.62967431302093],[74.87187061229014,13.631415296374175],[74.87118149936433,13.629652596699527],[74.86840749098715,13.63024005500988]]]}},{"type":"Feature","properties":{"type":"village","name":"Basrur","taluk":"Kundapura","district":"UDUPI","village_code":"608739"},"geometry":{"type":"Polygon","coordinates":[[[74.7591444211211,13.640798577781883],[74.7552910294379,13.642567028332802],[74.75211220156619,13.64131711233071],[74.74583632485295,13.642391307212785],[74.7414759662442,13.64462108958613],[74.73512197562711,13.646182647871568],[74.73173201940911,13.644472497328325],[74.72225821214963,13.64252014895276],[74.72644187214196,13.63264639473921],[74.72926704406612,13.619576210865757],[74.73203171265926,13.621463253656438],[74.7367539746482,13.621678595270234],[74.73628228636046,13.622819853222005],[74.73744913503249,13.623226864749359],[74.73908760282191,13.62235676968975],[74.73911576590437,13.623171796763412],[74.74478282021359,13.624011426754791],[74.75076349255816,13.626480603370757],[74.75359264312073,13.622300060176263],[74.75560717802743,13.621558050087613],[74.76312545711798,13.62085749360244],[74.77085507565887,13.621470057321218],[74.77387707834323,13.619829690084444],[74.76982881602378,13.629683938043165],[74.7591444211211,13.640798577781883]]]}},{"type":"Feature","properties":{"type":"village","name":"Rattadi","taluk":"Kundapura","district":"UDUPI","village_code":"608755"},"geometry":{"type":"Polygon","coordinates":[[[74.93563065690964,13.607192970306087],[74.93015427810431,13.606558637207447],[74.91634870381495,13.612303343192501],[74.91451507703005,13.609999902325375],[74.91335425156201,13.60609624040841],[74.89977968533617,13.605961534247148],[74.90567179008195,13.591003888234312],[74.9074118968559,13.590050367024434],[74.90587998363219,13.585953823793568],[74.90601888203973,13.583502577996311],[74.90402333212825,13.581959365626954],[74.90741063112965,13.58050641195062],[74.9111699179986,13.584909121106023],[74.91530031687779,13.587178239629713],[74.9167849957855,13.585680047908566],[74.91720220125124,13.582910950334943],[74.91952174204467,13.579233731124349],[74.92481186865056,13.580004485145563],[74.92107764837128,13.586360250806802],[74.91950006479854,13.587449916421436],[74.91929170955156,13.58994658097159],[74.92834070710643,13.589831496119777],[74.93547684107847,13.595146695101331],[74.93761138372062,13.594556064823514],[74.93960560771875,13.589584999794925],[74.94233092022098,13.586134481004356],[74.94195874280885,13.582684586970931],[74.94337407986148,13.582661525989696],[74.94557775864455,13.580777149839648],[74.95007641378957,13.57276391611349],[74.9525127786891,13.57364840596453],[74.95318622499633,13.575509325611026],[74.957201214616,13.578776465224049],[74.96601817912962,13.579845960674563],[74.9668083893558,13.583182107229495],[74.96989615500719,13.588185619979653],[74.95609188327502,13.59179906637975],[74.95662722708204,13.596837612673358],[74.95537485340512,13.59874452503163],[74.95340235785707,13.59817766519768],[74.95140610815797,13.59561348860298],[74.95203211174012,13.594251530866213],[74.94820440738248,13.59690812126298],[74.9489709254414,13.599676921704415],[74.94416731471527,13.597953310654653],[74.9382041343659,13.598590265249472],[74.93563011073394,13.604764427702891],[74.93563065690964,13.607192970306087]]]}},{"type":"Feature","properties":{"type":"village","name":"Kalavara","taluk":"Kundapura","district":"UDUPI","village_code":"608736"},"geometry":{"type":"Polygon","coordinates":[[[74.75965942078192,13.590934231839013],[74.75485367925197,13.592072421321113],[74.7529604061288,13.597791350174795],[74.755416312979,13.5972741984006],[74.75575156603966,13.598138363680484],[74.75518541271333,13.599779789329677],[74.75414307862455,13.599692871144269],[74.75260251462467,13.606552544692988],[74.7464959883088,13.604354175727678],[74.74357942088932,13.604056689035723],[74.73941373169421,13.605362636417604],[74.72971049381286,13.604092154861364],[74.73014164831832,13.601300739777765],[74.72669792703223,13.601686690223564],[74.72444617580506,13.596905994296806],[74.72543021641843,13.592198754829106],[74.72468149488365,13.590842340375014],[74.72693015680454,13.588423510922414],[74.73635342484614,13.59077305677216],[74.74085200543101,13.589140996313642],[74.74214046083965,13.582918935660887],[74.7448322311475,13.578475725163473],[74.75835791734379,13.579320926632537],[74.7630876847569,13.588723914421248],[74.75965942078192,13.590934231839013]]]}},{"type":"Feature","properties":{"type":"village","name":"Koteshwar (CT)","taluk":"Kundapura","district":"UDUPI","village_code":"608758"},"geometry":{"type":"Polygon","coordinates":[[[74.71216547643914,13.599309677412966],[74.70848551619966,13.599908575709211],[74.70797231406775,13.601756165340667],[74.70225040862726,13.601037963773127],[74.70166792303073,13.6035375916745],[74.70333471470109,13.604379309110177],[74.70322406920754,13.605792078390389],[74.70102953257913,13.60495051527922],[74.69922438328705,13.605793239621462],[74.69900294856953,13.608319926971898],[74.6961415386068,13.606636299727635],[74.68747490715596,13.60423412026492],[74.6848921267466,13.605593114896848],[74.68514133018621,13.602441567785029],[74.68275260384453,13.602197584321104],[74.68167019231768,13.605729659156523],[74.67928154592607,13.605974665752601],[74.67908679207076,13.60450763198567],[74.67730905936116,13.604018959223795],[74.67711500709011,13.601708441417992],[74.67335388316637,13.601472653194955],[74.67461438030845,13.594519938343439],[74.67743884705511,13.594007511025126],[74.67638395631528,13.596534343336378],[74.67841146109807,13.596370938584604],[74.67981328659049,13.592865978800424],[74.68197972032353,13.59309645459706],[74.68353462143536,13.591221523408326],[74.6870342709327,13.591764092920767],[74.68892260691503,13.590649754995354],[74.69183991813956,13.594506898756485],[74.6952839843787,13.594696181379007],[74.69675505919977,13.5914356203423],[74.69666983602878,13.584983229011174],[74.70030819259252,13.585213142284884],[74.70766737735129,13.583118986106701],[74.71318063918555,13.58402731375643],[74.7139133662167,13.594065656663311],[74.71216547643914,13.599309677412966]]]}},{"type":"Feature","properties":{"type":"village","name":"Kulanje","taluk":"Kundapura","district":"UDUPI","village_code":"608724"},"geometry":{"type":"Polygon","coordinates":[[[74.8796733393221,13.617710807576747],[74.87506702917513,13.618596020157733],[74.87297854944578,13.617245452803994],[74.86780401894897,13.610980995626678],[74.86817549926842,13.604353576773292],[74.86232816925137,13.603014161645206],[74.86337271678899,13.595410865068189],[74.86678389301063,13.588420375368637],[74.86580958923663,13.584607324410515],[74.86766575026043,13.58295051022207],[74.87061250376841,13.582610155266535],[74.88114604997533,13.57791206606705],[74.88369828497007,13.577639657077265],[74.88745707686729,13.580703644873454],[74.88915080991134,13.580590072281705],[74.89717825859648,13.576265943032807],[74.89933594004373,13.576220349861572],[74.90144702497884,13.573678133143613],[74.90283908668246,13.573655285226872],[74.90382539374528,13.575558856256375],[74.90283996882805,13.581074297268856],[74.90601888203973,13.583502577996311],[74.90587998363219,13.585953823793568],[74.9074118968559,13.590050367024434],[74.90567179008195,13.591003888234312],[74.89977968533617,13.605961534247148],[74.89341964815893,13.607353119657082],[74.88382620596484,13.602877733690184],[74.88135287359476,13.605711888823441],[74.87728944501833,13.608096648091026],[74.8796733393221,13.617710807576747]]]}},{"type":"Feature","properties":{"type":"village","name":"Hangaloor","taluk":"Kundapura","district":"UDUPI","village_code":"608725"},"geometry":{"type":"Polygon","coordinates":[[[74.71197480273189,13.613009880289098],[74.69314423240623,13.612341101368642],[74.69236677196885,13.613346515907157],[74.68207561907336,13.613477976127436],[74.68235644770255,13.611745954736154],[74.6805850310477,13.608764639251815],[74.68083695458598,13.605865674235334],[74.68167019231768,13.605729659156523],[74.68275260384453,13.602197584321104],[74.68514133018621,13.602441567785029],[74.6848921267466,13.605593114896848],[74.68747490715596,13.60423412026492],[74.6961415386068,13.606636299727635],[74.69900294856953,13.608319926971898],[74.69922438328705,13.605793239621462],[74.70102953257913,13.60495051527922],[74.70322406920754,13.605792078390389],[74.70333471470109,13.604379309110177],[74.70166792303073,13.6035375916745],[74.70225040862726,13.601037963773127],[74.70797231406775,13.601756165340667],[74.70848551619966,13.599908575709211],[74.71216547643914,13.599309677412966],[74.7114085990999,13.601520869605887],[74.71243284740707,13.604241285020313],[74.71373005060994,13.604494594694824],[74.71409160095223,13.60786369594225],[74.71197480273189,13.613009880289098]]]}},{"type":"Feature","properties":{"type":"village","name":"Japthi","taluk":"Kundapura","district":"UDUPI","village_code":"608741"},"geometry":{"type":"Polygon","coordinates":[[[74.77387707834323,13.619829690084444],[74.77085507565887,13.621470057321218],[74.7648745218919,13.620987846112964],[74.76422192907567,13.61861145496407],[74.75902988232913,13.613727217855157],[74.75979085688441,13.611256434309523],[74.75866223871425,13.606849330640008],[74.75260251462467,13.606552544692988],[74.75414307862455,13.599692871144269],[74.75518541271333,13.599779789329677],[74.75575156603966,13.598138363680484],[74.755416312979,13.5972741984006],[74.7529604061288,13.597791350174795],[74.75485367925197,13.592072421321113],[74.75965942078192,13.590934231839013],[74.76053271708706,13.593341002760173],[74.76357042771247,13.59531239095609],[74.77236692231574,13.598496013183858],[74.7758655306657,13.59704588506593],[74.7799660066627,13.592450785986077],[74.78162687933363,13.59196763464265],[74.78441778681793,13.592694520162528],[74.78761451182504,13.59520999463542],[74.7858990386528,13.600013408643562],[74.78646283300323,13.60395363380286],[74.7836173025598,13.606890360326464],[74.7864969078986,13.607513501144282],[74.79132037588406,13.606703092967026],[74.79068216419718,13.612733849952653],[74.78958679626899,13.612698922366492],[74.78720048909035,13.615687555240447],[74.78467434296809,13.614684321984027],[74.78532703100576,13.617414998241738],[74.78133525205642,13.614406604202502],[74.77863208122932,13.614301849234653],[74.77387707834323,13.619829690084444]]]}},{"type":"Feature","properties":{"type":"village","name":"Anagalli","taluk":"Kundapura","district":"UDUPI","village_code":"608738"},"geometry":{"type":"Polygon","coordinates":[[[74.72644187214196,13.63264639473921],[74.7197617436694,13.634319756261487],[74.7080532082574,13.635138799770248],[74.70631850395156,13.639554137359362],[74.70165157279426,13.639650635829566],[74.69962410214745,13.641063953846945],[74.69669695077731,13.641526625334041],[74.6896860608205,13.641633715661174],[74.69022950743141,13.648106343675797],[74.68924401603886,13.650816585709983],[74.68743796663486,13.649675964978627],[74.6770895093091,13.649026160317163],[74.67701226227948,13.645039280228882],[74.67469857041688,13.64016307164838],[74.67205935065483,13.639348504757331],[74.66854539728324,13.64021846566019],[74.66969054714954,13.634847606838825],[74.67154537866674,13.63451481859319],[74.67160027471373,13.631037310040492],[74.6739057640595,13.630384871701933],[74.67348847774542,13.627314965115815],[74.67095993671458,13.62340321561895],[74.67691565116564,13.611196911670367],[74.67730905936116,13.604018959223795],[74.67908679207076,13.60450763198567],[74.67928154592607,13.605974665752601],[74.68083695458598,13.605865674235334],[74.6805850310477,13.608764639251815],[74.68235644770255,13.611745954736154],[74.68240239742765,13.615196281984268],[74.6816177899939,13.61556321788024],[74.68282736074418,13.620969389835492],[74.6808690756456,13.621051310727255],[74.68078509394631,13.618212272954054],[74.67814738874388,13.623333975594644],[74.67992518792879,13.62346945760081],[74.6799254457453,13.624610513093367],[74.67761268363898,13.623402002091872],[74.67653651630167,13.624427802174838],[74.6774683108981,13.630194025246539],[74.68105280807067,13.634879773349997],[74.68705390900311,13.638165763752804],[74.69748535179653,13.639127565093348],[74.70059557173673,13.635662773289011],[74.70330442440799,13.636870950083608],[74.70479241899747,13.636103230674998],[74.70497050371432,13.634832848793852],[74.7026078698384,13.630405184147566],[74.69932926069815,13.627961018774034],[74.69974559839132,13.626874181420872],[74.70391171338784,13.625052705723018],[74.70554999073444,13.623204783777146],[74.71649871670607,13.62320753473185],[74.7224486927191,13.6197889970217],[74.7224483863936,13.619028293010258],[74.72926704406612,13.619576210865757],[74.72644187214196,13.63264639473921]]]}},{"type":"Feature","properties":{"type":"village","name":"Hattiangadi","taluk":"Kundapura","district":"UDUPI","village_code":"608692"},"geometry":{"type":"Polygon","coordinates":[[[74.74078743183345,13.657006562045355],[74.73464211626359,13.659984141096253],[74.72725154616543,13.658628786838031],[74.72172380528542,13.660695676092622],[74.72307624140352,13.657080637755458],[74.71726499311815,13.652437775006442],[74.71482849167474,13.651578706259619],[74.7123207385579,13.652946982019486],[74.71090928761721,13.65645763726329],[74.70990020287203,13.656457968099538],[74.71295412180011,13.650507966394528],[74.71174273196141,13.649070465832477],[74.7134436057136,13.648787949721646],[74.71099215810048,13.646293580586633],[74.71407729797629,13.64322945730739],[74.71892432517839,13.6417470939664],[74.7212722221921,13.643009540902616],[74.72225821214963,13.64252014895276],[74.73173201940911,13.644472497328325],[74.73512197562711,13.646182647871568],[74.73534558875923,13.649171022229096],[74.74080524183228,13.650730773099705],[74.74078743183345,13.657006562045355]]]}},{"type":"Feature","properties":{"type":"village","name":"Ampar","taluk":"Kundapura","district":"UDUPI","village_code":"608715"},"geometry":{"type":"Polygon","coordinates":[[[74.85308695468352,13.663931278968843],[74.84858434605293,13.66286402829016],[74.84716836041666,13.664702308600793],[74.84517219336257,13.66538289166456],[74.84217833130278,13.663771029186313],[74.83507614376704,13.663145692178832],[74.83263896589219,13.664143943970739],[74.82251943792838,13.663733330733228],[74.82052369128583,13.662461794376382],[74.81657780995931,13.66350490702827],[74.81640263578394,13.662524925743538],[74.81184417889214,13.659724258565056],[74.80749839185563,13.655299235305554],[74.79876915321937,13.654648541783278],[74.79756826109305,13.652453473846206],[74.79896489971306,13.65034574337109],[74.79878916319232,13.647459790803262],[74.79981432598444,13.646423236410318],[74.80115912103278,13.640790141334064],[74.79718462027962,13.637159928363191],[74.78785630057027,13.633804244397316],[74.78826346017615,13.63178255630109],[74.78577404975913,13.626640641010557],[74.78697614832289,13.624947565224247],[74.7867293433851,13.623461296415051],[74.78786026932721,13.623046970942266],[74.78782564825615,13.621146072401594],[74.7898044625539,13.62145783639207],[74.78998189599218,13.619176889922066],[74.79899292714991,13.618661497813958],[74.80351567960244,13.619457788755712],[74.80722416943708,13.625852766717822],[74.81022760035124,13.626821357967707],[74.8111920738611,13.629335729371144],[74.81345372631931,13.629267171166862],[74.81606832415771,13.630650323197882],[74.8145121420483,13.63583416063051],[74.81557177679115,13.637977223032117],[74.82189690094489,13.640570900087617],[74.8227454513589,13.63873928028276],[74.8230278556331,13.64008727958735],[74.825112920866,13.639880357184941],[74.82641989504424,13.642645522312742],[74.83737591892925,13.639053204392455],[74.83999093987416,13.63977947906518],[74.84673993589138,13.646036027734757],[74.85483347992019,13.639401168272693],[74.85914500521174,13.638191871286327],[74.86423072197135,13.633054745120765],[74.86568626581948,13.633825685341293],[74.8675591013716,13.636798056170976],[74.86784170866503,13.63966671002879],[74.86678149630548,13.642189637754235],[74.86752350023856,13.643848633350764],[74.86473165131987,13.644747093854857],[74.8660742248345,13.6516248357334],[74.86545561438714,13.655564857812601],[74.86436732698,13.657043791072079],[74.86144312028733,13.655681804911406],[74.8586810954361,13.656952591337733],[74.8571493762485,13.656112627180725],[74.85703319713281,13.65722475361516],[74.85506035842832,13.657894121252346],[74.85494422602501,13.659312678302385],[74.85712582511668,13.659721475738266],[74.85308695468352,13.663931278968843]]]}},{"type":"Feature","properties":{"type":"village","name":"Gulvadi","taluk":"Kundapura","district":"UDUPI","village_code":"608703"},"geometry":{"type":"Polygon","coordinates":[[[74.7874516104331,13.665880133158867],[74.78541613130552,13.667293106350392],[74.78423115283448,13.669867470036987],[74.77954995732877,13.66525170212849],[74.77559183465986,13.664420614275524],[74.7727995231088,13.664989686831252],[74.77029314890594,13.658266387157983],[74.76742937278075,13.660459777385487],[74.76408682066028,13.66617819229368],[74.75615160290367,13.667314874199173],[74.75162989519183,13.66309615106933],[74.74924178689108,13.662800058161396],[74.74078743183345,13.657006562045355],[74.74080524183228,13.650730773099705],[74.73534558875923,13.649171022229096],[74.73512197562711,13.646182647871568],[74.75134633388754,13.641339416837637],[74.7539681344179,13.64265715201825],[74.7591444211211,13.640798577781883],[74.76297308937106,13.64202602971657],[74.76587308287353,13.644206233798599],[74.76627708040962,13.648779793775455],[74.76847011325823,13.649126888703014],[74.77039733461427,13.647039630701245],[74.77208961957407,13.651420855643476],[74.77088096241043,13.6555056501137],[74.77454789617997,13.655779621008318],[74.77865524069568,13.65752897338002],[74.78354983459039,13.663976746120444],[74.7874516104331,13.665880133158867]]]}},{"type":"Feature","properties":{"type":"village","name":"Anagalli","taluk":"Kundapura","district":"UDUPI","village_code":"608738"},"geometry":{"type":"Polygon","coordinates":[[[74.7120224520695,13.645648097359866],[74.7063556852212,13.646845318982495],[74.6999462182454,13.6496183646377],[74.69770368193642,13.652132028894702],[74.68924401603886,13.650816585709983],[74.69022950743141,13.648106343675797],[74.6896860608205,13.641633715661174],[74.69669695077731,13.641526625334041],[74.69962410214745,13.641063953846945],[74.70165157279426,13.639650635829566],[74.70631850395156,13.639554137359362],[74.7080532082574,13.635138799770248],[74.7197617436694,13.634319756261487],[74.72644187214196,13.63264639473921],[74.72225821214963,13.64252014895276],[74.7212722221921,13.643009540902616],[74.71892432517839,13.6417470939664],[74.71407729797629,13.64322945730739],[74.7120224520695,13.645648097359866]]]}},{"type":"Feature","properties":{"type":"village","name":"Uppinakudru","taluk":"Kundapura","district":"UDUPI","village_code":"608690"},"geometry":{"type":"Polygon","coordinates":[[[74.70170123705306,13.664842069328255],[74.695575175973,13.664772476591493],[74.69165858601293,13.66746312037109],[74.68946383917876,13.667816848718973],[74.68865845730572,13.66903960016],[74.68207399222439,13.669475786245242],[74.67640468404213,13.662046517805054],[74.67372362614407,13.661653082197454],[74.67599370030806,13.65632775126621],[74.6770895093091,13.649026160317163],[74.68743796663486,13.649675964978627],[74.69106380607343,13.651345911328521],[74.69770368193642,13.652132028894702],[74.70014284868134,13.65658348070377],[74.69956008999695,13.65870274506848],[74.70056085364764,13.66068571364856],[74.70045055670043,13.663348200029965],[74.70170123705306,13.664842069328255]]]}},{"type":"Feature","properties":{"type":"village","name":"Kavrady","taluk":"Kundapura","district":"UDUPI","village_code":"608713"},"geometry":{"type":"Polygon","coordinates":[[[74.8150063160659,13.663812036765583],[74.80374002396319,13.672358718939005],[74.79457251885938,13.670154228341435],[74.78354983459039,13.663976746120444],[74.77865524069568,13.65752897338002],[74.77454789617997,13.655779621008318],[74.77088096241043,13.6555056501137],[74.77208961957407,13.651420855643476],[74.77039733461427,13.647039630701245],[74.76847011325823,13.649126888703014],[74.76627708040962,13.648779793775455],[74.76547889044876,13.643525139172853],[74.7591444211211,13.640798577781883],[74.768255449143,13.631601362109102],[74.77235406383076,13.632916517768038],[74.77086834467393,13.636302847686459],[74.77418921685333,13.638689062722623],[74.77761700202628,13.638897804594325],[74.78019724199999,13.637896579077884],[74.78344897085196,13.63654995881772],[74.7849341079005,13.634200362904187],[74.7864891428613,13.633855324649515],[74.79718462027962,13.637159928363191],[74.80115912103278,13.640790141334064],[74.79981432598444,13.646423236410318],[74.79878916319232,13.647459790803262],[74.79896489971306,13.65034574337109],[74.79756826109305,13.652453473846206],[74.7981684731451,13.654095342023771],[74.80749839185563,13.655299235305554],[74.81184417889214,13.659724258565056],[74.81640263578394,13.662524925743538],[74.81657780995931,13.66350490702827],[74.8150063160659,13.663812036765583]]]}},{"type":"Feature","properties":{"type":"village","name":"Gangolli","taluk":"Kundapura","district":"UDUPI","village_code":"608689"},"geometry":{"type":"Polygon","coordinates":[[[74.67372362614407,13.661653082197454],[74.6670005168784,13.662618667814284],[74.66305623455308,13.667753976268191],[74.65897222916678,13.668270695332145],[74.66041595567735,13.661424202568252],[74.65886009157157,13.660935374307341],[74.65856001833404,13.658770578937208],[74.66375161322802,13.652441561792962],[74.66627575520889,13.639154941837612],[74.66847310086916,13.638188080779234],[74.66918197673122,13.63624306683617],[74.66854539728324,13.64021846566019],[74.67205935065483,13.639348504757331],[74.67469857041688,13.64016307164838],[74.67607399082988,13.641738555414557],[74.677186069219,13.645881453113754],[74.67656272375176,13.65397761723235],[74.67372362614407,13.661653082197454]]]}},{"type":"Feature","properties":{"type":"village","name":"Tallur","taluk":"Kundapura","district":"UDUPI","village_code":"608691"},"geometry":{"type":"Polygon","coordinates":[[[74.71519901259344,13.671320672306035],[74.71055305799632,13.673560198883578],[74.70777369027022,13.670599802660622],[74.70652246014863,13.66767965077787],[74.70768808082362,13.664011618986853],[74.70170123705306,13.664842069328255],[74.70045055670043,13.663348200029965],[74.70056085364764,13.66068571364856],[74.69956008999695,13.65870274506848],[74.70014284868134,13.65658348070377],[74.69770368193642,13.652132028894702],[74.6999462182454,13.6496183646377],[74.7063556852212,13.646845318982495],[74.7120224520695,13.645648097359866],[74.71119414788537,13.646801010430515],[74.7134436057136,13.648787949721646],[74.71174273196141,13.649070465832477],[74.71295412180011,13.650507966394528],[74.70990020287203,13.656457968099538],[74.71090928761721,13.65645763726329],[74.7123207385579,13.652946982019486],[74.71482849167474,13.651578706259619],[74.71726499311815,13.652437775006442],[74.72307624140352,13.657080637755458],[74.71893432163085,13.667380003157843],[74.71993524158842,13.669254221020909],[74.7229360449304,13.66983720940583],[74.72236770779959,13.672839472258218],[74.72128439436419,13.673437572254016],[74.71906110805342,13.671889823337814],[74.71519901259344,13.671320672306035]]]}},{"type":"Feature","properties":{"type":"village","name":"Kanyana","taluk":"Kundapura","district":"UDUPI","village_code":"608693"},"geometry":{"type":"Polygon","coordinates":[[[74.74722102576114,13.661241765426793],[74.74144704228868,13.670902625161055],[74.72725068557938,13.672932669926306],[74.72851035627139,13.678657790088213],[74.72716621160332,13.683227299398894],[74.71757150817457,13.68164022335174],[74.7127491199641,13.676751688759643],[74.71288666011893,13.672975310773369],[74.71519901259344,13.671320672306035],[74.71906110805342,13.671889823337814],[74.72128439436419,13.673437572254016],[74.72236770779959,13.672839472258218],[74.7229360449304,13.66983720940583],[74.71993524158842,13.669254221020909],[74.71893432163085,13.667380003157843],[74.72172380528542,13.660695676092622],[74.72725154616543,13.658628786838031],[74.73464211626359,13.659984141096253],[74.74078743183345,13.657006562045355],[74.74722102576114,13.661241765426793]]]}},{"type":"Feature","properties":{"type":"village","name":"Machattu","taluk":"Kundapura","district":"UDUPI","village_code":"608722"},"geometry":{"type":"Polygon","coordinates":[[[75.01216501256727,13.688118517763453],[75.00552429767778,13.684251853917552],[75.00270903417122,13.683986470611943],[74.99400503370289,13.686933141206932],[74.98916382399055,13.689423716379622],[74.98534786061369,13.692708752645984],[74.97760417355711,13.68669828298097],[74.97251449792203,13.687218696947102],[74.9707114390096,13.686217070937085],[74.95419911320842,13.669287603987748],[74.95119201896452,13.660267938313682],[74.94122528993894,13.659925049730669],[74.94140128697111,13.657125558909787],[74.93998697040462,13.655000324408324],[74.9416818937164,13.64953924794865],[74.94035676099303,13.645931112196848],[74.9409926882641,13.645205201269253],[74.9349125212136,13.638709045338986],[74.93473409334032,13.631589416702232],[74.93116445430256,13.629723915274063],[74.9290427710437,13.6230194238343],[74.92176244758708,13.618631449754998],[74.91634870381495,13.612303343192501],[74.93015427810431,13.606558637207447],[74.93563065690964,13.607192970306087],[74.93912723506702,13.605483015230883],[74.94262397402285,13.605282855319714],[74.9428924472236,13.606478814603637],[74.94203448426207,13.607077018113042],[74.94305403797355,13.60883940411958],[74.94512408157829,13.608524049916957],[74.95028395695955,13.610180287128179],[74.9515392106353,13.610977312945984],[74.95170087774204,13.613327391128552],[74.95552009841015,13.615099281989291],[74.95601716230799,13.626104796959812],[74.96518152510494,13.635187528751548],[74.96505411974314,13.638649726906731],[74.96822956635611,13.638669611752183],[74.97011663661223,13.636318817354349],[74.9723156459524,13.635950800609665],[74.97436368532429,13.63357890397419],[74.97636958742112,13.633189927351536],[75.01741795161534,13.63808930408878],[75.01782101490355,13.640505680792733],[75.01498648702572,13.644363894570116],[75.01344416681945,13.651679952952922],[75.01498183914245,13.654279266924581],[75.01275265629016,13.657821375245543],[75.01574463278615,13.663611991742348],[75.02435122892824,13.660538123128754],[75.02902063224923,13.667630835982724],[75.02846497933022,13.67020661264361],[75.01839760575518,13.673293543993086],[75.01474958601395,13.676450885687304],[75.01214746307986,13.676580735280213],[75.01284034443829,13.68703420512854],[75.01216501256727,13.688118517763453]]]}},{"type":"Feature","properties":{"type":"village","name":"Gujjadi","taluk":"Kundapura","district":"UDUPI","village_code":"608688"},"geometry":{"type":"Polygon","coordinates":[[[74.67886745671606,13.680336811886574],[74.6744789080754,13.68708887067921],[74.66511521001523,13.686370471358774],[74.65727992983396,13.68710502630557],[74.6523201110631,13.685489058429933],[74.65319523274489,13.684578849791247],[74.65320874789833,13.681250783978227],[74.64682846988109,13.67939010672287],[74.65187774737953,13.665596856828104],[74.65491367664575,13.663703025669685],[74.65856001833404,13.658770578937208],[74.65886009157157,13.660935374307341],[74.66041595567735,13.661424202568252],[74.65897222916678,13.668270695332145],[74.66305623455308,13.667753976268191],[74.6670005168784,13.662618667814284],[74.67372362614407,13.661653082197454],[74.67556047877913,13.67723352765434],[74.67678351078396,13.679759906952485],[74.67886745671606,13.680336811886574]]]}},{"type":"Feature","properties":{"type":"village","name":"Hemmadi","taluk":"Kundapura","district":"UDUPI","village_code":"608695"},"geometry":{"type":"Polygon","coordinates":[[[74.70015931210553,13.664852704593116],[74.69879841834899,13.666320158792416],[74.69888319505729,13.670993010351507],[74.69960586544887,13.671984431925594],[74.70116168823216,13.671848144187946],[74.70506905968078,13.683332186115013],[74.69590253284233,13.691546316038444],[74.68702387922147,13.68707266006498],[74.68093759464391,13.681232925064368],[74.67678351078396,13.679759906952485],[74.67490686098517,13.67383766639368],[74.67372362614407,13.661653082197454],[74.67640468404213,13.662046517805054],[74.68207399222439,13.669475786245242],[74.68865845730572,13.66903960016],[74.68946383917876,13.667816848718973],[74.69165858601293,13.66746312037109],[74.695575175973,13.664772476591493],[74.70015931210553,13.664852704593116]]]}},{"type":"Feature","properties":{"type":"village","name":"Kattabelthoor","taluk":"Kundapura","district":"UDUPI","village_code":"608694"},"geometry":{"type":"Polygon","coordinates":[[[74.72389673293964,13.691978630628828],[74.70512792717966,13.69324163585002],[74.69590253284233,13.691546316038444],[74.70506905968078,13.683332186115013],[74.70116168823216,13.671848144187946],[74.69960586544887,13.671984431925594],[74.69888319505729,13.670993010351507],[74.69879841834899,13.666320158792416],[74.70015931210553,13.664852704593116],[74.70768808082362,13.664011618986853],[74.70655041212702,13.668182247753558],[74.70991392823126,13.673247979133814],[74.71288666011893,13.672975310773369],[74.7127491199641,13.676751688759643],[74.71394451080761,13.678598696423583],[74.71757150817457,13.68164022335174],[74.72716621160332,13.683227299398894],[74.72582531524333,13.685973794621875],[74.72140919012007,13.690172913384448],[74.72389673293964,13.691978630628828]]]}},{"type":"Feature","properties":{"type":"village","name":"Kenchanoor","taluk":"Kundapura","district":"UDUPI","village_code":"608702"},"geometry":{"type":"Polygon","coordinates":[[[74.7493326667534,13.69594542198121],[74.7413342381435,13.69607365927912],[74.74047261814044,13.695557860933802],[74.74158377126483,13.694959667040168],[74.73635784455733,13.6903298809513],[74.72389673293964,13.691978630628828],[74.72140919012007,13.690172913384448],[74.72582531524333,13.685973794621875],[74.72820579325406,13.681130186313831],[74.72844732328453,13.677455637880445],[74.72725068557938,13.672932669926306],[74.74144704228868,13.670902625161055],[74.74722102576114,13.661241765426793],[74.74924178689108,13.662800058161396],[74.75162989519183,13.66309615106933],[74.75615160290367,13.667314874199173],[74.76408682066028,13.66617819229368],[74.7651269646564,13.671570209098087],[74.75542204782377,13.677181720118075],[74.75655213563775,13.679117775406619],[74.75842547963629,13.679049517961314],[74.7587077797059,13.68005196439017],[74.75743455972447,13.681554748402545],[74.76079176606217,13.682904305276491],[74.76220431833741,13.685410592682885],[74.76381258925858,13.685411434073233],[74.76370551456829,13.687675123697629],[74.76490693400568,13.688375493084662],[74.76529429474272,13.691555310126896],[74.7564217236147,13.69227686968131],[74.75203907600712,13.691514351019075],[74.75027102264468,13.692835371821959],[74.7493326667534,13.69594542198121]]]}},{"type":"Feature","properties":{"type":"village","name":"Ulloor  74","taluk":"Kundapura","district":"UDUPI","village_code":"608723"},"geometry":{"type":"Polygon","coordinates":[[[74.92278403238944,13.651252619577082],[74.91835128034859,13.651843494065126],[74.91561242843842,13.650550195778575],[74.91087787480144,13.650959405590736],[74.90723377620643,13.647963900055476],[74.90611981674508,13.648667585106683],[74.89525828484814,13.648782082643173],[74.8934475893575,13.642994531079808],[74.88801668776344,13.637263916318906],[74.88447752856328,13.636821438376275],[74.8827833221071,13.635232673195611],[74.88002168622636,13.634574510834916],[74.87976635986978,13.629819508949257],[74.88273660791567,13.624088627819216],[74.8794181162718,13.623135329799434],[74.88010275199423,13.622238795971478],[74.87938335236862,13.621149431022632],[74.87949790912691,13.616253086241425],[74.87728944501833,13.608096648091026],[74.88135287359476,13.605711888823441],[74.88382620596484,13.602877733690184],[74.88806638795485,13.605417902379088],[74.89458578985678,13.607543091364866],[74.89907311365285,13.605987510878736],[74.91335425156201,13.60609624040841],[74.91497930660593,13.61081696087184],[74.92176244758708,13.618631449754998],[74.9290427710437,13.6230194238343],[74.93116445430256,13.629723915274063],[74.93473409334032,13.631589416702232],[74.9349125212136,13.638709045338986],[74.9409926882641,13.645205201269253],[74.94035676099303,13.645931112196848],[74.9416818937164,13.64953924794865],[74.9380240248464,13.649159916612092],[74.93669908256585,13.650447716880539],[74.93240484894518,13.649429048287203],[74.93148536396306,13.646716186290705],[74.92727951109164,13.645265432916693],[74.92464707810159,13.647045851369285],[74.92278403238944,13.651252619577082]]]}},{"type":"Feature","properties":{"type":"village","name":"Karkunje","taluk":"Kundapura","district":"UDUPI","village_code":"608704"},"geometry":{"type":"Polygon","coordinates":[[[74.80772487600336,13.697938946309979],[74.80286542779584,13.701082693167967],[74.80074271327103,13.706542724265445],[74.79345977392032,13.709374337816921],[74.7916701735675,13.706249167205057],[74.78626221225082,13.70510670472293],[74.78644057364882,13.7007865633879],[74.78499192526881,13.699092537301711],[74.78140381776713,13.699721932268938],[74.7805544741407,13.70210628318554],[74.77806213880912,13.702692869679405],[74.77193053602207,13.699545168941302],[74.77018491538892,13.702591217273998],[74.7679222981401,13.703177710919102],[74.76484754368731,13.701966747064994],[74.76109934202893,13.704418841809508],[74.75687773360573,13.69935349787062],[74.75320197568512,13.698401265226124],[74.7493326667534,13.69594542198121],[74.75027102264468,13.692835371821959],[74.75203907600712,13.691514351019075],[74.7564217236147,13.69227686968131],[74.76529429474272,13.691555310126896],[74.76490693400568,13.688375493084662],[74.76370551456829,13.687675123697629],[74.76381258925858,13.685411434073233],[74.76220431833741,13.685410592682885],[74.76079176606217,13.682904305276491],[74.75743455972447,13.681554748402545],[74.7587077797059,13.68005196439017],[74.75842547963629,13.679049517961314],[74.75655213563775,13.679117775406619],[74.75542204782377,13.677181720118075],[74.7651269646564,13.671570209098087],[74.76408682066028,13.66617819229368],[74.76742937278075,13.660459777385487],[74.77029314890594,13.658266387157983],[74.7727995231088,13.664989686831252],[74.77559183465986,13.664420614275524],[74.77954995732877,13.66525170212849],[74.78423115283448,13.669867470036987],[74.78541613130552,13.667293106350392],[74.7874516104331,13.665880133158867],[74.79584890360556,13.670676599186761],[74.80374002396319,13.672358718939005],[74.81017061661949,13.66788934985407],[74.81123762563251,13.670386283711217],[74.81035428436587,13.67503882631285],[74.80668430440919,13.684071057896379],[74.8081449497898,13.690017963613661],[74.80772487600336,13.697938946309979]]]}},{"type":"Feature","properties":{"type":"village","name":"Ajri","taluk":"Kundapura","district":"UDUPI","village_code":"608718"},"geometry":{"type":"Polygon","coordinates":[[[74.91793196384197,13.709132622331492],[74.91458144096998,13.71816803417125],[74.91189510277466,13.71666527914112],[74.90853617706153,13.712241826711812],[74.9069799886639,13.706332014103902],[74.90386919200529,13.705779374780853],[74.90234889579486,13.703533029830334],[74.89952119241822,13.705779791075894],[74.88944665388047,13.705780430791354],[74.8887751398494,13.708510772850563],[74.87894801261223,13.711379645943005],[74.87212545625137,13.705953344157024],[74.8672897981275,13.70703315176837],[74.86689533441152,13.703197422750915],[74.86234571784043,13.698362804287255],[74.86216019237804,13.695843421912448],[74.84495930521663,13.695262930368788],[74.8452839662418,13.697770978247197],[74.84841780289081,13.697839460670641],[74.84878891939258,13.699882180267227],[74.84539970787795,13.700312972280006],[74.84101278608627,13.697520663674517],[74.83982843014769,13.700788810730728],[74.83801772657222,13.700629655167198],[74.83790198224114,13.698995495881816],[74.83609135502245,13.698904328979559],[74.83551061844577,13.70110582200477],[74.83284081284494,13.702194754668769],[74.82608677458406,13.696973193985736],[74.82369594708292,13.696132964129108],[74.82367325024896,13.694192336718848],[74.82404493807924,13.69269448261914],[74.83052190266885,13.689450220594955],[74.84312637103284,13.689066496136949],[74.8480012729582,13.686820200966295],[74.84865274288033,13.673361229640472],[74.85308695468352,13.663931278968843],[74.85712582511668,13.659721475738266],[74.85506022457936,13.659585023784853],[74.85506035842832,13.657894121252346],[74.85703319713281,13.65722475361516],[74.8571493762485,13.656112627180725],[74.8586810954361,13.656952591337733],[74.86144312028733,13.655681804911406],[74.86728001367744,13.65925684271716],[74.87099328614262,13.670923006566255],[74.87261803216607,13.67305654413194],[74.88380561029032,13.670480565577815],[74.89216174804632,13.675700443086669],[74.89267224894422,13.67402086276657],[74.89387925859761,13.67361224376043],[74.89343809416495,13.672295871267606],[74.89919413019632,13.669912378279841],[74.90337202390288,13.669843887728781],[74.90601870776659,13.675199999761208],[74.91024372709293,13.679125973944775],[74.90913868790236,13.683505159630544],[74.9098644655665,13.692076216072703],[74.90820373932097,13.696120115182605],[74.91817490961728,13.704397544309614],[74.91793196384197,13.709132622331492]]]}},{"type":"Feature","properties":{"type":"village","name":"Hosangadi","taluk":"Kundapura","district":"UDUPI","village_code":"608721"},"geometry":{"type":"Polygon","coordinates":[[[74.98869521512763,13.72024010156485],[74.98249618569369,13.720065009158523],[74.97729708627385,13.722813426581746],[74.97467263391678,13.720317868881935],[74.97411431928961,13.717480971375618],[74.96624359428219,13.715577377895789],[74.96359724818504,13.715941500154836],[74.96239067062128,13.717621410242275],[74.95911693573979,13.716623856645386],[74.95416086474027,13.71765526196056],[74.95239688613597,13.718949530181522],[74.95323344044766,13.721377763991573],[74.95042448940261,13.72174176991275],[74.94803308158983,13.72103886536152],[74.94445699444492,13.718043889634307],[74.94148334178409,13.710282446692629],[74.91793196384197,13.709132622331492],[74.91817490961728,13.704397544309614],[74.92383751816416,13.696725065724205],[74.92128341108037,13.693048672284966],[74.922675968654,13.692231376574538],[74.92165451141244,13.691278283316436],[74.92297711358165,13.688736073780984],[74.92625038313585,13.690346909148358],[74.92741068937761,13.689064314141925],[74.9289433715592,13.691742202057934],[74.93256493681366,13.693579910398809],[74.93226211203643,13.689131461102022],[74.93435123495948,13.688835882716095],[74.93901729295433,13.690219300630138],[74.94273027706032,13.686586923281489],[74.94040851563149,13.684658268928949],[74.9401758402948,13.682638404613538],[74.9382955226747,13.68209408783805],[74.93771490018408,13.680777834338697],[74.93615985444352,13.68148184037344],[74.93502199171077,13.67932590978094],[74.93555558470135,13.678077450783073],[74.93323407659743,13.676648099648958],[74.93379016519933,13.672698779697544],[74.93251214012946,13.666593644016972],[74.93409014141876,13.665367651077867],[74.93241858777913,13.66343887966463],[74.93360175883984,13.66135047738315],[74.9273570985827,13.655632242156297],[74.92512824002227,13.651887724851818],[74.92278403238944,13.651252619577082],[74.92567172436243,13.645991622132517],[74.92727951109164,13.645265432916693],[74.93148536396306,13.646716186290705],[74.93240484894518,13.649429048287203],[74.93533834421787,13.650292449414998],[74.9371231322957,13.65041306111635],[74.9380240248464,13.649159916612092],[74.9416818937164,13.64953924794865],[74.93998697040462,13.655000324408324],[74.94140128697111,13.657125558909787],[74.94122528993894,13.659925049730669],[74.95119201896452,13.660267938313682],[74.95419911320842,13.669287603987748],[74.97138316324646,13.686700690182102],[74.97760417355711,13.68669828298097],[74.98534786061369,13.692708752645984],[74.98916382399055,13.689423716379622],[74.99400503370289,13.686933141206932],[75.0045988002715,13.68394972240112],[75.01306123298015,13.689054434940967],[75.01092107407085,13.68938785316123],[75.01100343970091,13.691091667691339],[75.02077781516965,13.693983958898343],[75.02133524405795,13.698146474916541],[75.01298566220686,13.70208805319115],[75.01125889182163,13.7075555829807],[75.00079678503602,13.710664179881821],[74.99115413762225,13.710093148579457],[74.98869521512763,13.72024010156485]]]}},{"type":"Feature","properties":{"type":"village","name":"Trashi","taluk":"Kundapura","district":"UDUPI","village_code":"608686"},"geometry":{"type":"Polygon","coordinates":[[[74.66998972207176,13.714488407783277],[74.6662871359652,13.715718338902619],[74.66281351155995,13.715297740358352],[74.6604017281599,13.707399019644958],[74.65538554639315,13.702991631005709],[74.65555154337956,13.697123361641],[74.65229959444034,13.688429980272407],[74.6583151663337,13.688891191973502],[74.65920440683684,13.689692535858368],[74.65951051944798,13.693061311058571],[74.66185866170176,13.694677495727596],[74.66134541555238,13.700056794613209],[74.66551338377332,13.69989320494428],[74.67236348337913,13.703491831931899],[74.67496132673917,13.702309562189395],[74.67491930085521,13.700625164842236],[74.67614182082033,13.700176665167538],[74.6775033577706,13.70013564995967],[74.67751752779589,13.701412535248446],[74.67981011643586,13.702199938799408],[74.68001886334832,13.703728086355579],[74.67760211406134,13.70707021404561],[74.66998972207176,13.714488407783277]]]}},{"type":"Feature","properties":{"type":"village","name":"Hakladi","taluk":"Kundapura","district":"UDUPI","village_code":"608696"},"geometry":{"type":"Polygon","coordinates":[[[74.70844678443788,13.703790190780419],[74.70620132770591,13.719466713605824],[74.70361694200714,13.71941317436959],[74.69186541592057,13.712093035386768],[74.68927201203469,13.703943342351426],[74.68660403001388,13.702286743296945],[74.6872145789799,13.699325306853824],[74.68560303459786,13.699624528041262],[74.68499126482139,13.69775008772645],[74.68685219230608,13.694781574383748],[74.68702387922147,13.68707266006498],[74.69880639269378,13.692401300143466],[74.70801764126034,13.69320676905879],[74.71411624623204,13.692172366615136],[74.71295916763708,13.695556852879934],[74.71390442797964,13.69699642359531],[74.71348861490262,13.699659011612397],[74.70844678443788,13.703790190780419]]]}},{"type":"Feature","properties":{"type":"village","name":"Kundabarandadi","taluk":"Kundapura","district":"UDUPI","village_code":"608699"},"geometry":{"type":"Polygon","coordinates":[[[74.71991648386698,13.692191786986337],[74.71815692317723,13.70007847215584],[74.72157568387485,13.702576651985526],[74.72907897906644,13.704475471348774],[74.72513485125135,13.708416365716966],[74.72847134782846,13.713006397930826],[74.72661262121623,13.72026093074295],[74.71722173744062,13.72493732066289],[74.71769206837392,13.719530770427909],[74.70703317574386,13.714141568936782],[74.70711533386309,13.71060973188407],[74.70844678443788,13.703790190780419],[74.71348861490262,13.699659011612397],[74.71390442797964,13.69699642359531],[74.71295916763708,13.695556852879934],[74.71411624623204,13.692172366615136],[74.71991648386698,13.692191786986337]]]}},{"type":"Feature","properties":{"type":"village","name":"Kodladi","taluk":"Kundapura","district":"UDUPI","village_code":"608712"},"geometry":{"type":"Polygon","coordinates":[[[74.82369594708292,13.696132964129108],[74.81775263297607,13.699428262829096],[74.80772487600336,13.697938946309979],[74.8081449497898,13.690017963613661],[74.80668430440919,13.684071057896379],[74.81035428436587,13.67503882631285],[74.81123762563251,13.670386283711217],[74.81017061661949,13.66788934985407],[74.8150063160659,13.663812036765583],[74.82052369128583,13.662461794376382],[74.82251943792838,13.663733330733228],[74.84138920983472,13.663657409200697],[74.84517219336257,13.66538289166456],[74.84716836041666,13.664702308600793],[74.84858434605293,13.66286402829016],[74.85308695468352,13.663931278968843],[74.84865274288033,13.673361229640472],[74.8480012729582,13.686820200966295],[74.84312637103284,13.689066496136949],[74.83052190266885,13.689450220594955],[74.82404493807924,13.69269448261914],[74.82369594708292,13.696132964129108]]]}},{"type":"Feature","properties":{"type":"village","name":"Siddapur","taluk":"Kundapura","district":"UDUPI","village_code":"608717"},"geometry":{"type":"Polygon","coordinates":[[[74.92278403238944,13.651252619577082],[74.92512824002227,13.651887724851818],[74.9273570985827,13.655632242156297],[74.93360175883984,13.66135047738315],[74.93241858777913,13.66343887966463],[74.93409014141876,13.665367651077867],[74.93251214012946,13.666593644016972],[74.93379016519933,13.672698779697544],[74.93323407659743,13.676648099648958],[74.93555558470135,13.678077450783073],[74.93502199171077,13.67932590978094],[74.93615985444352,13.68148184037344],[74.93771490018408,13.680777834338697],[74.9382955226747,13.68209408783805],[74.9401758402948,13.682638404613538],[74.94040851563149,13.684658268928949],[74.94273027706032,13.686586923281489],[74.93901729295433,13.690219300630138],[74.93435123495948,13.688835882716095],[74.93226211203643,13.689131461102022],[74.93256493681366,13.693579910398809],[74.9289433715592,13.691742202057934],[74.92741068937761,13.689064314141925],[74.92625038313585,13.690346909148358],[74.92297711358165,13.688736073780984],[74.92165451141244,13.691278283316436],[74.922675968654,13.692231376574538],[74.92128341108037,13.693048672284966],[74.92383751816416,13.696725065724205],[74.91817490961728,13.704397544309614],[74.90820373932097,13.696120115182605],[74.9098644655665,13.692076216072703],[74.90913868790236,13.683505159630544],[74.91024372709293,13.679125973944775],[74.90601870776659,13.675199999761208],[74.90307030674838,13.6696169363692],[74.89919413019632,13.669912378279841],[74.89343809416495,13.672295871267606],[74.89387925859761,13.67361224376043],[74.89267224894422,13.67402086276657],[74.89216174804632,13.675700443086669],[74.88380561029032,13.670480565577815],[74.87261803216607,13.67305654413194],[74.87164318670797,13.672148645019641],[74.86728001367744,13.65925684271716],[74.86436732698,13.657043791072079],[74.8660742248345,13.6516248357334],[74.86473165131987,13.644747093854857],[74.86752350023856,13.643848633350764],[74.86678149630548,13.642189637754235],[74.86784170866503,13.63966671002879],[74.86688776341032,13.635381013734357],[74.86423072197135,13.633054745120765],[74.86840749098715,13.63024005500988],[74.87118149936433,13.629652596699527],[74.87187061229014,13.631415296374175],[74.87559434384013,13.62967431302093],[74.87985261340842,13.629034940905656],[74.88002168622636,13.634574510834916],[74.8827833221071,13.635232673195611],[74.88447752856328,13.636821438376275],[74.88801668776344,13.637263916318906],[74.8934475893575,13.642994531079808],[74.89525828484814,13.648782082643173],[74.90611981674508,13.648667585106683],[74.90723377620643,13.647963900055476],[74.91087787480144,13.650959405590736],[74.91561242843842,13.650550195778575],[74.91835128034859,13.651843494065126],[74.92278403238944,13.651252619577082]]]}},{"type":"Feature","properties":{"type":"village","name":"Hosadu","taluk":"Kundapura","district":"UDUPI","village_code":"608687"},"geometry":{"type":"Polygon","coordinates":[[[74.68685219230608,13.694781574383748],[74.68001886334832,13.703728086355579],[74.67981011643586,13.702199938799408],[74.67751752779589,13.701412535248446],[74.6775033577706,13.70013564995967],[74.67491930085521,13.700625164842236],[74.67496132673917,13.702309562189395],[74.67236348337913,13.703491831931899],[74.66551338377332,13.69989320494428],[74.66134541555238,13.700056794613209],[74.66185866170176,13.694677495727596],[74.65951051944798,13.693061311058571],[74.65920440683684,13.689692535858368],[74.6583151663337,13.688891191973502],[74.64493585432476,13.687890892761384],[74.64622292003965,13.680660900568895],[74.64682846988109,13.67939010672287],[74.65320874789833,13.681250783978227],[74.65319523274489,13.684578849791247],[74.6523201110631,13.685489058429933],[74.65727992983396,13.68710502630557],[74.66511521001523,13.686370471358774],[74.67364539276427,13.687279198899617],[74.67584016025972,13.686042654915786],[74.67886745671606,13.680336811886574],[74.6797427059586,13.680526808655754],[74.68702387922147,13.68707266006498],[74.68685219230608,13.694781574383748]]]}},{"type":"Feature","properties":{"type":"village","name":"Bellal","taluk":"Kundapura","district":"UDUPI","village_code":"608711"},"geometry":{"type":"Polygon","coordinates":[[[74.86727739329174,13.72789977360742],[74.8452924705926,13.721497365351107],[74.84264636524391,13.718228680003802],[74.84208899205115,13.719737927393439],[74.83642432726059,13.720327127164257],[74.83261594207146,13.726046008926888],[74.83034042232019,13.727770469852043],[74.83229005484593,13.73072134543302],[74.83223165177607,13.732400903608813],[74.82085629611302,13.728812463777487],[74.81848892362397,13.726224454865365],[74.8139848426546,13.726768101315264],[74.81397285463714,13.728163891706442],[74.81187141401492,13.729400334403689],[74.80505730720762,13.729750129912722],[74.79676833558705,13.731988803055208],[74.7975312073842,13.727108874862454],[74.79541255683777,13.719936739578172],[74.7935569267183,13.71909795935949],[74.79136621421807,13.716142264288672],[74.79009326642617,13.71698850089778],[74.78901542373082,13.715882132234539],[74.78864572566891,13.711924770247585],[74.79267799438306,13.70817402524581],[74.79345977392032,13.709374337816921],[74.79459104840876,13.709236532259382],[74.80074271327103,13.706542724265445],[74.80286542779584,13.701082693167967],[74.80772487600336,13.697938946309979],[74.81775263297607,13.699428262829096],[74.82369594708292,13.696132964129108],[74.82608677458406,13.696973193985736],[74.83284081284494,13.702194754668769],[74.83551061844577,13.70110582200477],[74.83609135502245,13.698904328979559],[74.83790198224114,13.698995495881816],[74.83801772657222,13.700629655167198],[74.83982843014769,13.700788810730728],[74.84101278608627,13.697520663674517],[74.84539970787795,13.700312972280006],[74.84878891939258,13.699882180267227],[74.84841780289081,13.697839460670641],[74.8452839662418,13.697770978247197],[74.84495930521663,13.695262930368788],[74.86216019237804,13.695843421912448],[74.86234571784043,13.698362804287255],[74.86689533441152,13.703197422750915],[74.86755311499853,13.709025896077618],[74.865078410901,13.713864423009992],[74.8679063586194,13.716352910668084],[74.87021948903498,13.716906258172344],[74.87149204605971,13.718841740220588],[74.86727739329174,13.72789977360742]]]}},{"type":"Feature","properties":{"type":"village","name":"Vandse","taluk":"Kundapura","district":"UDUPI","village_code":"608705"},"geometry":{"type":"Polygon","coordinates":[[[74.75904147239291,13.731519479272466],[74.75574418817624,13.732516448569006],[74.75476924120849,13.732243643902354],[74.75477090488842,13.729020733029463],[74.74586599890172,13.728720404386092],[74.7433626780725,13.724238903341115],[74.74520716369256,13.717255934423617],[74.73518994755139,13.703459221833016],[74.73802855737388,13.697922549671922],[74.74047261814044,13.695557860933802],[74.75056961096705,13.696274380171053],[74.75320197568512,13.698401265226124],[74.75687773360573,13.69935349787062],[74.76109934202893,13.704418841809508],[74.76484754368731,13.701966747064994],[74.76884136720223,13.703195485255765],[74.77116428116956,13.70086225562824],[74.7716292716185,13.713685993854208],[74.76335337407859,13.721873251700027],[74.76257498029163,13.723220822106182],[74.76264337711906,13.728059409843485],[74.75904147239291,13.731519479272466]]]}},{"type":"Feature","properties":{"type":"village","name":"Noojadi","taluk":"Kundapura","district":"UDUPI","village_code":"608700"},"geometry":{"type":"Polygon","coordinates":[[[74.74586599890172,13.728720404386092],[74.73898951218278,13.73194294066152],[74.73273661706945,13.731809812612727],[74.7329525118766,13.729115022794346],[74.73125737925739,13.729251571410618],[74.7287819538127,13.724389559709598],[74.72461325975297,13.7237391846921],[74.72389303637225,13.729308850318377],[74.72050104457182,13.725289307104472],[74.71691682318203,13.726947842600447],[74.7139687257944,13.720537288067899],[74.71769206837392,13.719530770427909],[74.71722173744062,13.72493732066289],[74.72661262121623,13.72026093074295],[74.72847134782846,13.713006397930826],[74.72513485125135,13.708416365716966],[74.72907897906644,13.704475471348774],[74.72157568387485,13.702576651985526],[74.71815692317723,13.70007847215584],[74.71991648386698,13.692191786986337],[74.73553809772461,13.690167228877689],[74.7380392958348,13.691239266990786],[74.74158377126483,13.694959667040168],[74.73802855737388,13.697922549671922],[74.73518994755139,13.703459221833016],[74.74520716369256,13.717255934423617],[74.7433626780725,13.724238903341115],[74.74586599890172,13.728720404386092]]]}},{"type":"Feature","properties":{"type":"village","name":"Senapur","taluk":"Kundapura","district":"UDUPI","village_code":"608697"},"geometry":{"type":"Polygon","coordinates":[[[74.69448722902735,13.72916935392717],[74.69293665420193,13.735526652692469],[74.69032423118485,13.735201304581803],[74.67845644693084,13.730096437808399],[74.66961820132813,13.724773173240212],[74.67172925482224,13.719828280722238],[74.67362405508136,13.719534193097862],[74.67338763017666,13.718433940020237],[74.66958743402965,13.717999911271257],[74.67150448915162,13.716077467366896],[74.66998972207176,13.714488407783277],[74.67760211406134,13.70707021404561],[74.68499126482139,13.69775008772645],[74.68560303459786,13.699624528041262],[74.6872145789799,13.699325306853824],[74.68660403001388,13.702286743296945],[74.68927201203469,13.703943342351426],[74.69048507363817,13.707077528405351],[74.69186541592057,13.712093035386768],[74.69083850410861,13.716657481606688],[74.69131259898295,13.722797280391966],[74.69281449859467,13.727333911964172],[74.69448722902735,13.72916935392717]]]}},{"type":"Feature","properties":{"type":"village","name":" ","taluk":"Kundapura","district":"UDUPI","village_code":" "},"geometry":{"type":"Polygon","coordinates":[[[74.98249618569369,13.720065009158523],[74.99347551277552,13.721232166351989],[74.99573846599425,13.72605770083355],[74.99634786781165,13.733600107936509],[74.99891131018788,13.738104566607376],[74.99527414029863,13.740402122040653],[74.98985575313479,13.739930116123833],[74.98691247341202,13.743366055823415],[74.97675676400351,13.74619940723114],[74.97162038675344,13.751183345805636],[74.96813681530303,13.75189762371366],[74.96321288332946,13.751442911662693],[74.95971403872261,13.754133055731426],[74.95602930483568,13.754233661419276],[74.9501748260256,13.74001249388374],[74.92552871975572,13.736001095989382],[74.9129442442967,13.730635454635562],[74.91358117588426,13.72116529036921],[74.91793196384197,13.709132622331492],[74.94148334178409,13.710282446692629],[74.94445699444492,13.718043889634307],[74.94803308158983,13.72103886536152],[74.95042448940261,13.72174176991275],[74.95323344044766,13.721377763991573],[74.95239688613597,13.718949530181522],[74.95416086474027,13.71765526196056],[74.95911693573979,13.716623856645386],[74.96239067062128,13.717621410242275],[74.96359724818504,13.715941500154836],[74.96624359428219,13.715577377895789],[74.97411431928961,13.717480971375618],[74.97467263391678,13.720317868881935],[74.97729708627385,13.722813426581746],[74.98249618569369,13.720065009158523]]]}},{"type":"Feature","properties":{"type":"village","name":"Idurkunhadi","taluk":"Kundapura","district":"UDUPI","village_code":"608707"},"geometry":{"type":"Polygon","coordinates":[[[74.8333052104058,13.776806947246547],[74.8302637160764,13.775304187147237],[74.8289028708289,13.77556992605434],[74.82244971159434,13.781678956666424],[74.82123235604381,13.784307485574713],[74.81335562490038,13.783742200007039],[74.81069604392412,13.790689048926481],[74.80848720162486,13.788654228703079],[74.80602153457906,13.788966464947825],[74.80442007019283,13.790405571716452],[74.803428919414,13.785601433364219],[74.79475424175315,13.777680895885203],[74.79283559212158,13.77067006837849],[74.78822708828865,13.765097835187436],[74.78390605163484,13.761810190762993],[74.78461306618762,13.75501935806917],[74.78390919573832,13.75379856724894],[74.7922644540437,13.756148798054266],[74.80112790637331,13.747991188567026],[74.79855294040857,13.741068019851811],[74.79927433788741,13.736097729430888],[74.7963965606202,13.732873873242442],[74.79676833558705,13.731988803055208],[74.80505730720762,13.729750129912722],[74.81187141401492,13.729400334403689],[74.81397285463714,13.728163891706442],[74.8139848426546,13.726768101315264],[74.81848892362397,13.726224454865365],[74.82085629611302,13.728812463777487],[74.83223165177607,13.732400903608813],[74.82707626258131,13.738573355383021],[74.82808418131326,13.748684777830674],[74.83331731340762,13.755803943070852],[74.8333052104058,13.776806947246547]]]}},{"type":"Feature","properties":{"type":"village","name":"Kamalashile","taluk":"Kundapura","district":"UDUPI","village_code":"608719"},"geometry":{"type":"Polygon","coordinates":[[[74.9275138186672,13.736420653025993],[74.92893064692318,13.739075835649972],[74.92794542861849,13.74606658396035],[74.92648339444244,13.749153525365161],[74.92616697096844,13.753185232852067],[74.92432891728583,13.756403057678963],[74.92155929717886,13.755538163380105],[74.92017407165451,13.752831278800535],[74.91651927142951,13.752321507240664],[74.9115540241394,13.749595716078158],[74.90969587694049,13.744784282042271],[74.89886432631619,13.740541191151271],[74.89526523511351,13.735434705015436],[74.89048249674302,13.734708688926032],[74.8854211018697,13.731417923123342],[74.87859534031992,13.728853314280943],[74.87409143003048,13.728036145782639],[74.86969188062083,13.72894395120096],[74.86727739329174,13.72789977360742],[74.87149204605971,13.718841740220588],[74.87021948903498,13.716906258172344],[74.8679063586194,13.716352910668084],[74.865078410901,13.713864423009992],[74.86755311499853,13.709025896077618],[74.8672897981275,13.70703315176837],[74.87212545625137,13.705953344157024],[74.87894801261223,13.711379645943005],[74.8887751398494,13.708510772850563],[74.88944665388047,13.705780430791354],[74.89952119241822,13.705779791075894],[74.90234889579486,13.703533029830334],[74.90386919200529,13.705779374780853],[74.9069799886639,13.706332014103902],[74.90853617706153,13.712241826711812],[74.91189510277466,13.71666527914112],[74.91458144096998,13.71816803417125],[74.91358117588426,13.72116529036921],[74.9129442442967,13.730635454635562],[74.9275138186672,13.736420653025993]]]}},{"type":"Feature","properties":{"type":"village","name":"Chittoor","taluk":"Kundapura","district":"UDUPI","village_code":"608708"},"geometry":{"type":"Polygon","coordinates":[[[74.7975312073842,13.727108874862454],[74.7963965606202,13.732873873242442],[74.79927433788741,13.736097729430888],[74.79855294040857,13.741068019851811],[74.80129062989879,13.747333100842411],[74.7922644540437,13.756148798054266],[74.78390919573832,13.75379856724894],[74.77893250031823,13.745032691076757],[74.77206028958004,13.744314857357033],[74.76834476324181,13.745765865297948],[74.76348103186699,13.745729590099879],[74.76374862471876,13.743687035731899],[74.7621702748831,13.74273300740833],[74.75904147239291,13.731519479272466],[74.76264337711906,13.728059409843485],[74.76257498029163,13.723220822106182],[74.76335337407859,13.721873251700027],[74.7716292716185,13.713685993854208],[74.7715238552182,13.699804178393205],[74.7733619529183,13.699839585315951],[74.77594146705326,13.702121690706496],[74.77806213880912,13.702692869679405],[74.7805544741407,13.70210628318554],[74.78140381776713,13.699721932268938],[74.78499192526881,13.699092537301711],[74.78644057364882,13.7007865633879],[74.78626221225082,13.70510670472293],[74.79068060382356,13.705730370651624],[74.79241227631528,13.707044319237811],[74.79212881292737,13.708893240262306],[74.7888226776102,13.711440996064633],[74.78901542373082,13.715882132234539],[74.79009326642617,13.71698850089778],[74.79136621421807,13.716142264288672],[74.7935569267183,13.71909795935949],[74.79541255683777,13.719936739578172],[74.7975312073842,13.727108874862454]]]}},{"type":"Feature","properties":{"type":"village","name":"Badakere","taluk":"Kundapura","district":"UDUPI","village_code":"608671"},"geometry":{"type":"Polygon","coordinates":[[[74.66415470705893,13.751172756332048],[74.66292595907395,13.750854401770049],[74.65935457820287,13.752778914671449],[74.6568896172329,13.752202479177065],[74.65561301778939,13.751174703029179],[74.65315334520152,13.743960869828012],[74.6444889766069,13.74036863835548],[74.6432104412939,13.738521309188288],[74.64337705991451,13.736741811736916],[74.64546129600244,13.735695722045005],[74.65459760800628,13.736367340178397],[74.6578000777397,13.733127231394572],[74.66113389015074,13.726008863252108],[74.66462168907287,13.727203764038208],[74.6647623445851,13.737690497857376],[74.6658462688749,13.73812502071938],[74.66915449636835,13.744101406273488],[74.66704259486464,13.74570463759101],[74.66698748412028,13.748448586133232],[74.66527827939213,13.748584682833483],[74.66415470705893,13.751172756332048]]]}},{"type":"Feature","properties":{"type":"village","name":"Harkoor","taluk":"Kundapura","district":"UDUPI","village_code":"608698"},"geometry":{"type":"Polygon","coordinates":[[[74.7329525118766,13.729115022794346],[74.73309995685577,13.736373835977991],[74.73140645467878,13.740286695279377],[74.72523940526897,13.746564919960262],[74.7212171689399,13.748230480122917],[74.71594591683643,13.752131967332744],[74.71718819794116,13.75309259318567],[74.71734439520614,13.755571078611062],[74.71004798921099,13.755371260061324],[74.70709860094429,13.755928621677722],[74.70409790989173,13.757876983062946],[74.7028558039585,13.75737153373202],[74.70042288589474,13.754868417743284],[74.69391389277197,13.75117818980708],[74.69850272619513,13.744352959110225],[74.70043255625876,13.738932446237113],[74.69556654406144,13.730240132816],[74.69281449859467,13.727333911964172],[74.69131259898295,13.722797280391966],[74.69083850410861,13.716657481606688],[74.69186541592057,13.712093035386768],[74.70231078529584,13.719169056241883],[74.70620132770591,13.719466713605824],[74.70703317574386,13.714141568936782],[74.71769206837392,13.719530770427909],[74.7139687257944,13.720537288067899],[74.71691682318203,13.726947842600447],[74.72050104457182,13.725289307104472],[74.72389303637225,13.729308850318377],[74.72461325975297,13.7237391846921],[74.7287819538127,13.724389559709598],[74.73125737925739,13.729251571410618],[74.7329525118766,13.729115022794346]]]}},{"type":"Feature","properties":{"type":"village","name":"Maravanthe","taluk":"Kundapura","district":"UDUPI","village_code":"608672"},"geometry":{"type":"Polygon","coordinates":[[[74.63685277297404,13.755209342385816],[74.63414666914757,13.755081564961902],[74.63431089555452,13.752953012354311],[74.64225635769864,13.708867358746376],[74.64330558186566,13.708894839093404],[74.64398672583658,13.713526909863438],[74.64661301794334,13.717099299885662],[74.657895935167,13.72258612491927],[74.66096700023894,13.724976510287842],[74.66117573098171,13.727068401042915],[74.6578000777397,13.733127231394572],[74.65459760800628,13.736367340178397],[74.64546129600244,13.735695722045005],[74.64319646260978,13.737366680705254],[74.6444889766069,13.74036863835548],[74.65315334520152,13.743960869828012],[74.65561301778939,13.751174703029179],[74.6568896172329,13.752202479177065],[74.63704576523305,13.752615102616442],[74.63685277297404,13.755209342385816]]]}},{"type":"Feature","properties":{"type":"village","name":"Nada","taluk":"Kundapura","district":"UDUPI","village_code":"608674"},"geometry":{"type":"Polygon","coordinates":[[[74.70648445512388,13.758811410053346],[74.70059738363865,13.75868503240372],[74.69939252365373,13.76317104335562],[74.69602309124501,13.764069116641835],[74.68487660655346,13.757958584927733],[74.68110060113871,13.758267002933172],[74.67864858489203,13.757434458103042],[74.67778251912661,13.754153687317695],[74.67087970188837,13.75528278594957],[74.66415470705893,13.751172756332048],[74.66527827939213,13.748584682833483],[74.66698748412028,13.748448586133232],[74.66704259486464,13.74570463759101],[74.66915449636835,13.744101406273488],[74.6658462688749,13.73812502071938],[74.6647623445851,13.737690497857376],[74.66462168907287,13.727203764038208],[74.66113389015074,13.726008863252108],[74.657895935167,13.72258612491927],[74.64661301794334,13.717099299885662],[74.64398672583658,13.713526909863438],[74.64330558186566,13.708894839093404],[74.64225635769864,13.708867358746376],[74.64492017782473,13.692758566815533],[74.64493585432476,13.687890892761384],[74.65229959444034,13.688429980272407],[74.65555154337956,13.697123361641],[74.65538554639315,13.702991631005709],[74.6604017281599,13.707399019644958],[74.66281351155995,13.715297740358352],[74.6662871359652,13.715718338902619],[74.66998972207176,13.714488407783277],[74.67150448915162,13.716077467366896],[74.66958743402965,13.717999911271257],[74.67359610040802,13.718705580873028],[74.67362405508136,13.719534193097862],[74.67172925482224,13.719828280722238],[74.66961820132813,13.724773173240212],[74.67845644693084,13.730096437808399],[74.69032423118485,13.735201304581803],[74.69293665420193,13.735526652692469],[74.69448722902735,13.72916935392717],[74.69556654406144,13.730240132816],[74.70043255625876,13.738932446237113],[74.69850272619513,13.744352959110225],[74.69391389277197,13.75117818980708],[74.70042288589474,13.754868417743284],[74.7028558039585,13.75737153373202],[74.70648445512388,13.758811410053346]]]}},{"type":"Feature","properties":{"type":"village","name":"Aloor","taluk":"Kundapura","district":"UDUPI","village_code":"608706"},"geometry":{"type":"Polygon","coordinates":[[[74.7295310050292,13.768777117057905],[74.72505439004966,13.768711758840908],[74.71783036311359,13.770444656739055],[74.71032863188891,13.765897514008405],[74.70859705641523,13.763565537412722],[74.70748114940638,13.759464718913499],[74.70409790989173,13.757876983062946],[74.70709860094429,13.755928621677722],[74.71004798921099,13.755371260061324],[74.71734439520614,13.755571078611062],[74.71718819794116,13.75309259318567],[74.71594591683643,13.752131967332744],[74.7212171689399,13.748230480122917],[74.72523940526897,13.746564919960262],[74.73140645467878,13.740286695279377],[74.73309995685577,13.736373835977991],[74.73273661706945,13.731809812612727],[74.73898951218278,13.73194294066152],[74.74586599890172,13.728720404386092],[74.74924105656073,13.728560660391167],[74.75477090488842,13.729020733029463],[74.75476924120849,13.732243643902354],[74.75904147239291,13.731519479272466],[74.7621702748831,13.74273300740833],[74.76374862471876,13.743687035731899],[74.76353810093867,13.747023271427054],[74.75198184344205,13.76838350080467],[74.74845900663058,13.768188858419755],[74.74700872241844,13.769881092225967],[74.74545714237824,13.769715419764976],[74.74433510885915,13.767550416997935],[74.74552210674297,13.765068777814136],[74.74285821744661,13.764180055657695],[74.74136540968388,13.768128119946171],[74.73939927061478,13.769487523201184],[74.73303833602054,13.765953036312506],[74.7295310050292,13.768777117057905]]]}},{"type":"Feature","properties":{"type":"village","name":"Navunda","taluk":"Kundapura","district":"UDUPI","village_code":"608670"},"geometry":{"type":"Polygon","coordinates":[[[74.6624078638187,13.763749176803916],[74.65257494244796,13.771427213380031],[74.64835230455542,13.765750015782826],[74.64667417075631,13.767813548949425],[74.64448446706417,13.76765990425816],[74.64360621834685,13.771056245397794],[74.64171143785066,13.769838815366086],[74.64234075082634,13.768883974898207],[74.64095729588145,13.766628398844606],[74.64132433762506,13.765205785352439],[74.63973780862872,13.765167411278895],[74.64110131827935,13.763308999564227],[74.63971145924484,13.762924579228057],[74.63750875962545,13.76418065420544],[74.63824252780404,13.754504402191948],[74.63685277297404,13.755209342385816],[74.63704576523305,13.752615102616442],[74.6568896172329,13.752202479177065],[74.65586225536495,13.754232400576372],[74.65578530208447,13.759568867422113],[74.6624078638187,13.763749176803916]]]}},{"type":"Feature","properties":{"type":"village","name":"Hallihole","taluk":"Kundapura","district":"UDUPI","village_code":"608685"},"geometry":{"type":"Polygon","coordinates":[[[74.95602930483568,13.754233661419276],[74.95277063110827,13.756548531380675],[74.948119672895,13.75696565734627],[74.94674286817816,13.760152130672045],[74.94419069696379,13.75999464703301],[74.94165774340831,13.762431195608302],[74.93777442974132,13.763937075691022],[74.93534354276841,13.768194803659227],[74.93534906561078,13.771778588134346],[74.9330372099046,13.771634491097661],[74.93098848511816,13.769691645068352],[74.92801532293748,13.768847152735278],[74.9314990650678,13.778147097914644],[74.93137945438771,13.780736666878608],[74.92941468794436,13.78231882433821],[74.90978880855496,13.767197600614681],[74.90428207926942,13.76957668470448],[74.90351347711909,13.768074583105161],[74.89954350297664,13.770234332083042],[74.89662972213115,13.7684976651605],[74.8980707842386,13.771376735377883],[74.89611776326758,13.772347038368915],[74.89570188012196,13.776650185016573],[74.89474133404656,13.77686931673113],[74.89120307316163,13.774045110387865],[74.89083503698299,13.776893010430337],[74.88934617641763,13.77714344178689],[74.8846392837049,13.773810637781233],[74.88391878004978,13.771041009053757],[74.87934016136977,13.768021054104436],[74.87748313886159,13.767974108137244],[74.87530592983671,13.770485543604737],[74.86987891615121,13.76932747633724],[74.87147984963309,13.767246383365242],[74.87801139855429,13.76383528929325],[74.88004433365298,13.754415357974112],[74.87827045920751,13.746624655323668],[74.87564680096115,13.742811658188444],[74.87272139411931,13.740768937016988],[74.8707248515694,13.734345771227963],[74.87247788330365,13.728172309314575],[74.87409143003048,13.728036145782639],[74.8854211018697,13.731417923123342],[74.89048249674302,13.734708688926032],[74.89526523511351,13.735434705015436],[74.89886432631619,13.740541191151271],[74.90969587694049,13.744784282042271],[74.9115540241394,13.749595716078158],[74.91651927142951,13.752321507240664],[74.92017407165451,13.752831278800535],[74.92155929717886,13.755538163380105],[74.92432891728583,13.756403057678963],[74.92616697096844,13.753185232852067],[74.92648339444244,13.749153525365161],[74.92794542861849,13.74606658396035],[74.92893064692318,13.739075835649972],[74.9275138186672,13.736420653025993],[74.9490138262844,13.73955894899937],[74.9514293017603,13.742281815957165],[74.95602930483568,13.754233661419276]]]}},{"type":"Feature","properties":{"type":"village","name":"Keradi","taluk":"Kundapura","district":"UDUPI","village_code":"608710"},"geometry":{"type":"Polygon","coordinates":[[[74.86987891615121,13.76932747633724],[74.86219463198942,13.769514849860604],[74.8444390908356,13.78171821793136],[74.84253399139178,13.781295457315547],[74.84049305859213,13.779284417955559],[74.83615445897618,13.779303264882879],[74.8333052104058,13.776806947246547],[74.83331731340762,13.755803943070852],[74.82808418131326,13.748684777830674],[74.82707626258131,13.738573355383021],[74.83223165177607,13.732400903608813],[74.83229005484593,13.73072134543302],[74.83034042232019,13.727770469852043],[74.83261594207146,13.726046008926888],[74.83642432726059,13.720327127164257],[74.84208899205115,13.719737927393439],[74.84264636524391,13.718228680003802],[74.8452924705926,13.721497365351107],[74.8470568076247,13.722155763849004],[74.86969188062083,13.72894395120096],[74.87247788330365,13.728172309314575],[74.87100343441037,13.735911755898703],[74.87272139411931,13.740768937016988],[74.87564680096115,13.742811658188444],[74.87827045920751,13.746624655323668],[74.88004433365298,13.754415357974112],[74.87801139855429,13.76383528929325],[74.87147984963309,13.767246383365242],[74.86987891615121,13.76932747633724]]]}},{"type":"Feature","properties":{"type":"village","name":"Idurkunhadi","taluk":"Kundapura","district":"UDUPI","village_code":"608707"},"geometry":{"type":"Polygon","coordinates":[[[74.80442007019283,13.790405571716452],[74.80397113982453,13.792486576173525],[74.80235388934379,13.793096337875296],[74.77661191119086,13.786162894904537],[74.76386872228572,13.784467323261959],[74.7616920279955,13.783120596568923],[74.76121234470178,13.781868553765348],[74.76361499313374,13.779397359902767],[74.76281560212531,13.777143719232388],[74.76504175406183,13.775368746949692],[74.76491415286729,13.7743672374059],[74.75716685188833,13.772047674428565],[74.75412670323523,13.769010504087575],[74.75198184344205,13.76838350080467],[74.76353810093867,13.747023271427054],[74.76348103186699,13.745729590099879],[74.76834476324181,13.745765865297948],[74.77206028958004,13.744314857357033],[74.77893250031823,13.745032691076757],[74.78461306618762,13.75501935806917],[74.78390605163484,13.761810190762993],[74.78822708828865,13.765097835187436],[74.79283559212158,13.77067006837849],[74.79475424175315,13.777680895885203],[74.803428919414,13.785601433364219],[74.80442007019283,13.790405571716452]]]}},{"type":"Feature","properties":{"type":"village","name":"Heroor","taluk":"Kundapura","district":"UDUPI","village_code":"608675"},"geometry":{"type":"Polygon","coordinates":[[[74.67737561643888,13.79535337439392],[74.67488107394664,13.795235654164065],[74.67293487029032,13.797983725306178],[74.6676951939691,13.795123913325051],[74.66682091041547,13.79321691894474],[74.66753216681303,13.788372151014347],[74.67346482330734,13.782676910173306],[74.67326631808744,13.77359028259435],[74.67053803126332,13.768592452062352],[74.66943579391811,13.76405570776989],[74.6624078638187,13.763749176803916],[74.65578530208447,13.759568867422113],[74.65586225536495,13.754232400576372],[74.6568896172329,13.752202479177065],[74.65935457820287,13.752778914671449],[74.66363673217789,13.750771868143092],[74.67087970188837,13.75528278594957],[74.6772973668894,13.753974356060729],[74.67864858489203,13.757434458103042],[74.68110060113871,13.758267002933172],[74.68487660655346,13.757958584927733],[74.69680983217758,13.764197062788794],[74.69939252365373,13.76317104335562],[74.70059738363865,13.75868503240372],[74.70648445512388,13.758811410053346],[74.71032863188891,13.765897514008405],[74.71783036311359,13.770444656739055],[74.72505439004966,13.768711758840908],[74.7295310050292,13.768777117057905],[74.72908372756103,13.774024052167551],[74.7298324526891,13.77703554163017],[74.70661105829015,13.779216314420093],[74.70153126232655,13.783357486107809],[74.69252889991132,13.781841266065902],[74.69139530327789,13.784199730935276],[74.68920543429572,13.78411056366967],[74.68872059287563,13.785366666129347],[74.6865308550475,13.7858285717676],[74.68223100156638,13.7908278429881],[74.68042887600356,13.790358262957827],[74.67695990756641,13.792770577792954],[74.67737561643888,13.79535337439392]]]}},{"type":"Feature","properties":{"type":"village","name":"Kirimanjeshwar","taluk":"Kundapura","district":"UDUPI","village_code":"608667"},"geometry":{"type":"Polygon","coordinates":[[[74.63152254557387,13.806328351303017],[74.62657854523684,13.812826138313453],[74.62545723665816,13.81886893221159],[74.62438181761748,13.819791675634054],[74.62104242397353,13.817133300595907],[74.62162939755324,13.812839161428808],[74.62960175974852,13.779858055901842],[74.63414666914757,13.755081564961902],[74.63598744292884,13.755478508820422],[74.63815073794828,13.75428653043259],[74.63750875962545,13.76418065420544],[74.63971145924484,13.762924579228057],[74.64110131827935,13.763308999564227],[74.63973780862872,13.765167411278895],[74.6414423573888,13.76542365305187],[74.64087859268278,13.76611575537081],[74.6420653138855,13.767602372105971],[74.6424770818488,13.773178990047722],[74.64827327796327,13.779509789660572],[74.64753917201814,13.781714228203327],[74.64916529965049,13.78327767202795],[74.64769670867119,13.783739170003672],[74.64742163824297,13.787071394406786],[74.64451073380306,13.789429770685091],[74.64455051928869,13.7951714060671],[74.64289828571584,13.79606863662062],[74.64059035385081,13.796812095134559],[74.6358300176669,13.79389019263838],[74.63409896591104,13.791288556568938],[74.63152254557387,13.806328351303017]]]}},{"type":"Feature","properties":{"type":"village","name":"Kergal","taluk":"Kundapura","district":"UDUPI","village_code":"608666"},"geometry":{"type":"Polygon","coordinates":[[[74.6540239052383,13.813754026265824],[74.6543755049422,13.82034148020473],[74.6532740608094,13.822123034680759],[74.65146427082055,13.82281527940635],[74.65201523902536,13.824071207420594],[74.64936372671698,13.826702212962363],[74.64711034864085,13.825724902138386],[74.64514314327151,13.826596537378318],[74.64489380328799,13.824686950688669],[74.64274296700323,13.82527662393865],[74.64087669364424,13.82408677962445],[74.64372532866531,13.823363918428084],[74.64443741510618,13.822266432356546],[74.64191742244365,13.821998909567336],[74.64067105400434,13.820727547113753],[74.6336042313447,13.821209589675018],[74.62493264029519,13.819855766909038],[74.62657854523684,13.812826138313453],[74.62985708880007,13.80834049757004],[74.64117611380655,13.80924197989458],[74.6434536601571,13.811366312166545],[74.65117119905236,13.810889895922175],[74.6540239052383,13.813754026265824]]]}},{"type":"Feature","properties":{"type":"village","name":"Kalthodu","taluk":"Kundapura","district":"UDUPI","village_code":"608676"},"geometry":{"type":"Polygon","coordinates":[[[74.72405718013422,13.83003734212542],[74.72155918811127,13.828964499663174],[74.70766238720988,13.833648212696136],[74.70621295280401,13.833547511270854],[74.70701430573298,13.830664072426277],[74.70560356356305,13.830120759256157],[74.69830514623997,13.83088166791707],[74.69268851706259,13.829922132370044],[74.68950568360302,13.832211785593145],[74.68923516044677,13.836814833302656],[74.68742484494351,13.842404604030532],[74.68526388913705,13.843530563876282],[74.67409330444306,13.833859036674642],[74.67096006337705,13.824606963210094],[74.67592812868223,13.812520452987304],[74.68074334204856,13.810450847378343],[74.68021439963621,13.803176629819973],[74.67666509755817,13.793885640415423],[74.67695990756641,13.792770577792954],[74.68042887600356,13.790358262957827],[74.68223100156638,13.7908278429881],[74.6865308550475,13.7858285717676],[74.68872059287563,13.785366666129347],[74.68920543429572,13.78411056366967],[74.69139530327789,13.784199730935276],[74.69252889991132,13.781841266065902],[74.70153126232655,13.783357486107809],[74.70661105829015,13.779216314420093],[74.7298324526891,13.77703554163017],[74.72935560897,13.769464118420894],[74.73260565168418,13.765966034995108],[74.73939927061478,13.769487523201184],[74.74136540968388,13.768128119946171],[74.74285821744661,13.764180055657695],[74.74552210674297,13.765068777814136],[74.74433510885915,13.767550416997935],[74.74545714237824,13.769715419764976],[74.74700872241844,13.769881092225967],[74.74845900663058,13.768188858419755],[74.75198184344205,13.76838350080467],[74.75412670323523,13.769010504087575],[74.75716685188833,13.772047674428565],[74.76427402237897,13.773866214045036],[74.76504175406183,13.775368746949692],[74.76028544772026,13.77848821371794],[74.75538720936044,13.777171401836995],[74.75375388801926,13.77785907388449],[74.74729403274257,13.797538384311668],[74.74409633665661,13.801564166844654],[74.74300534711712,13.808472958314757],[74.72844344166415,13.813054256885929],[74.72419533204177,13.81538847742291],[74.72276847140067,13.818139180090627],[74.72405718013422,13.83003734212542]]]}},{"type":"Feature","properties":{"type":"village","name":"Uppunda","taluk":"Kundapura","district":"UDUPI","village_code":"608663"},"geometry":{"type":"Polygon","coordinates":[[[74.62004461667844,13.82181573994197],[74.62348327416126,13.82272190671828],[74.62666063777908,13.821651281088295],[74.63193600326822,13.821573139234625],[74.6400002119131,13.824722534980467],[74.63993181867897,13.826194716234864],[74.63756245911651,13.82628849576028],[74.63852150410709,13.832859725188806],[74.6359466513301,13.833341616150955],[74.6342347696224,13.837477139028815],[74.63460476772164,13.842977716822874],[74.63348165442756,13.843539842570717],[74.63391998287888,13.844583742174772],[74.63216681280409,13.845467078166386],[74.63319094612687,13.849805414045495],[74.62650152278606,13.84894676301397],[74.62288719435956,13.844791165933524],[74.62006563366285,13.84524611822998],[74.61931911659374,13.846530897382051],[74.61822336688152,13.846383635065783],[74.61831931324207,13.844416277175732],[74.61414316496214,13.84367307613889],[74.62004461667844,13.82181573994197]]]}},{"type":"Feature","properties":{"type":"village","name":"Jadkal","taluk":"Kundapura","district":"UDUPI","village_code":"608683"},"geometry":{"type":"Polygon","coordinates":[[[74.87086575501665,13.857162836004068],[74.86483223029235,13.848723468883382],[74.84296008928047,13.824686497096623],[74.81919262698663,13.843740679376221],[74.80333396209858,13.859196134009151],[74.80134893056075,13.856598014179548],[74.80045355995412,13.852091223139322],[74.80327573599678,13.840512883060695],[74.80395040401284,13.833753320727208],[74.79803012720144,13.819856351357068],[74.79130634779258,13.815973433128608],[74.78754704385561,13.806630422711049],[74.78069566325225,13.802903642375163],[74.77462682844906,13.785786517647498],[74.80312238010306,13.793143517834636],[74.80464434897657,13.789967505348617],[74.80662998867382,13.788747575775485],[74.80848720162486,13.788654228703079],[74.81069604392412,13.790689048926481],[74.81335562490038,13.783742200007039],[74.82123235604381,13.784307485574713],[74.82244971159434,13.781678956666424],[74.82983148269429,13.775210216115775],[74.83615445897618,13.779303264882879],[74.84049305859213,13.779284417955559],[74.84253399139178,13.781295457315547],[74.8444390908356,13.78171821793136],[74.84437452981447,13.785551893678639],[74.86150501690538,13.789074425024834],[74.86296129018548,13.800669451567119],[74.86693200813299,13.801186048727256],[74.86888510995239,13.809041264242001],[74.87324023407794,13.811607616735289],[74.87269576967583,13.815707290110176],[74.87362440130413,13.821778598144629],[74.87087016035483,13.825846910839442],[74.8704857505835,13.829977874953027],[74.86436855767192,13.83413986083609],[74.87086575501665,13.857162836004068]]]}},{"type":"Feature","properties":{"type":"village","name":"Golihole","taluk":"Kundapura","district":"UDUPI","village_code":"608682"},"geometry":{"type":"Polygon","coordinates":[[[74.79803012720144,13.819856351357068],[74.79933806976355,13.835285336350209],[74.78268023934422,13.845012182124133],[74.7656723543233,13.847007811977914],[74.75477625525423,13.859395417916936],[74.72766789104512,13.859393051740927],[74.72559699134591,13.842554859728052],[74.72581744420482,13.83662412690585],[74.72356006233744,13.833087766567568],[74.72421359658811,13.827717566839471],[74.72276847140067,13.818139180090627],[74.72498185198877,13.814542306305011],[74.74300534711712,13.808472958314757],[74.74409633665661,13.801564166844654],[74.74729403274257,13.797538384311668],[74.75375388801926,13.77785907388449],[74.75471481228546,13.777171064191053],[74.75980513111425,13.778550573156664],[74.76281560212531,13.777143719232388],[74.76361499313374,13.779397359902767],[74.76121234470178,13.781868553765348],[74.7616920279955,13.783120596568923],[74.76386872228572,13.784467323261959],[74.77462682844906,13.785786517647498],[74.78069566325225,13.802903642375163],[74.78754704385561,13.806630422711049],[74.79130634779258,13.815973433128608],[74.79803012720144,13.819856351357068]]]}},{"type":"Feature","properties":{"type":"village","name":"Heranjal","taluk":"Kundapura","district":"UDUPI","village_code":"608677"},"geometry":{"type":"Polygon","coordinates":[[[74.67592812868223,13.812520452987304],[74.66642171886613,13.810491325958486],[74.65751935780665,13.812098514965689],[74.6540239052383,13.813754026265824],[74.64883003940331,13.808278809951865],[74.64778720944447,13.805523420587367],[74.65233051624902,13.799140588789781],[74.65508442212675,13.799419060973662],[74.65579719667713,13.797161739251402],[74.65892450616731,13.79517487299591],[74.65825533494251,13.79234258438684],[74.65900270630944,13.791714501730787],[74.66218979329187,13.795405142731251],[74.66548121689965,13.795071453982002],[74.66682091041547,13.79321691894474],[74.66824557018411,13.79572488829491],[74.67293487029032,13.797983725306178],[74.67488107394664,13.795235654164065],[74.67737561643888,13.79535337439392],[74.6793939269647,13.799396037808815],[74.68074334204856,13.810450847378343],[74.67592812868223,13.812520452987304]]]}},{"type":"Feature","properties":{"type":"village","name":"Kambadakone","taluk":"Kundapura","district":"UDUPI","village_code":"608668"},"geometry":{"type":"Polygon","coordinates":[[[74.65117119905236,13.810889895922175],[74.6434536601571,13.811366312166545],[74.64117611380655,13.80924197989458],[74.62985708880007,13.80834049757004],[74.63213884555435,13.803842012096649],[74.63395472701912,13.791506433972764],[74.6358300176669,13.79389019263838],[74.64059035385081,13.796812095134559],[74.64455051928869,13.7951714060671],[74.64451073380306,13.789429770685091],[74.64742163824297,13.787071394406786],[74.64769670867119,13.783739170003672],[74.64916529965049,13.78327767202795],[74.64753917201814,13.781714228203327],[74.64827327796327,13.779509789660572],[74.64197871719044,13.771666707816115],[74.64234084065787,13.770210450122187],[74.64382912180989,13.771030600212548],[74.64448446706417,13.76765990425816],[74.64667417075631,13.767813548949425],[74.64835230455542,13.765750015782826],[74.65257494244796,13.771427213380031],[74.6624078638187,13.763749176803916],[74.66943579391811,13.76405570776989],[74.67053803126332,13.768592452062352],[74.67326631808744,13.77359028259435],[74.67346482330734,13.782676910173306],[74.66753216681303,13.788372151014347],[74.66675295915242,13.793546139250202],[74.66571723396919,13.794917624820664],[74.66218979329187,13.795405142731251],[74.65900270630944,13.791714501730787],[74.65825533494251,13.79234258438684],[74.65892450616731,13.79517487299591],[74.65579719667713,13.797161739251402],[74.65508442212675,13.799419060973662],[74.6521469446224,13.799326441378728],[74.64778720944447,13.805523420587367],[74.64842344663437,13.807714931989223],[74.65117119905236,13.810889895922175]]]}},{"type":"Feature","properties":{"type":"village","name":"Bijoor","taluk":"Kundapura","district":"UDUPI","village_code":"608664"},"geometry":{"type":"Polygon","coordinates":[[[74.6419399899202,13.854739297756838],[74.6378999822199,13.853996148046834],[74.63539455034977,13.85054869926653],[74.63319094612687,13.849805414045495],[74.63208466726124,13.846885720176179],[74.63216681280409,13.845467078166386],[74.63391998287888,13.844583742174772],[74.63348165442756,13.843539842570717],[74.63460476772164,13.842977716822874],[74.63396089395353,13.839043005259212],[74.63479625530255,13.835616829623666],[74.6359466513301,13.833341616150955],[74.63852150410709,13.832859725188806],[74.63756245911651,13.82628849576028],[74.63993181867897,13.826194716234864],[74.6400002119131,13.824722534980467],[74.63193600326822,13.821573139234625],[74.62225067599698,13.822721877060104],[74.62004461667844,13.82181573994197],[74.62104242397353,13.817133300595907],[74.62528674001052,13.819971116853699],[74.6336042313447,13.821209589675018],[74.64067105400434,13.820727547113753],[74.64191742244365,13.821998909567336],[74.64443741510618,13.822266432356546],[74.64372532866531,13.823363918428084],[74.64087669364424,13.82408677962445],[74.64274296700323,13.82527662393865],[74.64489380328799,13.824686950688669],[74.64514314327151,13.826596537378318],[74.64711034864085,13.825724902138386],[74.64936372671698,13.826702212962363],[74.65201523902536,13.824071207420594],[74.65146427082055,13.82281527940635],[74.6532740608094,13.822123034680759],[74.6543755049422,13.82034148020473],[74.65451742438404,13.813072556748212],[74.66642171886613,13.810491325958486],[74.67592812868223,13.812520452987304],[74.67097289221763,13.823107474215767],[74.67347983864734,13.832936992737014],[74.65559673402825,13.832721723746948],[74.65474445560578,13.83464423239403],[74.65515137895477,13.837386836418643],[74.65209536874868,13.837156454657524],[74.65142655325671,13.83800238134757],[74.65281727557226,13.841911160870195],[74.65101425798235,13.846108604965618],[74.64898130940894,13.846916195161123],[74.64599048634977,13.843404811276287],[74.64458709958535,13.843943181948717],[74.64630606361078,13.852645196314933],[74.6419399899202,13.854739297756838]]]}},{"type":"Feature","properties":{"type":"village","name":"Kollur","taluk":"Kundapura","district":"UDUPI","village_code":"608681"},"geometry":{"type":"Polygon","coordinates":[[[74.77768713080555,13.915182556392121],[74.76343333941026,13.914380849853286],[74.76267380305772,13.916011927098562],[74.76069468243446,13.9139592529971],[74.75691109703537,13.912294320388748],[74.75501130483822,13.9090937567213],[74.74923932910045,13.91171708356683],[74.7451080193296,13.914872843109784],[74.73400876086914,13.914114136896501],[74.730338389247,13.910554547729964],[74.72287927409938,13.907226872107328],[74.7117799653333,13.905138498389215],[74.71414076035784,13.896710188347658],[74.72190723228327,13.880552731000822],[74.72324250429128,13.873836606667796],[74.72792080722178,13.86209133489316],[74.72766789104512,13.859393051740927],[74.75477625525423,13.859395417916936],[74.7656723543233,13.847007811977914],[74.78268023934422,13.845012182124133],[74.79933806976355,13.835285336350209],[74.79868628722768,13.822119587343352],[74.80395040401284,13.833753320727208],[74.80327573599678,13.840512883060695],[74.80045355995412,13.852091223139322],[74.80134893056075,13.856598014179548],[74.80333396209858,13.859196134009151],[74.81919262698663,13.843740679376221],[74.84296008928047,13.824686497096623],[74.86483223029235,13.848723468883382],[74.87086575501665,13.857162836004068],[74.86531073589475,13.857176151431496],[74.863071938374,13.859643526116901],[74.85773813567899,13.868993440050696],[74.85618775938127,13.87844303138494],[74.84149872614596,13.89372980256991],[74.83949962070257,13.897851029039941],[74.83763082128104,13.89689716283526],[74.83646495267102,13.897403117666617],[74.8310744438237,13.902933660060839],[74.82575397392414,13.904319965943838],[74.81966033034774,13.907843562402912],[74.81478944209505,13.905415509420703],[74.80756764477749,13.905982931184278],[74.80176969515162,13.909736645696148],[74.79931752259803,13.910327878227552],[74.79463095786187,13.910443806681586],[74.79323443332791,13.908640151294893],[74.79300877742686,13.905747769274198],[74.79150068393128,13.905534830627706],[74.79018499339982,13.910469349300394],[74.78788461816298,13.913265899773712],[74.78152314008798,13.913566234680449],[74.77768713080555,13.915182556392121]]]}},{"type":"Feature","properties":{"type":"village","name":"Paduvari","taluk":"Kundapura","district":"UDUPI","village_code":"608662"},"geometry":{"type":"Polygon","coordinates":[[[74.63591097743354,13.889586454767443],[74.64076136613144,13.903084513991129],[74.63796535082649,13.904804421303004],[74.63579070200016,13.90758649909723],[74.6355578470004,13.91156983212349],[74.63378440823787,13.91398516057756],[74.6143273133072,13.91352954528681],[74.6221854717821,13.899847472338342],[74.62474859884968,13.889642612950185],[74.6054035939035,13.889040863857693],[74.60333282805325,13.886037350001283],[74.60153361393026,13.88606244707266],[74.60141721382902,13.885164602646057],[74.59709887481603,13.883418845176141],[74.60218258743423,13.873053871933736],[74.61006424404037,13.866907052976703],[74.61110934763516,13.863128759172925],[74.60943146177105,13.860588092257064],[74.61414316496214,13.84367307613889],[74.61831931324207,13.844416277175732],[74.61822336688152,13.846383635065783],[74.61931911659374,13.846530897382051],[74.62006563366285,13.84524611822998],[74.62288719435956,13.844791165933524],[74.62650152278606,13.84894676301397],[74.62367771809777,13.851771310754222],[74.62236972702665,13.855386777734259],[74.62406175327165,13.860096730306104],[74.62299925380135,13.861077136722363],[74.62388789333153,13.86575502832575],[74.62136922298907,13.871714440112433],[74.62163150410258,13.875392660847853],[74.62820361106056,13.877084487311647],[74.63377261874808,13.889548059333801],[74.63591097743354,13.889586454767443]]]}},{"type":"Feature","properties":{"type":"village","name":"Yeljith","taluk":"Kundapura","district":"UDUPI","village_code":"608680"},"geometry":{"type":"Polygon","coordinates":[[[74.71414076035784,13.896710188347658],[74.7116415331514,13.906110179327522],[74.71292781284039,13.906566179823672],[74.71408253695103,13.913923072016756],[74.71381975278094,13.916381619274558],[74.71174025800109,13.918207225567873],[74.69662944058707,13.900376262102538],[74.6925231623716,13.900659320969618],[74.68926233178917,13.898193061973151],[74.6887647774112,13.901832939965692],[74.6803552348115,13.901911756774577],[74.67909452117546,13.896401121800276],[74.67673322039943,13.893545403257043],[74.67657702582942,13.889549458100111],[74.67539882155387,13.888196616943889],[74.67181319699564,13.887615582405461],[74.67176067878918,13.883809294968165],[74.66634943592679,13.879637168864265],[74.67098238830847,13.875134611811406],[74.66583048906863,13.87253047140261],[74.66779784894817,13.872479582742242],[74.66958362337623,13.870380135606323],[74.67129080330173,13.863576555356445],[74.67390519901919,13.863411696068608],[74.67710153775076,13.861059019428144],[74.68225039260012,13.85147263667491],[74.68463219742254,13.853343644769618],[74.68509794874451,13.852685971077562],[74.68526388913705,13.843530563876282],[74.68742484494351,13.842404604030532],[74.68923516044677,13.836814833302656],[74.68950568360302,13.832211785593145],[74.69268851706259,13.829922132370044],[74.69830514623997,13.83088166791707],[74.70560356356305,13.830120759256157],[74.70701430573298,13.830664072426277],[74.70621295280401,13.833547511270854],[74.70766238720988,13.833648212696136],[74.72155918811127,13.828964499663174],[74.72405718013422,13.83003734212542],[74.72356006233744,13.833087766567568],[74.72581744420482,13.83662412690585],[74.72559699134591,13.842554859728052],[74.72792080722178,13.86209133489316],[74.72324250429128,13.873836606667796],[74.72190723228327,13.880552731000822],[74.71414076035784,13.896710188347658]]]}},{"type":"Feature","properties":{"type":"village","name":"Mudoor","taluk":"Kundapura","district":"UDUPI","village_code":"608684"},"geometry":{"type":"Polygon","coordinates":[[[74.89172652596928,13.865414761583118],[74.87872891890436,13.867493955647577],[74.87614787404013,13.864240086925118],[74.87633289195436,13.86057046333307],[74.87086575501665,13.857162836004068],[74.86440055027245,13.834828359254871],[74.8704857505835,13.829977874953027],[74.87087016035483,13.825846910839442],[74.87362440130413,13.821778598144629],[74.87269576967583,13.815707290110176],[74.87324023407794,13.811607616735289],[74.86888510995239,13.809041264242001],[74.86693200813299,13.801186048727256],[74.86296129018548,13.800669451567119],[74.86150501690538,13.789074425024834],[74.84437452981447,13.785551893678639],[74.8444390908356,13.78171821793136],[74.86219463198942,13.769514849860604],[74.86987891615121,13.76932747633724],[74.87530592983671,13.770485543604737],[74.87865177877427,13.76775504311921],[74.88391878004978,13.771041009053757],[74.8846392837049,13.773810637781233],[74.88902598001944,13.777018272819328],[74.89083503698299,13.776893010430337],[74.89120307316163,13.774045110387865],[74.89515758100985,13.776900584351953],[74.89611776326758,13.772347038368915],[74.8980707842386,13.771376735377883],[74.89662972213115,13.7684976651605],[74.89954350297664,13.770234332083042],[74.90351347711909,13.768074583105161],[74.90428207926942,13.76957668470448],[74.90978880855496,13.767197600614681],[74.92941468794436,13.78231882433821],[74.93294361263852,13.786163972363568],[74.93330478568836,13.788256314326695],[74.93102611464711,13.792310592113006],[74.92440530103443,13.796325018107602],[74.92547958011303,13.80339746567705],[74.92343228544455,13.80964346825628],[74.92366874987509,13.812721041771905],[74.91868005386111,13.818723479015217],[74.91647027911056,13.823206931899453],[74.91600962842276,13.833908599240406],[74.91420648506869,13.837343498061525],[74.91422569374443,13.841713610786071],[74.91223739144064,13.844687556998926],[74.91307089327701,13.85096919736266],[74.91142961376075,13.855420878988904],[74.90695296913681,13.860288661142306],[74.901129730139,13.861482342593636],[74.89172652596928,13.865414761583118]]]}},{"type":"Feature","properties":{"type":"village","name":"Thagarasi","taluk":"Kundapura","district":"UDUPI","village_code":"608678"},"geometry":{"type":"Polygon","coordinates":[[[74.68526388913705,13.843530563876282],[74.68509794874451,13.852685971077562],[74.68463219742254,13.853343644769618],[74.68225039260012,13.85147263667491],[74.67710153775076,13.861059019428144],[74.67390519901919,13.863411696068608],[74.67129080330173,13.863576555356445],[74.66958362337623,13.870380135606323],[74.66779784894817,13.872479582742242],[74.66583048906863,13.87253047140261],[74.66168840310762,13.870836563117104],[74.66101500980099,13.86848458617731],[74.65205759998088,13.860695957206229],[74.65125493281664,13.858546292360954],[74.65195348074786,13.855410133766874],[74.6480448426747,13.854626449893086],[74.64734582312794,13.853083748353939],[74.64599131190153,13.853221941802447],[74.64458709958535,13.843943181948717],[74.64599048634977,13.843404811276287],[74.64898130940894,13.846916195161123],[74.65101425798235,13.846108604965618],[74.65281727557226,13.841911160870195],[74.65142655325671,13.83800238134757],[74.65209536874868,13.837156454657524],[74.65515137895477,13.837386836418643],[74.65474445560578,13.83464423239403],[74.65559673402825,13.832721723746948],[74.67347983864734,13.832936992737014],[74.68526388913705,13.843530563876282]]]}},{"type":"Feature","properties":{"type":"village","name":"Byndoor","taluk":"Kundapura","district":"UDUPI","village_code":"608679"},"geometry":{"type":"Polygon","coordinates":[[[74.63750111226743,13.878884990773626],[74.63565829392054,13.885933885052431],[74.63591097743354,13.889586454767443],[74.63377261874808,13.889548059333801],[74.62820361106056,13.877084487311647],[74.62163150410258,13.875392660847853],[74.62136922298907,13.871714440112433],[74.62388789333153,13.86575502832575],[74.62299925380135,13.861077136722363],[74.62406175327165,13.860096730306104],[74.62236972702665,13.855386777734259],[74.62367771809777,13.851771310754222],[74.62650152278606,13.84894676301397],[74.63539455034977,13.85054869926653],[74.6378999822199,13.853996148046834],[74.6419399899202,13.854739297756838],[74.6404517222429,13.862794284885751],[74.63237180296201,13.874482799351597],[74.63750111226743,13.878884990773626]]]}},{"type":"Feature","properties":{"type":"village","name":"Yedthare","taluk":"Kundapura","district":"UDUPI","village_code":"608661"},"geometry":{"type":"Polygon","coordinates":[[[74.65051363495935,13.944604434308516],[74.64788073125209,13.943479371079235],[74.64723264887688,13.940198471313796],[74.64355418882391,13.940008915393436],[74.64149967978538,13.937952787399647],[74.63768707610765,13.937708919287838],[74.63677563014902,13.93899240804231],[74.63528575628403,13.939123509952342],[74.63496655971075,13.940836300698312],[74.63405504997174,13.94104872468705],[74.63488800473411,13.943660811634023],[74.63067738180848,13.943001076175806],[74.63048771780761,13.945473087282192],[74.6242597446552,13.936647024403083],[74.62219616442893,13.935607557111766],[74.6204333239901,13.935458367887561],[74.61895716919611,13.941143487418225],[74.6066031852693,13.94005354408449],[74.60557593928404,13.94070421543572],[74.59969100668748,13.935511003891481],[74.59896552187413,13.932105741589632],[74.60288177766091,13.930587333374957],[74.60604067640806,13.930967011565139],[74.61002846863417,13.926946095212102],[74.6127989151912,13.927806185380792],[74.6116344749025,13.916311375155894],[74.6143273133072,13.91352954528681],[74.63378440823787,13.91398516057756],[74.6355578470004,13.91156983212349],[74.63579070200016,13.90758649909723],[74.63796535082649,13.904804421303004],[74.64076136613144,13.903084513991129],[74.6360323721678,13.89071426383332],[74.63565829392054,13.885933885052431],[74.63666505382578,13.882697694688693],[74.65142077529282,13.896324743908732],[74.66250136227009,13.89672812322016],[74.6656605529697,13.900976549911407],[74.66419302020581,13.907681852801684],[74.6570580711116,13.92436925131515],[74.65619275903272,13.929470123907873],[74.65724357860769,13.938031098418714],[74.65423905174885,13.940466470665513],[74.65048627137747,13.940479649652856],[74.65051363495935,13.944604434308516]]]}},{"type":"Feature","properties":{"type":"village","name":"Shiroor","taluk":"Kundapura","district":"UDUPI","village_code":"608660"},"geometry":{"type":"Polygon","coordinates":[[[74.59896552187413,13.932105741589632],[74.59712356590991,13.931705501748834],[74.59572963211725,13.941317689937208],[74.59329616158956,13.93898543314313],[74.59271848287814,13.93420853587247],[74.59179338791708,13.932351000176286],[74.59024813560974,13.931668358364142],[74.59017431655126,13.930321620000672],[74.58781925367654,13.930515560783416],[74.58787032829035,13.929430957359259],[74.58253267900929,13.92569334680247],[74.58526352423536,13.922298249430309],[74.58979930764939,13.911804652409646],[74.59439257964836,13.89098570319511],[74.59709887481603,13.883418845176141],[74.60141721382902,13.885164602646057],[74.60153361393026,13.88606244707266],[74.60333282805325,13.886037350001283],[74.6054035939035,13.889040863857693],[74.62474859884968,13.889642612950185],[74.6221854717821,13.899847472338342],[74.61331745960413,13.915401014330518],[74.6116344749025,13.916311375155894],[74.6127989151912,13.927806185380792],[74.61002846863417,13.926946095212102],[74.60604067640806,13.930967011565139],[74.60288177766091,13.930587333374957],[74.59896552187413,13.932105741589632]]]}},{"type":"Feature","properties":{"type":"village","name":" ","taluk":"Kundapura","district":"UDUPI","village_code":" "},"geometry":{"type":"Polygon","coordinates":[[[74.69676067007701,13.92779799732437],[74.69053467770982,13.933539058880996],[74.6928118153269,13.936087307669515],[74.69727238909044,13.936899553052406],[74.69960503271061,13.939059068887156],[74.70062006879455,13.944477305878793],[74.6987434171991,13.95067820775025],[74.69350663794465,13.95480569398931],[74.68874522198578,13.95496056793112],[74.68831062872943,13.956348070712213],[74.68461840918123,13.957795091934308],[74.68563195226517,13.958409470361191],[74.68325049239583,13.965008054971527],[74.67479693683879,13.969000257710993],[74.67307638818522,13.973456512337968],[74.66679309587931,13.979422920596388],[74.66662374727859,13.968737054763404],[74.66952421778647,13.968686005081754],[74.66900541825203,13.964032576839504],[74.66957471927513,13.961756305944876],[74.67221544820683,13.958215130202774],[74.67283609962651,13.953966154373251],[74.6686145621702,13.950830815122728],[74.6693650291316,13.948175149091968],[74.66874330332685,13.946809543790197],[74.66566146116647,13.944609724640788],[74.66356396235169,13.944306541675333],[74.66203649399203,13.946279445265205],[74.66087124432124,13.946330181689252],[74.65639130557514,13.945066187966892],[74.65450076692372,13.943081060300129],[74.6573746347228,13.940109059660166],[74.65619275903272,13.929470123907873],[74.6570580711116,13.92436925131515],[74.66419302020581,13.907681852801684],[74.6656605529697,13.900976549911407],[74.66250136227009,13.89672812322016],[74.65142077529282,13.896324743908732],[74.63666505382578,13.882697694688693],[74.63750111226743,13.878884990773626],[74.63237180296201,13.874482799351597],[74.6404517222429,13.862794284885751],[74.6419399899202,13.854739297756838],[74.64734582312794,13.853083748353939],[74.6480448426747,13.854626449893086],[74.65195348074786,13.855410133766874],[74.65153982093258,13.8599878568617],[74.66101500980099,13.86848458617731],[74.66168840310762,13.870836563117104],[74.67098238830847,13.875134611811406],[74.66634943592679,13.879637168864265],[74.67176067878918,13.883809294968165],[74.67181319699564,13.887615582405461],[74.67539882155387,13.888196616943889],[74.67657702582942,13.889549458100111],[74.67673322039943,13.893545403257043],[74.67909452117546,13.896401121800276],[74.6803552348115,13.901911756774577],[74.6887647774112,13.901832939965692],[74.68926233178917,13.898193061973151],[74.6925231623716,13.900659320969618],[74.69662944058707,13.900376262102538],[74.71174025800109,13.918207225567873],[74.70975936140852,13.92105587272059],[74.70777659182858,13.926881794613834],[74.70570337178098,13.925553806740988],[74.69676067007701,13.92779799732437]]]}},{"type":"Feature","properties":{"type":"village","name":" ","taluk":"Kundapura","district":"UDUPI","village_code":" "},"geometry":{"type":"Polygon","coordinates":[[[74.66679309587931,13.979422920596388],[74.66521549613692,13.982197950875376],[74.65915689224649,13.976590457576362],[74.65538970110131,13.97465668202388],[74.65388521344327,13.97048109809701],[74.6498818318537,13.965329584863664],[74.64944202387713,13.963354730226184],[74.64709578515347,13.961913290144896],[74.64431437196342,13.957543409999708],[74.64445764875965,13.955365142136102],[74.65033831795185,13.949552986697938],[74.65064804987531,13.946809799237235],[74.6516103979712,13.94597817468639],[74.65051363495935,13.944604434308516],[74.65098486869951,13.940261734181304],[74.6536748441734,13.940645953656349],[74.65687630779365,13.939030789165185],[74.65716758113464,13.940842519642937],[74.65450076692372,13.943081060300129],[74.65509647841618,13.944231732361656],[74.66087124432124,13.946330181689252],[74.66203649399203,13.946279445265205],[74.66356396235169,13.944306541675333],[74.66566146116647,13.944609724640788],[74.66874330332685,13.946809543790197],[74.6693650291316,13.948175149091968],[74.6686145621702,13.950830815122728],[74.67283609962651,13.953966154373251],[74.67221544820683,13.958215130202774],[74.66957471927513,13.961756305944876],[74.66900541825203,13.964032576839504],[74.66952421778647,13.968686005081754],[74.66662374727859,13.968737054763404],[74.66679309587931,13.979422920596388]]]}}]}
